{"type":"FeatureCollection","features":[{"type":"Feature","geometry":{"type":"Polygon","coordinates":[[[-3.0091890390851517,38.12437790516782],[-3.0085618715248628,38.124309264082285],[-3.0085513639704207,38.12422021976681],[-3.0083613126865814,38.12261210209425],[-3.008331070778135,38.122546040958696],[-3.0083158861214447,38.12245654569682],[-3.0081935522373646,38.12220221527011],[-3.007809163164148,38.12196979681596],[-3.0074273967885903,38.12170583390554],[-3.007303814000864,38.12146682308418],[-3.0073639290139935,38.12139589122435],[-3.0074186930198192,38.121416077362966],[-3.0076028426052828,38.12153449522165],[-3.007784484325169,38.12167093836419],[-3.0079119286559175,38.12174474605516],[-3.0080155256325316,38.1217941305552],[-3.0082410860130833,38.121876585017986],[-3.008362825620194,38.12194137964795],[-3.0085687673170125,38.12205267540307],[-3.0085265853867873,38.12228718681857],[-3.0086407091962224,38.12256765453546],[-3.008754143174985,38.12279575882383],[-3.0089627410970765,38.12311740850987],[-3.0090797440904224,38.12357299179649],[-3.009167568838899,38.124220185401015],[-3.0091890390851517,38.12437790516782]]]},"properties":{"dn_surface":13633.2851853679,"provincia":23,"municipio":97,"agregado":0,"zona":0,"poligono":22,"parcela":490,"recinto":1,"uso_sigpac":"OV","idPanel":"23:97:0:0:22:490:1"},"id":1112596562},{"type":"Feature","geometry":{"type":"Polygon","coordinates":[[[-3.0068779973687527,38.121040181672754],[-3.0073639290139935,38.12139589122435],[-3.007303814000864,38.12146682308418],[-3.0074273967885903,38.12170583390554],[-3.007809163164148,38.12196979681596],[-3.0081935522373646,38.12220221527011],[-3.0083158861214447,38.12245654569682],[-3.008331070778135,38.122546040958696],[-3.0083613126865814,38.12261210209425],[-3.0085513639704207,38.12422021976681],[-3.0085618715248628,38.124309264082285],[-3.008105509559394,38.12432469935786],[-3.0080334050712523,38.12433335534979],[-3.008014337916782,38.124220247427075],[-3.0080095426296913,38.12419149749752],[-3.0079154909649777,38.123848840246296],[-3.007901764759526,38.122606717559364],[-3.007989569391434,38.12225071296473],[-3.0076927066709227,38.12219935452637],[-3.0070358973464906,38.12214143221925],[-3.0068779973687527,38.121040181672754]]]},"properties":{"dn_surface":15852.5277287689,"provincia":23,"municipio":97,"agregado":0,"zona":0,"poligono":22,"parcela":491,"recinto":1,"uso_sigpac":"OV","idPanel":"23:97:0:0:22:491:1"},"id":1112596561},{"type":"Feature","geometry":{"type":"Polygon","coordinates":[[[-3.0082316538568823,38.12491583311427],[-3.0082386359826407,38.12509896932758],[-3.007272621584541,38.125132361155465],[-3.007071136545904,38.12515372998067],[-3.007078645055213,38.124956082177505],[-3.0070605041010983,38.12495067501146],[-3.0071241587921476,38.12487424546103],[-3.007596608145333,38.12482952213762],[-3.007713668973813,38.12485042576719],[-3.0079254210062576,38.124832480949635],[-3.0080360889568083,38.1248231024376],[-3.00805764553667,38.12476677269217],[-3.008174813653518,38.124736934791486],[-3.0082091559892383,38.12473828511614],[-3.0082253699436996,38.124848057879376],[-3.0082316538568823,38.12491583311427]]]},"properties":{"dn_surface":3236.08773820973,"provincia":23,"municipio":97,"agregado":0,"zona":0,"poligono":22,"parcela":503,"recinto":1,"uso_sigpac":"OV","idPanel":"23:97:0:0:22:503:1"},"id":1112596549},{"type":"Feature","geometry":{"type":"Polygon","coordinates":[[[-3.0082091559892383,38.12473828511614],[-3.008174813653518,38.124736934791486],[-3.00805764553667,38.12476677269217],[-3.0080360889568083,38.1248231024376],[-3.0079254210062576,38.124832480949635],[-3.007713668973813,38.12485042576719],[-3.007596608145333,38.12482952213762],[-3.0071241587921476,38.12487424546103],[-3.0070605041010983,38.12495067501146],[-3.006780057338926,38.12486776960225],[-3.006489465958742,38.12488048830289],[-3.0062785160744796,38.12493889759864],[-3.006085922559257,38.12487184991298],[-3.0061630134418906,38.12477102315552],[-3.0061772987203175,38.12475233905403],[-3.006299492626607,38.12476837782671],[-3.006416545911374,38.12472385147805],[-3.006516462394086,38.1244461682295],[-3.00657909868384,38.124454997726815],[-3.0066348685181064,38.12435687078056],[-3.00663841573974,38.124350629615094],[-3.0069390461259506,38.124354132412634],[-3.007087353853127,38.12426021485837],[-3.0076234629265044,38.12422026586731],[-3.0080095426296913,38.12419149749752],[-3.008014337916782,38.124220247427075],[-3.0080334050712523,38.12433335534979],[-3.008105509559394,38.12432469935786],[-3.008188715878946,38.12459958137421],[-3.0082091559892383,38.12473828511614]]]},"properties":{"dn_surface":9993.34125870513,"provincia":23,"municipio":97,"agregado":0,"zona":0,"poligono":22,"parcela":496,"recinto":1,"uso_sigpac":"OV","idPanel":"23:97:0:0:22:496:1"},"id":1112596556},{"type":"Feature","geometry":{"type":"Polygon","coordinates":[[[-3.00663841573974,38.124350629615094],[-3.0067076552932055,38.124220303585844],[-3.0067187202442422,38.12419939408895],[-3.006717100860453,38.12399183300832],[-3.00663563127134,38.12390197983919],[-3.006649831892539,38.12386493936867],[-3.006659127423711,38.123840692197746],[-3.0071068216625942,38.12387762705626],[-3.0079154909649777,38.123848840246296],[-3.0080095426296913,38.12419149749752],[-3.0076234629265044,38.12422026586731],[-3.007087353853127,38.12426021485837],[-3.0069390461259506,38.124354132412634],[-3.00663841573974,38.124350629615094]]]},"properties":{"dn_surface":4943.19628987023,"provincia":23,"municipio":97,"agregado":0,"zona":0,"poligono":22,"parcela":495,"recinto":1,"uso_sigpac":"OV","idPanel":"23:97:0:0:22:495:1"},"id":1112596557},{"type":"Feature","geometry":{"type":"Polygon","coordinates":[[[-3.006659127423711,38.123840692197746],[-3.006665019063802,38.12378850814184],[-3.006671551919523,38.12373064786081],[-3.0068225787362506,38.12346071284401],[-3.0066163981551766,38.123259197630546],[-3.0066930397677742,38.123002334192535],[-3.006666208455932,38.12281171713019],[-3.0063537109705036,38.12272241297572],[-3.0064202113178493,38.12258379640559],[-3.006392929897781,38.12244193771508],[-3.0063823100258293,38.12234973928929],[-3.006866281143801,38.12244462411519],[-3.006945455767688,38.122416231254704],[-3.0073520677821075,38.122441089466435],[-3.0073888165623734,38.12254689675106],[-3.007901764759526,38.122606717559364],[-3.0079154909649777,38.123848840246296],[-3.0071068216625942,38.12387762705626],[-3.006659127423711,38.123840692197746]]]},"properties":{"dn_surface":17281.244837983,"provincia":23,"municipio":97,"agregado":0,"zona":0,"poligono":22,"parcela":493,"recinto":1,"uso_sigpac":"OV","idPanel":"23:97:0:0:22:493:1"},"id":1112596559},{"type":"Feature","geometry":{"type":"Polygon","coordinates":[[[-3.008276566611324,38.12550814201359],[-3.007716594258194,38.12546887447127],[-3.006771571499651,38.125544710582915],[-3.0066032729322174,38.12543268979314],[-3.0067478104791223,38.12526288583578],[-3.007071136545904,38.12515372998067],[-3.007272621584541,38.125132361155465],[-3.0082386359826407,38.12509896932758],[-3.0082445879724373,38.12525254508125],[-3.008276566611324,38.12550814201359]]]},"properties":{"dn_surface":5478.47161410932,"provincia":23,"municipio":97,"agregado":0,"zona":0,"poligono":22,"parcela":502,"recinto":1,"uso_sigpac":"OV","idPanel":"23:97:0:0:22:502:1"},"id":1112596550},{"type":"Feature","geometry":{"type":"Polygon","coordinates":[[[-3.0070605041010983,38.12495067501146],[-3.007078645055213,38.124956082177505],[-3.007071136545904,38.12515372998067],[-3.0067478104791223,38.12526288583578],[-3.0066032729322174,38.12543268979314],[-3.0065327601675844,38.12540159879785],[-3.0064477391658864,38.12518538843082],[-3.006325295478868,38.12495809299622],[-3.006085922559257,38.12487184991298],[-3.0062785160744796,38.12493889759864],[-3.006489465958742,38.12488048830289],[-3.006780057338926,38.12486776960225],[-3.0070605041010983,38.12495067501146]]]},"properties":{"dn_surface":2538.06801684351,"provincia":23,"municipio":97,"agregado":0,"zona":0,"poligono":22,"parcela":504,"recinto":1,"uso_sigpac":"OV","idPanel":"23:97:0:0:22:504:1"},"id":1112596548},{"type":"Feature","geometry":{"type":"Polygon","coordinates":[[[-3.010890591514295,38.12436139030302],[-3.010702352398029,38.12443260379479],[-3.0105309542026197,38.124220097391],[-3.0100646923707246,38.12364178710902],[-3.010255547479125,38.12352920640808],[-3.010881779618965,38.12419528779435],[-3.010890340057185,38.12422007140714],[-3.0109051793794444,38.12426315103923],[-3.010897885446869,38.12431542478146],[-3.010890591514295,38.12436139030302]]]},"properties":{"dn_surface":2558.25423191,"provincia":23,"municipio":97,"agregado":0,"zona":0,"poligono":22,"parcela":246,"recinto":2,"uso_sigpac":"OV","idPanel":"23:97:0:0:22:246:2"},"id":1112596863},{"type":"Feature","geometry":{"type":"Polygon","coordinates":[[[-3.010255547479125,38.12352920640808],[-3.0100646923707246,38.12364178710902],[-3.0105309542026197,38.124220097391],[-3.010702352398029,38.12443260379479],[-3.010890591514295,38.12436139030302],[-3.0108775920198907,38.12440465182246],[-3.010847366037063,38.124455034607195],[-3.0108227341367444,38.12452803847361],[-3.0107901134440374,38.12459013832154],[-3.010775057030472,38.124612580868614],[-3.010784990424513,38.1246587249247],[-3.0107978960415953,38.124741820603106],[-3.010796999177903,38.124842942403575],[-3.01080055478144,38.12495758337647],[-3.010784712145311,38.12505681421948],[-3.0106549795548605,38.12499553747449],[-3.0101808999214112,38.124820454594214],[-3.0101483362256483,38.12450249043121],[-3.0100474658822987,38.12440984692631],[-3.0098516889200617,38.124436716794946],[-3.0091890390851517,38.12437790516782],[-3.009167568838899,38.124220185401015],[-3.0090797440904224,38.12357299179649],[-3.0089627410970765,38.12311740850987],[-3.008754143174985,38.12279575882383],[-3.0086407091962224,38.12256765453546],[-3.0085265853867873,38.12228718681857],[-3.0085687673170125,38.12205267540307],[-3.0085822739165886,38.12207888561585],[-3.0086021222644823,38.12208216377837],[-3.008611043962749,38.12208605214349],[-3.0086251389719627,38.122097568879155],[-3.008632494092434,38.122112497049585],[-3.008646415596241,38.12217562535707],[-3.0086518847883865,38.122206803524136],[-3.0086480726985974,38.12225666579272],[-3.008715994616806,38.122320957508435],[-3.00875157579789,38.122436072897074],[-3.0087546511183465,38.12244182875034],[-3.0087638552867686,38.12244936911085],[-3.008842477543203,38.12251377230592],[-3.0088321493615,38.12256194142992],[-3.0088639008507965,38.122608135777455],[-3.0089634443387947,38.12260251319648],[-3.0089906142795453,38.122600978469904],[-3.009008921195353,38.12260162220011],[-3.0091309726092796,38.12260872670166],[-3.009162586635356,38.12260296917202],[-3.0091950665120817,38.122582584382286],[-3.0095687275867897,38.12273812066323],[-3.009673244058236,38.122814540993545],[-3.0100496753521067,38.12316510908542],[-3.010185577023659,38.12330939266067],[-3.0102170737030844,38.1233592306217],[-3.010223582251285,38.12339807487791],[-3.0102432210515873,38.1235001865812],[-3.010255547479125,38.12352920640808]]]},"properties":{"dn_surface":23565.0239640244,"provincia":23,"municipio":97,"agregado":0,"zona":0,"poligono":22,"parcela":489,"recinto":1,"uso_sigpac":"OV","idPanel":"23:97:0:0:22:489:1"},"id":1112596564},{"type":"Feature","geometry":{"type":"Polygon","coordinates":[[[-3.010784712145311,38.12505681421948],[-3.0107571432259466,38.12532106714377],[-3.0105283717380984,38.125215995790285],[-3.010359845182886,38.12513921922903],[-3.0100134403825365,38.12500179959471],[-3.0096774199226446,38.124864468808596],[-3.0093722046351257,38.124725512771334],[-3.0089316836294047,38.12463189696561],[-3.008188715878946,38.12459958137421],[-3.008105509559394,38.12432469935786],[-3.0085618715248628,38.124309264082285],[-3.0091890390851517,38.12437790516782],[-3.0098516889200617,38.124436716794946],[-3.0100474658822987,38.12440984692631],[-3.0101483362256483,38.12450249043121],[-3.0101808999214112,38.124820454594214],[-3.0106549795548605,38.12499553747449],[-3.010784712145311,38.12505681421948]]]},"properties":{"dn_surface":8745.82126949489,"provincia":23,"municipio":97,"agregado":0,"zona":0,"poligono":22,"parcela":497,"recinto":1,"uso_sigpac":"OV","idPanel":"23:97:0:0:22:497:1"},"id":1112596555},{"type":"Feature","geometry":{"type":"Polygon","coordinates":[[[-3.008188715878946,38.12459958137421],[-3.0089316836294047,38.12463189696561],[-3.0093722046351257,38.124725512771334],[-3.0096774199226446,38.124864468808596],[-3.0100134403825365,38.12500179959471],[-3.010359845182886,38.12513921922903],[-3.0105283717380984,38.125215995790285],[-3.0107571432259466,38.12532106714377],[-3.0107227112038557,38.125467164562934],[-3.010507292088555,38.125395438936835],[-3.010096543604675,38.125296508166],[-3.009792821972389,38.12524515559497],[-3.0095573173013213,38.12511836253813],[-3.0094993522464843,38.12507555615608],[-3.0093329974425136,38.125018696674346],[-3.008955340714326,38.1249262484678],[-3.0082316538568823,38.12491583311427],[-3.0082253699436996,38.124848057879376],[-3.0082091559892383,38.12473828511614],[-3.008188715878946,38.12459958137421]]]},"properties":{"dn_surface":6856.02785890187,"provincia":23,"municipio":97,"agregado":0,"zona":0,"poligono":22,"parcela":498,"recinto":1,"uso_sigpac":"OV","idPanel":"23:97:0:0:22:498:1"},"id":1112596554},{"type":"Feature","geometry":{"type":"Polygon","coordinates":[[[-3.0132338733849746,38.124183465119216],[-3.0124887187958485,38.12403022715631],[-3.0124936590898725,38.12421994316398],[-3.0124963010659096,38.124319172330615],[-3.0120756468482703,38.12431407110404],[-3.011999988432973,38.12421998507352],[-3.0117714147580505,38.123935924872654],[-3.012438441623058,38.12360735760154],[-3.012534040587189,38.12356021358434],[-3.013024068468754,38.12362442986293],[-3.0134457737771134,38.12377391021843],[-3.0132338733849746,38.124183465119216]]]},"properties":{"dn_surface":7427.308211597379,"provincia":23,"municipio":97,"agregado":0,"zona":0,"poligono":22,"parcela":247,"recinto":1,"uso_sigpac":"OV","idPanel":"23:97:0:0:22:247:1"},"id":1329922443},{"type":"Feature","geometry":{"type":"Polygon","coordinates":[[[-3.0108418004530253,38.12460933120454],[-3.0108769298495006,38.1245425450343],[-3.010901104936069,38.12447062243348],[-3.0109316737387575,38.1244196990159],[-3.01094683911707,38.124369406755676],[-3.0109545898633954,38.124320738070196],[-3.011160051277134,38.124220051290564],[-3.0111834376265665,38.1242086041247],[-3.011567207277101,38.12402047984051],[-3.0117714147580505,38.123935924872654],[-3.011999988432973,38.12421998507352],[-3.0120756468482703,38.12431407110404],[-3.0124963010659096,38.124319172330615],[-3.0131903411300685,38.124444024976725],[-3.0129683640133362,38.124668554383135],[-3.012953947977212,38.124683131351816],[-3.0129018661805604,38.124735792338015],[-3.0127492417729926,38.124919935217946],[-3.012508160621414,38.124908598693224],[-3.012255649067798,38.124763696533506],[-3.0111835105491283,38.12464661894123],[-3.0108418004530253,38.12460933120454]]]},"properties":{"dn_surface":10773.535437175402,"provincia":23,"municipio":97,"agregado":0,"zona":0,"poligono":22,"parcela":488,"recinto":1,"uso_sigpac":"OV","idPanel":"23:97:0:0:22:488:1"},"id":1329922436},{"type":"Feature","geometry":{"type":"Polygon","coordinates":[[[-3.0109545898633954,38.124320738070196],[-3.0109630228966786,38.1242595417915],[-3.010949439183589,38.124220067216186],[-3.0109340298918794,38.12417527516112],[-3.010306770968841,38.12350811334747],[-3.0107999412260917,38.12326059154111],[-3.0110193174381146,38.123156208341925],[-3.0111832473573537,38.12305678639157],[-3.011631000269561,38.12278511045338],[-3.0117299058946907,38.122729404321575],[-3.01206107993788,38.12323363533892],[-3.012165007999688,38.123191087119494],[-3.012438441623058,38.12360735760154],[-3.0117714147580505,38.123935924872654],[-3.011567207277101,38.12402047984051],[-3.0111834376265665,38.1242086041247],[-3.011160051277134,38.124220051290564],[-3.0109545898633954,38.124320738070196]]]},"properties":{"dn_surface":16197.6856692698,"provincia":23,"municipio":97,"agregado":0,"zona":0,"poligono":22,"parcela":245,"recinto":2,"uso_sigpac":"OV","idPanel":"23:97:0:0:22:245:2"},"id":1112596864},{"type":"Feature","geometry":{"type":"Polygon","coordinates":[[[-3.011631000269561,38.12278511045338],[-3.0111832473573537,38.12305678639157],[-3.0110193174381146,38.123156208341925],[-3.0107999412260917,38.12326059154111],[-3.0103222523449213,38.12253708908557],[-3.011174657582471,38.12216255210191],[-3.0111831015122292,38.122174087277756],[-3.011631000269561,38.12278511045338]]]},"properties":{"dn_surface":7525.23393969739,"provincia":23,"municipio":97,"agregado":0,"zona":0,"poligono":22,"parcela":244,"recinto":1,"uso_sigpac":"OV","idPanel":"23:97:0:0:22:244:1"},"id":1112596865},{"type":"Feature","geometry":{"type":"Polygon","coordinates":[[[-3.0143747409991763,38.12289796943355],[-3.0142046352933125,38.12290168177867],[-3.013982106647319,38.12262609735885],[-3.013148936202313,38.122713419193076],[-3.013150977195857,38.12324237179712],[-3.0135884312630252,38.1234226740888],[-3.0134457737771134,38.12377391021843],[-3.013024068468754,38.12362442986293],[-3.012534040587189,38.12356021358434],[-3.012438441623058,38.12360735760154],[-3.012165007999688,38.123191087119494],[-3.01206107993788,38.12323363533892],[-3.0117299058946907,38.122729404321575],[-3.0123516252175935,38.12237939111171],[-3.0128906327532605,38.1220738154023],[-3.01313885947772,38.12192895934308],[-3.0131519763187753,38.12250675916712],[-3.013869133673259,38.12250110305854],[-3.0139006068833534,38.12242764656932],[-3.0140534056345167,38.12258445187044],[-3.014259724517001,38.12280965937285],[-3.0142941364225226,38.122836080809606],[-3.0143747409991763,38.12289796943355]]]},"properties":{"dn_surface":17901.004028320312,"provincia":23,"municipio":97,"agregado":0,"zona":0,"poligono":22,"parcela":243,"recinto":1,"uso_sigpac":"OV","idPanel":"23:97:0:0:22:243:1"},"id":1355289039},{"type":"Feature","geometry":{"type":"Polygon","coordinates":[[[-3.013688940346327,38.1217136257232],[-3.013744821659912,38.121723831529124],[-3.01426042859691,38.12181799467314],[-3.0142968521593123,38.121959939697234],[-3.014277285443382,38.12223149325962],[-3.0141038311670023,38.122576961801315],[-3.014046581088547,38.12250360421859],[-3.0139242086477105,38.12234680310843],[-3.0137713830744555,38.12203443889527],[-3.0137231846137755,38.121907296313026],[-3.013688940346327,38.1217136257232]]]},"properties":{"dn_surface":3054.434326171875,"provincia":23,"municipio":97,"agregado":0,"zona":0,"poligono":22,"parcela":165,"recinto":1,"uso_sigpac":"OV","idPanel":"23:97:0:0:22:165:1"},"id":1355289045},{"type":"Feature","geometry":{"type":"Polygon","coordinates":[[[-3.0139006068833534,38.12242764656932],[-3.013869133673259,38.12250110305854],[-3.0131519763187753,38.12250675916712],[-3.01313885947772,38.12192895934308],[-3.0131144706526083,38.121466702384765],[-3.0134076637756917,38.121422332777655],[-3.013503950894114,38.121409164807005],[-3.0136012170188855,38.12173090753217],[-3.0137397908413286,38.122085453675595],[-3.0139006068833534,38.12242764656932]]]},"properties":{"dn_surface":5873.2100830078125,"provincia":23,"municipio":97,"agregado":0,"zona":0,"poligono":22,"parcela":242,"recinto":1,"uso_sigpac":"OV","idPanel":"23:97:0:0:22:242:1"},"id":1355289042},{"type":"Feature","geometry":{"type":"Polygon","coordinates":[[[-3.013148936202313,38.122713419193076],[-3.0137322043803154,38.12295328077769],[-3.0135884312630252,38.1234226740888],[-3.013150977195857,38.12324237179712],[-3.013148936202313,38.122713419193076]]]},"properties":{"dn_surface":2622.361789666101,"provincia":23,"municipio":97,"agregado":0,"zona":0,"poligono":22,"parcela":248,"recinto":1,"uso_sigpac":"OV","idPanel":"23:97:0:0:22:248:1"},"id":1329922442},{"type":"Feature","geometry":{"type":"Polygon","coordinates":[[[-3.015189954891947,38.1215668937939],[-3.015176959588495,38.122134244736856],[-3.0151977643115973,38.1228355141929],[-3.014916807929683,38.12355493801414],[-3.0149001472197563,38.12353590103456],[-3.0148427445906547,38.1234703134765],[-3.014606405920172,38.12317788143025],[-3.0144535836996784,38.12292283602716],[-3.0143054695944764,38.122784779368175],[-3.0141038311670023,38.122576961801315],[-3.014277285443382,38.12223149325962],[-3.0142968521593123,38.121959939697234],[-3.01426042859691,38.12181799467314],[-3.0141826839257884,38.121569342986135],[-3.014213013844223,38.121484260796564],[-3.0142424309733467,38.12140179208453],[-3.014317233596279,38.121220810020475],[-3.0142292227695417,38.12097567454211],[-3.013468976562856,38.121085974527034],[-3.013443633877106,38.1209856649331],[-3.0134812359351653,38.12097744480016],[-3.013536298336762,38.12096540754828],[-3.0141963338559172,38.120821111400204],[-3.014394378123097,38.12078251692472],[-3.0144188105341083,38.12086570145135],[-3.0149876283101817,38.12080579682399],[-3.0153840563116403,38.120718600718305],[-3.015375735595866,38.120755643703376],[-3.015367108940608,38.120949597601594],[-3.0150636505000983,38.120993072859505],[-3.015189954891947,38.1215668937939]]]},"properties":{"dn_surface":22539.190341505007,"provincia":23,"municipio":97,"agregado":0,"zona":0,"poligono":22,"parcela":164,"recinto":1,"uso_sigpac":"OV","idPanel":"23:97:0:0:22:164:1"},"id":1440276735},{"type":"Feature","geometry":{"type":"Polygon","coordinates":[[[-3.0168454445694652,38.12146260363386],[-3.016789595945304,38.12169513775828],[-3.0167852608247254,38.12169630954838],[-3.015176959588495,38.122134244736856],[-3.015189954891947,38.1215668937939],[-3.0157518232316867,38.121516901605844],[-3.0162614270492747,38.121431310634705],[-3.0167851661092144,38.121300745721214],[-3.0168034185426484,38.12129623709521],[-3.0168454445694652,38.12146260363386]]]},"properties":{"dn_surface":7169.140603718699,"provincia":23,"municipio":97,"agregado":0,"zona":0,"poligono":22,"parcela":254,"recinto":1,"uso_sigpac":"OV","idPanel":"23:97:0:0:22:254:1"},"id":1329867628},{"type":"Feature","geometry":{"type":"Polygon","coordinates":[[[-3.016789595945304,38.12169513775828],[-3.0167852700448194,38.12173217990514],[-3.0167696721602777,38.12186565920655],[-3.016785313630719,38.12191243274361],[-3.016850960700271,38.1221089012129],[-3.016785362245759,38.122116209394704],[-3.0166266710163154,38.12213380301051],[-3.0166029628017816,38.12222663678463],[-3.016785456123081,38.12250285236183],[-3.0168343108868187,38.12257681679438],[-3.016866944990572,38.12262622476376],[-3.016785493003457,38.12265705843461],[-3.016651223288549,38.12270799610141],[-3.016590213926298,38.12271054420012],[-3.0158894616336798,38.12273981129317],[-3.015255037859382,38.12284091549165],[-3.015176959588495,38.122134244736856],[-3.0167852608247254,38.12169630954838],[-3.016789595945304,38.12169513775828]]]},"properties":{"dn_surface":12526.230224609375,"provincia":23,"municipio":97,"agregado":0,"zona":0,"poligono":22,"parcela":255,"recinto":1,"uso_sigpac":"OV","idPanel":"23:97:0:0:22:255:1"},"id":1355276484},{"type":"Feature","geometry":{"type":"Polygon","coordinates":[[[-3.013982106647319,38.12262609735885],[-3.0142046352933125,38.12290168177867],[-3.0143747409991763,38.12289796943355],[-3.0145369484372107,38.12316784326242],[-3.014446702156764,38.123181612215575],[-3.0141990462399453,38.12321795866447],[-3.0140649500304435,38.123707051125564],[-3.0139417226354315,38.12414536349971],[-3.014033383781218,38.12415691879207],[-3.014032276531742,38.124160856610445],[-3.014017684475641,38.124219800671625],[-3.0139182792890535,38.1246224061361],[-3.0138475402130207,38.1246111467249],[-3.013389555511001,38.12449522751169],[-3.0133478002196727,38.12448465876935],[-3.0132527879887987,38.12446014002472],[-3.0131903411300685,38.124444024976725],[-3.0132278342233794,38.12421987694697],[-3.0132338733849746,38.124183465119216],[-3.0134457737771134,38.12377391021843],[-3.0135884312630252,38.1234226740888],[-3.0137322043803154,38.12295328077769],[-3.013148936202313,38.122713419193076],[-3.013982106647319,38.12262609735885]]]},"properties":{"dn_surface":12443.574548193623,"provincia":23,"municipio":97,"agregado":0,"zona":0,"poligono":22,"parcela":249,"recinto":2,"uso_sigpac":"OV","idPanel":"23:97:0:0:22:249:2"},"id":1329922428},{"type":"Feature","geometry":{"type":"Polygon","coordinates":[[[-3.016590213926298,38.12271054420012],[-3.0165462919128707,38.1230453484458],[-3.0165263547167984,38.123232797148546],[-3.0164390773066323,38.123836580873956],[-3.0164252220198646,38.123857112347025],[-3.015960427021111,38.12373678257612],[-3.0150002020038777,38.12354239784807],[-3.015255037859382,38.12284091549165],[-3.0158894616336798,38.12273981129317],[-3.016590213926298,38.12271054420012]],[[-3.015369134846724,38.12333817863245],[-3.015345865843943,38.123338181147034],[-3.0153141378239776,38.12334988228457],[-3.015282411480391,38.12336993850366],[-3.015276069732074,38.12338664950502],[-3.0152760747612155,38.12341004423635],[-3.015280310975332,38.123435110319264],[-3.0152993538222828,38.12345683202261],[-3.015328970440713,38.12346518375145],[-3.0153903150791117,38.12346016382932],[-3.015415694645238,38.12343843709684],[-3.0154304962489302,38.123410027472545],[-3.0154199124191647,38.123378278497796],[-3.01540298348832,38.12335321492944],[-3.015369134846724,38.12333817863245]]]},"properties":{"dn_surface":12660.069033537722,"provincia":23,"municipio":97,"agregado":0,"zona":0,"poligono":22,"parcela":256,"recinto":4,"uso_sigpac":"OV","idPanel":"23:97:0:0:22:256:4"},"id":1328609607},{"type":"Feature","geometry":{"type":"Polygon","coordinates":[[[-3.015960427021111,38.12373678257612],[-3.0157591171642606,38.12399826360482],[-3.015679874646954,38.12421962297529],[-3.0156335830693592,38.124348689204396],[-3.015150606883353,38.12421968248677],[-3.0148113962709244,38.124133467902],[-3.0149727722241146,38.12362828134766],[-3.0150002020038777,38.12354239784807],[-3.015960427021111,38.12373678257612]]]},"properties":{"dn_surface":5533,"provincia":23,"municipio":97,"agregado":0,"zona":0,"poligono":22,"parcela":258,"recinto":1,"uso_sigpac":"FY","idPanel":"23:97:0:0:22:258:1"},"id":1355289047},{"type":"Feature","geometry":{"type":"Polygon","coordinates":[[[-3.0145369484372107,38.12316784326242],[-3.0145497006654556,38.123189059537026],[-3.0143977342373267,38.123189886830886],[-3.0141587108430987,38.1237112026825],[-3.014033383781218,38.12415691879207],[-3.0139417226354315,38.12414536349971],[-3.0140649500304435,38.123707051125564],[-3.0141990462399453,38.12321795866447],[-3.014446702156764,38.123181612215575],[-3.0145369484372107,38.12316784326242]]]},"properties":{"dn_surface":1122.1425135874451,"provincia":23,"municipio":97,"agregado":0,"zona":0,"poligono":22,"parcela":249,"recinto":1,"uso_sigpac":"OV","idPanel":"23:97:0:0:22:249:1"},"id":1329922427},{"type":"Feature","geometry":{"type":"Polygon","coordinates":[[[-3.0148916144418183,38.12366317940359],[-3.0147808400410914,38.12369302233341],[-3.014730998727292,38.12377134787047],[-3.0141587108430987,38.1237112026825],[-3.0143977342373267,38.123189886830886],[-3.0145497006654556,38.123189059537026],[-3.014781250754371,38.123470321858406],[-3.014882127803243,38.123579812989675],[-3.0148916144418183,38.12366317940359]]]},"properties":{"dn_surface":2568.8441162109375,"provincia":23,"municipio":97,"agregado":0,"zona":0,"poligono":22,"parcela":253,"recinto":1,"uso_sigpac":"OV","idPanel":"23:97:0:0:22:253:1"},"id":1355289049},{"type":"Feature","geometry":{"type":"Polygon","coordinates":[[[-3.0148916144418183,38.12366317940359],[-3.014901087669348,38.12367804890073],[-3.014869626193918,38.123793775330114],[-3.014702692200404,38.124246768608515],[-3.014696009308607,38.124245711650474],[-3.0145317784790264,38.12421974870384],[-3.014032276531742,38.124160856610445],[-3.014033383781218,38.12415691879207],[-3.0141587108430987,38.1237112026825],[-3.014730998727292,38.12377134787047],[-3.0147808400410914,38.12369302233341],[-3.0148916144418183,38.12366317940359]]]},"properties":{"dn_surface":3289.7900390625,"provincia":23,"municipio":97,"agregado":0,"zona":0,"poligono":22,"parcela":252,"recinto":1,"uso_sigpac":"OV","idPanel":"23:97:0:0:22:252:1"},"id":1355289050},{"type":"Feature","geometry":{"type":"Polygon","coordinates":[[[-3.013443633877106,38.1209856649331],[-3.0131462715951365,38.12011290759523],[-3.01386760816679,38.12000426303621],[-3.013914489830404,38.11999720212057],[-3.0139345846062655,38.12004239399241],[-3.013960373209289,38.12010039257484],[-3.0141024783277497,38.120444211557896],[-3.014180011774898,38.12075556491348],[-3.0141963338559172,38.120821111400204],[-3.013536298336762,38.12096540754828],[-3.0135350762552067,38.12092322310346],[-3.0134736192992992,38.12092430772182],[-3.0134812359351653,38.12097744480016],[-3.013443633877106,38.1209856649331]]]},"properties":{"dn_surface":6787.501530002813,"provincia":23,"municipio":97,"agregado":0,"zona":0,"poligono":22,"parcela":169,"recinto":1,"uso_sigpac":"OV","idPanel":"23:97:0:0:22:169:1"},"id":1440276737},{"type":"Feature","geometry":{"type":"Polygon","coordinates":[[[-3.013503950894114,38.121409164807005],[-3.0134076637756917,38.121422332777655],[-3.0128643554852514,38.12066270599371],[-3.0126785898687594,38.120475709913705],[-3.012931027661623,38.120303185190465],[-3.0130432839829195,38.12018110192531],[-3.0130984310417426,38.12029953990054],[-3.0131900335142032,38.120502757478675],[-3.0132521543168815,38.12070873857044],[-3.013340266564653,38.12099111065589],[-3.0134025256687416,38.121165476045206],[-3.013471212016565,38.121364775921535],[-3.0134822937314087,38.12138459158001],[-3.013503950894114,38.121409164807005]]]},"properties":{"dn_surface":3121.30471640884,"provincia":23,"municipio":97,"agregado":0,"zona":0,"poligono":22,"parcela":241,"recinto":1,"uso_sigpac":"OV","idPanel":"23:97:0:0:22:241:1"},"id":1112596869},{"type":"Feature","geometry":{"type":"Polygon","coordinates":[[[-3.014213013844223,38.121484260796564],[-3.013542499269098,38.121340217782006],[-3.0135172697390478,38.121252887565845],[-3.013468976562856,38.121085974527034],[-3.0142292227695417,38.12097567454211],[-3.014317233596279,38.121220810020475],[-3.0142424309733467,38.12140179208453],[-3.014213013844223,38.121484260796564]]]},"properties":{"dn_surface":2881.7901611328125,"provincia":23,"municipio":97,"agregado":0,"zona":0,"poligono":22,"parcela":167,"recinto":1,"uso_sigpac":"OV","idPanel":"23:97:0:0:22:167:1"},"id":1355289040},{"type":"Feature","geometry":{"type":"Polygon","coordinates":[[[-3.013542499269098,38.121340217782006],[-3.014213013844223,38.121484260796564],[-3.0141826839257884,38.121569342986135],[-3.01426042859691,38.12181799467314],[-3.0142153624536308,38.121809764481895],[-3.0142139752485737,38.121802552692],[-3.0142088547436208,38.12177593260415],[-3.0142067760315108,38.12176512665391],[-3.0137657252894776,38.121698703420094],[-3.0137254410222436,38.12169263576001],[-3.0136827511486555,38.12168620683991],[-3.0136543708610155,38.12156046990293],[-3.013542499269098,38.121340217782006]]]},"properties":{"dn_surface":1725.427490234375,"provincia":23,"municipio":97,"agregado":0,"zona":0,"poligono":22,"parcela":166,"recinto":2,"uso_sigpac":"OV","idPanel":"23:97:0:0:22:166:2"},"id":1428576750},{"type":"Feature","geometry":{"type":"Polygon","coordinates":[[[-3.016168968784449,38.119764431626464],[-3.016318234563215,38.119951245819095],[-3.016332094879126,38.12018782672661],[-3.016361709821177,38.12034753719553],[-3.0163625941120142,38.120352303984134],[-3.016456622307397,38.120446745407406],[-3.016565595437026,38.12053757925929],[-3.0161756818511,38.12066353328757],[-3.015375735595866,38.120755643703376],[-3.0153840563116403,38.120718600718305],[-3.015503989618509,38.120343841614215],[-3.015402208162231,38.12036613244882],[-3.0151626642517835,38.12041859394574],[-3.0150986348896405,38.120290080922246],[-3.0141024783277497,38.120444211557896],[-3.013960373209289,38.12010039257484],[-3.015430306817907,38.119903852021196],[-3.015777224590762,38.11985253046322],[-3.016168968784449,38.119764431626464]]]},"properties":{"dn_surface":12878.350196161207,"provincia":23,"municipio":97,"agregado":0,"zona":0,"poligono":22,"parcela":162,"recinto":1,"uso_sigpac":"OV","idPanel":"23:97:0:0:22:162:1"},"id":1440276734},{"type":"Feature","geometry":{"type":"Polygon","coordinates":[[[-3.0150986348896405,38.120290080922246],[-3.0151626642517835,38.12041859394574],[-3.015402208162231,38.12036613244882],[-3.015393972941874,38.12038077731091],[-3.0153488715946,38.12051830507178],[-3.0153102109021073,38.120625271573715],[-3.0152973279161643,38.12068130040876],[-3.0152971351323807,38.1206842223404],[-3.0152888546497434,38.12068607222653],[-3.0152949667339,38.12071711125401],[-3.014977266600863,38.12077502182646],[-3.014934813935149,38.120777449225784],[-3.0144546725089656,38.120836679109885],[-3.0144387167171374,38.12080582029333],[-3.014414186237852,38.12080722342401],[-3.0143889583841834,38.12075016361476],[-3.014346086623286,38.12074828774473],[-3.014344307145137,38.12074548651253],[-3.014180011774898,38.12075556491348],[-3.0141024783277497,38.120444211557896],[-3.0150986348896405,38.120290080922246]]]},"properties":{"dn_surface":4729.160370088033,"provincia":23,"municipio":97,"agregado":0,"zona":0,"poligono":22,"parcela":168,"recinto":2,"uso_sigpac":"OV","idPanel":"23:97:0:0:22:168:2"},"id":1440276733},{"type":"Feature","geometry":{"type":"Polygon","coordinates":[[[-3.0166785734402275,38.12033027634132],[-3.016695062321131,38.12042664560238],[-3.016682964719561,38.12042734213858],[-3.0167303627084414,38.12064958831442],[-3.016565595437026,38.12053757925929],[-3.016456622307397,38.120446745407406],[-3.0166785734402275,38.12033027634132]]]},"properties":{"dn_surface":375.4859855485737,"provincia":23,"municipio":97,"agregado":0,"zona":0,"poligono":22,"parcela":148,"recinto":1,"uso_sigpac":"OV","idPanel":"23:97:0:0:22:148:1"},"id":1329867621},{"type":"Feature","geometry":{"type":"Polygon","coordinates":[[[-3.0167303627084414,38.12064958831442],[-3.016746809679825,38.12072907809787],[-3.015367108940608,38.120949597601594],[-3.015375735595866,38.120755643703376],[-3.0161756818511,38.12066353328757],[-3.016565595437026,38.12053757925929],[-3.0167303627084414,38.12064958831442]]]},"properties":{"dn_surface":2331.6213027744184,"provincia":23,"municipio":97,"agregado":0,"zona":0,"poligono":22,"parcela":163,"recinto":1,"uso_sigpac":"OV","idPanel":"23:97:0:0:22:163:1"},"id":1329867627},{"type":"Feature","geometry":{"type":"Polygon","coordinates":[[[-3.009879622452236,38.12663210668086],[-3.00989355820528,38.12673872533375],[-3.0099008898564215,38.126940067880014],[-3.0098890479029152,38.12710427859301],[-3.009838637457856,38.12723938146914],[-3.009754335623493,38.127339067449526],[-3.0095679388496546,38.12758899989137],[-3.0093011864417,38.12762083017057],[-3.009102635907539,38.12745086360431],[-3.009013733246251,38.12728792023512],[-3.0088618363879225,38.12702079399426],[-3.00876004738793,38.126896514670364],[-3.0082770267778356,38.12645149593513],[-3.008320818871755,38.126287463756654],[-3.008186055462721,38.126142186925875],[-3.0082247203461656,38.126040431453475],[-3.0086628382601046,38.126026709438975],[-3.00927862738616,38.12621170392032],[-3.009533098628854,38.126400755243054],[-3.009592077055846,38.1264445716445],[-3.009879622452236,38.12663210668086]]]},"properties":{"dn_surface":15110.2972309787,"provincia":23,"municipio":97,"agregado":0,"zona":0,"poligono":22,"parcela":500,"recinto":1,"uso_sigpac":"OV","idPanel":"23:97:0:0:22:500:1"},"id":1112596552},{"type":"Feature","geometry":{"type":"Polygon","coordinates":[[[-3.0118279012450815,38.12727961376859],[-3.0112610280706598,38.12700287935152],[-3.011183894440316,38.126970800967996],[-3.0099179302665844,38.12644374015966],[-3.0099643324853083,38.12627928134228],[-3.0099687899816803,38.126263483968444],[-3.0111828182038853,38.12667392399828],[-3.0111838449870847,38.12667446463104],[-3.0116142481968846,38.12689388945813],[-3.0118116814232874,38.12717569911783],[-3.0118279012450815,38.12727961376859]]]},"properties":{"dn_surface":4561.051025390625,"provincia":23,"municipio":97,"agregado":0,"zona":0,"poligono":22,"parcela":468,"recinto":1,"uso_sigpac":"OV","idPanel":"23:97:0:0:22:468:1"},"id":1179274352},{"type":"Feature","geometry":{"type":"Polygon","coordinates":[[[-3.0118725549986993,38.12752358164781],[-3.011183940540787,38.127250463184],[-3.00989355820528,38.12673872533375],[-3.009879622452236,38.12663210668086],[-3.009909146869728,38.12648692959468],[-3.0099179302665844,38.12644374015966],[-3.011183894440316,38.126970800967996],[-3.0112610280706598,38.12700287935152],[-3.0118279012450815,38.12727961376859],[-3.0118725549986993,38.12752358164781]]]},"properties":{"dn_surface":5314.049560546875,"provincia":23,"municipio":97,"agregado":0,"zona":0,"poligono":22,"parcela":467,"recinto":1,"uso_sigpac":"OV","idPanel":"23:97:0:0:22:467:1"},"id":1179274353},{"type":"Feature","geometry":{"type":"Polygon","coordinates":[[[-3.012846321819503,38.12790518373802],[-3.0127628875121704,38.12834194462175],[-3.0127960002226226,38.12848749554081],[-3.0125705437776773,38.12848517207712],[-3.0119232479139124,38.128371397793074],[-3.0111941564049807,38.12831215198335],[-3.0111841157225734,38.128311521664216],[-3.010890198403013,38.12829234722136],[-3.0108261506006806,38.128048379342175],[-3.0104240648142437,38.12799550377923],[-3.010303343608429,38.127946122631954],[-3.010140870464049,38.127951541532696],[-3.0100573347356816,38.12784087190573],[-3.0095679388496546,38.12758899989137],[-3.009754335623493,38.127339067449526],[-3.009838637457856,38.12723938146914],[-3.0098890479029152,38.12710427859301],[-3.0099008898564215,38.126940067880014],[-3.00989355820528,38.12673872533375],[-3.011183940540787,38.127250463184],[-3.0118725549986993,38.12752358164781],[-3.0116769054413974,38.12766960279163],[-3.0119715092388692,38.12771193811071],[-3.012846321819503,38.12790518373802]]]},"properties":{"dn_surface":26139.464233398438,"provincia":23,"municipio":97,"agregado":0,"zona":0,"poligono":22,"parcela":466,"recinto":1,"uso_sigpac":"OV","idPanel":"23:97:0:0:22:466:1"},"id":1355289059},{"type":"Feature","geometry":{"type":"Polygon","coordinates":[[[-3.0128452615086885,38.126831798830295],[-3.013297470240889,38.127090179392866],[-3.0130178532871814,38.1275343884362],[-3.0124697731789807,38.12711814309989],[-3.012615888200157,38.126893264168075],[-3.0127646887832693,38.127003295932155],[-3.0128452615086885,38.126831798830295]]]},"properties":{"dn_surface":2891.0155029296875,"provincia":23,"municipio":97,"agregado":0,"zona":0,"poligono":22,"parcela":473,"recinto":1,"uso_sigpac":"OV","idPanel":"23:97:0:0:22:473:1"},"id":1318877937},{"type":"Feature","geometry":{"type":"Polygon","coordinates":[[[-3.0130178532871814,38.1275343884362],[-3.012846321819503,38.12790518373802],[-3.0119715092388692,38.12771193811071],[-3.0121060840550715,38.127379630834156],[-3.0122208767404177,38.12745064064566],[-3.0124697731789807,38.12711814309989],[-3.0130178532871814,38.1275343884362]]]},"properties":{"dn_surface":4474.27465500752,"provincia":23,"municipio":97,"agregado":0,"zona":0,"poligono":22,"parcela":472,"recinto":1,"uso_sigpac":"OV","idPanel":"23:97:0:0:22:472:1"},"id":1112596582},{"type":"Feature","geometry":{"type":"Polygon","coordinates":[[[-3.0082316538568823,38.12491583311427],[-3.008955340714326,38.1249262484678],[-3.0093329974425136,38.125018696674346],[-3.0094993522464843,38.12507555615608],[-3.0095573173013213,38.12511836253813],[-3.009792821972389,38.12524515559497],[-3.010096543604675,38.125296508166],[-3.010507292088555,38.125395438936835],[-3.0107227112038557,38.125467164562934],[-3.0107220381369912,38.12554205938682],[-3.0107132857531775,38.12574691730347],[-3.0104112639709566,38.125635903180296],[-3.0103611745528083,38.12561941346121],[-3.010239688079189,38.125768581171684],[-3.010144669142792,38.125906120667224],[-3.0101169501873515,38.12594388533424],[-3.0099687899816803,38.126263483968444],[-3.0099643324853083,38.12627928134228],[-3.0099254077628497,38.12626537408772],[-3.0098936529207916,38.1264814201694],[-3.009909146869728,38.12648692959468],[-3.009879622452236,38.12663210668086],[-3.009592077055846,38.1264445716445],[-3.009533098628854,38.126400755243054],[-3.00927862738616,38.12621170392032],[-3.0086628382601046,38.126026709438975],[-3.0082247203461656,38.126040431453475],[-3.0082860767192288,38.125835030389425],[-3.008276566611324,38.12550814201359],[-3.0082445879724373,38.12525254508125],[-3.0082386359826407,38.12509896932758],[-3.0082316538568823,38.12491583311427]]]},"properties":{"dn_surface":23124.814331054688,"provincia":23,"municipio":97,"agregado":0,"zona":0,"poligono":22,"parcela":499,"recinto":1,"uso_sigpac":"OV","idPanel":"23:97:0:0:22:499:1"},"id":1179274350},{"type":"Feature","geometry":{"type":"Polygon","coordinates":[[[-3.008276566611324,38.12550814201359],[-3.0082860767192288,38.125835030389425],[-3.0082247203461656,38.126040431453475],[-3.008186055462721,38.126142186925875],[-3.008320818871755,38.126287463756654],[-3.0082770267778356,38.12645149593513],[-3.0080852303816514,38.126417888692345],[-3.007811268698351,38.126242064851795],[-3.0076002878010444,38.12605857743674],[-3.0075047852288055,38.126002883039604],[-3.0072744211792597,38.12592484416368],[-3.006771571499651,38.125544710582915],[-3.007716594258194,38.12546887447127],[-3.008276566611324,38.12550814201359]]]},"properties":{"dn_surface":7870.38155561695,"provincia":23,"municipio":97,"agregado":0,"zona":0,"poligono":22,"parcela":501,"recinto":1,"uso_sigpac":"OV","idPanel":"23:97:0:0:22:501:1"},"id":1112596551},{"type":"Feature","geometry":{"type":"Polygon","coordinates":[[[-3.0107132857531775,38.12574691730347],[-3.0106886521764786,38.12581262136999],[-3.010674623384304,38.12584506855728],[-3.010660371633492,38.12590905936267],[-3.010674644339063,38.12597593186652],[-3.0107007749237584,38.12599503673957],[-3.0107441319968777,38.12600792140191],[-3.010803799416351,38.12598484518287],[-3.0108198842894964,38.12596862117013],[-3.0111837586534773,38.12615119076676],[-3.0113185153569884,38.126218774894284],[-3.0114784957232175,38.12634430898916],[-3.011274524611951,38.12652097269648],[-3.0111838114594702,38.126470598293594],[-3.010689739309384,38.12619629043766],[-3.0107136822172214,38.126087145479005],[-3.0104474964259555,38.126054087250964],[-3.0101169501873515,38.12594388533424],[-3.010144669142792,38.125906120667224],[-3.010239688079189,38.125768581171684],[-3.0103611745528083,38.12561941346121],[-3.0104112639709566,38.125635903180296],[-3.0107132857531775,38.12574691730347]]]},"properties":{"dn_surface":3695.18946501528,"provincia":23,"municipio":97,"agregado":0,"zona":0,"poligono":22,"parcela":470,"recinto":1,"uso_sigpac":"OV","idPanel":"23:97:0:0:22:470:1"},"id":1112596584},{"type":"Feature","geometry":{"type":"Polygon","coordinates":[[[-3.011274524611951,38.12652097269648],[-3.0111838449870847,38.12667221157534],[-3.0111828182038853,38.12667392399828],[-3.0099687899816803,38.126263483968444],[-3.0101169501873515,38.12594388533424],[-3.0104474964259555,38.126054087250964],[-3.0107136822172214,38.126087145479005],[-3.010689739309384,38.12619629043766],[-3.0111838114594702,38.126470598293594],[-3.011274524611951,38.12652097269648]]]},"properties":{"dn_surface":3731.01255090789,"provincia":23,"municipio":97,"agregado":0,"zona":0,"poligono":22,"parcela":469,"recinto":1,"uso_sigpac":"OV","idPanel":"23:97:0:0:22:469:1"},"id":1112596585},{"type":"Feature","geometry":{"type":"Polygon","coordinates":[[[-3.0149126329034646,38.12694873812114],[-3.0148942907836607,38.1270723033069],[-3.0156249857507635,38.12720011225048],[-3.0154690563585795,38.12737344247466],[-3.0153719620628334,38.127354418906094],[-3.0141551904435566,38.12711600152352],[-3.013860674656074,38.12702189286185],[-3.01389110012821,38.12700386673981],[-3.0139152827584907,38.12697720306602],[-3.0139259646565297,38.12694476509884],[-3.013920893604808,38.12690432911913],[-3.013896700078052,38.12687722623363],[-3.0138584433933158,38.12685323554891],[-3.0138185027841327,38.1268447966483],[-3.0137780022637846,38.12684791136371],[-3.01373694015589,38.126858579850705],[-3.013706569166127,38.12688657624716],[-3.013686324354191,38.1269163496072],[-3.013685206208241,38.1269492318153],[-3.013695001300871,38.126968953596446],[-3.013525001206994,38.126914631316964],[-3.013644999892711,38.12676374783078],[-3.013938519071848,38.1268440514971],[-3.0140727653174255,38.126880780160775],[-3.014220400815928,38.12686445221243],[-3.014447795157003,38.12687839802376],[-3.0149126329034646,38.12694873812114]]]},"properties":{"dn_surface":4173.1435546875,"provincia":23,"municipio":97,"agregado":0,"zona":0,"poligono":22,"parcela":267,"recinto":1,"uso_sigpac":"OV","idPanel":"23:97:0:0:22:267:1"},"id":1339578369},{"type":"Feature","geometry":{"type":"Polygon","coordinates":[[[-3.0153719620628334,38.127354418906094],[-3.0150570715439065,38.127561537422196],[-3.0137947954077893,38.12727637248645],[-3.0132998272322014,38.127159794455594],[-3.013525001206994,38.126914631316964],[-3.013695001300871,38.126968953596446],[-3.0137136049360698,38.12700068748376],[-3.013737778346257,38.12701977726934],[-3.0137675273987665,38.12703005515962],[-3.013821443994131,38.12703151780181],[-3.013860674656074,38.12702189286185],[-3.0141551904435566,38.12711600152352],[-3.0153719620628334,38.127354418906094]],[[-3.013678801595646,38.12701782177123],[-3.013654597172415,38.12701654939826],[-3.0136537841277584,38.12698786987667],[-3.0136021465720026,38.12698341405667],[-3.0135940915625747,38.12704905944983],[-3.0136747749291217,38.12705160084303],[-3.013678801595646,38.12701782177123]],[[-3.0139006881878183,38.12706751137256],[-3.0138272635498504,38.127049036818704],[-3.013800651005694,38.12710958517627],[-3.013869234256102,38.12712678651897],[-3.0139006881878183,38.12706751137256]],[[-3.0138660977477483,38.127193061393086],[-3.0138660868512743,38.127141660207],[-3.013799153159508,38.12712698014093],[-3.013782430423494,38.12717544682249],[-3.0138512232214945,38.1271886575409],[-3.0138660977477483,38.127193061393086]]]},"properties":{"dn_surface":4469.31704897019,"provincia":23,"municipio":97,"agregado":0,"zona":0,"poligono":22,"parcela":268,"recinto":1,"uso_sigpac":"OV","idPanel":"23:97:0:0:22:268:1"},"id":1112596838},{"type":"Feature","geometry":{"type":"Polygon","coordinates":[[[-3.01465238401457,38.128030463023094],[-3.0151537668610375,38.12821922433193],[-3.0151189802844214,38.12827763027491],[-3.014988791718411,38.12826060998128],[-3.014833388709777,38.12824981157482],[-3.0147682378489216,38.128244951747064],[-3.014623909011418,38.128263983697536],[-3.014422419781829,38.128292664895525],[-3.0143355916416987,38.12829213348283],[-3.01465238401457,38.128030463023094]]]},"properties":{"dn_surface":1010.9433136878,"provincia":23,"municipio":97,"agregado":0,"zona":0,"poligono":22,"parcela":270,"recinto":1,"uso_sigpac":"OV","idPanel":"23:97:0:0:22:270:1"},"id":1112596830},{"type":"Feature","geometry":{"type":"Polygon","coordinates":[[[-3.0150570715439065,38.127561537422196],[-3.0150551286186356,38.127595163105156],[-3.014932410005176,38.127638702903766],[-3.014837244385465,38.12769213167235],[-3.014794681916814,38.12777127528318],[-3.014739584311222,38.127795022892656],[-3.0146394255914943,38.12792561211367],[-3.0145092160707243,38.12808390352632],[-3.0145893537753436,38.128024541208106],[-3.014832251285448,38.12776929296294],[-3.0149649829210325,38.12769805348728],[-3.0150292888859975,38.12768716455622],[-3.0150200629246267,38.12769360102007],[-3.014905167141865,38.12777375632666],[-3.01465238401457,38.128030463023094],[-3.0143355916416987,38.12829213348283],[-3.0141410585539674,38.12830549172273],[-3.013922786238657,38.12828442464601],[-3.0136607109329527,38.128313560981354],[-3.0133674918259676,38.128366943649496],[-3.013103020972193,38.12840337978474],[-3.0130173327709633,38.128398340584226],[-3.0128337514785675,38.12840791020366],[-3.012814801670748,38.128341941269014],[-3.012893564743165,38.12792636145585],[-3.0130178742419402,38.12763641296769],[-3.0132163376043044,38.12730536046209],[-3.0132998272322014,38.127159794455594],[-3.0137947954077893,38.12727637248645],[-3.0150570715439065,38.127561537422196]]]},"properties":{"dn_surface":17274.866577148438,"provincia":23,"municipio":97,"agregado":0,"zona":0,"poligono":22,"parcela":269,"recinto":1,"uso_sigpac":"OV","idPanel":"23:97:0:0:22:269:1"},"id":1355289053},{"type":"Feature","geometry":{"type":"Polygon","coordinates":[[[-3.0124963010659096,38.124319172330615],[-3.0124936590898725,38.12421994316398],[-3.0124887187958485,38.12403022715631],[-3.0132338733849746,38.124183465119216],[-3.0132278342233794,38.12421987694697],[-3.0131903411300685,38.124444024976725],[-3.0124963010659096,38.124319172330615]]]},"properties":{"dn_surface":1947.1651373615118,"provincia":23,"municipio":97,"agregado":0,"zona":0,"poligono":22,"parcela":250,"recinto":1,"uso_sigpac":"OV","idPanel":"23:97:0:0:22:250:1"},"id":1329922444},{"type":"Feature","geometry":{"type":"Polygon","coordinates":[[[-3.013389555511001,38.12449522751169],[-3.0138475402130207,38.1246111467249],[-3.0135476809619473,38.12502197651324],[-3.013558338552466,38.12502893433148],[-3.013726139234819,38.12513848748884],[-3.0139250661164563,38.12487881527491],[-3.013962532387676,38.124890295968385],[-3.01403003269613,38.124910980830236],[-3.0141917774530813,38.12472593354292],[-3.0144357227011453,38.124805850803455],[-3.0143265743897305,38.12498845811865],[-3.0140410733396457,38.12533258974673],[-3.0138891982742666,38.12528970960392],[-3.0137570801940305,38.12525240594164],[-3.0133207601984293,38.12507661227596],[-3.0132875997111257,38.125060083161884],[-3.013324396268242,38.12499487865685],[-3.013091739768042,38.12487400825316],[-3.01300876311265,38.12482533956768],[-3.01307655175859,38.12474289600138],[-3.0131315605160034,38.1247697105494],[-3.013162708508236,38.124784894367906],[-3.013389555511001,38.12449522751169]]]},"properties":{"dn_surface":4966.551542503243,"provincia":23,"municipio":97,"agregado":0,"zona":0,"poligono":22,"parcela":482,"recinto":1,"uso_sigpac":"OV","idPanel":"23:97:0:0:22:482:1"},"id":1405793016},{"type":"Feature","geometry":{"type":"Polygon","coordinates":[[[-3.0141917774530813,38.12472593354292],[-3.01403003269613,38.124910980830236],[-3.013962532387676,38.124890295968385],[-3.0139250661164563,38.12487881527491],[-3.013726139234819,38.12513848748884],[-3.013558338552466,38.12502893433148],[-3.0135476809619473,38.12502197651324],[-3.0138475402130207,38.1246111467249],[-3.0139182792890535,38.1246224061361],[-3.0141917774530813,38.12472593354292]]]},"properties":{"dn_surface":1428.3217988368428,"provincia":23,"municipio":97,"agregado":0,"zona":0,"poligono":22,"parcela":483,"recinto":1,"uso_sigpac":"OV","idPanel":"23:97:0:0:22:483:1"},"id":1329922446},{"type":"Feature","geometry":{"type":"Polygon","coordinates":[[[-3.012953947977212,38.124683131351816],[-3.01307655175859,38.12474289600138],[-3.01300876311265,38.12482533956768],[-3.013091739768042,38.12487400825316],[-3.013324396268242,38.12499487865685],[-3.0132875997111257,38.125060083161884],[-3.0131174906525007,38.12529663054178],[-3.013100198785227,38.1253140665778],[-3.012709348102471,38.12513887976192],[-3.0125832147014564,38.125104600290484],[-3.012604263337956,38.12507613534561],[-3.0126640288257023,38.12499528937016],[-3.0127492417729926,38.124919935217946],[-3.0129018661805604,38.124735792338015],[-3.012953947977212,38.124683131351816]]]},"properties":{"dn_surface":2234.407595984452,"provincia":23,"municipio":97,"agregado":0,"zona":0,"poligono":22,"parcela":485,"recinto":1,"uso_sigpac":"OV","idPanel":"23:97:0:0:22:485:1"},"id":1405793015},{"type":"Feature","geometry":{"type":"Polygon","coordinates":[[[-3.013389555511001,38.12449522751169],[-3.013162708508236,38.124784894367906],[-3.0131315605160034,38.1247697105494],[-3.012953947977212,38.124683131351816],[-3.0129683640133362,38.124668554383135],[-3.0131903411300685,38.124444024976725],[-3.0132527879887987,38.12446014002472],[-3.0133478002196727,38.12448465876935],[-3.013389555511001,38.12449522751169]]]},"properties":{"dn_surface":696.5984734775058,"provincia":23,"municipio":97,"agregado":0,"zona":0,"poligono":22,"parcela":484,"recinto":1,"uso_sigpac":"OV","idPanel":"23:97:0:0:22:484:1"},"id":1329922445},{"type":"Feature","geometry":{"type":"Polygon","coordinates":[[[-3.0127492417729926,38.124919935217946],[-3.0126640288257023,38.12499528937016],[-3.012604263337956,38.12507613534561],[-3.012408181274425,38.12534130441196],[-3.0123318699088317,38.12543387080336],[-3.0122687700998045,38.12539890736855],[-3.012313596520638,38.125332570468345],[-3.011931917316879,38.12510575364041],[-3.0118600341109953,38.125078811687445],[-3.0116521528416658,38.12504602251849],[-3.0108539542133483,38.124982995632024],[-3.0108577151735254,38.124959832241245],[-3.0108540455760977,38.12484257779076],[-3.010854941601601,38.12473920293462],[-3.0108414651768785,38.12465223146393],[-3.0108344998149277,38.12462014721305],[-3.0108418004530253,38.12460933120454],[-3.0111835105491283,38.12464661894123],[-3.012255649067798,38.124763696533506],[-3.012508160621414,38.124908598693224],[-3.0127492417729926,38.124919935217946]]]},"properties":{"dn_surface":6760.15043727982,"provincia":23,"municipio":97,"agregado":0,"zona":0,"poligono":22,"parcela":487,"recinto":2,"uso_sigpac":"OV","idPanel":"23:97:0:0:22:487:2"},"id":1112596566},{"type":"Feature","geometry":{"type":"Polygon","coordinates":[[[-3.0108539542133483,38.124982995632024],[-3.0116521528416658,38.12504602251849],[-3.0118600341109953,38.125078811687445],[-3.011931917316879,38.12510575364041],[-3.012313596520638,38.125332570468345],[-3.0122687700998045,38.12539890736855],[-3.0121587073226994,38.125604134927215],[-3.0120340323729238,38.125765381799056],[-3.011973569510792,38.12580116666041],[-3.011928174796889,38.12588480800076],[-3.0118511702478625,38.12593645645299],[-3.011769466803638,38.12586093717729],[-3.011580504329085,38.12572359968564],[-3.0114641207584216,38.125673948641065],[-3.0112650086367134,38.125555988434314],[-3.0112431008550877,38.12554156988361],[-3.011221192235273,38.12552706164658],[-3.0111836614233947,38.12556257409602],[-3.0108738318979045,38.12585550821828],[-3.0107762958758353,38.12593942364691],[-3.010766941671338,38.12594888765432],[-3.010741158097455,38.12595889313275],[-3.010731345402827,38.125956009757886],[-3.0107276942455883,38.12595330659394],[-3.010718217665298,38.125909235382665],[-3.010730074706231,38.125856329644876],[-3.0107429627213156,38.12582631656238],[-3.0107701050017837,38.12575421375061],[-3.0107790845351863,38.12554295625051],[-3.0107797576020516,38.12547148627246],[-3.0108137344867725,38.12532710127621],[-3.0108414165618367,38.12506149635087],[-3.0108539542133483,38.124982995632024]]]},"properties":{"dn_surface":9366.63048997157,"provincia":23,"municipio":97,"agregado":0,"zona":0,"poligono":22,"parcela":476,"recinto":1,"uso_sigpac":"OV","idPanel":"23:97:0:0:22:476:1"},"id":1112596578},{"type":"Feature","geometry":{"type":"Polygon","coordinates":[[[-3.0142185836192117,38.12550108445069],[-3.0142178384679754,38.125502282224744],[-3.0140887361966806,38.125757441621715],[-3.01357184263747,38.12549873919406],[-3.0137570801940305,38.12525240594164],[-3.0138891982742666,38.12528970960392],[-3.0140410733396457,38.12533258974673],[-3.0143265743897305,38.12498845811865],[-3.0144357227011453,38.124805850803455],[-3.014451476489095,38.124809443287376],[-3.014477596177315,38.12481540030632],[-3.014449007180274,38.12493819603327],[-3.01442651015082,38.12505383109996],[-3.014409631511398,38.12511069644904],[-3.0143903388837185,38.12516470273076],[-3.014328123365528,38.12526225803123],[-3.0142185836192117,38.12550108445069]]]},"properties":{"dn_surface":2747.8404541015625,"provincia":23,"municipio":97,"agregado":0,"zona":0,"poligono":22,"parcela":481,"recinto":1,"uso_sigpac":"OV","idPanel":"23:97:0:0:22:481:1"},"id":1355289052},{"type":"Feature","geometry":{"type":"Polygon","coordinates":[[[-3.0132875997111257,38.125060083161884],[-3.0133207601984293,38.12507661227596],[-3.0137570801940305,38.12525240594164],[-3.01357184263747,38.12549873919406],[-3.0131174906525007,38.12529663054178],[-3.0132875997111257,38.125060083161884]]]},"properties":{"dn_surface":1418.610467298435,"provincia":23,"municipio":97,"agregado":0,"zona":0,"poligono":22,"parcela":480,"recinto":1,"uso_sigpac":"OV","idPanel":"23:97:0:0:22:480:1"},"id":1405793017},{"type":"Feature","geometry":{"type":"Polygon","coordinates":[[[-3.0125832147014564,38.125104600290484],[-3.012709348102471,38.12513887976192],[-3.013100198785227,38.1253140665778],[-3.0128878616959067,38.12552818482166],[-3.0128600304229574,38.12556685138148],[-3.012408181274425,38.12534130441196],[-3.0125832147014564,38.125104600290484]]]},"properties":{"dn_surface":1623.4431564291992,"provincia":23,"municipio":97,"agregado":0,"zona":0,"poligono":22,"parcela":486,"recinto":2,"uso_sigpac":"OV","idPanel":"23:97:0:0:22:486:2"},"id":1405793014},{"type":"Feature","geometry":{"type":"Polygon","coordinates":[[[-3.01357184263747,38.12549873919406],[-3.0140887361966806,38.125757441621715],[-3.0140430137503453,38.12589678238834],[-3.0135585363653923,38.125712520485365],[-3.013481196540218,38.12579156938071],[-3.0128878616959067,38.12552818482166],[-3.0131174906525007,38.12529663054178],[-3.01357184263747,38.12549873919406]]]},"properties":{"dn_surface":2696.69215843099,"provincia":23,"municipio":97,"agregado":0,"zona":0,"poligono":22,"parcela":479,"recinto":1,"uso_sigpac":"OV","idPanel":"23:97:0:0:22:479:1"},"id":1112596575},{"type":"Feature","geometry":{"type":"Polygon","coordinates":[[[-3.012408181274425,38.12534130441196],[-3.0128600304229574,38.12556685138148],[-3.0128878616959067,38.12552818482166],[-3.013481196540218,38.12579156938071],[-3.0135585363653923,38.125712520485365],[-3.0140430137503453,38.12589678238834],[-3.0139863445378143,38.12605730338737],[-3.0139187134716634,38.126202863526515],[-3.013915446205612,38.1262012810231],[-3.013914836841216,38.12620098598009],[-3.0139122216872702,38.12619971863626],[-3.0139083115292076,38.12619782432603],[-3.0129133175373557,38.1257156955505],[-3.012446690254461,38.125489584478856],[-3.0123651879759246,38.12545009062515],[-3.012343095792418,38.12543933664273],[-3.0123318699088317,38.12543387080336],[-3.012408181274425,38.12534130441196]]]},"properties":{"dn_surface":3315.8258056640625,"provincia":23,"municipio":97,"agregado":0,"zona":0,"poligono":22,"parcela":478,"recinto":1,"uso_sigpac":"OV","idPanel":"23:97:0:0:22:478:1"},"id":1355289057},{"type":"Feature","geometry":{"type":"Polygon","coordinates":[[[-3.0123029565321175,38.1254245995797],[-3.0123411344269595,38.12544186043394],[-3.012343095792418,38.12543933664273],[-3.0123651879759246,38.12545009062515],[-3.012446690254461,38.125489584478856],[-3.0129133175373557,38.1257156955505],[-3.0139083115292076,38.12619782432603],[-3.0139122216872702,38.12619971863626],[-3.013914836841216,38.12620098598009],[-3.013915446205612,38.1262012810231],[-3.0139187134716634,38.126202863526515],[-3.013880977303146,38.12629550619323],[-3.013787686715286,38.12652453752011],[-3.013598060393963,38.1267380774126],[-3.013597189514172,38.126739058095296],[-3.013479931710955,38.126891294420744],[-3.0133150714004073,38.12706283007935],[-3.0133139549308385,38.12706399097303],[-3.0128602617634983,38.126799871321026],[-3.0126632350594247,38.12667419305737],[-3.012564721707387,38.126611353087355],[-3.01233535929533,38.126434905633204],[-3.0123262263730894,38.1264280995274],[-3.0123025374369337,38.12641044472372],[-3.012203563080195,38.12633667894224],[-3.0121745399005433,38.126307420231115],[-3.0119372314438064,38.12606817304007],[-3.0119226134038035,38.12605343513883],[-3.0119228506116777,38.12604700705691],[-3.0119244306005197,38.126004135296],[-3.0119145852164677,38.12599504093052],[-3.011889348142704,38.125971726665455],[-3.0123029565321175,38.1254245995797]]]},"properties":{"dn_surface":16646.686767578125,"provincia":23,"municipio":97,"agregado":0,"zona":0,"poligono":22,"parcela":477,"recinto":1,"uso_sigpac":"OV","idPanel":"23:97:0:0:22:477:1"},"id":1439851350},{"type":"Feature","geometry":{"type":"Polygon","coordinates":[[[-3.0118511702478625,38.12593645645299],[-3.011889348142704,38.125971726665455],[-3.0119145852164677,38.12599504093052],[-3.0119244306005197,38.126004135296],[-3.0119228506116777,38.12604700705691],[-3.0119226134038035,38.12605343513883],[-3.0119372314438064,38.12606817304007],[-3.0121745399005433,38.126307420231115],[-3.012203563080195,38.12633667894224],[-3.0123025374369337,38.12641044472372],[-3.0123262263730894,38.1264280995274],[-3.01233535929533,38.126434905633204],[-3.0120599986723073,38.126787233086645],[-3.0114784957232175,38.12634430898916],[-3.0113185153569884,38.126218774894284],[-3.0111837586534773,38.12615119076676],[-3.0108198842894964,38.12596862117013],[-3.010916736348225,38.12588524721252],[-3.01118367315806,38.1256328731221],[-3.0112650086367134,38.125555988434314],[-3.0114641207584216,38.125673948641065],[-3.011580504329085,38.12572359968564],[-3.011769466803638,38.12586093717729],[-3.0118511702478625,38.12593645645299]]]},"properties":{"dn_surface":7286.2288818359375,"provincia":23,"municipio":97,"agregado":0,"zona":0,"poligono":22,"parcela":475,"recinto":1,"uso_sigpac":"OV","idPanel":"23:97:0:0:22:475:1"},"id":1112596579},{"type":"Feature","geometry":{"type":"Polygon","coordinates":[[[-3.0128602617634983,38.126799871321026],[-3.0128452615086885,38.126831798830295],[-3.0127646887832693,38.127003295932155],[-3.012615888200157,38.126893264168075],[-3.0124697731789807,38.12711814309989],[-3.0120599986723073,38.126787233086645],[-3.01233535929533,38.126434905633204],[-3.012564721707387,38.126611353087355],[-3.0126632350594247,38.12667419305737],[-3.0128602617634983,38.126799871321026]]]},"properties":{"dn_surface":2604.4720458984375,"provincia":23,"municipio":97,"agregado":0,"zona":0,"poligono":22,"parcela":474,"recinto":1,"uso_sigpac":"OV","idPanel":"23:97:0:0:22:474:1"},"id":1318877940},{"type":"Feature","geometry":{"type":"Polygon","coordinates":[[[-3.0124697731789807,38.12711814309989],[-3.0122208767404177,38.12745064064566],[-3.0121060840550715,38.127379630834156],[-3.0119715092388692,38.12771193811071],[-3.0116769054413974,38.12766960279163],[-3.0118725549986993,38.12752358164781],[-3.0118279012450815,38.12727961376859],[-3.0118116814232874,38.12717569911783],[-3.0116142481968846,38.12689388945813],[-3.0111838449870847,38.12667446463104],[-3.0111828182038853,38.12667392399828],[-3.0111838449870847,38.12667221157534],[-3.011274524611951,38.12652097269648],[-3.0114784957232175,38.12634430898916],[-3.0120599986723073,38.126787233086645],[-3.0124697731789807,38.12711814309989]]]},"properties":{"dn_surface":6208.93347354382,"provincia":23,"municipio":97,"agregado":0,"zona":0,"poligono":22,"parcela":471,"recinto":1,"uso_sigpac":"OV","idPanel":"23:97:0:0:22:471:1"},"id":1112596583},{"type":"Feature","geometry":{"type":"Polygon","coordinates":[[[-3.0146130586371154,38.1260579596904],[-3.014548631972738,38.126229116487025],[-3.0143476179970867,38.12632358976148],[-3.014294377821349,38.12652547880788],[-3.015056680947195,38.126700424224936],[-3.014981510358691,38.126783979231675],[-3.0140206776534426,38.12658697264416],[-3.0139983038379725,38.12653001509415],[-3.013867660972784,38.12650659521711],[-3.013973826164682,38.126217821033606],[-3.0140289078446574,38.12608965502096],[-3.014102918377692,38.12592534623968],[-3.0146130586371154,38.1260579596904]]]},"properties":{"dn_surface":3613.287841796875,"provincia":23,"municipio":97,"agregado":0,"zona":0,"poligono":22,"parcela":264,"recinto":1,"uso_sigpac":"OV","idPanel":"23:97:0:0:22:264:1"},"id":1355289054},{"type":"Feature","geometry":{"type":"Polygon","coordinates":[[[-3.015056680947195,38.126700424224936],[-3.014294377821349,38.12652547880788],[-3.0143476179970867,38.12632358976148],[-3.014548631972738,38.126229116487025],[-3.0146130586371154,38.1260579596904],[-3.015051314014274,38.12615524928452],[-3.015901363098702,38.12634775730433],[-3.0159014452413584,38.12634867763737],[-3.015905317680854,38.12639209589838],[-3.0159242373138206,38.12660425110036],[-3.015821494453191,38.12683841550506],[-3.0153806155401837,38.12678708975611],[-3.015056680947195,38.126700424224936]]]},"properties":{"dn_surface":7603.0225830078125,"provincia":23,"municipio":97,"agregado":0,"zona":0,"poligono":22,"parcela":263,"recinto":1,"uso_sigpac":"OV","idPanel":"23:97:0:0:22:263:1"},"id":1339925859},{"type":"Feature","geometry":{"type":"Polygon","coordinates":[[[-3.013867660972784,38.12650659521711],[-3.0139983038379725,38.12653001509415],[-3.0140206776534426,38.12658697264416],[-3.014981510358691,38.126783979231675],[-3.0149126329034646,38.12694873812114],[-3.014447795157003,38.12687839802376],[-3.014220400815928,38.12686445221243],[-3.0140727653174255,38.126880780160775],[-3.013938519071848,38.1268440514971],[-3.01395395770022,38.126799474856966],[-3.0139313374567824,38.12678491632849],[-3.0139323038902757,38.126779301291236],[-3.0139202766966986,38.126774164022464],[-3.013917224845572,38.126756554481034],[-3.013725145141044,38.126673473051824],[-3.0138356110877162,38.1265490495592],[-3.013867660972784,38.12650659521711]]]},"properties":{"dn_surface":2502.2960205078125,"provincia":23,"municipio":97,"agregado":0,"zona":0,"poligono":22,"parcela":265,"recinto":2,"uso_sigpac":"OV","idPanel":"23:97:0:0:22:265:2"},"id":1355289056},{"type":"Feature","geometry":{"type":"Polygon","coordinates":[[[-3.015056680947195,38.126700424224936],[-3.0153806155401837,38.12678708975611],[-3.015821494453191,38.12683841550506],[-3.015773603608375,38.126975770598705],[-3.0157640256070506,38.12700326072817],[-3.0157526312472007,38.12702345860146],[-3.0156884141304143,38.127137289882455],[-3.0156249857507635,38.12720011225048],[-3.0148942907836607,38.1270723033069],[-3.0149126329034646,38.12694873812114],[-3.014981510358691,38.126783979231675],[-3.015056680947195,38.126700424224936]]]},"properties":{"dn_surface":2965.45589916209,"provincia":23,"municipio":97,"agregado":0,"zona":0,"poligono":22,"parcela":266,"recinto":1,"uso_sigpac":"OV","idPanel":"23:97:0:0:22:266:1"},"id":1112596841},{"type":"Feature","geometry":{"type":"Polygon","coordinates":[[[-3.015960427021111,38.12373678257612],[-3.0164252220198646,38.123857112347025],[-3.0165056966770103,38.12387794640679],[-3.016539230997219,38.12384387480657],[-3.016733639194586,38.12383591954176],[-3.016692542720887,38.12421030984211],[-3.016687981288909,38.12421950395225],[-3.0165247956827157,38.12454965707957],[-3.0156335830693592,38.124348689204396],[-3.015679874646954,38.12421962297529],[-3.0157591171642606,38.12399826360482],[-3.015960427021111,38.12373678257612]]]},"properties":{"dn_surface":5939.164301289233,"provincia":23,"municipio":97,"agregado":0,"zona":0,"poligono":22,"parcela":257,"recinto":1,"uso_sigpac":"OV","idPanel":"23:97:0:0:22:257:1"},"id":1328609617},{"type":"Feature","geometry":{"type":"Polygon","coordinates":[[[-3.0165247956827157,38.12454965707957],[-3.0161655078964236,38.125464664241065],[-3.0152716692326464,38.12530344000032],[-3.014508468404917,38.1251365169033],[-3.0145373767524877,38.12479673883598],[-3.0148113962709244,38.124133467902],[-3.015150606883353,38.12421968248677],[-3.0156335830693592,38.124348689204396],[-3.016456776534424,38.12453431903401],[-3.0165247956827157,38.12454965707957]]]},"properties":{"dn_surface":17283.389770507812,"provincia":23,"municipio":97,"agregado":0,"zona":0,"poligono":22,"parcela":259,"recinto":1,"uso_sigpac":"OV","idPanel":"23:97:0:0:22:259:1"},"id":1355289048},{"type":"Feature","geometry":{"type":"Polygon","coordinates":[[[-3.0161655078964236,38.125464664241065],[-3.016098497929334,38.1257956161638],[-3.016068054017011,38.12587934719053],[-3.0157069414902886,38.12584838611474],[-3.0154891234741577,38.12578757540362],[-3.015281461810706,38.12573406281601],[-3.0151422601836773,38.12569811786031],[-3.014268155873904,38.12552093196041],[-3.0145082420935183,38.125137509320695],[-3.014508468404917,38.1251365169033],[-3.0152716692326464,38.12530344000032],[-3.0161655078964236,38.125464664241065]]]},"properties":{"dn_surface":7372.110107421875,"provincia":23,"municipio":97,"agregado":0,"zona":0,"poligono":22,"parcela":260,"recinto":1,"uso_sigpac":"OV","idPanel":"23:97:0:0:22:260:1"},"id":1355289046},{"type":"Feature","geometry":{"type":"Polygon","coordinates":[[[-3.016068054017011,38.12587934719053],[-3.0159973685851615,38.1260901654789],[-3.0159826516386956,38.12613410928529],[-3.0159759628795655,38.1261540841999],[-3.01594457767946,38.12624780058849],[-3.015930004901737,38.126281507575925],[-3.015911352651498,38.126324650910476],[-3.015901363098702,38.12634775730433],[-3.015051314014274,38.12615524928452],[-3.015281461810706,38.12573406281601],[-3.0154891234741577,38.12578757540362],[-3.0157069414902886,38.12584838611474],[-3.016068054017011,38.12587934719053]]]},"properties":{"dn_surface":3751.001708984375,"provincia":23,"municipio":97,"agregado":0,"zona":0,"poligono":22,"parcela":262,"recinto":1,"uso_sigpac":"OV","idPanel":"23:97:0:0:22:262:1"},"id":1339925860},{"type":"Feature","geometry":{"type":"Polygon","coordinates":[[[-3.0146130586371154,38.1260579596904],[-3.014102918377692,38.12592534623968],[-3.0141390527644187,38.12575112921007],[-3.014268155873904,38.12552093196041],[-3.0151422601836773,38.12569811786031],[-3.015281461810706,38.12573406281601],[-3.015051314014274,38.12615524928452],[-3.0146130586371154,38.1260579596904]]]},"properties":{"dn_surface":4506.447265625,"provincia":23,"municipio":97,"agregado":0,"zona":0,"poligono":22,"parcela":261,"recinto":1,"uso_sigpac":"OV","idPanel":"23:97:0:0:22:261:1"},"id":1355289055},{"type":"Feature","geometry":{"type":"Polygon","coordinates":[[[-3.014696009308607,38.124245711650474],[-3.014633512996644,38.12438912853685],[-3.0145265758314177,38.12463452888335],[-3.01447196605262,38.124759845886956],[-3.0144532643491484,38.12480276291012],[-3.014451476489095,38.124809443287376],[-3.0144357227011453,38.124805850803455],[-3.0141917774530813,38.12472593354292],[-3.0139182792890535,38.1246224061361],[-3.014017684475641,38.124219800671625],[-3.014032276531742,38.124160856610445],[-3.0145317784790264,38.12421974870384],[-3.014696009308607,38.124245711650474]]]},"properties":{"dn_surface":3255.2110624001925,"provincia":23,"municipio":97,"agregado":0,"zona":0,"poligono":22,"parcela":251,"recinto":1,"uso_sigpac":"OV","idPanel":"23:97:0:0:22:251:1"},"id":1329922440},{"type":"Feature","geometry":{"type":"Polygon","coordinates":[[[-3.0159973685851615,38.1260901654789],[-3.016150943500605,38.1261232203542],[-3.0161963767712634,38.12621280111151],[-3.0169373412467446,38.12638295878517],[-3.016971595572477,38.1264774982767],[-3.0173704903681866,38.12655712133244],[-3.0173820272203993,38.12661614921265],[-3.017494607921368,38.126937169417715],[-3.01726866700239,38.127261020191696],[-3.017128393329882,38.12738820887438],[-3.0163942894425557,38.1271358138292],[-3.016355275871919,38.12721315281618],[-3.0157526312472007,38.12702345860146],[-3.0157640256070506,38.12700326072817],[-3.015773603608375,38.126975770598705],[-3.015821494453191,38.12683841550506],[-3.0159242373138206,38.12660425110036],[-3.015905317680854,38.12639209589838],[-3.016978081489538,38.126649240968334],[-3.017378491733431,38.126747072033396],[-3.0173820012364985,38.12661701254871],[-3.0173516579070183,38.126606126970415],[-3.0172745209239134,38.12658066945258],[-3.017127890415662,38.12655036970901],[-3.0170080275167837,38.12652560202184],[-3.0169150302955523,38.126506384831316],[-3.016903783457206,38.12644857400352],[-3.016870930585768,38.126441031128394],[-3.016783952409563,38.126421059566496],[-3.0166467741740806,38.12638384056143],[-3.016540544441523,38.126355018547486],[-3.0160906214544547,38.126271628664256],[-3.0160886642799474,38.12625012489036],[-3.0160799253071797,38.12615410766924],[-3.0159826516386956,38.12613410928529],[-3.0159973685851615,38.1260901654789]]]},"properties":{"dn_surface":10871.557250976562,"provincia":23,"municipio":97,"agregado":0,"zona":0,"poligono":22,"parcela":109,"recinto":1,"uso_sigpac":"OV","idPanel":"23:97:0:0:22:109:1"},"id":1339925857},{"type":"Feature","geometry":{"type":"Polygon","coordinates":[[[-3.0159826516386956,38.12613410928529],[-3.0160799253071797,38.12615410766924],[-3.0160886642799474,38.12625012489036],[-3.0160906214544547,38.126271628664256],[-3.016540544441523,38.126355018547486],[-3.0166467741740806,38.12638384056143],[-3.016783952409563,38.126421059566496],[-3.016870930585768,38.126441031128394],[-3.016903783457206,38.12644857400352],[-3.0169150302955523,38.126506384831316],[-3.0170080275167837,38.12652560202184],[-3.017127890415662,38.12655036970901],[-3.0172745209239134,38.12658066945258],[-3.0173516579070183,38.126606126970415],[-3.0173820012364985,38.12661701254871],[-3.017378491733431,38.126747072033396],[-3.016978081489538,38.126649240968334],[-3.015905317680854,38.12639209589838],[-3.0159014452413584,38.12634867763737],[-3.015901363098702,38.12634775730433],[-3.015911352651498,38.126324650910476],[-3.015930004901737,38.126281507575925],[-3.01594457767946,38.12624780058849],[-3.0159759628795655,38.1261540841999],[-3.0159826516386956,38.12613410928529]]]},"properties":{"dn_surface":2459.4561767578125,"provincia":23,"municipio":97,"agregado":0,"zona":0,"poligono":22,"parcela":109,"recinto":2,"uso_sigpac":"OV","idPanel":"23:97:0:0:22:109:2"},"id":1339925858},{"type":"Feature","geometry":{"type":"Polygon","coordinates":[[[-3.017128393329882,38.12738820887438],[-3.016863171457539,38.12788562540402],[-3.016843119429386,38.12787227219326],[-3.0167867452598656,38.12783473467587],[-3.0164606213136387,38.12761768695671],[-3.0162741440735252,38.12749357778543],[-3.015973285699533,38.12735756882549],[-3.0156249857507635,38.12720011225048],[-3.0156884141304143,38.127137289882455],[-3.0157526312472007,38.12702345860146],[-3.016355275871919,38.12721315281618],[-3.0163942894425557,38.1271358138292],[-3.017128393329882,38.12738820887438]]]},"properties":{"dn_surface":4998.07504566822,"provincia":23,"municipio":97,"agregado":0,"zona":0,"poligono":22,"parcela":108,"recinto":2,"uso_sigpac":"OV","idPanel":"23:97:0:0:22:108:2"},"id":1112595769},{"type":"Feature","geometry":{"type":"Polygon","coordinates":[[[-3.0162598705297623,38.127932134911106],[-3.0153446001764896,38.12747565978992],[-3.0154690563585795,38.12737344247466],[-3.0156249857507635,38.12720011225048],[-3.015973285699533,38.12735756882549],[-3.0162741440735252,38.12749357778543],[-3.0164606213136387,38.12761768695671],[-3.0167867452598656,38.12783473467587],[-3.016843119429386,38.12787227219326],[-3.016863171457539,38.12788562540402],[-3.0169265352965318,38.1279278190689],[-3.0167867938749073,38.12803427427468],[-3.0167077391122423,38.128094489032435],[-3.0162598705297623,38.127932134911106]]]},"properties":{"dn_surface":5182.93388174607,"provincia":23,"municipio":97,"agregado":0,"zona":0,"poligono":22,"parcela":107,"recinto":1,"uso_sigpac":"OV","idPanel":"23:97:0:0:22:107:1"},"id":1112595770},{"type":"Feature","geometry":{"type":"Polygon","coordinates":[[[-3.0153446001764896,38.12747565978992],[-3.0162598705297623,38.127932134911106],[-3.0161560916658394,38.12803303962025],[-3.016049875344329,38.12796699105749],[-3.0158718747233966,38.12813912183131],[-3.0157216735241814,38.12806803155351],[-3.0155843368707194,38.1280268076749],[-3.015473528104187,38.127931161772096],[-3.015401920662935,38.1279303604621],[-3.01533370956905,38.127966329725325],[-3.0149308568384257,38.12775583414023],[-3.0150200629246267,38.12769360102007],[-3.0150322971512256,38.12769663694556],[-3.0150469855992186,38.12769431264368],[-3.01509100819549,38.12767572158134],[-3.015130163420299,38.12767187596393],[-3.0152006409809373,38.12766105157351],[-3.0152309373717565,38.12761463594376],[-3.0152436896000014,38.12760615178087],[-3.015305335986932,38.127541202085695],[-3.015328821242828,38.1274940287318],[-3.015322310180057,38.12749011522101],[-3.0153446001764896,38.12747565978992]]]},"properties":{"dn_surface":3681.9507940071603,"provincia":23,"municipio":97,"agregado":0,"zona":0,"poligono":22,"parcela":272,"recinto":1,"uso_sigpac":"OV","idPanel":"23:97:0:0:22:272:1"},"id":1210240533},{"type":"Feature","geometry":{"type":"Polygon","coordinates":[[[-3.0149308568384257,38.12775583414023],[-3.01533370956905,38.127966329725325],[-3.015401920662935,38.1279303604621],[-3.015473528104187,38.127931161772096],[-3.0155843368707194,38.1280268076749],[-3.0157216735241814,38.12806803155351],[-3.0158718747233966,38.12813912183131],[-3.015728368150643,38.128253228038744],[-3.0156661970565435,38.128297849941134],[-3.015680028035791,38.128420237469385],[-3.015438246157064,38.128377814978535],[-3.0152043348858855,38.12832322447812],[-3.0151189802844214,38.12827763027491],[-3.0151537668610375,38.12821922433193],[-3.01465238401457,38.128030463023094],[-3.014905167141865,38.12777375632666],[-3.0149308568384257,38.12775583414023]]]},"properties":{"dn_surface":3635.7281730743043,"provincia":23,"municipio":97,"agregado":0,"zona":0,"poligono":22,"parcela":271,"recinto":2,"uso_sigpac":"OV","idPanel":"23:97:0:0:22:271:2"},"id":1210240531},{"type":"Feature","geometry":{"type":"Polygon","coordinates":[[[-3.008189199514788,38.119615061073915],[-3.008323718172235,38.1196703497869],[-3.0085781701365506,38.119768039197794],[-3.0088022737422446,38.11984360708854],[-3.0088653023050904,38.11986388123714],[-3.0089236663385424,38.11990996494353],[-3.0089342585502123,38.119925645808934],[-3.0089332376343454,38.119926155428686],[-3.0087894821190524,38.119997958168256],[-3.0068714863059807,38.12096231211126],[-3.0067375401325545,38.120871289666525],[-3.0061564889680734,38.12074251931861],[-3.006211351880363,38.1206161604444],[-3.006286517439724,38.12053322486034],[-3.0063248403414984,38.12049094067086],[-3.0063739054910186,38.12043680279325],[-3.006335227196528,38.12039579600594],[-3.006749221153511,38.12020777733372],[-3.006989372751973,38.12023642835686],[-3.0075669479410023,38.11993502012996],[-3.007877922434534,38.11977286801249],[-3.008185179553788,38.11961709871471],[-3.008189199514788,38.119615061073915]]]},"properties":{"dn_surface":14519.212857757526,"provincia":23,"municipio":97,"agregado":0,"zona":0,"poligono":22,"parcela":233,"recinto":1,"uso_sigpac":"OV","idPanel":"23:97:0:0:22:233:1"},"id":1155760305},{"type":"Feature","geometry":{"type":"Polygon","coordinates":[[[-3.009138018437505,38.119646681805506],[-3.0091520975211026,38.11965829325666],[-3.0091720137624156,38.11968166703326],[-3.0092016077497066,38.11970279194509],[-3.0092306284147874,38.11973335739498],[-3.0092816138584384,38.119788351903196],[-3.0092735940530053,38.11979121599967],[-3.0092693570006994,38.11979272977146],[-3.0092641149581434,38.119794601450536],[-3.0090273320467666,38.11987915725658],[-3.008999683499317,38.11989296728106],[-3.008945569091026,38.11984935623627],[-3.0089040275382413,38.11982058954288],[-3.008875845901718,38.11979979487805],[-3.0089135351315757,38.11977647642206],[-3.0089597361846114,38.11975047072772],[-3.0089818903942036,38.11973246639863],[-3.009004674922954,38.11973046563824],[-3.0090318943169345,38.11972546247995],[-3.0090534115018492,38.11971396083172],[-3.009070499688864,38.119698958062315],[-3.0090850557027786,38.119682955331825],[-3.009104675224702,38.11966395187986],[-3.009123029917361,38.11965344935453],[-3.009138018437505,38.119646681805506]]]},"properties":{"dn_surface":466.57090206884874,"provincia":23,"municipio":97,"agregado":0,"zona":0,"poligono":22,"parcela":233,"recinto":2,"uso_sigpac":"OV","idPanel":"23:97:0:0:22:233:2"},"id":1155760308},{"type":"Feature","geometry":{"type":"Polygon","coordinates":[[[-3.0089332376343454,38.119926155428686],[-3.008969677122365,38.119983698035554],[-3.008984491298913,38.120058526642396],[-3.008969699753505,38.1201684343543],[-3.0089756307885422,38.12024092524817],[-3.009040779973017,38.12030171919548],[-3.0091029703454946,38.12037888300068],[-3.009135549128685,38.120442018013705],[-3.0091641213619185,38.120513448596824],[-3.0091606093442804,38.120514835801856],[-3.0086395558462766,38.120720691165076],[-3.0083598366333444,38.12086400746861],[-3.0082238511427546,38.120899794006334],[-3.0078231978236554,38.12102824416553],[-3.007289418081308,38.121279901603145],[-3.0069197493073196,38.12100926669743],[-3.0068714863059807,38.12096231211126],[-3.0087894821190524,38.119997958168256],[-3.0089332376343454,38.119926155428686]]]},"properties":{"dn_surface":11268.840719042617,"provincia":23,"municipio":97,"agregado":0,"zona":0,"poligono":22,"parcela":234,"recinto":2,"uso_sigpac":"OV","idPanel":"23:97:0:0:22:234:2"},"id":1155760323},{"type":"Feature","geometry":{"type":"Polygon","coordinates":[[[-3.0091606093442804,38.120514835801856],[-3.00926093318751,38.12061466678915],[-3.009196289431827,38.12064338235294],[-3.0091702267405527,38.12065436683773],[-3.009233848742178,38.120710862544826],[-3.009278442984279,38.120776243069855],[-3.0092812945079084,38.120811447903435],[-3.00926545270997,38.120820248902305],[-3.009059417135829,38.12070097022212],[-3.0089764354512947,38.120735838941386],[-3.0089764354512947,38.12074908234919],[-3.0088881790347797,38.12097958889112],[-3.0088882670447683,38.12113298108105],[-3.0088965676439736,38.12120791697623],[-3.0088928804445483,38.12123415317291],[-3.0089777296172215,38.12123521348374],[-3.008965689850789,38.12129721274883],[-3.0088788969146543,38.12149648747945],[-3.0082691461120037,38.121837198452624],[-3.0080423309604725,38.12175429304344],[-3.007943639912077,38.121707252123656],[-3.0078211023477377,38.121636328645735],[-3.007640601404941,38.12150060634693],[-3.007449263498888,38.12137759185225],[-3.007396097083902,38.12135803687099],[-3.007289418081308,38.121279901603145],[-3.0078231978236554,38.12102824416553],[-3.0082238511427546,38.120899794006334],[-3.0083598366333444,38.12086400746861],[-3.0086395558462766,38.120720691165076],[-3.0091606093442804,38.120514835801856]]]},"properties":{"dn_surface":11276.920343151382,"provincia":23,"municipio":97,"agregado":0,"zona":0,"poligono":22,"parcela":798,"recinto":3,"uso_sigpac":"OV","idPanel":"23:97:0:0:22:798:3"},"id":1155760333},{"type":"Feature","geometry":{"type":"Polygon","coordinates":[[[-3.006424693959933,38.12178546869592],[-3.006510866635195,38.121591376496326],[-3.006524024547578,38.12152859436145],[-3.006509269044356,38.12141912418494],[-3.006522758041933,38.12120026848913],[-3.0065185645755275,38.121141175230065],[-3.006499871253959,38.121097922930744],[-3.0064703652766567,38.12105349800311],[-3.006419818206567,38.1209618812814],[-3.0064091622924307,38.12084527894305],[-3.006709935171004,38.1209119377084],[-3.006830418330754,38.12099385824391],[-3.0068779973687527,38.121040181672754],[-3.0070358973464906,38.12214143221925],[-3.0067194167804363,38.12212513109296],[-3.0066515837104064,38.12208179413642],[-3.006528421694244,38.12200310733934],[-3.006454303872842,38.121865366678094],[-3.006429489247023,38.1218192519587],[-3.006424693959933,38.12178546869592]]]},"properties":{"dn_surface":5296.96321777746,"provincia":23,"municipio":97,"agregado":0,"zona":0,"poligono":22,"parcela":792,"recinto":1,"uso_sigpac":"OV","idPanel":"23:97:0:0:22:792:1"},"id":1112596050},{"type":"Feature","geometry":{"type":"Polygon","coordinates":[[[-3.0070358973464906,38.12214143221925],[-3.0076927066709227,38.12219935452637],[-3.007989569391434,38.12225071296473],[-3.007901764759526,38.122606717559364],[-3.0073888165623734,38.12254689675106],[-3.0073520677821075,38.122441089466435],[-3.006945455767688,38.122416231254704],[-3.006866281143801,38.12244462411519],[-3.0063823100258293,38.12234973928929],[-3.0064289628634726,38.122252581291036],[-3.0065874219141855,38.12217128101642],[-3.0067194167804363,38.12212513109296],[-3.0070358973464906,38.12214143221925]]]},"properties":{"dn_surface":4514.23805914116,"provincia":23,"municipio":97,"agregado":0,"zona":0,"poligono":22,"parcela":492,"recinto":1,"uso_sigpac":"OV","idPanel":"23:97:0:0:22:492:1"},"id":1112596560},{"type":"Feature","geometry":{"type":"Polygon","coordinates":[[[-3.008078921322758,38.117963339900285],[-3.008364201928776,38.11833049829414],[-3.0086788158448816,38.11875362768791],[-3.0085913917514016,38.11880532307882],[-3.008531944775995,38.11873142234873],[-3.0080118769898636,38.11900561453436],[-3.0079566653903824,38.11903932403635],[-3.0076548707577504,38.11864710710333],[-3.0076183658908824,38.1186586447937],[-3.007487378529452,38.118479479088165],[-3.007543831488867,38.118324639343456],[-3.0076503621317654,38.11814393052944],[-3.007711876084618,38.11811522167116],[-3.0077302425119425,38.11812145445475],[-3.007795822526265,38.118125770296956],[-3.0078531857604194,38.11810307461636],[-3.0079310670565707,38.11808258924381],[-3.0079515599728555,38.11806315496196],[-3.007960263741628,38.118047643411046],[-3.0079764508739975,38.11807152680737],[-3.008018040203633,38.11809164002341],[-3.0079995472095633,38.11798096620552],[-3.008078921322758,38.117963339900285]]]},"properties":{"dn_surface":6605.8460693359375,"provincia":23,"municipio":97,"agregado":0,"zona":0,"poligono":22,"parcela":222,"recinto":1,"uso_sigpac":"OV","idPanel":"23:97:0:0:22:222:1"},"id":1308098389},{"type":"Feature","geometry":{"type":"Polygon","coordinates":[[[-3.007935371164106,38.11801091558553],[-3.007960263741628,38.118047643411046],[-3.0079515599728555,38.11806315496196],[-3.0079310670565707,38.11808258924381],[-3.0078531857604194,38.11810307461636],[-3.007795822526265,38.118125770296956],[-3.0077302425119425,38.11812145445475],[-3.007711876084618,38.11811522167116],[-3.00792860110051,38.118014073886854],[-3.007935371164106,38.11801091558553]]]},"properties":{"dn_surface":109.1705322265625,"provincia":23,"municipio":97,"agregado":0,"zona":0,"poligono":22,"parcela":222,"recinto":3,"uso_sigpac":"OV","idPanel":"23:97:0:0:22:222:3"},"id":1308099139},{"type":"Feature","geometry":{"type":"Polygon","coordinates":[[[-3.0065110912702138,38.116983069560405],[-3.006588350629112,38.11699156461978],[-3.006796042467417,38.11699289147512],[-3.006841212546302,38.11700589599869],[-3.0069931848417624,38.11702990260898],[-3.007155294211524,38.11710860197894],[-3.0073055859353,38.117204644345776],[-3.007393402301872,38.11730602514703],[-3.007462642693528,38.117390065466026],[-3.0074964192507516,38.11743942230581],[-3.007560591105258,38.11749944930895],[-3.007635737386241,38.117542801352926],[-3.0077860341391585,38.1176648561196],[-3.0078949553009835,38.11774222360506],[-3.00789485387995,38.11781434737159],[-3.007905168650607,38.11783903375428],[-3.0079222191190547,38.11787983769955],[-3.0079280562767714,38.11800078605492],[-3.007935371164106,38.11801091558553],[-3.00792860110051,38.118014073886854],[-3.0078254139989857,38.11789334597549],[-3.0077795121799116,38.11783964228047],[-3.007706136995174,38.11778673151355],[-3.007657438134845,38.117751615528135],[-3.0074575842146625,38.117607501267315],[-3.007447674289952,38.11760035485625],[-3.0073722421860545,38.11754596133059],[-3.0073710745868727,38.117545118949266],[-3.007370093065953,38.117544411516604],[-3.0073773048558716,38.11754476942389],[-3.007382546898427,38.117545384655614],[-3.007387220647914,38.11754655309301],[-3.0073916831734286,38.117547782718276],[-3.007363509080619,38.117414854946134],[-3.0073483403495453,38.11740906221249],[-3.007292829516103,38.11738023600759],[-3.0072706258532778,38.11737113326018],[-3.00724620098598,38.11736127195056],[-3.007231767347858,38.11734989267811],[-3.007215114181644,38.11734230705528],[-3.0072017919839493,38.11733699711931],[-3.0071851388177353,38.11732713497145],[-3.0071731661065324,38.117317247677875],[-3.0071013415739736,38.11732575614829],[-3.0065502766698766,38.1170097315578],[-3.0065110912702138,38.116983069560405]]]},"properties":{"dn_surface":2409.87353515625,"provincia":23,"municipio":97,"agregado":0,"zona":0,"poligono":22,"parcela":223,"recinto":4,"uso_sigpac":"OV","idPanel":"23:97:0:0:22:223:4"},"id":1308098393},{"type":"Feature","geometry":{"type":"Polygon","coordinates":[[[-3.007370093065953,38.117544411516604],[-3.0073710745868727,38.117545118949266],[-3.0073722421860545,38.11754596133059],[-3.007447674289952,38.11760035485625],[-3.0074575842146625,38.117607501267315],[-3.007657438134845,38.117751615528135],[-3.007706136995174,38.11778673151355],[-3.0077795121799116,38.11783964228047],[-3.0078254139989857,38.11789334597549],[-3.007618591364091,38.117922207384396],[-3.007575686913769,38.11799866040417],[-3.0075751865141203,38.11799944578851],[-3.0075743391036593,38.118000775158436],[-3.0075729468694603,38.1180028706344],[-3.00753442950752,38.118054518248414],[-3.0077101653380787,38.11811098294248],[-3.0076503621317654,38.11814393052944],[-3.007543831488867,38.118324639343456],[-3.007487378529452,38.118479479088165],[-3.0076183658908824,38.1186586447937],[-3.0075270995327585,38.11865864898465],[-3.0073465021980703,38.1186122417368],[-3.0072709099998116,38.1186043677765],[-3.007237778849171,38.11860091694675],[-3.0071129739798885,38.11858791745232],[-3.0069719626998577,38.118539164947805],[-3.0069340823625965,38.11848932614856],[-3.0070054458904525,38.118488056290204],[-3.0069527622731176,38.11847799381482],[-3.0069154309505484,38.1184761590161],[-3.0069006016865734,38.118458230962375],[-3.006896161792198,38.11842668063875],[-3.006915425083214,38.11838929148104],[-3.0068636282712897,38.1183764613011],[-3.006882879827641,38.11827481563168],[-3.006875441726323,38.11823860077868],[-3.006885821037639,38.11820589291412],[-3.006894663946012,38.11817317499134],[-3.0069134712614694,38.11814763952182],[-3.007015739706351,38.118037626197946],[-3.007060131106384,38.117998696446364],[-3.0070551581229368,38.11793346428101],[-3.0070686957355552,38.11782442409617],[-3.007103202356589,38.11778352711178],[-3.0071746974803326,38.11776213397903],[-3.0072707825948766,38.11768616710967],[-3.007326258224323,38.11766379748519],[-3.00735826117073,38.11761606589653],[-3.0073989377110557,38.117607309321755],[-3.0074359262137667,38.117600503215954],[-3.007375516157627,38.117559621319],[-3.007356029069783,38.117546142379695],[-3.0073571153644982,38.11754589678995],[-3.0073609601437123,38.11754510637641],[-3.007361493232786,38.11754495634034],[-3.007362053982142,38.11754488174142],[-3.0073626147314974,38.11754480546608],[-3.0073631805099943,38.11754480714242],[-3.0073671401212896,38.11754454730345],[-3.007370093065953,38.117544411516604]]]},"properties":{"dn_surface":5676.1051025390625,"provincia":23,"municipio":97,"agregado":0,"zona":0,"poligono":22,"parcela":221,"recinto":1,"uso_sigpac":"OV","idPanel":"23:97:0:0:22:221:1"},"id":1308098386},{"type":"Feature","geometry":{"type":"Polygon","coordinates":[[[-3.0067257669106584,38.11846968651011],[-3.0068581859012355,38.11848217051744],[-3.0069340823625965,38.11848932614856],[-3.0069719626998577,38.118539164947805],[-3.0071129739798885,38.11858791745232],[-3.007237778849171,38.11860091694675],[-3.0072343850163743,38.11860568289717],[-3.007229121180869,38.118722334688755],[-3.0072739710710326,38.11883481732144],[-3.007469175549249,38.11906394168744],[-3.0076253572367344,38.11927012226849],[-3.007624276809351,38.119270653681184],[-3.0073421427699714,38.119409411905536],[-3.0067649162681356,38.119740199542946],[-3.0066371517486656,38.119830692251355],[-3.006622440669533,38.11988621062852],[-3.006597579943244,38.11998039388911],[-3.0065446473833704,38.12000959644149],[-3.006300143062332,38.119786631936535],[-3.0065032768214213,38.119299490782595],[-3.0065193684000895,38.11923970685467],[-3.006618456750718,38.118871565263504],[-3.0066252192705996,38.118846241856176],[-3.0067257669106584,38.11846968651011]]]},"properties":{"dn_surface":9543.304931640625,"provincia":23,"municipio":97,"agregado":0,"zona":0,"poligono":22,"parcela":215,"recinto":4,"uso_sigpac":"OV","idPanel":"23:97:0:0:22:215:4"},"id":1308100462},{"type":"Feature","geometry":{"type":"Polygon","coordinates":[[[-3.0072709099998116,38.1186043677765],[-3.0073465021980703,38.1186122417368],[-3.0075270995327585,38.11865864898465],[-3.0076183658908824,38.1186586447937],[-3.0076548707577504,38.11864710710333],[-3.0079566653903824,38.11903932403635],[-3.007989868625395,38.11908564746517],[-3.0077739231265435,38.11919705469964],[-3.007719510322482,38.119223815603476],[-3.0076796711343325,38.11924340914149],[-3.007672348703286,38.11924701084553],[-3.0076577641908977,38.11925418407867],[-3.007331998990148,38.11884939512831],[-3.007276599636024,38.11874732784912],[-3.0072581301112846,38.11868067159838],[-3.0072709099998116,38.1186043677765]]]},"properties":{"dn_surface":2394.8001708984375,"provincia":23,"municipio":97,"agregado":0,"zona":0,"poligono":22,"parcela":215,"recinto":5,"uso_sigpac":"OV","idPanel":"23:97:0:0:22:215:5"},"id":1308100463},{"type":"Feature","geometry":{"type":"Polygon","coordinates":[[[-3.008531944775995,38.11873142234873],[-3.0085913917514016,38.11880532307882],[-3.008613755508587,38.118833261640134],[-3.0089041515904156,38.11925260408984],[-3.0082254068240766,38.119596705543046],[-3.008220629977174,38.11959912707502],[-3.008085714855683,38.119546521409404],[-3.0078728312662437,38.11946558993853],[-3.007797926384087,38.11942045171085],[-3.0077486449814526,38.11937842484585],[-3.0077151316160045,38.11932550150607],[-3.007719510322482,38.119223815603476],[-3.0077739231265435,38.11919705469964],[-3.007989868625395,38.11908564746517],[-3.0079566653903824,38.11903932403635],[-3.0080118769898636,38.11900561453436],[-3.008531944775995,38.11873142234873]]]},"properties":{"dn_surface":5564.5281982421875,"provincia":23,"municipio":97,"agregado":0,"zona":0,"poligono":22,"parcela":214,"recinto":4,"uso_sigpac":"OV","idPanel":"23:97:0:0:22:214:4"},"id":1308098388},{"type":"Feature","geometry":{"type":"Polygon","coordinates":[[[-3.007624276809351,38.119270653681184],[-3.00769936776977,38.119364418684825],[-3.007744706324917,38.11941111510836],[-3.0078570649054384,38.11948894024576],[-3.008185179553788,38.11961709871471],[-3.007877922434534,38.11977286801249],[-3.0075669479410023,38.11993502012996],[-3.006989372751973,38.12023642835686],[-3.006749221153511,38.12020777733372],[-3.006335227196528,38.12039579600594],[-3.0063264412851,38.12038651388579],[-3.0065083529022845,38.12007228972823],[-3.0065446473833704,38.12000959644149],[-3.006597579943244,38.11998039388911],[-3.006622440669533,38.11988621062852],[-3.0066371517486656,38.119830692251355],[-3.0067649162681356,38.119740199542946],[-3.0073421427699714,38.119409411905536],[-3.007624276809351,38.119270653681184]]]},"properties":{"dn_surface":7774.470752231999,"provincia":23,"municipio":97,"agregado":0,"zona":0,"poligono":22,"parcela":214,"recinto":3,"uso_sigpac":"OV","idPanel":"23:97:0:0:22:214:3"},"id":1155760311},{"type":"Feature","geometry":{"type":"Polygon","coordinates":[[[-3.0160140259423267,38.11820994640277],[-3.01606707081971,38.118199484948775],[-3.016358542299779,38.11816781644032],[-3.016631198920679,38.118179049029436],[-3.0167844117378837,38.118185519859054],[-3.016941503700107,38.1181920795369],[-3.017104755523339,38.11819521353067],[-3.017323800650167,38.11823222717908],[-3.017460813762147,38.118235544736564],[-3.01757397449085,38.118205878664924],[-3.017731167035917,38.118159172183084],[-3.0177519281731207,38.11815331155603],[-3.0179050186145315,38.11812463119625],[-3.018128281515287,38.11814181577515],[-3.0180873618997555,38.11828016580077],[-3.0176736252672143,38.118431361931954],[-3.0167845642885305,38.11881469320892],[-3.0164588921269107,38.11895505992055],[-3.0160140259423267,38.11820994640277]]]},"properties":{"dn_surface":8455.48449574492,"provincia":23,"municipio":97,"agregado":0,"zona":0,"poligono":22,"parcela":160,"recinto":2,"uso_sigpac":"OV","idPanel":"23:97:0:0:22:160:2"},"id":1112595699},{"type":"Feature","geometry":{"type":"Polygon","coordinates":[[[-3.0160140259423267,38.11820994640277],[-3.0164588921269107,38.11895505992055],[-3.0167845642885305,38.11881469320892],[-3.0176736252672143,38.118431361931954],[-3.0180873618997555,38.11828016580077],[-3.018070039019438,38.118347672814735],[-3.018041766020165,38.11842410320335],[-3.0178188534829826,38.11888413895721],[-3.017733697532636,38.11913569329744],[-3.0176371187239655,38.11933164125051],[-3.0175228582895013,38.11953281867329],[-3.017456494567185,38.119664772468184],[-3.0174018822738162,38.119797265219546],[-3.016784855978778,38.12002256995203],[-3.016332094879126,38.12018782672661],[-3.016318234563215,38.119951245819095],[-3.016168968784449,38.119764431626464],[-3.01613065929372,38.11969638817067],[-3.015361506476194,38.11833024935157],[-3.0155598667411425,38.118293679105875],[-3.015845926864202,38.118240938491596],[-3.0160140259423267,38.11820994640277]]]},"properties":{"dn_surface":25191.901052917943,"provincia":23,"municipio":97,"agregado":0,"zona":0,"poligono":22,"parcela":161,"recinto":1,"uso_sigpac":"OV","idPanel":"23:97:0:0:22:161:1"},"id":1179153867},{"type":"Feature","geometry":{"type":"Polygon","coordinates":[[[-3.01504315255467,38.11802890063623],[-3.0151602100303894,38.118073320534734],[-3.015361506476194,38.11833024935157],[-3.01613065929372,38.11969638817067],[-3.016168968784449,38.119764431626464],[-3.016119102324938,38.11977564577538],[-3.015777224590762,38.11985253046322],[-3.0157437531348315,38.11980347118103],[-3.015393434823658,38.119290004144005],[-3.0152577242595084,38.118991429838786],[-3.014903617327876,38.11901706421477],[-3.0145676932598766,38.118176218460576],[-3.01504315255467,38.11802890063623]]]},"properties":{"dn_surface":10516.329361773336,"provincia":23,"municipio":97,"agregado":0,"zona":0,"poligono":22,"parcela":172,"recinto":1,"uso_sigpac":"OV","idPanel":"23:97:0:0:22:172:1"},"id":1440276744},{"type":"Feature","geometry":{"type":"Polygon","coordinates":[[[-3.0157437531348315,38.11980347118103],[-3.015777224590762,38.11985253046322],[-3.015430306817907,38.119903852021196],[-3.013960373209289,38.12010039257484],[-3.0139345846062655,38.12004239399241],[-3.015316486433386,38.1198510694974],[-3.015573259346828,38.11982763369471],[-3.015659068247471,38.1198187254075],[-3.0157437531348315,38.11980347118103]]]},"properties":{"dn_surface":1113.5058565101615,"provincia":23,"municipio":97,"agregado":0,"zona":0,"poligono":22,"parcela":170,"recinto":1,"uso_sigpac":"OV","idPanel":"23:97:0:0:22:170:1"},"id":1440276739},{"type":"Feature","geometry":{"type":"Polygon","coordinates":[[[-3.0152577242595084,38.118991429838786],[-3.015393434823658,38.119290004144005],[-3.0157437531348315,38.11980347118103],[-3.015659068247471,38.1198187254075],[-3.015573259346828,38.11982763369471],[-3.015316486433386,38.1198510694974],[-3.0139345846062655,38.12004239399241],[-3.013914489830404,38.11999720212057],[-3.01386760816679,38.12000426303621],[-3.013863332557728,38.11999497923969],[-3.013122004307628,38.12006874250659],[-3.012784043437036,38.119453665842315],[-3.0126759713620523,38.119266214625014],[-3.0139877879016272,38.119148923294176],[-3.014051444269058,38.119139724154905],[-3.014903617327876,38.11901706421477],[-3.0152577242595084,38.118991429838786]]]},"properties":{"dn_surface":21741.77450091446,"provincia":23,"municipio":97,"agregado":0,"zona":0,"poligono":22,"parcela":170,"recinto":2,"uso_sigpac":"OV","idPanel":"23:97:0:0:22:170:2"},"id":1440276740},{"type":"Feature","geometry":{"type":"Polygon","coordinates":[[[-3.014903617327876,38.11901706421477],[-3.014051444269058,38.119139724154905],[-3.0136990950226243,38.11826147583196],[-3.0139350078924005,38.11822648306051],[-3.0145676932598766,38.118176218460576],[-3.014903617327876,38.11901706421477]]]},"properties":{"dn_surface":7590.570419803805,"provincia":23,"municipio":97,"agregado":0,"zona":0,"poligono":22,"parcela":171,"recinto":1,"uso_sigpac":"OV","idPanel":"23:97:0:0:22:171:1"},"id":1440276746},{"type":"Feature","geometry":{"type":"Polygon","coordinates":[[[-3.0085913917514016,38.11880532307882],[-3.0086788158448816,38.11875362768791],[-3.0092683008808376,38.11840503269613],[-3.009296095273411,38.118390864764365],[-3.0102210383435204,38.11791928042362],[-3.0105189999316035,38.117807412184476],[-3.0108824275401194,38.11830037876146],[-3.0111825172935434,38.118636348929954],[-3.0112807607482828,38.11874629603676],[-3.011478261868105,38.11889390806593],[-3.0111825784814408,38.11900812072358],[-3.011065194949668,38.11905346346964],[-3.0109621511786964,38.11888565524359],[-3.01066678462799,38.11884232583074],[-3.009963288100111,38.119181610203924],[-3.0093251905374343,38.11977279089902],[-3.0089229790224423,38.119279731282916],[-3.0089041515904156,38.11925260408984],[-3.008613755508587,38.118833261640134],[-3.0085913917514016,38.11880532307882]]]},"properties":{"dn_surface":23898.752075195312,"provincia":23,"municipio":97,"agregado":0,"zona":0,"poligono":22,"parcela":230,"recinto":1,"uso_sigpac":"OV","idPanel":"23:97:0:0:22:230:1"},"id":1308098169},{"type":"Feature","geometry":{"type":"Polygon","coordinates":[[[-3.011174657582471,38.12216255210191],[-3.0103222523449213,38.12253708908557],[-3.009502613645203,38.121532591691334],[-3.009301238409504,38.12144995785579],[-3.008965689850789,38.12129721274883],[-3.0089777296172215,38.12123521348374],[-3.0089947616454813,38.121147511111076],[-3.0090233883610895,38.121138890323124],[-3.009520105001784,38.12098930770844],[-3.0097317271147213,38.120938552767086],[-3.009797826807071,38.12094536390205],[-3.0101200405952353,38.120978562107894],[-3.0102859645693574,38.120995657000435],[-3.011174657582471,38.12216255210191]]]},"properties":{"dn_surface":16454.2914585032,"provincia":23,"municipio":97,"agregado":0,"zona":0,"poligono":22,"parcela":236,"recinto":1,"uso_sigpac":"OV","idPanel":"23:97:0:0:22:236:1"},"id":1112596875},{"type":"Feature","geometry":{"type":"Polygon","coordinates":[[[-3.01066678462799,38.11884232583074],[-3.0109621511786964,38.11888565524359],[-3.011065194949668,38.11905346346964],[-3.0106052974972304,38.119591191926844],[-3.0104323796626855,38.119803632951715],[-3.010822287381278,38.12031804798204],[-3.0107210105156015,38.12050876311267],[-3.0109146433868785,38.12069774402738],[-3.0102859645693574,38.120995657000435],[-3.0098100208005323,38.12037075087778],[-3.009738248235777,38.1202823410724],[-3.0093251905374343,38.11977279089902],[-3.009963288100111,38.119181610203924],[-3.01066678462799,38.11884232583074]]]},"properties":{"dn_surface":18479.06743262155,"provincia":23,"municipio":97,"agregado":0,"zona":0,"poligono":22,"parcela":232,"recinto":1,"uso_sigpac":"OV","idPanel":"23:97:0:0:22:232:1"},"id":1155760338},{"type":"Feature","geometry":{"type":"Polygon","coordinates":[[[-3.0107999412260917,38.12326059154111],[-3.010306770968841,38.12350811334747],[-3.0102988953321517,38.12348954826902],[-3.0102800561654606,38.123391761628056],[-3.0102724051637897,38.123345888307455],[-3.010234404127115,38.12328568612253],[-3.0100943936463826,38.1231370766468],[-3.009714540021243,38.12278335444455],[-3.0096019224398987,38.12270098631535],[-3.009218905484313,38.12254157508039],[-3.009181710786772,38.12252995105641],[-3.009133330438782,38.122475878557594],[-3.0091118677362423,38.12237367632977],[-3.0090828839515376,38.12233537354456],[-3.0089877283901116,38.122292208417065],[-3.0088939399171726,38.12223056705926],[-3.008751884251945,38.12210124350568],[-3.008601505356372,38.12201581179073],[-3.0083948788580224,38.12190406592737],[-3.0082691461120037,38.121837198452624],[-3.0088788969146543,38.12149648747945],[-3.008965689850789,38.12129721274883],[-3.009301238409504,38.12144995785579],[-3.009502613645203,38.121532591691334],[-3.0103222523449213,38.12253708908557],[-3.0107999412260917,38.12326059154111]]]},"properties":{"dn_surface":18226.0362504881,"provincia":23,"municipio":97,"agregado":0,"zona":0,"poligono":22,"parcela":235,"recinto":1,"uso_sigpac":"OV","idPanel":"23:97:0:0:22:235:1"},"id":1112596876},{"type":"Feature","geometry":{"type":"Polygon","coordinates":[[[-3.0089777296172215,38.12123521348374],[-3.0088928804445483,38.12123415317291],[-3.0088965676439736,38.12120791697623],[-3.0088882670447683,38.12113298108105],[-3.0088881790347797,38.12097958889112],[-3.0089764354512947,38.12074908234919],[-3.0089764354512947,38.120735838941386],[-3.009059417135829,38.12070097022212],[-3.00926545270997,38.120820248902305],[-3.0092812945079084,38.120811447903435],[-3.009278442984279,38.120776243069855],[-3.009233848742178,38.120710862544826],[-3.0091702267405527,38.12065436683773],[-3.009196289431827,38.12064338235294],[-3.0092608652940904,38.12068195419724],[-3.0093519438975718,38.1207765414656],[-3.0093586645079355,38.12078857704108],[-3.009356371219091,38.12080955610779],[-3.0093486120908626,38.120824074403146],[-3.0093224110981764,38.120867409683314],[-3.0092900250987724,38.12089295521113],[-3.0092370757750917,38.12093472056074],[-3.0090361975862803,38.12109317039136],[-3.0090233883610895,38.121138890323124],[-3.0089947616454813,38.121147511111076],[-3.0089777296172215,38.12123521348374]]]},"properties":{"dn_surface":1266.42456946843,"provincia":23,"municipio":97,"agregado":0,"zona":0,"poligono":22,"parcela":798,"recinto":7,"uso_sigpac":"OV","idPanel":"23:97:0:0:22:798:7"},"id":1112596040},{"type":"Feature","geometry":{"type":"Polygon","coordinates":[[[-3.0082254068240766,38.119596705543046],[-3.0089041515904156,38.11925260408984],[-3.0089229790224423,38.119279731282916],[-3.0093251905374343,38.11977279089902],[-3.0092949620400344,38.11978358511456],[-3.0092816138584384,38.119788351903196],[-3.0092306284147874,38.11973335739498],[-3.0092016077497066,38.11970279194509],[-3.0091720137624156,38.11968166703326],[-3.0091520975211026,38.11965829325666],[-3.009138018437505,38.119646681805506],[-3.009123029917361,38.11965344935453],[-3.009104675224702,38.11966395187986],[-3.0090850557027786,38.119682955331825],[-3.009070499688864,38.119698958062315],[-3.0090534115018492,38.11971396083172],[-3.0090318943169345,38.11972546247995],[-3.009004674922954,38.11973046563824],[-3.0089818903942036,38.11973246639863],[-3.0089597361846114,38.11975047072772],[-3.0089135351315757,38.11977647642206],[-3.008875845901718,38.11979979487805],[-3.0089040275382413,38.11982058954288],[-3.008945569091026,38.11984935623627],[-3.008999683499317,38.11989296728106],[-3.0089623924098845,38.119911593547386],[-3.0089236604712104,38.11986572022681],[-3.008825613153017,38.119814108654964],[-3.0086668733085316,38.11976618847348],[-3.0083470592593877,38.119650069770984],[-3.0082254068240766,38.119596705543046]]]},"properties":{"dn_surface":2876.7337938528435,"provincia":23,"municipio":97,"agregado":0,"zona":0,"poligono":22,"parcela":233,"recinto":3,"uso_sigpac":"OV","idPanel":"23:97:0:0:22:233:3"},"id":1155760306},{"type":"Feature","geometry":{"type":"Polygon","coordinates":[[[-3.0093251905374343,38.11977279089902],[-3.009738248235777,38.1202823410724],[-3.0097008389615025,38.1202978475942],[-3.009659986401199,38.12031478071597],[-3.0095697686192255,38.12022573891511],[-3.009303688439947,38.1198823683639],[-3.0092664945805963,38.11983492846548],[-3.0092641149581434,38.119794601450536],[-3.0092684760626245,38.11979304409286],[-3.0092735940530053,38.11979121599967],[-3.0092949620400344,38.11978358511456],[-3.0093000431500396,38.11978177127057],[-3.0093251905374343,38.11977279089902]]]},"properties":{"dn_surface":566.5831673107086,"provincia":23,"municipio":97,"agregado":0,"zona":0,"poligono":22,"parcela":234,"recinto":3,"uso_sigpac":"OV","idPanel":"23:97:0:0:22:234:3"},"id":1155760325},{"type":"Feature","geometry":{"type":"Polygon","coordinates":[[[-3.009738248235777,38.1202823410724],[-3.0098100208005323,38.12037075087778],[-3.0102859645693574,38.120995657000435],[-3.0101200405952353,38.120978562107894],[-3.010162881343089,38.120978243595545],[-3.0102214222347095,38.12097780941295],[-3.010212249917522,38.120965840892694],[-3.0097695823062707,38.1203882522926],[-3.0097008389615025,38.1202978475942],[-3.009738248235777,38.1202823410724]]]},"properties":{"dn_surface":363.364297662611,"provincia":23,"municipio":97,"agregado":0,"zona":0,"poligono":22,"parcela":798,"recinto":6,"uso_sigpac":"OV","idPanel":"23:97:0:0:22:798:6"},"id":1112596041},{"type":"Feature","geometry":{"type":"Polygon","coordinates":[[[-3.014051444269058,38.119139724154905],[-3.0139877879016272,38.119148923294176],[-3.0126759713620523,38.119266214625014],[-3.012364913049484,38.11877881447026],[-3.0125491967454074,38.11877808440644],[-3.0124787351103866,38.11838412403745],[-3.0124795146274272,38.118383791275875],[-3.012481531313451,38.11838292961613],[-3.0125372491799145,38.11836183655558],[-3.0131081548881915,38.118274779589456],[-3.0133362113996567,38.11831477468101],[-3.0136476452215106,38.11826914108286],[-3.0136990950226243,38.11826147583196],[-3.014051444269058,38.119139724154905]]]},"properties":{"dn_surface":12160.149174369757,"provincia":23,"municipio":97,"agregado":0,"zona":0,"poligono":22,"parcela":812,"recinto":1,"uso_sigpac":"OV","idPanel":"23:97:0:0:22:812:1"},"id":1440276747},{"type":"Feature","geometry":{"type":"Polygon","coordinates":[[[-3.0134076637756917,38.121422332777655],[-3.0131144706526083,38.121466702384765],[-3.01313885947772,38.12192895934308],[-3.0128906327532605,38.1220738154023],[-3.011182726841135,38.11990650321732],[-3.0111214509343474,38.119828728371346],[-3.011182708400947,38.11979483614385],[-3.011363286457257,38.11969478219791],[-3.0115748767189605,38.119486843093455],[-3.01195486613094,38.11935621950664],[-3.0121866475603967,38.11979538683491],[-3.0126785898687594,38.120475709913705],[-3.0128643554852514,38.12066270599371],[-3.0134076637756917,38.121422332777655]]]},"properties":{"dn_surface":22226.8254503389,"provincia":23,"municipio":97,"agregado":0,"zona":0,"poligono":22,"parcela":239,"recinto":2,"uso_sigpac":"OV","idPanel":"23:97:0:0:22:239:2"},"id":1112596872},{"type":"Feature","geometry":{"type":"Polygon","coordinates":[[[-3.0130432839829195,38.12018110192531],[-3.012931027661623,38.120303185190465],[-3.0126785898687594,38.120475709913705],[-3.0121866475603967,38.11979538683491],[-3.0123019657911034,38.11967992527366],[-3.0126556427310787,38.119508854810675],[-3.0126714275320725,38.119530304940355],[-3.012741040080252,38.119639066007835],[-3.0129227538845096,38.119947535150345],[-3.013013475418894,38.120114111236575],[-3.0130432839829195,38.12018110192531]]]},"properties":{"dn_surface":4208.67871774112,"provincia":23,"municipio":97,"agregado":0,"zona":0,"poligono":22,"parcela":240,"recinto":1,"uso_sigpac":"OV","idPanel":"23:97:0:0:22:240:1"},"id":1112596871},{"type":"Feature","geometry":{"type":"Polygon","coordinates":[[[-3.01195486613094,38.11935621950664],[-3.0115748767189605,38.119486843093455],[-3.011363286457257,38.11969478219791],[-3.011182708400947,38.11979483614385],[-3.0111214509343474,38.119828728371346],[-3.011182726841135,38.11990650321732],[-3.0128906327532605,38.1220738154023],[-3.0123516252175935,38.12237939111171],[-3.011182890288257,38.12089645297954],[-3.0110038536640316,38.12066925728959],[-3.0111828358058834,38.12056280459839],[-3.011264740415796,38.12051404035921],[-3.0111828106601717,38.12041022042396],[-3.0108533800529464,38.11999277815181],[-3.01096380157553,38.11991697389138],[-3.010935829486598,38.11978629246943],[-3.0106052974972304,38.119591191926844],[-3.010609677041899,38.11958607142188],[-3.011065194949668,38.11905346346964],[-3.0111825784814408,38.11900812072358],[-3.011478261868105,38.11889390806593],[-3.011735670968036,38.11911785241546],[-3.0118645955429733,38.119181561588874],[-3.01195486613094,38.11935621950664]]]},"properties":{"dn_surface":21615.5069213775,"provincia":23,"municipio":97,"agregado":0,"zona":0,"poligono":22,"parcela":238,"recinto":2,"uso_sigpac":"OV","idPanel":"23:97:0:0:22:238:2"},"id":1112596873},{"type":"Feature","geometry":{"type":"Polygon","coordinates":[[[-3.010866357754401,38.11769220627127],[-3.0113496382035096,38.11789738772944],[-3.0114268497855567,38.11794190401983],[-3.0115072414618576,38.11798825343254],[-3.0116981904475804,38.11809834303176],[-3.0117489093466943,38.118164781353016],[-3.011801457177189,38.11823361438417],[-3.0118751659616927,38.11830498880849],[-3.0118969681313317,38.11836149876484],[-3.0119358735754114,38.11838772155048],[-3.01196550695765,38.118403549099156],[-3.011987329243858,38.11841520497441],[-3.0120162342386685,38.118435781709735],[-3.01210290815177,38.118497482579045],[-3.0121040262977195,38.1184994883686],[-3.01217126592897,38.11862014168099],[-3.0121887354926016,38.11866622790194],[-3.0122230426243273,38.118756736536],[-3.012336955209789,38.11895710426688],[-3.0124202931252295,38.119099821264285],[-3.0125666277522822,38.119342066662284],[-3.0125892756560013,38.11938266776545],[-3.012599162949572,38.11940448166979],[-3.01262089554941,38.119452432026094],[-3.0126556427310787,38.119508854810675],[-3.0123019657911034,38.11967992527366],[-3.0121866475603967,38.11979538683491],[-3.01195486613094,38.11935621950664],[-3.0118645955429733,38.119181561588874],[-3.011735670968036,38.11911785241546],[-3.011478261868105,38.11889390806593],[-3.0112807607482828,38.11874629603676],[-3.0111825172935434,38.118636348929954],[-3.0108824275401194,38.11830037876146],[-3.0105189999316035,38.117807412184476],[-3.0107258192137367,38.11774926608052],[-3.010866357754401,38.11769220627127]]]},"properties":{"dn_surface":14890.730590820312,"provincia":23,"municipio":97,"agregado":0,"zona":0,"poligono":22,"parcela":231,"recinto":1,"uso_sigpac":"OV","idPanel":"23:97:0:0:22:231:1"},"id":1355289072},{"type":"Feature","geometry":{"type":"Polygon","coordinates":[[[-3.0106052974972304,38.119591191926844],[-3.010935829486598,38.11978629246943],[-3.01096380157553,38.11991697389138],[-3.0108533800529464,38.11999277815181],[-3.0111828106601717,38.12041022042396],[-3.011264740415796,38.12051404035921],[-3.0111828358058834,38.12056280459839],[-3.0110038536640316,38.12066925728959],[-3.011182890288257,38.12089645297954],[-3.0123516252175935,38.12237939111171],[-3.0117299058946907,38.122729404321575],[-3.011631000269561,38.12278511045338],[-3.0111831015122292,38.122174087277756],[-3.011174657582471,38.12216255210191],[-3.0102859645693574,38.120995657000435],[-3.0109146433868785,38.12069774402738],[-3.0107210105156015,38.12050876311267],[-3.010822287381278,38.12031804798204],[-3.0104323796626855,38.119803632951715],[-3.0106052974972304,38.119591191926844]]]},"properties":{"dn_surface":20515.481330049,"provincia":23,"municipio":97,"agregado":0,"zona":0,"poligono":22,"parcela":237,"recinto":1,"uso_sigpac":"OV","idPanel":"23:97:0:0:22:237:1"},"id":1112596874},{"type":"Feature","geometry":{"type":"Polygon","coordinates":[[[-3.007213217356844,38.11622235983447],[-3.007945659950862,38.11671270539017],[-3.0079616978853463,38.11672180143202],[-3.0080205011305505,38.116755152188574],[-3.008132827021648,38.116858199312304],[-3.0082410415889944,38.116957475417564],[-3.0082543939615425,38.11699487714813],[-3.0086143430800343,38.11721548801455],[-3.008830086575007,38.11734769242841],[-3.0089933467801413,38.11743744920565],[-3.009258952543673,38.11762823222972],[-3.0093937017034706,38.11777422906604],[-3.0094383152239508,38.11783046577233],[-3.0095302797946495,38.11793293370653],[-3.0102210383435204,38.11791928042362],[-3.009296095273411,38.118390864764365],[-3.0088295886899283,38.11804832988895],[-3.0087882960796835,38.11797000016094],[-3.00876420313577,38.117950362198826],[-3.0088292064751214,38.117901687646025],[-3.008851484736889,38.11789203336937],[-3.0089295579786333,38.11787587892644],[-3.009039077608381,38.11783899938848],[-3.009175382449501,38.11781008098262],[-3.009202359606466,38.11780436703887],[-3.009158853335461,38.11765028837101],[-3.009151328900536,38.117650289209195],[-3.008895477158307,38.11751330040474],[-3.008692329988171,38.117628394000434],[-3.00867728195651,38.117633874927236],[-3.0085760109581656,38.11773715255333],[-3.008570582837348,38.11775524321601],[-3.0085651597456726,38.11776239884719],[-3.0085497127353973,38.117773659934784],[-3.0085460917530114,38.11777474874407],[-3.0081897703224283,38.117519149297124],[-3.0079564726065975,38.11738889535226],[-3.0078285815203833,38.11736270609427],[-3.007784073611889,38.11733606505163],[-3.007785394599908,38.117312163215104],[-3.0077924823376527,38.11729721995724],[-3.0078716410359223,38.117193300277336],[-3.0078841493507715,38.117181913461195],[-3.0078920736025023,38.11717766215966],[-3.00802091100564,38.11714003411771],[-3.0080526759059825,38.11705153211142],[-3.00818810819093,38.11699115223013],[-3.00818810735274,38.11698566375961],[-3.008173053453746,38.11694175683357],[-3.0080639470518498,38.116928040686446],[-3.0080526541130332,38.11687590105464],[-3.008101560844574,38.1168594331285],[-3.0080902729349,38.116851201260914],[-3.008030070749972,38.11679631907023],[-3.0080263089516053,38.116796319908445],[-3.0079548305916686,38.11682650984906],[-3.0078957934913504,38.11677212302894],[-3.0078794462646212,38.11684864394212],[-3.007869856528631,38.11686659797974],[-3.0078486620470084,38.11688949398783],[-3.007815380860291,38.11692544816361],[-3.0077802523020063,38.116992842021915],[-3.0077572573874742,38.11702392966444],[-3.0077131836615907,38.11708351326487],[-3.007587276571975,38.11720373239464],[-3.0075827184927593,38.11721553914418],[-3.007479241377368,38.11715362705087],[-3.0066116028680865,38.11655792431878],[-3.00711071589504,38.116275016629714],[-3.0071245837546634,38.116267156080454],[-3.007145019674004,38.11625682789875],[-3.007213217356844,38.11622235983447]]]},"properties":{"dn_surface":15504.58837890625,"provincia":23,"municipio":97,"agregado":0,"zona":0,"poligono":22,"parcela":224,"recinto":3,"uso_sigpac":"OV","idPanel":"23:97:0:0:22:224:3"},"id":1308098172},{"type":"Feature","geometry":{"type":"Polygon","coordinates":[[[-3.009881454736379,38.117647134260665],[-3.009837862131766,38.11765520938667],[-3.009629338808616,38.11769216939089],[-3.009711692688566,38.11783805642429],[-3.0097940515976576,38.11787946554301],[-3.0099737503922728,38.11789522855105],[-3.010068589117741,38.11788535802128],[-3.0100868013180366,38.1178811964061],[-3.0101542043964082,38.1178657183828],[-3.01015769881205,38.117868519615],[-3.0102210383435204,38.11791928042362],[-3.0095302797946495,38.11793293370653],[-3.0094383152239508,38.11783046577233],[-3.0093937017034706,38.11777422906604],[-3.009258952543673,38.11762823222972],[-3.0089933467801413,38.11743744920565],[-3.008830086575007,38.11734769242841],[-3.0086143430800343,38.11721548801455],[-3.0082543939615425,38.11699487714813],[-3.0082410415889944,38.116957475417564],[-3.008354531726511,38.116804975062166],[-3.008392837864479,38.11661444517162],[-3.008735675326626,38.11684415962361],[-3.009149362505934,38.11710271033883],[-3.0093011042990447,38.117215449457774],[-3.0098698550198892,38.117637837891294],[-3.009881454736379,38.117647134260665]]]},"properties":{"dn_surface":6475.31662635414,"provincia":23,"municipio":97,"agregado":0,"zona":0,"poligono":22,"parcela":227,"recinto":1,"uso_sigpac":"OV","idPanel":"23:97:0:0:22:227:1"},"id":1112595549},{"type":"Feature","geometry":{"type":"Polygon","coordinates":[[[-3.0101542043964082,38.1178657183828],[-3.0100868013180366,38.1178811964061],[-3.010068589117741,38.11788535802128],[-3.0099737503922728,38.11789522855105],[-3.0097940515976576,38.11787946554301],[-3.009711692688566,38.11783805642429],[-3.009629338808616,38.11769216939089],[-3.009837862131766,38.11765520938667],[-3.009881454736379,38.117647134260665],[-3.0101542043964082,38.1178657183828]]]},"properties":{"dn_surface":752.832182457896,"provincia":23,"municipio":97,"agregado":0,"zona":0,"poligono":22,"parcela":227,"recinto":2,"uso_sigpac":"OV","idPanel":"23:97:0:0:22:227:2"},"id":1112596891},{"type":"Feature","geometry":{"type":"Polygon","coordinates":[[[-3.0096913724394962,38.11564415767904],[-3.0098268399284387,38.116035749322094],[-3.0095979158899437,38.1162468408605],[-3.00923928859766,38.11650525495068],[-3.0087700469990097,38.11623364020039],[-3.0091333706719205,38.116117987531766],[-3.0092845156734893,38.11605398834445],[-3.009487648594388,38.11577097839617],[-3.0096913724394962,38.11564415767904]]]},"properties":{"dn_surface":3527.92372307844,"provincia":23,"municipio":97,"agregado":0,"zona":0,"poligono":22,"parcela":819,"recinto":1,"uso_sigpac":"OV","idPanel":"23:97:0:0:22:819:1"},"id":1112596005},{"type":"Feature","geometry":{"type":"Polygon","coordinates":[[[-3.009377678018222,38.116588163712635],[-3.009149362505934,38.11710271033883],[-3.008735675326626,38.11684415962361],[-3.0087700469990097,38.11623364020039],[-3.00923928859766,38.11650525495068],[-3.009377678018222,38.116588163712635]]]},"properties":{"dn_surface":3191.91167066136,"provincia":23,"municipio":97,"agregado":0,"zona":0,"poligono":22,"parcela":228,"recinto":1,"uso_sigpac":"OV","idPanel":"23:97:0:0:22:228:1"},"id":1112596890},{"type":"Feature","geometry":{"type":"Polygon","coordinates":[[[-3.0066116028680865,38.11655792431878],[-3.007479241377368,38.11715362705087],[-3.0075827184927593,38.11721553914418],[-3.0077673232155933,38.117326038618444],[-3.007784073611889,38.11733606505163],[-3.0078285815203833,38.11736270609427],[-3.0079564726065975,38.11738889535226],[-3.0081897703224283,38.117519149297124],[-3.0085460917530114,38.11777474874407],[-3.0085300689059538,38.117779568338676],[-3.0084872801259026,38.117785475904384],[-3.00845697451499,38.11779689624814],[-3.0083891590469576,38.11787071483556],[-3.008374183099668,38.11798928440672],[-3.0084194604669188,38.11803160044741],[-3.0084491458169604,38.11805934454853],[-3.0085390853197325,38.118021613409155],[-3.0086418851773074,38.11800900451149],[-3.008755449075576,38.11799507630215],[-3.0087283093096793,38.117977240449335],[-3.00876420313577,38.117950362198826],[-3.0087882960796835,38.11797000016094],[-3.0088295886899283,38.11804832988895],[-3.009296095273411,38.118390864764365],[-3.0092683008808376,38.11840503269613],[-3.0086788158448816,38.11875362768791],[-3.008364201928776,38.11833049829414],[-3.008078921322758,38.117963339900285],[-3.0079995472095633,38.11798096620552],[-3.007961770807908,38.11786713743908],[-3.0079345656631626,38.11784567557473],[-3.0079331600179167,38.117749725408856],[-3.0079145815284303,38.117715041929614],[-3.0078656094180407,38.11768169452591],[-3.007794685101937,38.1176403432423],[-3.0077153143415045,38.11757498031929],[-3.0075861282511727,38.11747827075294],[-3.0075236461884467,38.11743358430988],[-3.007467070853237,38.11735488074899],[-3.007343789814042,38.117211813387996],[-3.0073074827601003,38.117182133067075],[-3.007216505577653,38.117120939302936],[-3.0071303831938136,38.11706824981826],[-3.007012178235482,38.11701089161329],[-3.0069598324088656,38.11699822068948],[-3.006872870996467,38.11698755220252],[-3.0067875976994687,38.11697621651598],[-3.0066769976423386,38.116972885547455],[-3.0065680848624154,38.116960883499615],[-3.0064546064595645,38.11694463517935],[-3.0062086973314703,38.11677730723633],[-3.0066116028680865,38.11655792431878]]]},"properties":{"dn_surface":10658.18115234375,"provincia":23,"municipio":97,"agregado":0,"zona":0,"poligono":22,"parcela":223,"recinto":3,"uso_sigpac":"OV","idPanel":"23:97:0:0:22:223:3"},"id":1308098168},{"type":"Feature","geometry":{"type":"Polygon","coordinates":[[[-3.015050086065387,38.11738701864405],[-3.0150818459365873,38.11759737089858],[-3.01504315255467,38.11802890063623],[-3.0145676932598766,38.118176218460576],[-3.0139350078924005,38.11822648306051],[-3.014147841190418,38.11746236860529],[-3.014199130058982,38.11723425258231],[-3.0150258640401577,38.117218484545106],[-3.015050086065387,38.11738701864405]]]},"properties":{"dn_surface":8831.73501154693,"provincia":23,"municipio":97,"agregado":0,"zona":0,"poligono":22,"parcela":191,"recinto":1,"uso_sigpac":"OV","idPanel":"23:97:0:0:22:191:1"},"id":1112595640},{"type":"Feature","geometry":{"type":"Polygon","coordinates":[[[-3.010287839601209,38.11535454195243],[-3.010601389853739,38.115775772006856],[-3.0108301512833027,38.116002694446735],[-3.0111279016474124,38.116043409543835],[-3.0111820889782654,38.11604079187532],[-3.0118627867281607,38.11600829355842],[-3.0122892177538105,38.11603322469267],[-3.012692090601002,38.11600445548473],[-3.0126638192781106,38.116583505050585],[-3.0126289304422693,38.11658350840335],[-3.012615516881824,38.116847850175816],[-3.012724122045882,38.11685667380581],[-3.0133649076850655,38.11685976840465],[-3.0137685181397806,38.11685342162721],[-3.0138215646935436,38.116852784602514],[-3.013819862328908,38.116897938755784],[-3.0143750913627496,38.116911043023975],[-3.0143750771135136,38.11684588126664],[-3.014959729982002,38.11683851776428],[-3.014984875693016,38.11698211067065],[-3.014988627433099,38.1170035364928],[-3.0150252932325174,38.11721496917471],[-3.0150258640401577,38.117218484545106],[-3.014199130058982,38.11723425258231],[-3.014140032608958,38.11721506221383],[-3.014108887131296,38.11720497124],[-3.0131296142379704,38.11714837578822],[-3.013128372039847,38.11721515944393],[-3.0131081548881915,38.118274779589456],[-3.0125372491799145,38.11836183655558],[-3.012092743417188,38.118429617657796],[-3.0120695213530673,38.118361924565534],[-3.012005541444155,38.1183113917447],[-3.0119731520919886,38.11824693909645],[-3.0120062304366364,38.11820106493764],[-3.011997955821333,38.11819732912318],[-3.011981469455002,38.11818988515449],[-3.0119482628672274,38.11807998414815],[-3.0118405025990604,38.11796295600908],[-3.0118674269500327,38.11789645649995],[-3.0119582976823027,38.11769961503592],[-3.012156932873692,38.117641080849836],[-3.012298730376287,38.11764218474656],[-3.0123051861184944,38.117642183908345],[-3.012356815292347,38.11751290813163],[-3.0123168537284046,38.11750585643611],[-3.01222122291304,38.11748898114942],[-3.012214505655438,38.11748898114942],[-3.012195395753258,38.11748898282582],[-3.0121910857783907,38.11749897740776],[-3.0121647129566798,38.11756011752769],[-3.012147023787172,38.11760112599143],[-3.0119818583753326,38.11766237423791],[-3.011904425511028,38.11768366008232],[-3.011850578485463,38.11782197993307],[-3.0117933636110044,38.117949660633485],[-3.011806838359347,38.117992218073],[-3.0119044959190187,38.11808796707322],[-3.0119567126643187,38.11817871542968],[-3.0119240953243733,38.11822396178388],[-3.0118951249507138,38.11826118665627],[-3.0118751659616927,38.11830498880849],[-3.011801457177189,38.11823361438417],[-3.0117489093466943,38.118164781353016],[-3.0116981904475804,38.11809834303176],[-3.0115072414618576,38.11798825343254],[-3.011554082892333,38.11797752124309],[-3.011586616413242,38.117955669620216],[-3.011606133675941,38.11792610748415],[-3.0116126371949985,38.11790168680781],[-3.011607752221539,38.117873412132155],[-3.0115979864655724,38.11785156302386],[-3.0115621932223258,38.11783485788985],[-3.011516639252253,38.11782714989121],[-3.011487357909968,38.117832293027334],[-3.0114483150026685,38.11784643413702],[-3.011430422991092,38.11786057357034],[-3.011420663940648,38.117879852786956],[-3.0114157890254725,38.11790684335497],[-3.0114268497855567,38.11794190401983],[-3.0113496382035096,38.11789738772944],[-3.010866357754401,38.11769220627127],[-3.0108258128099625,38.117670892766625],[-3.0109392610379615,38.11743982044621],[-3.01087589971354,38.11739887149403],[-3.010786909880454,38.11735305852312],[-3.0106986442438446,38.11723125856631],[-3.010609143952825,38.11709275096089],[-3.0104599678604287,38.117012495071464],[-3.0104345723686854,38.11697344881139],[-3.0103076183793016,38.11691488528862],[-3.0101609794891466,38.116786321973734],[-3.0100711489511216,38.11670756476866],[-3.0099265510545106,38.11664280198994],[-3.009884441208657,38.11662816383338],[-3.009866511478514,38.11662193021161],[-3.009738860114745,38.11664221693306],[-3.0095323761087585,38.11663348801858],[-3.009377678018222,38.116588163712635],[-3.00923928859766,38.11650525495068],[-3.0095979158899437,38.1162468408605],[-3.0098268399284387,38.116035749322094],[-3.0096913724394962,38.11564415767904],[-3.010173683940541,38.11540997064321],[-3.0102008211918667,38.11539679429066],[-3.010287839601209,38.11535454195243]]]},"properties":{"dn_surface":63990.13513183594,"provincia":23,"municipio":97,"agregado":0,"zona":0,"poligono":22,"parcela":190,"recinto":2,"uso_sigpac":"OV","idPanel":"23:97:0:0:22:190:2"},"id":1355289071},{"type":"Feature","geometry":{"type":"Polygon","coordinates":[[[-3.014199130058982,38.11723425258231],[-3.014147841190418,38.11746236860529],[-3.0139350078924005,38.11822648306051],[-3.0136990950226243,38.11826147583196],[-3.0136476452215106,38.11826914108286],[-3.0133362113996567,38.11831477468101],[-3.0131081548881915,38.118274779589456],[-3.013128372039847,38.11721515944393],[-3.0131296142379704,38.11714837578822],[-3.014108887131296,38.11720497124],[-3.014140032608958,38.11721506221383],[-3.014199130058982,38.11723425258231]]]},"properties":{"dn_surface":10170.2008497899,"provincia":23,"municipio":97,"agregado":0,"zona":0,"poligono":22,"parcela":192,"recinto":1,"uso_sigpac":"OV","idPanel":"23:97:0:0:22:192:1"},"id":1112595639},{"type":"Feature","geometry":{"type":"Polygon","coordinates":[[[-3.010866357754401,38.11769220627127],[-3.0107258192137367,38.11774926608052],[-3.0105189999316035,38.117807412184476],[-3.0102210383435204,38.11791928042362],[-3.01015769881205,38.117868519615],[-3.0101486882656032,38.117827109658094],[-3.0102130294345635,38.11780493533195],[-3.0103977305492897,38.11777627760327],[-3.0106004435368146,38.117759324364926],[-3.0107046884345823,38.11770426699243],[-3.010668183567714,38.11758803345788],[-3.0108258128099625,38.117670892766625],[-3.010866357754401,38.11769220627127]]]},"properties":{"dn_surface":486.710854147177,"provincia":23,"municipio":97,"agregado":0,"zona":0,"poligono":22,"parcela":229,"recinto":2,"uso_sigpac":"OV","idPanel":"23:97:0:0:22:229:2"},"id":1112596888},{"type":"Feature","geometry":{"type":"Polygon","coordinates":[[[-3.009866511478514,38.11662193021161],[-3.0097484875693015,38.11694855707205],[-3.009862592938548,38.11712835225856],[-3.010106043654295,38.117153391519395],[-3.010186250928715,38.11721539329906],[-3.0104035987200493,38.11738346471691],[-3.010169268353687,38.11758567143744],[-3.009881454736379,38.117647134260665],[-3.0098698550198892,38.117637837891294],[-3.0093011042990447,38.117215449457774],[-3.009149362505934,38.11710271033883],[-3.009377678018222,38.116588163712635],[-3.0095323761087585,38.11663348801858],[-3.009738860114745,38.11664221693306],[-3.009866511478514,38.11662193021161]]]},"properties":{"dn_surface":6210.44443055525,"provincia":23,"municipio":97,"agregado":0,"zona":0,"poligono":22,"parcela":229,"recinto":3,"uso_sigpac":"OV","idPanel":"23:97:0:0:22:229:3"},"id":1112596887},{"type":"Feature","geometry":{"type":"Polygon","coordinates":[[[-3.014077382069968,38.116543716992055],[-3.014951227378918,38.11656020754933],[-3.014962767583892,38.11664537607257],[-3.014959729982002,38.11683851776428],[-3.0143750771135136,38.11684588126664],[-3.0143750913627496,38.116911043023975],[-3.013819862328908,38.116897938755784],[-3.0138215646935436,38.116852784602514],[-3.0137685181397806,38.11685342162721],[-3.0133649076850655,38.11685976840465],[-3.012724122045882,38.11685667380581],[-3.012615516881824,38.116847850175816],[-3.0126289304422693,38.11658350840335],[-3.0126638192781106,38.116583505050585],[-3.0127297764780985,38.11658350002145],[-3.012729782345431,38.11659584740377],[-3.0133333699343128,38.11658813269963],[-3.013379213080061,38.116588290279424],[-3.0134432801607716,38.116651758892175],[-3.0135627826377918,38.116676467067805],[-3.0137306386407094,38.11667195928004],[-3.0138297378878134,38.11663116539307],[-3.014047281815695,38.11663114360013],[-3.014077382069968,38.116543716992055]]]},"properties":{"dn_surface":6175.998596788382,"provincia":23,"municipio":97,"agregado":0,"zona":0,"poligono":22,"parcela":801,"recinto":1,"uso_sigpac":"OV","idPanel":"23:97:0:0:22:801:1"},"id":1210271104},{"type":"Feature","geometry":{"type":"Polygon","coordinates":[[[-3.0134557867992395,38.11556509285808],[-3.01329286019387,38.115964006093975],[-3.013322684683513,38.115948828981004],[-3.0133520800196867,38.11593404581751],[-3.0133739953450256,38.11592393472708],[-3.0133938009452104,38.11592105638138],[-3.0134038592296157,38.115921907982795],[-3.013413525240929,38.115924262459544],[-3.013422443586435,38.115928035992596],[-3.0134347440300724,38.115934512689535],[-3.0135111199363243,38.11597472906334],[-3.0136203495522054,38.11597205607427],[-3.0136828676571166,38.11597052553864],[-3.0137732941484923,38.11597519006804],[-3.013792238088979,38.11597909268241],[-3.0138080664758724,38.11598819291524],[-3.013815554868611,38.11599959733334],[-3.0138376579485926,38.11599523790525],[-3.0138486172876426,38.115993077888675],[-3.0138003735646826,38.11605413838052],[-3.0137691031966574,38.11616877516249],[-3.0137776451946885,38.11621598204397],[-3.0138488167769504,38.116445248902295],[-3.01385934277158,38.11654509916798],[-3.0138297378878134,38.11663116539307],[-3.0137306386407094,38.11667195928004],[-3.0135627826377918,38.116676467067805],[-3.0134432801607716,38.116651758892175],[-3.013379213080061,38.116588290279424],[-3.0133333699343128,38.11658813269963],[-3.012729782345431,38.11659584740377],[-3.0127297764780985,38.11658350002145],[-3.0126638192781106,38.116583505050585],[-3.012692090601002,38.11600445548473],[-3.012731491415589,38.11600164084146],[-3.0131478859497838,38.115973725749456],[-3.0131857956237074,38.115917765646],[-3.0133109366073265,38.115649135691626],[-3.0134557867992395,38.11556509285808]]]},"properties":{"dn_surface":7550.177070755423,"provincia":23,"municipio":97,"agregado":0,"zona":0,"poligono":22,"parcela":189,"recinto":1,"uso_sigpac":"OV","idPanel":"23:97:0:0:22:189:1"},"id":1210271097},{"type":"Feature","geometry":{"type":"Polygon","coordinates":[[[-3.0149584835929257,38.11582621514134],[-3.014922525226177,38.116245218123964],[-3.014951227378918,38.11656020754933],[-3.014077382069968,38.116543716992055],[-3.014047281815695,38.11663114360013],[-3.0138297378878134,38.11663116539307],[-3.01385934277158,38.11654509916798],[-3.0138488167769504,38.116445248902295],[-3.0137776451946885,38.11621598204397],[-3.0137691031966574,38.11616877516249],[-3.0138003735646826,38.11605413838052],[-3.0138486172876426,38.115993077888675],[-3.013857321056415,38.11597099157248],[-3.013871825102527,38.11595387572518],[-3.013885378640763,38.11593788221481],[-3.013893319656302,38.11593044746624],[-3.0139031373800713,38.11592457510454],[-3.013914350690803,38.11592055598172],[-3.014019998719245,38.115894120295735],[-3.014061740599528,38.11593689398836],[-3.014585004405528,38.11588024070144],[-3.014898274702476,38.11583492477746],[-3.0149584835929257,38.11582621514134]]]},"properties":{"dn_surface":7342.277137944051,"provincia":23,"municipio":97,"agregado":0,"zona":0,"poligono":22,"parcela":188,"recinto":1,"uso_sigpac":"OV","idPanel":"23:97:0:0:22:188:1"},"id":1210271094},{"type":"Feature","geometry":{"type":"Polygon","coordinates":[[[-3.0085795313577073,38.11607922038911],[-3.0086205993329345,38.116198408544705],[-3.0087700469990097,38.11623364020039],[-3.008735675326626,38.11684415962361],[-3.008392837864479,38.11661444517162],[-3.00826927435513,38.11648575109905],[-3.008457369302653,38.116319998115756],[-3.008461423629458,38.11619287062095],[-3.0084731951749735,38.11619851415671],[-3.008516393830114,38.11620704022911],[-3.008563910003835,38.116195096016384],[-3.0085552640701985,38.11613709743392],[-3.008570379157089,38.11610297973323],[-3.0085795313577073,38.11607922038911]]]},"properties":{"dn_surface":1944.1845010710274,"provincia":23,"municipio":97,"agregado":0,"zona":0,"poligono":22,"parcela":226,"recinto":1,"uso_sigpac":"OV","idPanel":"23:97:0:0:22:226:1"},"id":1155760319},{"type":"Feature","geometry":{"type":"Polygon","coordinates":[[[-3.007975305067766,38.11534139912749],[-3.0081081431535264,38.11544238011197],[-3.008142677434843,38.11544330212135],[-3.008161202280146,38.11546777811827],[-3.008157600576139,38.11553885833777],[-3.0082088181985203,38.11565595604662],[-3.0082498937174615,38.11576886364185],[-3.0083041288251655,38.11585729440196],[-3.008300525444777,38.11589400797823],[-3.0082618857070433,38.11593826526783],[-3.0082312079396076,38.11595586726551],[-3.0082496498040645,38.11600154947874],[-3.0082925676654315,38.11606223613768],[-3.008336575174276,38.11611068521728],[-3.0084098363651233,38.11616567218172],[-3.008461497390211,38.11619057481755],[-3.008461423629458,38.11619287062095],[-3.008457369302653,38.116319998115756],[-3.00826927435513,38.11648575109905],[-3.008252596881395,38.11644797972653],[-3.008216636838265,38.11642098915851],[-3.0081533509509772,38.11640020036103],[-3.0081158000225305,38.11642995695726],[-3.0079616978853463,38.11672180143202],[-3.007945659950862,38.11671270539017],[-3.007213217356844,38.11622235983447],[-3.0073835233902044,38.11610464689386],[-3.007561678238164,38.11579766721562],[-3.007788430525418,38.11550807998751],[-3.007975305067766,38.11534139912749]]]},"properties":{"dn_surface":8491.312248530041,"provincia":23,"municipio":97,"agregado":0,"zona":0,"poligono":22,"parcela":225,"recinto":1,"uso_sigpac":"OV","idPanel":"23:97:0:0:22:225:1"},"id":1155760330},{"type":"Feature","geometry":{"type":"Polygon","coordinates":[[[-3.008392837864479,38.11661444517162],[-3.008354531726511,38.116804975062166],[-3.0082410415889944,38.116957475417564],[-3.008132827021648,38.116858199312304],[-3.008137495741993,38.116834869959774],[-3.0081534465046786,38.11677848405563],[-3.0081614059604047,38.11667312101187],[-3.008174480891942,38.11662450513242],[-3.0081990381933172,38.116563651673545],[-3.00826927435513,38.11648575109905],[-3.008392837864479,38.11661444517162]]]},"properties":{"dn_surface":728.910538705443,"provincia":23,"municipio":97,"agregado":0,"zona":0,"poligono":22,"parcela":225,"recinto":4,"uso_sigpac":"OV","idPanel":"23:97:0:0:22:225:4"},"id":1112595552},{"type":"Feature","geometry":{"type":"Polygon","coordinates":[[[-3.008132827021648,38.116858199312304],[-3.0080205011305505,38.116755152188574],[-3.0079616978853463,38.11672180143202],[-3.0081158000225305,38.11642995695726],[-3.0081533509509772,38.11640020036103],[-3.008216636838265,38.11642098915851],[-3.008252596881395,38.11644797972653],[-3.00826927435513,38.11648575109905],[-3.0081990381933172,38.116563651673545],[-3.008174480891942,38.11662450513242],[-3.0081614059604047,38.11667312101187],[-3.0081534465046786,38.11677848405563],[-3.008137495741993,38.116834869959774],[-3.008132827021648,38.116858199312304]]]},"properties":{"dn_surface":611.097130224806,"provincia":23,"municipio":97,"agregado":0,"zona":0,"poligono":22,"parcela":225,"recinto":5,"uso_sigpac":"OV","idPanel":"23:97:0:0:22:225:5"},"id":1112595551},{"type":"Feature","geometry":{"type":"Polygon","coordinates":[[[-3.019996814038415,38.12805529105992],[-3.019835552079115,38.12830884029324],[-3.0190193985749416,38.128272636336675],[-3.018120173699866,38.12820083694987],[-3.0181848149409776,38.12800083802276],[-3.019516941671338,38.12813377082401],[-3.019583087464159,38.128024978743525],[-3.019996814038415,38.12805529105992]]]},"properties":{"dn_surface":3515.36505934007,"provincia":23,"municipio":97,"agregado":0,"zona":0,"poligono":22,"parcela":91,"recinto":1,"uso_sigpac":"OV","idPanel":"23:97:0:0:22:91:1"},"id":1112595788},{"type":"Feature","geometry":{"type":"Polygon","coordinates":[[[-3.0199215847765855,38.12831775025683],[-3.0198868032291113,38.12838264630781],[-3.0197960951057725,38.12838265971885],[-3.0195996165781986,38.12837664989394],[-3.0195735103010244,38.1284572268103],[-3.019468311542619,38.12845661074036],[-3.0193036691615673,38.12846195168942],[-3.0191467900996978,38.12848459540217],[-3.0189438248168714,38.128542124598],[-3.0187154254855466,38.128637419299025],[-3.018702429343904,38.128678789022814],[-3.0186587361564476,38.12870475196942],[-3.0185844565643043,38.12869890391522],[-3.01855376119487,38.128688813779604],[-3.0183570555177064,38.12869046250003],[-3.0182630432479405,38.1287088607786],[-3.0181094792289724,38.12875673821236],[-3.018033612942464,38.128792437578284],[-3.0179451981079692,38.128838864942736],[-3.0179071006794036,38.12888195044218],[-3.0177227541192027,38.12902626670683],[-3.0176860187499828,38.12904141280674],[-3.0175543558071167,38.1290677470717],[-3.0174754007891065,38.12907181313315],[-3.0173666682201126,38.12908381350465],[-3.0173674510899158,38.129020365008444],[-3.0178738203308773,38.12858156313115],[-3.01800065613542,38.12842265313401],[-3.0180358768946456,38.12828511615308],[-3.018120173699866,38.12820083694987],[-3.0190193985749416,38.128272636336675],[-3.019835552079115,38.12830884029324],[-3.0199215847765855,38.12831775025683]]]},"properties":{"dn_surface":7130.40282459275,"provincia":23,"municipio":97,"agregado":0,"zona":0,"poligono":22,"parcela":88,"recinto":2,"uso_sigpac":"OV","idPanel":"23:97:0:0:22:88:2"},"id":1112595792},{"type":"Feature","geometry":{"type":"Polygon","coordinates":[[[-3.0178965076295436,38.1271793729062],[-3.0179381279722235,38.12708320229626],[-3.018213006635785,38.12716238781661],[-3.0181849565951495,38.127232690195456],[-3.018401754533604,38.12728673671032],[-3.018470102252519,38.12730376203305],[-3.0183157176451805,38.12768925332662],[-3.0181848149409776,38.12800083802276],[-3.018120173699866,38.12820083694987],[-3.0180358768946456,38.12828511615308],[-3.0180408792147566,38.12821454639149],[-3.017497861776373,38.1281006975085],[-3.0178965076295436,38.1271793729062]]]},"properties":{"dn_surface":6031.75008425471,"provincia":23,"municipio":97,"agregado":0,"zona":0,"poligono":22,"parcela":105,"recinto":2,"uso_sigpac":"OV","idPanel":"23:97:0:0:22:105:2"},"id":1112595772},{"type":"Feature","geometry":{"type":"Polygon","coordinates":[[[-3.017788992951154,38.127035816042024],[-3.0178207142655977,38.12704644681045],[-3.017841049602094,38.1270528120281],[-3.0178466160243214,38.127054554625886],[-3.0178040870832854,38.127148112596444],[-3.0178965076295436,38.1271793729062],[-3.017497861776373,38.1281006975085],[-3.0173408578241374,38.12806780608028],[-3.01733104345313,38.12806574999931],[-3.017282700823706,38.12804926614754],[-3.0169265352965318,38.1279278190689],[-3.016863171457539,38.12788562540402],[-3.017128393329882,38.12738820887438],[-3.01726866700239,38.127261020191696],[-3.017494607921368,38.126937169417715],[-3.017788992951154,38.127035816042024]]]},"properties":{"dn_surface":6322.95905370188,"provincia":23,"municipio":97,"agregado":0,"zona":0,"poligono":22,"parcela":106,"recinto":2,"uso_sigpac":"OV","idPanel":"23:97:0:0:22:106:2"},"id":1112595771},{"type":"Feature","geometry":{"type":"Polygon","coordinates":[[[-3.0173674510899158,38.129020365008444],[-3.0170621989220203,38.12886268212202],[-3.0169746708929344,38.12880086642059],[-3.0168096655754546,38.1287204940227],[-3.0167869564838377,38.128708149993145],[-3.0166105383663195,38.128611916518935],[-3.0167869128979388,38.12852708578646],[-3.017294929182972,38.12828277927835],[-3.017310398824388,38.12809333149153],[-3.01733104345313,38.12806574999931],[-3.0173408578241374,38.12806780608028],[-3.017497861776373,38.1281006975085],[-3.0180408792147566,38.12821454639149],[-3.0180358768946456,38.12828511615308],[-3.01800065613542,38.12842265313401],[-3.0178738203308773,38.12858156313115],[-3.0173674510899158,38.129020365008444]]]},"properties":{"dn_surface":6721.41120316606,"provincia":23,"municipio":97,"agregado":0,"zona":0,"poligono":22,"parcela":274,"recinto":2,"uso_sigpac":"OV","idPanel":"23:97:0:0:22:274:2"},"id":1112596826},{"type":"Feature","geometry":{"type":"Polygon","coordinates":[[[-3.0169265352965318,38.1279278190689],[-3.017282700823706,38.12804926614754],[-3.01733104345313,38.12806574999931],[-3.017310398824388,38.12809333149153],[-3.017294929182972,38.12828277927835],[-3.0167869128979388,38.12852708578646],[-3.0166105383663195,38.128611916518935],[-3.0164430268596423,38.128545063293444],[-3.016271870063058,38.12850083114955],[-3.0161211416421025,38.12847561419238],[-3.015842395568186,38.128448699061494],[-3.015680028035791,38.128420237469385],[-3.0156661970565435,38.128297849941134],[-3.015728368150643,38.128253228038744],[-3.0158718747233966,38.12813912183131],[-3.016049875344329,38.12796699105749],[-3.0161560916658394,38.12803303962025],[-3.0162598705297623,38.127932134911106],[-3.0167077391122423,38.128094489032435],[-3.0167867938749073,38.12803427427468],[-3.0169265352965318,38.1279278190689]]]},"properties":{"dn_surface":6953.202187469203,"provincia":23,"municipio":97,"agregado":0,"zona":0,"poligono":22,"parcela":273,"recinto":1,"uso_sigpac":"OV","idPanel":"23:97:0:0:22:273:1"},"id":1210240534},{"type":"Feature","geometry":{"type":"Polygon","coordinates":[[[-3.020026719832523,38.126502858564464],[-3.0200194686476562,38.12668067981264],[-3.020126725163413,38.12670472749423],[-3.0199665310586408,38.12709103267065],[-3.01983645564833,38.127065095707934],[-3.0197569541301994,38.127138651941806],[-3.019894681380372,38.12719991611391],[-3.0197962568765138,38.127342871157396],[-3.0197619321427904,38.12740686615376],[-3.018481276168303,38.12726626810158],[-3.01842562870983,38.12726221545114],[-3.01840962262658,38.12726105036651],[-3.0184909061374317,38.126996878746695],[-3.0184503109015712,38.126655488839305],[-3.0183066056777,38.12644064388442],[-3.018151618411488,38.12625563683022],[-3.0181074549992357,38.1262198586744],[-3.0182578372475706,38.12624201120761],[-3.018643833969911,38.126298288985225],[-3.019001714434577,38.12632912181792],[-3.0195477418145678,38.1264051456842],[-3.019705637601354,38.126435986060585],[-3.0197047331939477,38.12645414796941],[-3.020026719832523,38.126502858564464]]]},"properties":{"dn_surface":14862.7638184169,"provincia":23,"municipio":97,"agregado":0,"zona":0,"poligono":22,"parcela":96,"recinto":1,"uso_sigpac":"OV","idPanel":"23:97:0:0:22:96:1"},"id":1112595780},{"type":"Feature","geometry":{"type":"Polygon","coordinates":[[[-3.018678188040298,38.12592029530455],[-3.0197242454275037,38.1260706582745],[-3.0197075654391976,38.12639718706666],[-3.019705637601354,38.126435986060585],[-3.0195477418145678,38.1264051456842],[-3.019001714434577,38.12632912181792],[-3.018643833969911,38.126298288985225],[-3.0186047390948083,38.125982836040606],[-3.018684104826099,38.12598282346772],[-3.018678188040298,38.12592029530455]]]},"properties":{"dn_surface":3842.72114346602,"provincia":23,"municipio":97,"agregado":0,"zona":0,"poligono":22,"parcela":100,"recinto":1,"uso_sigpac":"OV","idPanel":"23:97:0:0:22:100:1"},"id":1112595776},{"type":"Feature","geometry":{"type":"Polygon","coordinates":[[[-3.018678188040298,38.12592029530455],[-3.018684104826099,38.12598282346772],[-3.0186047390948083,38.125982836040606],[-3.018643833969911,38.126298288985225],[-3.0182578372475706,38.12624201120761],[-3.0181074549992357,38.1262198586744],[-3.0180175833898835,38.12614715655653],[-3.01800040803107,38.12613326271304],[-3.0179754341490823,38.12617571034957],[-3.017912077853803,38.126046844447956],[-3.0180791090774,38.12603609800925],[-3.0181791194374332,38.12584888902896],[-3.018289956702438,38.125864747590725],[-3.018678188040298,38.12592029530455]]]},"properties":{"dn_surface":2126.45850357921,"provincia":23,"municipio":97,"agregado":0,"zona":0,"poligono":22,"parcela":102,"recinto":1,"uso_sigpac":"OV","idPanel":"23:97:0:0:22:102:1"},"id":1112595774},{"type":"Feature","geometry":{"type":"Polygon","coordinates":[[[-3.018401754533604,38.12728673671032],[-3.0181849565951495,38.127232690195456],[-3.018213006635785,38.12716238781661],[-3.0179381279722235,38.12708320229626],[-3.0178965076295436,38.1271793729062],[-3.0178040870832854,38.127148112596444],[-3.0178466160243214,38.127054554625886],[-3.017841049602094,38.1270528120281],[-3.0178207142655977,38.12704644681045],[-3.017788992951154,38.127035816042024],[-3.0178935639049747,38.126823914811695],[-3.017919966901539,38.12656317558145],[-3.0180310581382246,38.12641940916967],[-3.0180321662258898,38.126291249024376],[-3.0179754341490823,38.12617571034957],[-3.01800040803107,38.12613326271304],[-3.0180175833898835,38.12614715655653],[-3.0181074549992357,38.1262198586744],[-3.018151618411488,38.12625563683022],[-3.0183066056777,38.12644064388442],[-3.0184503109015712,38.126655488839305],[-3.0184909061374317,38.126996878746695],[-3.01840962262658,38.12726105036651],[-3.018401754533604,38.12728673671032]]]},"properties":{"dn_surface":4484.8439285321,"provincia":23,"municipio":97,"agregado":0,"zona":0,"poligono":22,"parcela":103,"recinto":1,"uso_sigpac":"OV","idPanel":"23:97:0:0:22:103:1"},"id":1112595773},{"type":"Feature","geometry":{"type":"Polygon","coordinates":[[[-3.017912077853803,38.126046844447956],[-3.0179754341490823,38.12617571034957],[-3.0180321662258898,38.126291249024376],[-3.0180310581382246,38.12641940916967],[-3.017919966901539,38.12656317558145],[-3.0178935639049747,38.126823914811695],[-3.017788992951154,38.127035816042024],[-3.017494607921368,38.126937169417715],[-3.0173820272203993,38.12661614921265],[-3.0173704903681866,38.12655712133244],[-3.0172946316253917,38.12617066611995],[-3.0173693663549046,38.12605618272687],[-3.0173815377172257,38.12603753802031],[-3.017591594090557,38.12607752724455],[-3.017912077853803,38.126046844447956]]]},"properties":{"dn_surface":5070.30119677122,"provincia":23,"municipio":97,"agregado":0,"zona":0,"poligono":22,"parcela":111,"recinto":1,"uso_sigpac":"OV","idPanel":"23:97:0:0:22:111:1"},"id":1112595766},{"type":"Feature","geometry":{"type":"Polygon","coordinates":[[[-3.021978046285542,38.12636150697912],[-3.021936217233462,38.12650102963303],[-3.021944598298943,38.1266669510926],[-3.0219600226780785,38.126736888020474],[-3.021944019109399,38.126734406976965],[-3.0213062241334447,38.1266355994201],[-3.021329155345508,38.126253009103436],[-3.0216943045970375,38.12640220028322],[-3.021978046285542,38.12636150697912]]]},"properties":{"dn_surface":2069.6429040636,"provincia":23,"municipio":97,"agregado":0,"zona":0,"poligono":22,"parcela":97,"recinto":1,"uso_sigpac":"OV","idPanel":"23:97:0:0:22:97:1"},"id":1112595779},{"type":"Feature","geometry":{"type":"Polygon","coordinates":[[[-3.021944019109399,38.126734406976965],[-3.021944219436897,38.126904926748864],[-3.0219374376386368,38.12695266420485],[-3.021837828771789,38.12720782192545],[-3.021799347452035,38.1273181152049],[-3.0216589262580227,38.127479452601335],[-3.0214882354952826,38.12769016611594],[-3.020337256790683,38.127576038115535],[-3.020309835392822,38.127444097731654],[-3.0201821513396294,38.12741094981723],[-3.019711299577284,38.12750123549259],[-3.0197619321427904,38.12740686615376],[-3.0197962568765138,38.127342871157396],[-3.019894681380372,38.12719991611391],[-3.0197569541301994,38.127138651941806],[-3.01983645564833,38.127065095707934],[-3.0199665310586408,38.12709103267065],[-3.020126725163413,38.12670472749423],[-3.0200194686476562,38.12668067981264],[-3.020026719832523,38.126502858564464],[-3.020260964703468,38.126528600228795],[-3.0205895453856613,38.12648078398294],[-3.020976577273105,38.12655066223746],[-3.0211682688954933,38.12621238788367],[-3.021329155345508,38.126253009103436],[-3.0213062241334447,38.1266355994201],[-3.021944019109399,38.126734406976965]]]},"properties":{"dn_surface":19528.4604522975,"provincia":23,"municipio":97,"agregado":0,"zona":0,"poligono":22,"parcela":95,"recinto":1,"uso_sigpac":"OV","idPanel":"23:97:0:0:22:95:1"},"id":1112595782},{"type":"Feature","geometry":{"type":"Polygon","coordinates":[[[-3.0213360813125125,38.12787005853252],[-3.0204431973475634,38.12777862621269],[-3.0202372481070308,38.12776504836697],[-3.020337256790683,38.127576038115535],[-3.0214882354952826,38.12769016611594],[-3.021457807508576,38.12772614208467],[-3.0213524520085717,38.12785070387875],[-3.0213360813125125,38.12787005853252]]]},"properties":{"dn_surface":2119.48434001096,"provincia":23,"municipio":97,"agregado":0,"zona":0,"poligono":22,"parcela":93,"recinto":1,"uso_sigpac":"OV","idPanel":"23:97:0:0:22:93:1"},"id":1112595785},{"type":"Feature","geometry":{"type":"Polygon","coordinates":[[[-3.0213360813125125,38.12787005853252],[-3.0211134185560593,38.12813700875341],[-3.019996814038415,38.12805529105992],[-3.019583087464159,38.128024978743525],[-3.019516941671338,38.12813377082401],[-3.0181848149409776,38.12800083802276],[-3.0183157176451805,38.12768925332662],[-3.018799122984655,38.127601675006076],[-3.0196681202005218,38.12772574645879],[-3.0202372481070308,38.12776504836697],[-3.0204431973475634,38.12777862621269],[-3.0213360813125125,38.12787005853252]]]},"properties":{"dn_surface":10233.1530484885,"provincia":23,"municipio":97,"agregado":0,"zona":0,"poligono":22,"parcela":92,"recinto":2,"uso_sigpac":"OV","idPanel":"23:97:0:0:22:92:2"},"id":1112595787},{"type":"Feature","geometry":{"type":"Polygon","coordinates":[[[-3.0209093837423255,38.12841994745554],[-3.0200109258114356,38.128327020642274],[-3.0199215847765855,38.12831775025683],[-3.019835552079115,38.12830884029324],[-3.019996814038415,38.12805529105992],[-3.0211134185560593,38.12813700875341],[-3.02101542655843,38.128278705673154],[-3.0209093837423255,38.12841994745554]]]},"properties":{"dn_surface":3034.10298066911,"provincia":23,"municipio":97,"agregado":0,"zona":0,"poligono":22,"parcela":90,"recinto":1,"uso_sigpac":"OV","idPanel":"23:97:0:0:22:90:1"},"id":1112595790},{"type":"Feature","geometry":{"type":"Polygon","coordinates":[[[-3.0197619321427904,38.12740686615376],[-3.019711299577284,38.12750123549259],[-3.0201821513396294,38.12741094981723],[-3.020309835392822,38.127444097731654],[-3.020337256790683,38.127576038115535],[-3.0202372481070308,38.12776504836697],[-3.0196681202005218,38.12772574645879],[-3.018799122984655,38.127601675006076],[-3.0183157176451805,38.12768925332662],[-3.018470102252519,38.12730376203305],[-3.018401754533604,38.12728673671032],[-3.01840962262658,38.12726105036651],[-3.01842562870983,38.12726221545114],[-3.018481276168303,38.12726626810158],[-3.0197619321427904,38.12740686615376]]]},"properties":{"dn_surface":5943.53788583168,"provincia":23,"municipio":97,"agregado":0,"zona":0,"poligono":22,"parcela":94,"recinto":1,"uso_sigpac":"OV","idPanel":"23:97:0:0:22:94:1"},"id":1112595783},{"type":"Feature","geometry":{"type":"Polygon","coordinates":[[[-3.0209093837423255,38.12841994745554],[-3.02098021921025,38.12842727407755],[-3.020902793889659,38.12842654066097],[-3.0207276053974095,38.12842487936766],[-3.0205273650714677,38.12843365270621],[-3.020339791478353,38.12844611827336],[-3.0199922450627232,38.12843607591455],[-3.019960070287291,38.12843842368579],[-3.019690119344897,38.128457840365655],[-3.0195735103010244,38.1284572268103],[-3.0195996165781986,38.12837664989394],[-3.0197960951057725,38.12838265971885],[-3.0198868032291113,38.12838264630781],[-3.0199215847765855,38.12831775025683],[-3.0200109258114356,38.128327020642274],[-3.0209093837423255,38.12841994745554]]]},"properties":{"dn_surface":885.498917892884,"provincia":23,"municipio":97,"agregado":0,"zona":0,"poligono":22,"parcela":89,"recinto":1,"uso_sigpac":"OV","idPanel":"23:97:0:0:22:89:1"},"id":1112595791},{"type":"Feature","geometry":{"type":"Polygon","coordinates":[[[-3.0221512884997597,38.12578322687199],[-3.022046431723024,38.12613338508879],[-3.019138579186862,38.12558531922983],[-3.0193274762825646,38.12543108633497],[-3.0194309072974863,38.12524486977205],[-3.0221512884997597,38.12578322687199]]]},"properties":{"dn_surface":10405.5448942361,"provincia":23,"municipio":97,"agregado":0,"zona":0,"poligono":22,"parcela":113,"recinto":1,"uso_sigpac":"OV","idPanel":"23:97:0:0:22:113:1"},"id":1112595763},{"type":"Feature","geometry":{"type":"Polygon","coordinates":[[[-3.022046431723024,38.12613338508879],[-3.021978046285542,38.12636150697912],[-3.0216943045970375,38.12640220028322],[-3.021329155345508,38.126253009103436],[-3.0211682688954933,38.12621238788367],[-3.0208148869985267,38.12610915803444],[-3.0207284293385404,38.12619767512814],[-3.0205400393480084,38.12613191155015],[-3.0204490177414733,38.1262182669509],[-3.0200965494720067,38.12611782827557],[-3.0197242454275037,38.1260706582745],[-3.018678188040298,38.12592029530455],[-3.018289956702438,38.125864747590725],[-3.0181791194374332,38.12584888902896],[-3.018358301906783,38.125623279195196],[-3.018571496464848,38.1254466926014],[-3.0187879222467795,38.12540998153972],[-3.019138579186862,38.12558531922983],[-3.022046431723024,38.12613338508879]]]},"properties":{"dn_surface":12512.4541683909,"provincia":23,"municipio":97,"agregado":0,"zona":0,"poligono":22,"parcela":101,"recinto":1,"uso_sigpac":"OV","idPanel":"23:97:0:0:22:101:1"},"id":1112595775},{"type":"Feature","geometry":{"type":"Polygon","coordinates":[[[-3.0204490177414733,38.1262182669509],[-3.02026740703463,38.126315630305726],[-3.020260964703468,38.126528600228795],[-3.020026719832523,38.126502858564464],[-3.0197047331939477,38.12645414796941],[-3.019705637601354,38.126435986060585],[-3.0197075654391976,38.12639718706666],[-3.0197242454275037,38.1260706582745],[-3.0200965494720067,38.12611782827557],[-3.0204490177414733,38.1262182669509]]]},"properties":{"dn_surface":2204.14630692977,"provincia":23,"municipio":97,"agregado":0,"zona":0,"poligono":22,"parcela":99,"recinto":1,"uso_sigpac":"OV","idPanel":"23:97:0:0:22:99:1"},"id":1112595777},{"type":"Feature","geometry":{"type":"Polygon","coordinates":[[[-3.0211682688954933,38.12621238788367],[-3.020976577273105,38.12655066223746],[-3.0205895453856613,38.12648078398294],[-3.020260964703468,38.126528600228795],[-3.02026740703463,38.126315630305726],[-3.0204490177414733,38.1262182669509],[-3.0205400393480084,38.12613191155015],[-3.0207284293385404,38.12619767512814],[-3.0208148869985267,38.12610915803444],[-3.0211682688954933,38.12621238788367]]]},"properties":{"dn_surface":2628.68181090014,"provincia":23,"municipio":97,"agregado":0,"zona":0,"poligono":22,"parcela":98,"recinto":1,"uso_sigpac":"OV","idPanel":"23:97:0:0:22:98:1"},"id":1112595778},{"type":"Feature","geometry":{"type":"Polygon","coordinates":[[[-3.0216242788210086,38.12420273008661],[-3.0216960262400514,38.12421879651956],[-3.0217201007437766,38.12422419949468],[-3.021634049606117,38.12450802164946],[-3.0215109705708003,38.1245940224957],[-3.021445453420755,38.124876218561155],[-3.0212868770233916,38.12484340759923],[-3.021400657174776,38.1245692682196],[-3.021450117111958,38.1245366953037],[-3.021516063415471,38.124491092718586],[-3.0216149187491785,38.12421752666117],[-3.0216242788210086,38.12420273008661]]]},"properties":{"dn_surface":824.4767826113176,"provincia":23,"municipio":97,"agregado":0,"zona":0,"poligono":22,"parcela":118,"recinto":1,"uso_sigpac":"OV","idPanel":"23:97:0:0:22:118:1"},"id":1329994510},{"type":"Feature","geometry":{"type":"Polygon","coordinates":[[[-3.0221261327304623,38.124568464395026],[-3.021997096676206,38.12452869226209],[-3.0219235404423497,38.124633160956705],[-3.0218679147768266,38.12479981331825],[-3.0218681955705993,38.12496853014267],[-3.021445453420755,38.124876218561155],[-3.0215109705708003,38.1245940224957],[-3.021634049606117,38.12450802164946],[-3.0217201007437766,38.12422419949468],[-3.022031888281964,38.124313064437416],[-3.0221261327304623,38.124568464395026]]]},"properties":{"dn_surface":2628.358523048601,"provincia":23,"municipio":97,"agregado":0,"zona":0,"poligono":22,"parcela":117,"recinto":1,"uso_sigpac":"OV","idPanel":"23:97:0:0:22:117:1"},"id":1329994517},{"type":"Feature","geometry":{"type":"Polygon","coordinates":[[[-3.0194411902169103,38.124478523215885],[-3.0195403296971524,38.12449456031217],[-3.0200429396543162,38.124575862263214],[-3.0208907004790424,38.12476031359719],[-3.020992362912289,38.12478246864498],[-3.021085402043039,38.12480171936315],[-3.0211598299948776,38.124817119434766],[-3.0211939963106214,38.124824188732305],[-3.021208724991752,38.12482723639249],[-3.0212170641477143,38.12482896222647],[-3.021232097091949,38.124832072750905],[-3.0212868770233916,38.12484340759923],[-3.021445453420755,38.124876218561155],[-3.0218681955705993,38.12496853014267],[-3.022267312486756,38.12507858537606],[-3.022265753452674,38.1251078189415],[-3.0222591728201014,38.1252311418902],[-3.0222563648823715,38.12527827249636],[-3.0222561134252612,38.125282493623075],[-3.0222561335418305,38.12534724131436],[-3.022243844832858,38.125394129683485],[-3.0222473685851616,38.12546272131581],[-3.019461611887015,38.124883999482336],[-3.0194411902169103,38.124478523215885]]]},"properties":{"dn_surface":11391.841937568543,"provincia":23,"municipio":97,"agregado":0,"zona":0,"poligono":22,"parcela":115,"recinto":1,"uso_sigpac":"OV","idPanel":"23:97:0:0:22:115:1"},"id":1329994514},{"type":"Feature","geometry":{"type":"Polygon","coordinates":[[[-3.022267312486756,38.12507858537606],[-3.0218681955705993,38.12496853014267],[-3.0218679147768266,38.12479981331825],[-3.0219235404423497,38.124633160956705],[-3.021997096676206,38.12452869226209],[-3.0221261327304623,38.124568464395026],[-3.0222391015135703,38.124922845414886],[-3.0222589439941316,38.12500763172329],[-3.022267312486756,38.12507858537606]]]},"properties":{"dn_surface":1393.37004091149,"provincia":23,"municipio":97,"agregado":0,"zona":0,"poligono":22,"parcela":116,"recinto":1,"uso_sigpac":"OV","idPanel":"23:97:0:0:22:116:1"},"id":1112595759},{"type":"Feature","geometry":{"type":"Polygon","coordinates":[[[-3.0221512884997597,38.12578322687199],[-3.0194309072974863,38.12524486977205],[-3.019461611887015,38.124883999482336],[-3.0222473685851616,38.12546272131581],[-3.0221512884997597,38.12578322687199]]]},"properties":{"dn_surface":9465.66579505262,"provincia":23,"municipio":97,"agregado":0,"zona":0,"poligono":22,"parcela":114,"recinto":1,"uso_sigpac":"OV","idPanel":"23:97:0:0:22:114:1"},"id":1112595762},{"type":"Feature","geometry":{"type":"Polygon","coordinates":[[[-3.021509452608046,38.12335884170139],[-3.0216550697441438,38.12359280577854],[-3.0217012288876606,38.12366696886224],[-3.021892233193948,38.12398895214807],[-3.021958044548812,38.12413517445759],[-3.022031888281964,38.124313064437416],[-3.0217201007437766,38.12422419949468],[-3.0216960262400514,38.12421879651956],[-3.0216242788210086,38.12420273008661],[-3.0214026529060396,38.12415310251134],[-3.021294958854911,38.124128986936284],[-3.02126929430406,38.12412324030316],[-3.0212116745836535,38.12411099182731],[-3.0209772017249286,38.12406118907026],[-3.0206807639669337,38.12396561022268],[-3.020229075750951,38.12396486758607],[-3.0198023463295303,38.12386588149465],[-3.0198272682437155,38.123639479570954],[-3.019867473721056,38.12339757447825],[-3.0198731683864093,38.12336350623079],[-3.0203684651326217,38.1234665374289],[-3.0208928185861006,38.12344725988865],[-3.021509452608046,38.12335884170139]]]},"properties":{"dn_surface":11849.678139276552,"provincia":23,"municipio":97,"agregado":0,"zona":0,"poligono":22,"parcela":122,"recinto":1,"uso_sigpac":"OV","idPanel":"23:97:0:0:22:122:1"},"id":1329994513},{"type":"Feature","geometry":{"type":"Polygon","coordinates":[[[-3.0195403296971524,38.12449456031217],[-3.01951438854348,38.124427136279024],[-3.0194824769598227,38.124395154287384],[-3.01950087188562,38.12435540981474],[-3.0194824576814447,38.12432245636046],[-3.0194812171597016,38.124271082834696],[-3.0195364228918504,38.124225516291744],[-3.0195904065424446,38.124201274149925],[-3.0196063547905596,38.12418867028137],[-3.019522900366658,38.124129556067544],[-3.0194603085009932,38.12408594753734],[-3.0194443476800235,38.12404911661443],[-3.019455383294396,38.124022943282],[-3.01948972982107,38.12398416524286],[-3.019514262814925,38.12395605149976],[-3.019530207710278,38.123931816063475],[-3.0195351035802127,38.123886257902484],[-3.019553502696961,38.12386299141423],[-3.019605038831683,38.123861044298025],[-3.0196109857923377,38.123846163066275],[-3.0198023463295303,38.12386588149465],[-3.020229075750951,38.12396486758607],[-3.0201389032312576,38.12421903791838],[-3.0201363953656784,38.12422615834555],[-3.0200429396543162,38.124575862263214],[-3.0195403296971524,38.12449456031217]]]},"properties":{"dn_surface":3971.5141827929,"provincia":23,"municipio":97,"agregado":0,"zona":0,"poligono":22,"parcela":120,"recinto":1,"uso_sigpac":"OV","idPanel":"23:97:0:0:22:120:1"},"id":1112595753},{"type":"Feature","geometry":{"type":"Polygon","coordinates":[[[-3.0209772017249286,38.12406118907026],[-3.0209084516746376,38.124218920571764],[-3.020880290154683,38.12428354588724],[-3.020764604796594,38.12429555044966],[-3.020728349710455,38.12438559221164],[-3.0201363953656784,38.12422615834555],[-3.0201389032312576,38.12421903791838],[-3.020229075750951,38.12396486758607],[-3.0206807639669337,38.12396561022268],[-3.0209772017249286,38.12406118907026]]]},"properties":{"dn_surface":2397.14174466883,"provincia":23,"municipio":97,"agregado":0,"zona":0,"poligono":22,"parcela":121,"recinto":1,"uso_sigpac":"OV","idPanel":"23:97:0:0:22:121:1"},"id":1112595751},{"type":"Feature","geometry":{"type":"Polygon","coordinates":[[[-3.0208907004790424,38.12476031359719],[-3.0200429396543162,38.124575862263214],[-3.0201363953656784,38.12422615834555],[-3.020728349710455,38.12438559221164],[-3.020764604796594,38.12429555044966],[-3.020880290154683,38.12428354588724],[-3.0209084516746376,38.124218920571764],[-3.0209772017249286,38.12406118907026],[-3.0212116745836535,38.12411099182731],[-3.021092883730255,38.1244201449332],[-3.0209903244333165,38.124450713735854],[-3.0208907004790424,38.12476031359719]]]},"properties":{"dn_surface":3905.8846653569385,"provincia":23,"municipio":97,"agregado":0,"zona":0,"poligono":22,"parcela":119,"recinto":1,"uso_sigpac":"OV","idPanel":"23:97:0:0:22:119:1"},"id":1329994519},{"type":"Feature","geometry":{"type":"Polygon","coordinates":[[[-3.0212116745836535,38.12411099182731],[-3.02126929430406,38.12412324030316],[-3.021294958854911,38.124128986936284],[-3.0214026529060396,38.12415310251134],[-3.0216242788210086,38.12420273008661],[-3.0216149187491785,38.12421752666117],[-3.021516063415471,38.124491092718586],[-3.021450117111958,38.1245366953037],[-3.021400657174776,38.1245692682196],[-3.0212868770233916,38.12484340759923],[-3.021232097091949,38.124832072750905],[-3.0212170641477143,38.12482896222647],[-3.021208724991752,38.12482723639249],[-3.0211939963106214,38.124824188732305],[-3.0211598299948776,38.124817119434766],[-3.021085402043039,38.12480171936315],[-3.020992362912289,38.12478246864498],[-3.0208907004790424,38.12476031359719],[-3.0209903244333165,38.124450713735854],[-3.021092883730255,38.1244201449332],[-3.0212116745836535,38.12411099182731]]]},"properties":{"dn_surface":2871.884160440702,"provincia":23,"municipio":97,"agregado":0,"zona":0,"poligono":22,"parcela":118,"recinto":2,"uso_sigpac":"OV","idPanel":"23:97:0:0:22:118:2"},"id":1341074653},{"type":"Feature","geometry":{"type":"Polygon","coordinates":[[[-3.0192183271329593,38.12391856175921],[-3.0194142239564195,38.123919652244865],[-3.0194286827402523,38.1242191410158],[-3.0194411902169103,38.124478523215885],[-3.019389138595113,38.12447334403757],[-3.0193864907517427,38.124473089227706],[-3.0193649232754063,38.12447101973572],[-3.019332178530525,38.12435807190735],[-3.019292806214411,38.12423014645532],[-3.019258074120168,38.1240930771846],[-3.019226861587278,38.123988766907985],[-3.0192183271329593,38.12391856175921]]]},"properties":{"dn_surface":761.825195210363,"provincia":23,"municipio":97,"agregado":0,"zona":0,"poligono":22,"parcela":112,"recinto":2,"uso_sigpac":"OV","idPanel":"23:97:0:0:22:112:2"},"id":1112595764},{"type":"Feature","geometry":{"type":"Polygon","coordinates":[[[-3.0196109857923377,38.123846163066275],[-3.019605038831683,38.123861044298025],[-3.019553502696961,38.12386299141423],[-3.0195351035802127,38.123886257902484],[-3.019530207710278,38.123931816063475],[-3.019514262814925,38.12395605149976],[-3.01948972982107,38.12398416524286],[-3.019455383294396,38.124022943282],[-3.0194443476800235,38.12404911661443],[-3.0194603085009932,38.12408594753734],[-3.019522900366658,38.124129556067544],[-3.0196063547905596,38.12418867028137],[-3.0195904065424446,38.124201274149925],[-3.0195364228918504,38.124225516291744],[-3.0194812171597016,38.124271082834696],[-3.0194824576814447,38.12432245636046],[-3.01950087188562,38.12435540981474],[-3.0194824769598227,38.124395154287384],[-3.01951438854348,38.124427136279024],[-3.0195403296971524,38.12449456031217],[-3.0194411902169103,38.124478523215885],[-3.0194286827402523,38.1242191410158],[-3.0194142239564195,38.123919652244865],[-3.0193944594275623,38.12382385127688],[-3.0196109857923377,38.123846163066275]]]},"properties":{"dn_surface":558.273356686908,"provincia":23,"municipio":97,"agregado":0,"zona":0,"poligono":22,"parcela":120,"recinto":2,"uso_sigpac":"OV","idPanel":"23:97:0:0:22:120:2"},"id":1112595752},{"type":"Feature","geometry":{"type":"Polygon","coordinates":[[[-3.0198731683864093,38.12336350623079],[-3.019867473721056,38.12339757447825],[-3.0198272682437155,38.123639479570954],[-3.019490013967604,38.12363303975437],[-3.0191687330853187,38.12362578437856],[-3.018842889932864,38.123627632588295],[-3.0181347372574945,38.123661524815816],[-3.018163562624219,38.123507314552086],[-3.018069666024725,38.123507146913994],[-3.0180549759003505,38.123175032421216],[-3.0181389474877087,38.123179527636154],[-3.0181383750036876,38.12317186741436],[-3.0181324221757007,38.123092557003645],[-3.0185493087276405,38.12310178464139],[-3.0185822370362123,38.12336431843724],[-3.0191422026838186,38.12340182410341],[-3.019149154634723,38.12337433481213],[-3.0198493268996076,38.12337423422929],[-3.0198731683864093,38.12336350623079]]]},"properties":{"dn_surface":5699.22691304229,"provincia":23,"municipio":97,"agregado":0,"zona":0,"poligono":22,"parcela":125,"recinto":2,"uso_sigpac":"OV","idPanel":"23:97:0:0:22:125:2"},"id":1112595746},{"type":"Feature","geometry":{"type":"Polygon","coordinates":[[[-3.0165724518342287,38.12345136953601],[-3.016785689140003,38.123466033676465],[-3.0173620799660434,38.123505526692014],[-3.018069666024725,38.123507146913994],[-3.018163562624219,38.123507314552086],[-3.0181347372574945,38.123661524815816],[-3.018842889932864,38.123627632588295],[-3.0191687330853187,38.12362578437856],[-3.019490013967604,38.12363303975437],[-3.0198272682437155,38.123639479570954],[-3.0198023463295303,38.12386588149465],[-3.0193944594275623,38.12382385127688],[-3.0194142239564195,38.123919652244865],[-3.019098646959581,38.12391789455967],[-3.0186550573389264,38.12390632920898],[-3.0167857788263723,38.1238378063083],[-3.016733639194586,38.12383591954176],[-3.0166359430781573,38.123839916871646],[-3.016539230997219,38.12384387480657],[-3.0165724518342287,38.12345136953601]]]},"properties":{"dn_surface":9840.759993377367,"provincia":23,"municipio":97,"agregado":0,"zona":0,"poligono":22,"parcela":123,"recinto":1,"uso_sigpac":"OV","idPanel":"23:97:0:0:22:123:1"},"id":1328609613},{"type":"Feature","geometry":{"type":"Polygon","coordinates":[[[-3.019461611887015,38.124883999482336],[-3.0194309072974863,38.12524486977205],[-3.0193274762825646,38.12543108633497],[-3.019138579186862,38.12558531922983],[-3.0187879222467795,38.12540998153972],[-3.018571496464848,38.1254466926014],[-3.018358301906783,38.125623279195196],[-3.0181791194374332,38.12584888902896],[-3.0180791090774,38.12603609800925],[-3.017912077853803,38.126046844447956],[-3.017591594090557,38.12607752724455],[-3.0173815377172257,38.12603753802031],[-3.0167862834169736,38.12592531522665],[-3.016325716250432,38.12583846445534],[-3.016098497929334,38.1257956161638],[-3.0161655078964236,38.125464664241065],[-3.0165247956827157,38.12454965707957],[-3.016687981288909,38.12421950395225],[-3.016692542720887,38.12421030984211],[-3.016733639194586,38.12383591954176],[-3.0167857788263723,38.1238378063083],[-3.0186550573389264,38.12390632920898],[-3.019098646959581,38.12391789455967],[-3.0192183271329593,38.12391856175921],[-3.019226861587278,38.123988766907985],[-3.019258074120168,38.1240930771846],[-3.019292806214411,38.12423014645532],[-3.019332178530525,38.12435807190735],[-3.0193649232754063,38.12447101973572],[-3.0193864907517427,38.124473089227706],[-3.019389138595113,38.12447334403757],[-3.0194411902169103,38.124478523215885],[-3.019461611887015,38.124883999482336]]]},"properties":{"dn_surface":55382.2103998553,"provincia":23,"municipio":97,"agregado":0,"zona":0,"poligono":22,"parcela":112,"recinto":1,"uso_sigpac":"OV","idPanel":"23:97:0:0:22:112:1"},"id":1112595765},{"type":"Feature","geometry":{"type":"Polygon","coordinates":[[[-3.0165724518342287,38.12345136953601],[-3.016539023964197,38.123451373726965],[-3.016576813776899,38.12308329248552],[-3.016607392637872,38.12309689799156],[-3.0180549759003505,38.123175032421216],[-3.018069666024725,38.123507146913994],[-3.0173620799660434,38.123505526692014],[-3.016785689140003,38.123466033676465],[-3.0165724518342287,38.12345136953601]]]},"properties":{"dn_surface":5217.414966997188,"provincia":23,"municipio":97,"agregado":0,"zona":0,"poligono":22,"parcela":124,"recinto":2,"uso_sigpac":"OV","idPanel":"23:97:0:0:22:124:2"},"id":1328609615},{"type":"Feature","geometry":{"type":"Polygon","coordinates":[[[-3.0173815377172257,38.12603753802031],[-3.0173693663549046,38.12605618272687],[-3.0172946316253917,38.12617066611995],[-3.0173704903681866,38.12655712133244],[-3.016971595572477,38.1264774982767],[-3.0169373412467446,38.12638295878517],[-3.0161963767712634,38.12621280111151],[-3.016150943500605,38.1261232203542],[-3.0159973685851615,38.1260901654789],[-3.016068054017011,38.12587934719053],[-3.016098497929334,38.1257956161638],[-3.016325716250432,38.12583846445534],[-3.0167862834169736,38.12592531522665],[-3.0173815377172257,38.12603753802031]]]},"properties":{"dn_surface":5448.99487725461,"provincia":23,"municipio":97,"agregado":0,"zona":0,"poligono":22,"parcela":110,"recinto":1,"uso_sigpac":"OV","idPanel":"23:97:0:0:22:110:1"},"id":1112595767},{"type":"Feature","geometry":{"type":"Polygon","coordinates":[[[-3.018549139413186,38.12246422938787],[-3.0185426602016485,38.12255444716985],[-3.0185418840373686,38.12263925610941],[-3.018095347339383,38.122671670607275],[-3.018090761599884,38.12258533029396],[-3.017689286854224,38.12259872206144],[-3.017178061138276,38.12261582114493],[-3.016866944990572,38.12262622476376],[-3.0168343108868187,38.12257681679438],[-3.0170710560796286,38.12250658230897],[-3.017029640255399,38.12235293866189],[-3.0169665806795107,38.12226758406047],[-3.016894503851652,38.12218935407711],[-3.016865670103024,38.12215236976533],[-3.016850960700271,38.1221089012129],[-3.018074996915459,38.122066834114776],[-3.018226960829018,38.12206158704305],[-3.018512176056187,38.12204063982759],[-3.018526022961051,38.1221991701245],[-3.018549139413186,38.12246422938787]]]},"properties":{"dn_surface":8281.34898832165,"provincia":23,"municipio":97,"agregado":0,"zona":0,"poligono":22,"parcela":137,"recinto":1,"uso_sigpac":"OV","idPanel":"23:97:0:0:22:137:1"},"id":1112595732},{"type":"Feature","geometry":{"type":"Polygon","coordinates":[[[-3.016850960700271,38.1221089012129],[-3.016865670103024,38.12215236976533],[-3.016894503851652,38.12218935407711],[-3.0169665806795107,38.12226758406047],[-3.017029640255399,38.12235293866189],[-3.0170710560796286,38.12250658230897],[-3.0168343108868187,38.12257681679438],[-3.016785456123081,38.12250285236183],[-3.0166029628017816,38.12222663678463],[-3.0166266710163154,38.12213380301051],[-3.016785362245759,38.122116209394704],[-3.016850960700271,38.1221089012129]]]},"properties":{"dn_surface":1254.64950082334,"provincia":23,"municipio":97,"agregado":0,"zona":0,"poligono":22,"parcela":137,"recinto":2,"uso_sigpac":"OV","idPanel":"23:97:0:0:22:137:2"},"id":1112595731},{"type":"Feature","geometry":{"type":"Polygon","coordinates":[[[-3.0193762145378416,38.1222142843732],[-3.019338744913861,38.12245150230538],[-3.018549139413186,38.12246422938787],[-3.018526022961051,38.1221991701245],[-3.019090631345101,38.12214051104803],[-3.019134463672159,38.12222378190822],[-3.0193762145378416,38.1222142843732]]]},"properties":{"dn_surface":2186.69361132977,"provincia":23,"municipio":97,"agregado":0,"zona":0,"poligono":22,"parcela":133,"recinto":1,"uso_sigpac":"OV","idPanel":"23:97:0:0:22:133:1"},"id":1112595736},{"type":"Feature","geometry":{"type":"Polygon","coordinates":[[[-3.0199573822107837,38.122216453609866],[-3.019939753390983,38.12240842602603],[-3.0199096112271913,38.12273081248139],[-3.019902148818352,38.12296658453519],[-3.0198493268996076,38.12337423422929],[-3.019149154634723,38.12337433481213],[-3.0191836864014676,38.123238689626845],[-3.0192188015487074,38.12314954891946],[-3.0193181086670227,38.12291268302724],[-3.019327892863178,38.12281435323891],[-3.0192824855764195,38.122813728787065],[-3.019338744913861,38.12245150230538],[-3.0193762145378416,38.1222142843732],[-3.0194535660976807,38.12221120905275],[-3.0199329171103484,38.122216198800004],[-3.0199573822107837,38.122216453609866]]]},"properties":{"dn_surface":7001.077245573888,"provincia":23,"municipio":97,"agregado":0,"zona":0,"poligono":22,"parcela":127,"recinto":1,"uso_sigpac":"OV","idPanel":"23:97:0:0:22:127:1"},"id":1331440551},{"type":"Feature","geometry":{"type":"Polygon","coordinates":[[[-3.019338744913861,38.12245150230538],[-3.0192824855764195,38.122813728787065],[-3.0189113508074787,38.122808734010675],[-3.0189048221427095,38.122715363794725],[-3.01853791520598,38.122731456211625],[-3.0185418840373686,38.12263925610941],[-3.0185426602016485,38.12255444716985],[-3.018549139413186,38.12246422938787],[-3.019338744913861,38.12245150230538]]]},"properties":{"dn_surface":2324.81269647646,"provincia":23,"municipio":97,"agregado":0,"zona":0,"poligono":22,"parcela":132,"recinto":1,"uso_sigpac":"OV","idPanel":"23:97:0:0:22:132:1"},"id":1112595737},{"type":"Feature","geometry":{"type":"Polygon","coordinates":[[[-3.0185418840373686,38.12263925610941],[-3.01853791520598,38.122731456211625],[-3.0189048221427095,38.122715363794725],[-3.0189113508074787,38.122808734010675],[-3.0192824855764195,38.122813728787065],[-3.019327892863178,38.12281435323891],[-3.0193181086670227,38.12291268302724],[-3.0192188015487074,38.12314954891946],[-3.0191836864014676,38.123238689626845],[-3.019149154634723,38.12337433481213],[-3.0191422026838186,38.12340182410341],[-3.0185822370362123,38.12336431843724],[-3.0185493087276405,38.12310178464139],[-3.0181324221757007,38.123092557003645],[-3.0181383750036876,38.12317186741436],[-3.0181389474877087,38.123179527636154],[-3.0180549759003505,38.123175032421216],[-3.016607392637872,38.12309689799156],[-3.0166177493180486,38.122992169457945],[-3.016651223288549,38.12270799610141],[-3.016785493003457,38.12265705843461],[-3.016866944990572,38.12262622476376],[-3.017178061138276,38.12261582114493],[-3.017689286854224,38.12259872206144],[-3.018090761599884,38.12258533029396],[-3.018095347339383,38.122671670607275],[-3.0185418840373686,38.12263925610941]]]},"properties":{"dn_surface":13518.539540146921,"provincia":23,"municipio":97,"agregado":0,"zona":0,"poligono":22,"parcela":126,"recinto":2,"uso_sigpac":"OV","idPanel":"23:97:0:0:22:126:2"},"id":1328609614},{"type":"Feature","geometry":{"type":"Polygon","coordinates":[[[-3.0206960072969493,38.12188152279745],[-3.02065776318507,38.122187237646415],[-3.02063559304986,38.12218825101854],[-3.02000689663034,38.12221698669893],[-3.020123723603709,38.12181870042943],[-3.020237896028185,38.12183123388999],[-3.0206947282184498,38.12188138281965],[-3.0206960072969493,38.12188152279745]]]},"properties":{"dn_surface":2106.0883983027165,"provincia":23,"municipio":97,"agregado":0,"zona":0,"poligono":22,"parcela":130,"recinto":1,"uso_sigpac":"OV","idPanel":"23:97:0:0:22:130:1"},"id":1329867624},{"type":"Feature","geometry":{"type":"Polygon","coordinates":[[[-3.0206960072969493,38.12188152279745],[-3.020933036636295,38.12189687844497],[-3.0209735882862567,38.12189950533357],[-3.021492126374967,38.12193505298703],[-3.021493961173681,38.121935178715574],[-3.021495360113403,38.12193527510752],[-3.0214959409793285,38.12193531450245],[-3.021503208928001,38.12193581322572],[-3.0215105833268514,38.12193631865449],[-3.0215313930790955,38.12193774525451],[-3.021531283276157,38.121938271638044],[-3.0215310418773313,38.12193943085535],[-3.0215305708143454,38.121941691454765],[-3.021519706190807,38.121993820190056],[-3.021518009693504,38.12200195901852],[-3.0215169007676477,38.12200728068919],[-3.0214835474965596,38.12206980298501],[-3.021421607743001,38.12218590995289],[-3.02134361077658,38.12229780752867],[-3.0212667260887756,38.12240811086642],[-3.021258588098501,38.122419786858245],[-3.0212583550815792,38.122420121296216],[-3.0212468919901188,38.122436566591205],[-3.021236381082915,38.12245164563592],[-3.0212149007783764,38.12248246254293],[-3.0211746383040925,38.12254022559392],[-3.0211725813849317,38.122543176862195],[-3.021145408929611,38.122643556864176],[-3.0211357135816344,38.12267937609133],[-3.0211342844670583,38.12271807114962],[-3.0211330062267487,38.12275266661882],[-3.021132662568698,38.12276198561935],[-3.0211662480185177,38.122949904546914],[-3.021167831360121,38.12295876254268],[-3.0211678573440226,38.12295890754962],[-3.0211678581822126,38.1229589100642],[-3.0211678581822126,38.1229589117406],[-3.0212036019722284,38.12307066347125],[-3.021204262466237,38.123071499147045],[-3.0212072196018522,38.123075239152456],[-3.0212129503093927,38.123082487822785],[-3.021196932491478,38.12307483849747],[-3.0211809272464167,38.12306719503951],[-3.0211510885075374,38.12303186196277],[-3.0211245614588003,38.122970350524525],[-3.0211079678041024,38.122878752243025],[-3.0211023259447414,38.122878600530555],[-3.0211023024754113,38.122800030241905],[-3.02110230163722,38.12279641428867],[-3.02110230079903,38.12279465157434],[-3.0211022999608397,38.12279163492718],[-3.0210918829309574,38.122791721260825],[-3.0210916633250804,38.122791722937166],[-3.0210914386900622,38.12279172461356],[-3.0210851187346948,38.12279175562662],[-3.0210847666947402,38.12278129584902],[-3.0210840777022585,38.122760823049305],[-3.0210840559093093,38.12276019608291],[-3.020989363028965,38.12276219349056],[-3.0209895792820802,38.12276863079259],[-3.0209903554463593,38.12279165169102],[-3.020990372210167,38.12279214203235],[-3.020966700037819,38.12279165588197],[-3.020963357334635,38.12284886908003],[-3.0209629130937405,38.12285646727571],[-3.0209625602155956,38.122862508113684],[-3.0209602761468455,38.12290161053252],[-3.021000296384114,38.12290160382696],[-3.021065308943558,38.12290159376872],[-3.021070072379415,38.122931985713194],[-3.0210748567700296,38.122962507577256],[-3.0211196245175373,38.12306327817595],[-3.0211952385087453,38.12312402686101],[-3.0211955285226124,38.12312425903971],[-3.0212140868955304,38.12313916960818],[-3.0212340249297935,38.123155130429126],[-3.0213156344966965,38.12322045898634],[-3.0213350545293123,38.12323600490308],[-3.0213738166428397,38.123250472068804],[-3.021373992662816,38.12325061288482],[-3.0213911219211584,38.12326429801891],[-3.021507622000284,38.12335737905917],[-3.021424196913045,38.123361647962724],[-3.021317087080603,38.12337273889767],[-3.0212776150198346,38.12337682591391],[-3.021263064035062,38.12337833214198],[-3.021249051168504,38.123379783887685],[-3.021235175765167,38.12338122054601],[-3.0212105229100894,38.123383772835666],[-3.021129268735901,38.12339218659059],[-3.0208897818223996,38.12341698361436],[-3.020868803593892,38.123416670131206],[-3.020793106621838,38.12341554025059],[-3.020440869692914,38.12341028144422],[-3.0204300888884115,38.123410120511664],[-3.0203888792590123,38.123409505279966],[-3.0203728069587235,38.123409265557484],[-3.020377772398458,38.123343771038606],[-3.0203794010023417,38.12332229408679],[-3.020380804133016,38.12330378097616],[-3.0203810011077517,38.12330118258606],[-3.020383980874507,38.1232618815161],[-3.020394457415906,38.123123689908425],[-3.020399914035196,38.12305171701621],[-3.0204016205907833,38.12302920825209],[-3.020404720218761,38.122988320487764],[-3.0204107442929287,38.12296832545658],[-3.0204131775595653,38.122960247816025],[-3.020413263893173,38.122959960316734],[-3.0204143066019897,38.12295649942868],[-3.0204149277010517,38.12295443915676],[-3.020418716321511,38.12294186211031],[-3.0204348883664545,38.12288818188463],[-3.0204354382193346,38.12288635714418],[-3.02046079347794,38.12280219528762],[-3.020539101412987,38.12254226407288],[-3.0205894548611014,38.12239161108906],[-3.020641689208399,38.1222353304951],[-3.02065776318507,38.122187237646415],[-3.0206653362350364,38.12212670186173],[-3.0206653974229334,38.12212621235852],[-3.0206660528878007,38.12212097366876],[-3.0206960072969493,38.12188152279745]]]},"properties":{"dn_surface":10964.830803650138,"provincia":23,"municipio":97,"agregado":0,"zona":0,"poligono":22,"parcela":129,"recinto":2,"uso_sigpac":"OV","idPanel":"23:97:0:0:22:129:2"},"id":1329867620},{"type":"Feature","geometry":{"type":"Polygon","coordinates":[[[-3.02065776318507,38.122187237646415],[-3.020539101412987,38.12254226407288],[-3.0199763831482156,38.12243437639978],[-3.019939753390983,38.12240842602603],[-3.0199573822107837,38.122216453609866],[-3.02000689663034,38.12221698669893],[-3.02063559304986,38.12218825101854],[-3.02065776318507,38.122187237646415]]]},"properties":{"dn_surface":1806.1595765791662,"provincia":23,"municipio":97,"agregado":0,"zona":0,"poligono":22,"parcela":800,"recinto":1,"uso_sigpac":"OV","idPanel":"23:97:0:0:22:800:1"},"id":1331440552},{"type":"Feature","geometry":{"type":"Polygon","coordinates":[[[-3.020539101412987,38.12254226407288],[-3.020404720218761,38.122988320487764],[-3.0203728069587235,38.123409265557484],[-3.0203684651326217,38.1234665374289],[-3.0198731683864093,38.12336350623079],[-3.0198493268996076,38.12337423422929],[-3.019902148818352,38.12296658453519],[-3.0199096112271913,38.12273081248139],[-3.019939753390983,38.12240842602603],[-3.0199763831482156,38.12243437639978],[-3.0204596158204744,38.122527024933845],[-3.020539101412987,38.12254226407288]]]},"properties":{"dn_surface":4913.9991455078125,"provincia":23,"municipio":97,"agregado":0,"zona":0,"poligono":22,"parcela":128,"recinto":1,"uso_sigpac":"OV","idPanel":"23:97:0:0:22:128:1"},"id":1316639468},{"type":"Feature","geometry":{"type":"Polygon","coordinates":[[[-3.021507622000284,38.12335737905917],[-3.021509452608046,38.12335884170139],[-3.0208928185861006,38.12344725988865],[-3.0203684651326217,38.1234665374289],[-3.0203728069587235,38.123409265557484],[-3.0203888792590123,38.123409505279966],[-3.0204300888884115,38.123410120511664],[-3.020440869692914,38.12341028144422],[-3.020793106621838,38.12341554025059],[-3.020868803593892,38.123416670131206],[-3.0208897818223996,38.12341698361436],[-3.021129268735901,38.12339218659059],[-3.0212105229100894,38.123383772835666],[-3.021235175765167,38.12338122054601],[-3.021249051168504,38.123379783887685],[-3.021263064035062,38.12337833214198],[-3.0212776150198346,38.12337682591391],[-3.021317087080603,38.12337273889767],[-3.021424196913045,38.123361647962724],[-3.021507622000284,38.12335737905917]]]},"properties":{"dn_surface":329.98276514433206,"provincia":23,"municipio":97,"agregado":0,"zona":0,"poligono":22,"parcela":129,"recinto":4,"uso_sigpac":"OV","idPanel":"23:97:0:0:22:129:4"},"id":1329867630},{"type":"Feature","geometry":{"type":"Polygon","coordinates":[[[-3.019676474443911,38.12132244060248],[-3.020074555356774,38.12133228263377],[-3.020058791510539,38.12179022877902],[-3.020047347697457,38.12183050131159],[-3.0199412302824102,38.12219437232281],[-3.0199329171103484,38.122216198800004],[-3.0194535660976807,38.12221120905275],[-3.019507233750506,38.121967769233464],[-3.019748859725824,38.121921319237885],[-3.0197135677204168,38.12178478305623],[-3.0196937705021365,38.12157163627501],[-3.019676474443911,38.12132244060248]]]},"properties":{"dn_surface":3419.6313113922884,"provincia":23,"municipio":97,"agregado":0,"zona":0,"poligono":22,"parcela":131,"recinto":2,"uso_sigpac":"OV","idPanel":"23:97:0:0:22:131:2"},"id":1331440549},{"type":"Feature","geometry":{"type":"Polygon","coordinates":[[[-3.019676474443911,38.12132244060248],[-3.0196937705021365,38.12157163627501],[-3.0191265310385247,38.121584695280944],[-3.018087224436534,38.12170515497135],[-3.0181409926722047,38.12183096483088],[-3.018074996915459,38.122066834114776],[-3.016850960700271,38.1221089012129],[-3.016785313630719,38.12191243274361],[-3.0167696721602777,38.12186565920655],[-3.0167852700448194,38.12173217990514],[-3.016789595945304,38.12169513775828],[-3.0168454445694652,38.12146260363386],[-3.018541009804815,38.121378657192224],[-3.019676474443911,38.12132244060248]],[[-3.018273523980291,38.121602397861466],[-3.018248693428856,38.12160271721203],[-3.0182465946001766,38.1216536188366],[-3.0183479980326,38.121651101750956],[-3.0183479896506955,38.12162022784696],[-3.0183152432294333,38.121616059526275],[-3.0183143622913575,38.12160427121694],[-3.018273523980291,38.121602397861466]],[[-3.018070458952812,38.12174946087595],[-3.0179848168520516,38.12175633655153],[-3.0179885501519474,38.12179261510701],[-3.0180704673347156,38.12178181921507],[-3.0180704673347156,38.121780838532345],[-3.018070458952812,38.12174946087595]]]},"properties":{"dn_surface":12226.836618518499,"provincia":23,"municipio":97,"agregado":0,"zona":0,"poligono":22,"parcela":138,"recinto":1,"uso_sigpac":"OV","idPanel":"23:97:0:0:22:138:1"},"id":1329867622},{"type":"Feature","geometry":{"type":"Polygon","coordinates":[[[-3.0197135677204168,38.12178478305623],[-3.0190846039181714,38.12179388496543],[-3.0181409926722047,38.12183096483088],[-3.018087224436534,38.12170515497135],[-3.0191265310385247,38.121584695280944],[-3.0196937705021365,38.12157163627501],[-3.0197135677204168,38.12178478305623]]]},"properties":{"dn_surface":2846.742190997397,"provincia":23,"municipio":97,"agregado":0,"zona":0,"poligono":22,"parcela":136,"recinto":1,"uso_sigpac":"OV","idPanel":"23:97:0:0:22:136:1"},"id":1331440553},{"type":"Feature","geometry":{"type":"Polygon","coordinates":[[[-3.018512176056187,38.12204063982759],[-3.018226960829018,38.12206158704305],[-3.018074996915459,38.122066834114776],[-3.0181409926722047,38.12183096483088],[-3.0190846039181714,38.12179388496543],[-3.0197135677204168,38.12178478305623],[-3.019748859725824,38.121921319237885],[-3.019507233750506,38.121967769233464],[-3.018512176056187,38.12204063982759]]]},"properties":{"dn_surface":3240.2725741458544,"provincia":23,"municipio":97,"agregado":0,"zona":0,"poligono":22,"parcela":135,"recinto":1,"uso_sigpac":"OV","idPanel":"23:97:0:0:22:135:1"},"id":1331440554},{"type":"Feature","geometry":{"type":"Polygon","coordinates":[[[-3.019507233750506,38.121967769233464],[-3.0194535660976807,38.12221120905275],[-3.0193762145378416,38.1222142843732],[-3.019134463672159,38.12222378190822],[-3.019090631345101,38.12214051104803],[-3.018526022961051,38.1221991701245],[-3.018512176056187,38.12204063982759],[-3.019507233750506,38.121967769233464]]]},"properties":{"dn_surface":1707.4146701088462,"provincia":23,"municipio":97,"agregado":0,"zona":0,"poligono":22,"parcela":134,"recinto":1,"uso_sigpac":"OV","idPanel":"23:97:0:0:22:134:1"},"id":1331440555},{"type":"Feature","geometry":{"type":"Polygon","coordinates":[[[-3.0191770345227145,38.11646180400024],[-3.0192784019129517,38.11710989027753],[-3.0192772896343336,38.11721443692383],[-3.019276620758421,38.11727247909221],[-3.019152505719811,38.11728925966332],[-3.0192079109412675,38.11756887326425],[-3.0192146516681997,38.11760289205853],[-3.0190172016779893,38.11769295561348],[-3.018771043607356,38.11780465621456],[-3.0187626457780685,38.1177507823669],[-3.018679050538185,38.11721451990468],[-3.0186397394099673,38.11696244085729],[-3.0186269326993482,38.11685284914316],[-3.01806865265257,38.11652035578837],[-3.0191770345227145,38.11646180400024]]]},"properties":{"dn_surface":7583.69041231384,"provincia":23,"municipio":97,"agregado":0,"zona":0,"poligono":22,"parcela":802,"recinto":1,"uso_sigpac":"OV","idPanel":"23:97:0:0:22:802:1"},"id":1112596035},{"type":"Feature","geometry":{"type":"Polygon","coordinates":[[[-3.01749589035263,38.11618119462915],[-3.01806865265257,38.11652035578837],[-3.0186269326993482,38.11685284914316],[-3.0186397394099673,38.11696244085729],[-3.018679050538185,38.11721451990468],[-3.018771043607356,38.11780465621456],[-3.0181701382276493,38.11809746796101],[-3.0181407051729083,38.11809954499674],[-3.0179011294112286,38.11808371409529],[-3.01773731600045,38.11811437845168],[-3.0177134745136485,38.118121051285186],[-3.0175624309331135,38.1172146674262],[-3.01741013341979,38.11630008271263],[-3.01749589035263,38.11618119462915]]]},"properties":{"dn_surface":16521.800201439553,"provincia":23,"municipio":97,"agregado":0,"zona":0,"poligono":22,"parcela":159,"recinto":1,"uso_sigpac":"OV","idPanel":"23:97:0:0:22:159:1"},"id":1349632660},{"type":"Feature","geometry":{"type":"Polygon","coordinates":[[[-3.0177134745136485,38.118121051285186],[-3.0175568527762207,38.11816766724246],[-3.0174532742397946,38.118194808684734],[-3.0173299512910807,38.11819176018636],[-3.017110791332173,38.11815474569974],[-3.016943433214333,38.11815152201959],[-3.016961656311104,38.11802732567651],[-3.0168243037320255,38.11803392139652],[-3.0167863446048706,38.11721476549448],[-3.016784739470317,38.11717961681961],[-3.016784168662677,38.117177363763886],[-3.0167254752204107,38.11694331167675],[-3.016605139582165,38.11654577810219],[-3.0167840027009842,38.11649122951127],[-3.01741013341979,38.11630008271263],[-3.0175624309331135,38.1172146674262],[-3.0177134745136485,38.118121051285186]]]},"properties":{"dn_surface":13792.164248669635,"provincia":23,"municipio":97,"agregado":0,"zona":0,"poligono":22,"parcela":174,"recinto":1,"uso_sigpac":"OV","idPanel":"23:97:0:0:22:174:1"},"id":1349632662},{"type":"Feature","geometry":{"type":"Polygon","coordinates":[[[-3.016784739470317,38.11717961681961],[-3.0167863446048706,38.11721476549448],[-3.0168243037320255,38.11803392139652],[-3.016961656311104,38.11802732567651],[-3.016943433214333,38.11815152201959],[-3.0167844025177892,38.11814487265542],[-3.0166339272303238,38.11813858203675],[-3.016356364681206,38.11812707955028],[-3.0160573654134493,38.11815956026524],[-3.016001924149807,38.11817056235199],[-3.015361506476194,38.11833024935157],[-3.0153263385229603,38.118285361742835],[-3.0151602100303894,38.118073320534734],[-3.01504315255467,38.11802890063623],[-3.0150818459365873,38.11759737089858],[-3.015050086065387,38.11738701864405],[-3.016490649483541,38.11721480153665],[-3.016784739470317,38.11717961681961]],[[-3.015386710860533,38.118085927756056],[-3.01532213583646,38.118047689511485],[-3.015244671120922,38.11811940675568],[-3.015309247821375,38.11816242519987],[-3.015386710860533,38.118085927756056]]]},"properties":{"dn_surface":15367.3862326825,"provincia":23,"municipio":97,"agregado":0,"zona":0,"poligono":22,"parcela":173,"recinto":1,"uso_sigpac":"OV","idPanel":"23:97:0:0:22:173:1"},"id":1112595680},{"type":"Feature","geometry":{"type":"Polygon","coordinates":[[[-3.016784739470317,38.11717961681961],[-3.016490649483541,38.11721480153665],[-3.015050086065387,38.11738701864405],[-3.0150258640401577,38.117218484545106],[-3.0150252932325174,38.11721496917471],[-3.014988627433099,38.1170035364928],[-3.016605139582165,38.11654577810219],[-3.0167254752204107,38.11694331167675],[-3.016784168662677,38.117177363763886],[-3.016784739470317,38.11717961681961]]]},"properties":{"dn_surface":8698.000887839833,"provincia":23,"municipio":97,"agregado":0,"zona":0,"poligono":22,"parcela":175,"recinto":1,"uso_sigpac":"OV","idPanel":"23:97:0:0:22:175:1"},"id":1349632665},{"type":"Feature","geometry":{"type":"Polygon","coordinates":[[[-3.018860057747964,38.11523360449351],[-3.0188615421831035,38.11527067681527],[-3.0188551358941282,38.11530738787695],[-3.0188658647308273,38.115391798676086],[-3.018782617339946,38.115400995300774],[-3.018778720592929,38.115409114012664],[-3.0187728490694075,38.115416452369345],[-3.018765238300874,38.11542271616594],[-3.0187561967413843,38.11542765143082],[-3.0187460890037467,38.11543105867466],[-3.018735322448482,38.11543280127242],[-3.0186531471030804,38.115439407888914],[-3.018649736506476,38.11544343874638],[-3.0186354503898585,38.115445250075766],[-3.0185574022938253,38.115465386761144],[-3.018290799083757,38.11555724488167],[-3.0181191376965724,38.11560789169641],[-3.01805760111258,38.11559433312908],[-3.0179313118081574,38.1156084063453],[-3.017931312646348,38.11561121847399],[-3.0177284990759783,38.115689964782575],[-3.0175410428295164,38.11596832193618],[-3.017506604101902,38.11598519470829],[-3.017380354192427,38.11615951986445],[-3.017384181369643,38.11615951902624],[-3.0174722064456168,38.11617075412994],[-3.017473929765012,38.11617164093536],[-3.0173960141030562,38.11628655180553],[-3.017197337002148,38.11632749069943],[-3.016746860809437,38.11647320338923],[-3.0165899331325248,38.11651717653231],[-3.014984875693016,38.11698211067065],[-3.014959729982002,38.11683851776428],[-3.014962767583892,38.11664537607257],[-3.0167838954126167,38.116048076587816],[-3.0168610055736305,38.11602278754626],[-3.017007168371657,38.116022769106024],[-3.017103368318281,38.11598913252661],[-3.017217438483532,38.115957573821106],[-3.0172227048336087,38.115956347548604],[-3.0173182560208884,38.115938159655826],[-3.017370119888045,38.11585581751052],[-3.0174549615170037,38.11582799294308],[-3.0177388314486344,38.11555415195923],[-3.0187465189954055,38.11526606425366],[-3.018860057747964,38.11523360449351]]]},"properties":{"dn_surface":11258.396266742973,"provincia":23,"municipio":97,"agregado":0,"zona":0,"poligono":22,"parcela":176,"recinto":4,"uso_sigpac":"OV","idPanel":"23:97:0:0:22:176:4"},"id":1349632654},{"type":"Feature","geometry":{"type":"Polygon","coordinates":[[[-3.0188615421831035,38.11527067681527],[-3.01886381703176,38.11532750528394],[-3.0188790419215885,38.11541183980776],[-3.017885228939964,38.115695000630325],[-3.01749589035263,38.11618119462915],[-3.01741013341979,38.11630008271263],[-3.0167840027009842,38.11649122951127],[-3.016605139582165,38.11654577810219],[-3.014988627433099,38.1170035364928],[-3.014984875693016,38.11698211067065],[-3.0165899331325248,38.11651717653231],[-3.016746860809437,38.11647320338923],[-3.017197337002148,38.11632749069943],[-3.0173960141030562,38.11628655180553],[-3.017473929765012,38.11617164093536],[-3.0174722064456168,38.11617075412994],[-3.017384181369643,38.11615951902624],[-3.017380354192427,38.11615951986445],[-3.017506604101902,38.11598519470829],[-3.0175410428295164,38.11596832193618],[-3.0177284990759783,38.115689964782575],[-3.017931312646348,38.11561121847399],[-3.0179313118081574,38.1156084063453],[-3.01805760111258,38.11559433312908],[-3.0181191376965724,38.11560789169641],[-3.018290799083757,38.11555724488167],[-3.0185574022938253,38.115465386761144],[-3.0186354503898585,38.115445250075766],[-3.018649736506476,38.11544343874638],[-3.0186531471030804,38.115439407888914],[-3.018735322448482,38.11543280127242],[-3.0187460890037467,38.11543105867466],[-3.0187561967413843,38.11542765143082],[-3.018765238300874,38.11542271616594],[-3.0187728490694075,38.115416452369345],[-3.018778720592929,38.115409114012664],[-3.018782617339946,38.115400995300774],[-3.0188658647308273,38.115391798676086],[-3.0188551358941282,38.11530738787695],[-3.0188615421831035,38.11527067681527]]]},"properties":{"dn_surface":1758.8718158819997,"provincia":23,"municipio":97,"agregado":0,"zona":0,"poligono":22,"parcela":176,"recinto":2,"uso_sigpac":"OV","idPanel":"23:97:0:0:22:176:2"},"id":1349632652},{"type":"Feature","geometry":{"type":"Polygon","coordinates":[[[-3.0188957135279906,38.11507400969484],[-3.018860057747964,38.11523360449351],[-3.0187465189954055,38.11526606425366],[-3.0177388314486344,38.11555415195923],[-3.0174549615170037,38.11582799294308],[-3.017370119888045,38.11585581751052],[-3.0170328513626963,38.11596642846416],[-3.016912595352536,38.1160058678355],[-3.016880349330923,38.11601644328337],[-3.0168610055736305,38.11602278754626],[-3.0167838954126167,38.116048076587816],[-3.014962767583892,38.11664537607257],[-3.014951227378918,38.11656020754933],[-3.014922525226177,38.116245218123964],[-3.016783825004627,38.11575723877968],[-3.0168840926891027,38.11573090870564],[-3.0168500747330533,38.11563610015503],[-3.0182723882323432,38.11517536954136],[-3.0188957135279906,38.11507400969484]],[[-3.0172794872018383,38.11550628374553],[-3.0172762710654,38.11555416285569],[-3.0174118617683265,38.11557569093708],[-3.0174141491898387,38.11556463352977],[-3.017412670622031,38.115558799724795],[-3.017415072875623,38.115508660853436],[-3.0173998982772168,38.11550839514712],[-3.0172794872018383,38.11550628374553]],[[-3.017034162292431,38.1155853142007],[-3.016901815386225,38.115628421493085],[-3.016914739443495,38.115673904216976],[-3.0170438593167876,38.11563558550617],[-3.017034162292431,38.1155853142007]],[[-3.0164660695510253,38.115901380700706],[-3.016424121475912,38.11598038517195],[-3.0165177456635375,38.11600191912066],[-3.0165596945768414,38.11592530852113],[-3.0164660695510253,38.115901380700706]]]},"properties":{"dn_surface":11589.067289409319,"provincia":23,"municipio":97,"agregado":0,"zona":0,"poligono":22,"parcela":177,"recinto":1,"uso_sigpac":"OV","idPanel":"23:97:0:0:22:177:1"},"id":1349632656},{"type":"Feature","geometry":{"type":"Polygon","coordinates":[[[-3.019612974818079,38.118240390315066],[-3.019176684997331,38.118098052179704],[-3.019042765645996,38.117728101773736],[-3.0192381629079974,38.11763902895984],[-3.01945893051603,38.11771100939578],[-3.019606680008422,38.11816874096431],[-3.019612974818079,38.118240390315066]]]},"properties":{"dn_surface":1977.85612873628,"provincia":23,"municipio":97,"agregado":0,"zona":0,"poligono":22,"parcela":152,"recinto":1,"uso_sigpac":"OV","idPanel":"23:97:0:0:22:152:1"},"id":1112595709},{"type":"Feature","geometry":{"type":"Polygon","coordinates":[[[-3.0174018822738162,38.119797265219546],[-3.017502019200594,38.11968414388576],[-3.017570206825149,38.11954858503407],[-3.0176844672596137,38.11934731708678],[-3.017782527988853,38.11914830470968],[-3.0178677979330892,38.11889665984492],[-3.018090482482492,38.118437075875704],[-3.0185910992229634,38.11851893438512],[-3.018738952650961,38.118101718424384],[-3.018313875302754,38.11807500781194],[-3.018797292376893,38.11783953163936],[-3.019042765645996,38.117728101773736],[-3.019176684997331,38.118098052179704],[-3.018697885513925,38.1185350519477],[-3.018346476717083,38.11884071901983],[-3.017631631091632,38.1197356791823],[-3.017540742757365,38.1198779108675],[-3.0174018822738162,38.119797265219546]]]},"properties":{"dn_surface":7423.407951675701,"provincia":23,"municipio":97,"agregado":0,"zona":0,"poligono":22,"parcela":150,"recinto":1,"uso_sigpac":"OV","idPanel":"23:97:0:0:22:150:1"},"id":1329867651},{"type":"Feature","geometry":{"type":"Polygon","coordinates":[[[-3.018313875302754,38.11807500781194],[-3.018738952650961,38.118101718424384],[-3.0185910992229634,38.11851893438512],[-3.018090482482492,38.118437075875704],[-3.018119895420664,38.118357400013934],[-3.018137446288761,38.11828926184262],[-3.0181868039667186,38.11813694169817],[-3.018313875302754,38.11807500781194]]]},"properties":{"dn_surface":2006.20334686972,"provincia":23,"municipio":97,"agregado":0,"zona":0,"poligono":22,"parcela":818,"recinto":1,"uso_sigpac":"OV","idPanel":"23:97:0:0:22:818:1"},"id":1112596006},{"type":"Feature","geometry":{"type":"Polygon","coordinates":[[[-3.019612974818079,38.118240390315066],[-3.0195840312665116,38.1183604434832],[-3.0195601059606734,38.118474456651484],[-3.0195362896195816,38.11856990474132],[-3.018697885513925,38.1185350519477],[-3.019176684997331,38.118098052179704],[-3.019612974818079,38.118240390315066]]]},"properties":{"dn_surface":2615.51338519939,"provincia":23,"municipio":97,"agregado":0,"zona":0,"poligono":22,"parcela":151,"recinto":1,"uso_sigpac":"OV","idPanel":"23:97:0:0:22:151:1"},"id":1112595710},{"type":"Feature","geometry":{"type":"Polygon","coordinates":[[[-3.0195362896195816,38.11856990474132],[-3.0194971888771467,38.11867752084078],[-3.019205138207533,38.118682969916364],[-3.0191812036816,38.11876733210042],[-3.0188054211470736,38.11879415167758],[-3.018346476717083,38.11884071901983],[-3.018697885513925,38.1185350519477],[-3.0195362896195816,38.11856990474132]]]},"properties":{"dn_surface":1984.32011963574,"provincia":23,"municipio":97,"agregado":0,"zona":0,"poligono":22,"parcela":822,"recinto":1,"uso_sigpac":"OV","idPanel":"23:97:0:0:22:822:1"},"id":1112596002},{"type":"Feature","geometry":{"type":"Polygon","coordinates":[[[-3.0194971888771467,38.11867752084078],[-3.019463043516162,38.11896250640376],[-3.019426242768094,38.11913573436874],[-3.019374363813511,38.1192417310844],[-3.0192334204269007,38.11947463820351],[-3.018231963149128,38.119637843926256],[-3.017631631091632,38.1197356791823],[-3.018346476717083,38.11884071901983],[-3.0188054211470736,38.11879415167758],[-3.0191812036816,38.11876733210042],[-3.019205138207533,38.118682969916364],[-3.0194971888771467,38.11867752084078]],[[-3.018224789077776,38.119505408171904],[-3.018160220759226,38.11950541655381],[-3.018160233332081,38.119553222741416],[-3.018224800812441,38.119548433321654],[-3.018224789077776,38.119505408171904]]]},"properties":{"dn_surface":10527.744384967269,"provincia":23,"municipio":97,"agregado":0,"zona":0,"poligono":22,"parcela":147,"recinto":1,"uso_sigpac":"OV","idPanel":"23:97:0:0:22:147:1"},"id":1329867652},{"type":"Feature","geometry":{"type":"Polygon","coordinates":[[[-3.0202116598315034,38.116586124395496],[-3.0203004837028966,38.11683431507777],[-3.0201384849742636,38.11721431287168],[-3.020122980967044,38.11725081606215],[-3.019905303766894,38.11721434723745],[-3.0196677765424718,38.11717454576788],[-3.0197559105831924,38.11699617215223],[-3.019830144074866,38.11687971817361],[-3.0199396217950945,38.11674054672139],[-3.020053557011697,38.11663409067745],[-3.020087885936372,38.11660154961285],[-3.0201590625477768,38.116569544151844],[-3.0201792109678216,38.11657589428208],[-3.0202116598315034,38.116586124395496]]]},"properties":{"dn_surface":2416.10607861413,"provincia":23,"municipio":97,"agregado":0,"zona":0,"poligono":22,"parcela":156,"recinto":1,"uso_sigpac":"OV","idPanel":"23:97:0:0:22:156:1"},"id":1112595705},{"type":"Feature","geometry":{"type":"Polygon","coordinates":[[[-3.019276620758421,38.11727247909221],[-3.0192772896343336,38.11721443692383],[-3.0192784019129517,38.11710989027753],[-3.0191770345227145,38.11646180400024],[-3.019921282189863,38.11643547057349],[-3.0200721254429,38.116542158796165],[-3.020060837533226,38.11656388049954],[-3.0200141922392962,38.11660804977913],[-3.0198979754685142,38.11671657950603],[-3.019785305081177,38.11685989664778],[-3.019709018861295,38.116979596099526],[-3.0196192889061146,38.11716103330099],[-3.019597970372318,38.11721439166152],[-3.019566164400647,38.11729379762596],[-3.019276620758421,38.11727247909221]],[[-3.019499348055532,38.11722388584383],[-3.0194437433447683,38.117215108314326],[-3.019435418438042,38.117270019003485],[-3.019495193145883,38.11727769766543],[-3.019499348055532,38.11722388584383]]]},"properties":{"dn_surface":4561.5975635886,"provincia":23,"municipio":97,"agregado":0,"zona":0,"poligono":22,"parcela":157,"recinto":1,"uso_sigpac":"OV","idPanel":"23:97:0:0:22:157:1"},"id":1112595704},{"type":"Feature","geometry":{"type":"Polygon","coordinates":[[[-3.019276620758421,38.11727247909221],[-3.019566164400647,38.11729379762596],[-3.019528531329544,38.117344003552574],[-3.01948212659625,38.11743638973303],[-3.0194588768718464,38.117518047914984],[-3.0192146516681997,38.11760289205853],[-3.0192079109412675,38.11756887326425],[-3.019152505719811,38.11728925966332],[-3.019276620758421,38.11727247909221]]]},"properties":{"dn_surface":865.268858946958,"provincia":23,"municipio":97,"agregado":0,"zona":0,"poligono":22,"parcela":154,"recinto":1,"uso_sigpac":"OV","idPanel":"23:97:0:0:22:154:1"},"id":1112595707},{"type":"Feature","geometry":{"type":"Polygon","coordinates":[[[-3.01945893051603,38.11771100939578],[-3.0192381629079974,38.11763902895984],[-3.019445086125736,38.117564645432054],[-3.01945893051603,38.11771100939578]]]},"properties":{"dn_surface":152.287807242489,"provincia":23,"municipio":97,"agregado":0,"zona":0,"poligono":22,"parcela":155,"recinto":1,"uso_sigpac":"OV","idPanel":"23:97:0:0:22:155:1"},"id":1112595706},{"type":"Feature","geometry":{"type":"Polygon","coordinates":[[[-3.01806865265257,38.11652035578837],[-3.01749589035263,38.11618119462915],[-3.017885228939964,38.115695000630325],[-3.0188790419215885,38.11541183980776],[-3.0188806017938616,38.11541786974925],[-3.018903857385597,38.11554630230643],[-3.018940792244124,38.11565346578308],[-3.0189531077751877,38.115704815839536],[-3.019014174134384,38.11578281615871],[-3.019030934588965,38.1158073198159],[-3.0190710059558454,38.11586590177885],[-3.019228458339927,38.115952941981135],[-3.0193379645586287,38.115997594896555],[-3.019500224802656,38.11606375912959],[-3.019522575148796,38.116086038229554],[-3.0196072608743463,38.116170454057794],[-3.0197997663795806,38.116349510798585],[-3.019830720749839,38.116371407683715],[-3.019921282189863,38.11643547057349],[-3.0191770345227145,38.11646180400024],[-3.01806865265257,38.11652035578837]]]},"properties":{"dn_surface":14648.105398188693,"provincia":23,"municipio":97,"agregado":0,"zona":0,"poligono":22,"parcela":158,"recinto":1,"uso_sigpac":"OV","idPanel":"23:97:0:0:22:158:1"},"id":1349632657},{"type":"Feature","geometry":{"type":"Polygon","coordinates":[[[-3.0219316851381466,38.11894550119763],[-3.0219437240663902,38.118982183760835],[-3.02194863418556,38.11901894343757],[-3.0219511688732306,38.11929367877059],[-3.0219451548573466,38.119394974914655],[-3.020074322339852,38.119428551982566],[-3.0200017643907224,38.11942856287905],[-3.0199816545274345,38.11897066618701],[-3.0199798323015767,38.118929174925626],[-3.0201649776571977,38.11888750932067],[-3.021344133807369,38.11885740571364],[-3.0213705200401257,38.1189649229066],[-3.0219316851381466,38.11894550119763]]]},"properties":{"dn_surface":9748.169798107023,"provincia":23,"municipio":97,"agregado":0,"zona":0,"poligono":22,"parcela":145,"recinto":2,"uso_sigpac":"OV","idPanel":"23:97:0:0:22:145:2"},"id":1346099369},{"type":"Feature","geometry":{"type":"Polygon","coordinates":[[[-3.0214964514372618,38.117869713198075],[-3.02152174550797,38.11796747050241],[-3.021534610053725,38.11802836000342],[-3.0215753134161423,38.11810615915692],[-3.0216781400958084,38.118295582636165],[-3.0217295530165464,38.11838691185861],[-3.0217574069206363,38.118454564717666],[-3.021823831830849,38.11862538791448],[-3.0218538474278955,38.11875731404916],[-3.0219316851381466,38.11894550119763],[-3.0213705200401257,38.1189649229066],[-3.021344133807369,38.11885740571364],[-3.0201649776571977,38.11888750932067],[-3.0199798323015767,38.118929174925626],[-3.0199816545274345,38.11897066618701],[-3.0199012787767514,38.11896885401944],[-3.0199355984813328,38.119438275829026],[-3.019930492225617,38.119501240689374],[-3.019837281265841,38.11949768340946],[-3.0197226595713285,38.11949330889394],[-3.019568580065285,38.11948742898852],[-3.0192334204269007,38.11947463820351],[-3.019275320725162,38.119426653481355],[-3.0192757113218733,38.11942620588772],[-3.019276438871112,38.119425373564695],[-3.019277587191915,38.119424058444],[-3.0192805367838167,38.11942068053685],[-3.01942011727289,38.11926083092831],[-3.0194759860136196,38.11914654283353],[-3.0195139258623973,38.11896781633973],[-3.0195478440737933,38.11868508467066],[-3.019585550905648,38.11858139968405],[-3.0195862600146985,38.118579450891446],[-3.0198864394544924,38.11867449078258],[-3.020129582554375,38.11838965525567],[-3.0202930707472904,38.118417119401215],[-3.0209436120841566,38.118175751588524],[-3.020864641978719,38.11809167522739],[-3.0214964514372618,38.117869713198075]]]},"properties":{"dn_surface":16480.58386285425,"provincia":23,"municipio":97,"agregado":0,"zona":0,"poligono":22,"parcela":823,"recinto":3,"uso_sigpac":"OV","idPanel":"23:97:0:0:22:823:3"},"id":1346099364},{"type":"Feature","geometry":{"type":"Polygon","coordinates":[[[-3.0212944609698327,38.1171964719897],[-3.021294556523535,38.117196564190635],[-3.0213128324263,38.11721413349892],[-3.0213454690446238,38.11724549187693],[-3.0213579882559474,38.11727321502332],[-3.021378805551904,38.11738814181916],[-3.021399612789578,38.11746840692871],[-3.021438913859511,38.117617992058],[-3.0214964514372618,38.117869713198075],[-3.020864641978719,38.11809167522739],[-3.0209436120841566,38.118175751588524],[-3.0202930707472904,38.118417119401215],[-3.020129582554375,38.11838965525567],[-3.0198864394544924,38.11867449078258],[-3.0195862600146985,38.118579450891446],[-3.0196106463252392,38.1184816600595],[-3.0196345716310775,38.11836755636662],[-3.019664655121544,38.118242816876204],[-3.0199009133257513,38.11822061153697],[-3.019994848482004,38.11798086059352],[-3.0200763398640653,38.11771109992034],[-3.0199970529226685,38.1177101200758],[-3.0205464146239405,38.117523926982216],[-3.0206772519492953,38.117478302604184],[-3.0206391268604467,38.11740359385857],[-3.0212944609698327,38.1171964719897]]]},"properties":{"dn_surface":12325.826489098405,"provincia":23,"municipio":97,"agregado":0,"zona":0,"poligono":22,"parcela":146,"recinto":1,"uso_sigpac":"OV","idPanel":"23:97:0:0:22:146:1"},"id":1346099365},{"type":"Feature","geometry":{"type":"Polygon","coordinates":[[[-3.0199970529226685,38.1177101200758],[-3.0200763398640653,38.11771109992034],[-3.019994848482004,38.11798086059352],[-3.0199009133257513,38.11822061153697],[-3.019664655121544,38.118242816876204],[-3.0196575590018955,38.11816224415077],[-3.0195098086713137,38.11770442289588],[-3.019496879584901,38.11756770231236],[-3.0195206992787536,38.11748532328667],[-3.0200608945301703,38.11755887868233],[-3.0199970529226685,38.1177101200758]]]},"properties":{"dn_surface":2991.53993325653,"provincia":23,"municipio":97,"agregado":0,"zona":0,"poligono":22,"parcela":153,"recinto":1,"uso_sigpac":"OV","idPanel":"23:97:0:0:22:153:1"},"id":1112595708},{"type":"Feature","geometry":{"type":"Polygon","coordinates":[[[-3.0212944609698327,38.1171964719897],[-3.0206391268604467,38.11740359385857],[-3.0206772519492953,38.117478302604184],[-3.0205464146239405,38.117523926982216],[-3.0199970529226685,38.1177101200758],[-3.0200608945301703,38.11755887868233],[-3.0195206992787536,38.11748532328667],[-3.0195312990341363,38.11744845967431],[-3.019574739088102,38.11736193244457],[-3.019613284110324,38.11731046420326],[-3.019651816559691,38.11721438411783],[-3.0196677765424718,38.11717454576788],[-3.019905303766894,38.11721434723745],[-3.020122980967044,38.11725081606215],[-3.0201384849742636,38.11721431287168],[-3.0203004837028966,38.11683431507777],[-3.0202116598315034,38.116586124395496],[-3.0203836648767384,38.11657789839526],[-3.0203875666528983,38.11657771147878],[-3.020526943461713,38.11658744873628],[-3.0205510506548614,38.116589133498934],[-3.0206710149747726,38.116609253420506],[-3.0207373493604273,38.11662038039759],[-3.0208289007032754,38.11671183367221],[-3.0208725720977823,38.11675545728983],[-3.021199177165281,38.1171048292841],[-3.0212944609698327,38.1171964719897]],[[-3.021158616295225,38.11708512845772],[-3.021115825000604,38.11702473348899],[-3.0209781966568943,38.117062739554825],[-3.021006592031961,38.11712913680472],[-3.021158616295225,38.11708512845772]]]},"properties":{"dn_surface":8776.24901525517,"provincia":23,"municipio":97,"agregado":0,"zona":0,"poligono":22,"parcela":824,"recinto":1,"uso_sigpac":"OV","idPanel":"23:97:0:0:22:824:1"},"id":1112595999},{"type":"Feature","geometry":{"type":"Polygon","coordinates":[[[-3.0219451548573466,38.119394974914655],[-3.0219422002363028,38.11951776896524],[-3.021951193180751,38.119581563634085],[-3.0219691606294603,38.11965244436428],[-3.022011063442293,38.119746950328164],[-3.0220679472315575,38.119926514174125],[-3.022094893375479,38.12001629693532],[-3.022097912537182,38.12010608304925],[-3.0220873144581795,38.12020858451106],[-3.0193557090487007,38.120265300662254],[-3.0192334204269007,38.11947463820351],[-3.019568580065285,38.11948742898852],[-3.0197226595713285,38.11949330889394],[-3.019837281265841,38.11949768340946],[-3.019930492225617,38.119501240689374],[-3.0200050945210513,38.11950408802207],[-3.020082559236589,38.11950705102501],[-3.020074322339852,38.119428551982566],[-3.0219451548573466,38.119394974914655]]]},"properties":{"dn_surface":21330.68352477426,"provincia":23,"municipio":97,"agregado":0,"zona":0,"poligono":22,"parcela":144,"recinto":1,"uso_sigpac":"OV","idPanel":"23:97:0:0:22:144:1"},"id":1346099366},{"type":"Feature","geometry":{"type":"Polygon","coordinates":[[[-3.0192334204269007,38.11947463820351],[-3.0193557090487007,38.120265300662254],[-3.0193583409664533,38.1202824265678],[-3.01860296213123,38.12022232580395],[-3.018441292811411,38.1202445001301],[-3.0182747192397543,38.120267346684926],[-3.017413782062458,38.120385430943855],[-3.0167849523706702,38.12042147061504],[-3.016695062321131,38.12042664560238],[-3.0166785734402275,38.12033027634132],[-3.016784917166675,38.12027447297942],[-3.017540742757365,38.1198779108675],[-3.017631631091632,38.1197356791823],[-3.018231963149128,38.119637843926256],[-3.0192334204269007,38.11947463820351]]]},"properties":{"dn_surface":13863.99639643671,"provincia":23,"municipio":97,"agregado":0,"zona":0,"poligono":22,"parcela":148,"recinto":2,"uso_sigpac":"OV","idPanel":"23:97:0:0:22:148:2"},"id":1341074652},{"type":"Feature","geometry":{"type":"Polygon","coordinates":[[[-3.0174018822738162,38.119797265219546],[-3.017540742757365,38.1198779108675],[-3.016784917166675,38.12027447297942],[-3.0166785734402275,38.12033027634132],[-3.016456622307397,38.120446745407406],[-3.0163625941120142,38.120352303984134],[-3.016332094879126,38.12018782672661],[-3.016784855978778,38.12002256995203],[-3.0174018822738162,38.119797265219546]]]},"properties":{"dn_surface":2453.6059931725495,"provincia":23,"municipio":97,"agregado":0,"zona":0,"poligono":22,"parcela":149,"recinto":1,"uso_sigpac":"OV","idPanel":"23:97:0:0:22:149:1"},"id":1329867655},{"type":"Feature","geometry":{"type":"Polygon","coordinates":[[[-3.0220873144581795,38.12020858451106],[-3.0220822811250256,38.120243374440435],[-3.022073071089271,38.12029695995062],[-3.0220484945095176,38.12038850374972],[-3.0219744563162005,38.12072012957756],[-3.0219488068527762,38.12078304247012],[-3.0214381603263716,38.12078961555895],[-3.021437009490997,38.120762488365926],[-3.0200943374876283,38.12079532028261],[-3.0193373820163236,38.1208154376896],[-3.0193583409664533,38.1202824265678],[-3.0193557090487007,38.120265300662254],[-3.0220873144581795,38.12020858451106]]]},"properties":{"dn_surface":14318.080421229559,"provincia":23,"municipio":97,"agregado":0,"zona":0,"poligono":22,"parcela":143,"recinto":1,"uso_sigpac":"OV","idPanel":"23:97:0:0:22:143:1"},"id":1329867615},{"type":"Feature","geometry":{"type":"Polygon","coordinates":[[[-3.01860296213123,38.12022232580395],[-3.0193583409664533,38.1202824265678],[-3.0193373820163236,38.1208154376896],[-3.0200943374876283,38.12079532028261],[-3.021437009490997,38.120762488365926],[-3.0214381603263716,38.12078961555895],[-3.021468722423537,38.12150052755703],[-3.0215847187502516,38.121498507518226],[-3.0216043650942663,38.121498165536565],[-3.0215620356425363,38.1217151478769],[-3.0215343996679422,38.12191590201354],[-3.021036557337585,38.12188439359946],[-3.020699914102251,38.12185447020332],[-3.0207007363670013,38.121850203814375],[-3.0201247679889067,38.12179744475992],[-3.0201475424593713,38.12133408725762],[-3.020074555356774,38.12133228263377],[-3.019676474443911,38.12132244060248],[-3.018541009804815,38.121378657192224],[-3.0168454445694652,38.12146260363386],[-3.0168034185426484,38.12129623709521],[-3.0167851661092144,38.121300745721214],[-3.0162614270492747,38.121431310634705],[-3.0157518232316867,38.121516901605844],[-3.015189954891947,38.1215668937939],[-3.0150636505000983,38.120993072859505],[-3.015367108940608,38.120949597601594],[-3.016746809679825,38.12072907809787],[-3.0167303627084414,38.12064958831442],[-3.016682964719561,38.12042734213858],[-3.016695062321131,38.12042664560238],[-3.0167849523706702,38.12042147061504],[-3.017413782062458,38.120385430943855],[-3.0182747192397543,38.120267346684926],[-3.018441292811411,38.1202445001301],[-3.01860296213123,38.12022232580395]]]},"properties":{"dn_surface":55463.79544198102,"provincia":23,"municipio":97,"agregado":0,"zona":0,"poligono":22,"parcela":140,"recinto":1,"uso_sigpac":"OV","idPanel":"23:97:0:0:22:140:1"},"id":1341074651},{"type":"Feature","geometry":{"type":"Polygon","coordinates":[[[-3.0219488068527762,38.12078304247012],[-3.0219049301016288,38.120866529583424],[-3.0218507997677206,38.120975345133274],[-3.021761088252729,38.12112695533048],[-3.0217239648013687,38.121185643743615],[-3.021674472174762,38.12127978760927],[-3.021641994812607,38.1213507001907],[-3.0216043650942663,38.121498165536565],[-3.0215847187502516,38.121498507518226],[-3.021468722423537,38.12150052755703],[-3.0214381603263716,38.12078961555895],[-3.0219488068527762,38.12078304247012]]]},"properties":{"dn_surface":2114.5838257535233,"provincia":23,"municipio":97,"agregado":0,"zona":0,"poligono":22,"parcela":142,"recinto":1,"uso_sigpac":"OV","idPanel":"23:97:0:0:22:142:1"},"id":1329867618}]}