{"type":"FeatureCollection","features":[{"type":"Feature","geometry":{"type":"Polygon","coordinates":[[[-2.9126403792844933,38.15995008408726],[-2.9127006275698912,38.159967432951476],[-2.912754389938229,38.15998761573732],[-2.912830072661046,38.15998324625093],[-2.9128327104461316,38.159985143075744],[-2.912846310923028,38.160001284107636],[-2.91285989966526,38.160028179960136],[-2.912872349306783,38.16005776221277],[-2.9128940307770086,38.16011060340992],[-2.912916480029612,38.16017160858121],[-2.9129277830267113,38.160211945654424],[-2.912933437458928,38.16022987286999],[-2.912943634044744,38.16024511536182],[-2.9129561029646456,38.16025946266632],[-2.9129731173909073,38.16026843717057],[-2.9129867329552317,38.160272032169104],[-2.913016786270844,38.16027400862194],[-2.9130760982976023,38.16027551485007],[-2.9131252313405414,38.160272788216815],[-2.9131413313011127,38.16026986712336],[-2.913177251111105,38.16026109546118],[-2.9132256071515736,38.16024988382682],[-2.9133730171768675,38.16024804399896],[-2.9135237472742044,38.16025509150356],[-2.9135256667301457,38.16026163022664],[-2.9133158819304934,38.16036157017868],[-2.9133471715768975,38.160418184070664],[-2.9130496265694275,38.16056677259158],[-2.9129650875271906,38.16061697265084],[-2.912995801336813,38.16068772681433],[-2.9130643393249414,38.16069794435492],[-2.9132477102315546,38.16072029553922],[-2.913334439465221,38.16076898266488],[-2.9132754769638463,38.16090819351203],[-2.9131969024842626,38.16106727198539],[-2.913177060003701,38.16128165928836],[-2.9132304435099923,38.16132934226195],[-2.9132637448132774,38.16135908796173],[-2.9131852491235883,38.16146059365337],[-2.912992130063005,38.16141403553124],[-2.912860622185357,38.16136309786444],[-2.9127878630705393,38.161334311054446],[-2.9126983082971467,38.16130992809667],[-2.912684313032586,38.1613099180384],[-2.912627771224992,38.1613371877238],[-2.912529035752507,38.16123880093849],[-2.912360095131254,38.16107998984785],[-2.9122656478406874,38.16099120453319],[-2.912234984322487,38.16095567196717],[-2.912208313105005,38.160922124235924],[-2.911974052308443,38.16046870096585],[-2.9119223728431685,38.16034933511389],[-2.9120930476802918,38.16023725984169],[-2.9121192721423075,38.16026125304097],[-2.912201886699461,38.16021192218511],[-2.9126403792844933,38.15995008408726]]]},"properties":{"dn_surface":12586.644640922656,"provincia":23,"municipio":97,"agregado":0,"zona":0,"poligono":15,"parcela":163,"recinto":2,"uso_sigpac":"OV","idPanel":"23:97:0:0:15:163:2"},"id":1216143312},{"type":"Feature","geometry":{"type":"Polygon","coordinates":[[[-2.9128568964291754,38.15987075775092],[-2.91337539679932,38.15991710800185],[-2.9134836021465715,38.160118261117105],[-2.9135114267139985,38.16021309732798],[-2.913439818434555,38.160210453675575],[-2.913288266072468,38.160208603789414],[-2.9132189460527265,38.16021572756938],[-2.9131623707175174,38.16022543549019],[-2.9130877927296037,38.16023536469328],[-2.913067362677595,38.16023535128224],[-2.913057145975211,38.160235342900336],[-2.9130435262199357,38.16023533284206],[-2.913025369340203,38.160232630516305],[-2.913007213298661,38.160229928190574],[-2.912992463662771,38.160225436328375],[-2.912975448398319,38.16021646182412],[-2.9129652534888835,38.160199426443086],[-2.912951678995888,38.16015998539541],[-2.9129245207898036,38.16009096041864],[-2.9128973625837182,38.160021038578236],[-2.9128596767066224,38.15992861887014],[-2.9128568964291754,38.15987075775092]]]},"properties":{"dn_surface":1691.3914283312135,"provincia":23,"municipio":97,"agregado":0,"zona":0,"poligono":15,"parcela":163,"recinto":3,"uso_sigpac":"OV","idPanel":"23:97:0:0:15:163:3"},"id":1216143311},{"type":"Feature","geometry":{"type":"Polygon","coordinates":[[[-2.91205023459272,38.15982832101082],[-2.9122002673156717,38.15984816432959],[-2.912564816422898,38.15990072640929],[-2.912662520921231,38.15991494547069],[-2.9127884095706587,38.15995884485298],[-2.912820235658898,38.15997617192423],[-2.912830072661046,38.15998324625093],[-2.912754389938229,38.15998761573732],[-2.9127006275698912,38.159967432951476],[-2.9126403792844933,38.15995008408726],[-2.912201886699461,38.16021192218511],[-2.912129385747276,38.16012386274332],[-2.9120074868839967,38.15985357820114],[-2.912003007594675,38.159843646483495],[-2.9119949098375377,38.159828548998604],[-2.91205023459272,38.15982832101082]]]},"properties":{"dn_surface":1333.9266678169427,"provincia":23,"municipio":97,"agregado":0,"zona":0,"poligono":15,"parcela":145,"recinto":3,"uso_sigpac":"OV","idPanel":"23:97:0:0:15:145:3"},"id":1216143318},{"type":"Feature","geometry":{"type":"Polygon","coordinates":[[[-2.9110290345790406,38.16040192988302],[-2.9119312325153492,38.16048137608061],[-2.9121675435255487,38.16093858629472],[-2.9121967209322284,38.16097538033725],[-2.912229208352667,38.16101298742447],[-2.9122961018112954,38.1610758776859],[-2.912360523446531,38.16113644364546],[-2.9123957542640424,38.16116956557599],[-2.912493622209497,38.16126157624717],[-2.912582454462793,38.161350100046405],[-2.9126758162968343,38.16144313833897],[-2.9108532157676352,38.16128481926606],[-2.9108181333098195,38.16128177160587],[-2.9103247208155523,38.16123891157963],[-2.910398105220384,38.16080982851966],[-2.910487996946305,38.16071982112348],[-2.910587405485654,38.16060289105272],[-2.910626297518688,38.16057916942714],[-2.910718834573408,38.160564333457614],[-2.910806678600262,38.16054069648928],[-2.910921008604527,38.16050079778958],[-2.9109717191217372,38.16046500622272],[-2.9110290345790406,38.16040192988302]],[[-2.9109541397551673,38.16052445487452],[-2.9109238274387312,38.160600539090495],[-2.9109039162265606,38.16064384671043],[-2.910928807965893,38.16065268123688],[-2.911018329211672,38.160682103395146],[-2.9111091806655636,38.16065305758437],[-2.9111268279255524,38.16065742707073],[-2.9111535745801675,38.16058144679036],[-2.9109541397551673,38.16052445487452]]]},"properties":{"dn_surface":14691.2465904646,"provincia":23,"municipio":97,"agregado":0,"zona":0,"poligono":15,"parcela":164,"recinto":1,"uso_sigpac":"OV","idPanel":"23:97:0:0:15:164:1"},"id":1341074631},{"type":"Feature","geometry":{"type":"Polygon","coordinates":[[[-2.9114995720199985,38.15977887280832],[-2.9119615624337833,38.15984682322497],[-2.9120074868839967,38.15985357820114],[-2.912129385747276,38.16012386274332],[-2.912201886699461,38.16021192218511],[-2.9121192721423075,38.16026125304097],[-2.9120930476802918,38.16023725984169],[-2.9119223728431685,38.16034933511389],[-2.911900791955786,38.160355085937965],[-2.9117942646656485,38.16037888802984],[-2.9115727628028547,38.159854905056505],[-2.9114995720199985,38.15977887280832]]]},"properties":{"dn_surface":2117.7867699014905,"provincia":23,"municipio":97,"agregado":0,"zona":0,"poligono":15,"parcela":144,"recinto":1,"uso_sigpac":"OV","idPanel":"23:97:0:0:15:144:1"},"id":1216143323},{"type":"Feature","geometry":{"type":"Polygon","coordinates":[[[-2.910398105220384,38.16080982851966],[-2.9103247208155523,38.16123891157963],[-2.910355572088395,38.161683258086185],[-2.9099558382641275,38.1615393206836],[-2.909952400007242,38.16144385415353],[-2.9099572464239443,38.1613724545835],[-2.9099787661234293,38.161289793925846],[-2.9100360162018846,38.16118085516203],[-2.9100884944625793,38.1610813074831],[-2.9101552194449436,38.1610080773053],[-2.910217010838807,38.160947730113435],[-2.9102512919866323,38.16091445311767],[-2.910316670835267,38.160865418143004],[-2.910398105220384,38.16080982851966]]]},"properties":{"dn_surface":2190.11778096522,"provincia":23,"municipio":97,"agregado":0,"zona":0,"poligono":15,"parcela":138,"recinto":3,"uso_sigpac":"OV","idPanel":"23:97:0:0:15:138:3"},"id":1112589481},{"type":"Feature","geometry":{"type":"Polygon","coordinates":[[[-2.9103615634731383,38.160603279973],[-2.9103522545309213,38.16065536596062],[-2.9104183014172795,38.16069173839341],[-2.9104072557446217,38.16075632682853],[-2.910378360808096,38.1607806745823],[-2.910322538167837,38.16083046476652],[-2.9102237146853627,38.16089726937696],[-2.9101290821547257,38.16097423453101],[-2.910064743500336,38.16104182955502],[-2.9100051280486667,38.1611394921438],[-2.9099526615226363,38.16122964454695],[-2.9099335398857917,38.16129727477491],[-2.909919157377282,38.16138182052268],[-2.9099119355290797,38.161449459970726],[-2.9099145406247398,38.1615244495101],[-2.909416199571114,38.161345002172595],[-2.90941666895772,38.16096259709599],[-2.909336613395757,38.16090106805569],[-2.9093489381469158,38.16071803158704],[-2.909349055493567,38.16062249800174],[-2.9093833978292887,38.16035656199122],[-2.9093855377292956,38.16019415674029],[-2.9094334579107732,38.16021176879627],[-2.9095262170859404,38.16024590912809],[-2.9103615634731383,38.160603279973]]]},"properties":{"dn_surface":8050.4619116991,"provincia":23,"municipio":97,"agregado":0,"zona":0,"poligono":15,"parcela":138,"recinto":2,"uso_sigpac":"OV","idPanel":"23:97:0:0:15:138:2"},"id":1112589482},{"type":"Feature","geometry":{"type":"Polygon","coordinates":[[[-2.909429429567869,38.15960353930913],[-2.909442188501637,38.159611536483425],[-2.9095644578450597,38.15968796854841],[-2.9095650202707954,38.15969536054925],[-2.9096060664530734,38.1597126306236],[-2.9103516820469006,38.16002636360162],[-2.910392267224477,38.16004344089217],[-2.9105169648053915,38.16009589987448],[-2.9105242478414914,38.16030481882348],[-2.9104170508372516,38.16031573206206],[-2.9104073051978525,38.16034717677368],[-2.9103615634731383,38.160603279973],[-2.9095262170859404,38.16024590912809],[-2.9094334579107732,38.16021176879627],[-2.909446822017987,38.160118950947776],[-2.909386686888289,38.160102050515405],[-2.909387570340936,38.16003418643231],[-2.909380350169113,38.15996180785592],[-2.9093722297808364,38.159881408635925],[-2.909338816998232,38.15982601011996],[-2.9093836241406876,38.15981476076706],[-2.9094196881194225,38.159635436643555],[-2.909429429567869,38.15960353930913]]]},"properties":{"dn_surface":5837.470049057083,"provincia":23,"municipio":97,"agregado":0,"zona":0,"poligono":15,"parcela":140,"recinto":1,"uso_sigpac":"OV","idPanel":"23:97:0:0:15:140:1"},"id":1216143229},{"type":"Feature","geometry":{"type":"Polygon","coordinates":[[[-2.9104072557446217,38.16075632682853],[-2.9104183014172795,38.16069173839341],[-2.9103522545309213,38.16065536596062],[-2.9103615634731383,38.160603279973],[-2.9104073051978525,38.16034717677368],[-2.910994543045434,38.16039889228114],[-2.9109443932775787,38.16045033789129],[-2.9108989633596813,38.160483278772745],[-2.9108029059054195,38.160513957378356],[-2.9107286414007034,38.16053901927032],[-2.910700309728104,38.16054036037494],[-2.91066141685688,38.16054312640313],[-2.910607771835194,38.1605524311544],[-2.9105653594026184,38.160578917969985],[-2.9105016577729086,38.16065326713195],[-2.9104408059904454,38.16072770011294],[-2.9104072557446217,38.16075632682853]]]},"properties":{"dn_surface":1120.01923930378,"provincia":23,"municipio":97,"agregado":0,"zona":0,"poligono":15,"parcela":164,"recinto":3,"uso_sigpac":"OV","idPanel":"23:97:0:0:15:164:3"},"id":1112589402},{"type":"Feature","geometry":{"type":"Polygon","coordinates":[[[-2.909488953656789,38.16289261674987],[-2.9101909255163925,38.16293795698138],[-2.9105084320274552,38.16298813357133],[-2.911162612786896,38.1630869394518],[-2.9111964605903005,38.163092051574864],[-2.9116478437049893,38.163160224112005],[-2.9118241897381356,38.16323339058732],[-2.911899184306662,38.163197210938336],[-2.9123225777304222,38.16322890375429],[-2.9127565013397634,38.163273917929786],[-2.9128045246186574,38.16379170332354],[-2.9123061500374163,38.163773937878716],[-2.911727703130406,38.1637578136106],[-2.911494287229734,38.16399248009128],[-2.9113561459135204,38.16401271233039],[-2.911172871398798,38.164155964093254],[-2.9114092025255682,38.164462681417916],[-2.9113956095923843,38.164469986246985],[-2.911271271595137,38.16453042647797],[-2.9112012340844418,38.164571341064374],[-2.9111143028468964,38.16461033535663],[-2.911080512040437,38.16461221625579],[-2.9110491628825166,38.164592183506045],[-2.911031882749908,38.16457486900762],[-2.9109826868426905,38.164577571333325],[-2.910963409302438,38.164568436734726],[-2.910819492016404,38.16450024156646],[-2.910253210604382,38.164191660944624],[-2.910313438773211,38.164134838343244],[-2.9096923221091817,38.16377132607752],[-2.9096093974215926,38.16371943790281],[-2.9094388508275952,38.163536348628185],[-2.9093699809160816,38.16328709595871],[-2.909369529131473,38.16328312964191],[-2.909362186583858,38.163220396122085],[-2.909488953656789,38.16289261674987]]]},"properties":{"dn_surface":30777.42328299162,"provincia":23,"municipio":97,"agregado":0,"zona":0,"poligono":15,"parcela":168,"recinto":1,"uso_sigpac":"OV","idPanel":"23:97:0:0:15:168:1"},"id":1341074634},{"type":"Feature","geometry":{"type":"Polygon","coordinates":[[[-2.914981566517446,38.1631410882259],[-2.915014403463268,38.163176001369266],[-2.915040106570876,38.16322007509518],[-2.9150829758172017,38.16326585621482],[-2.91530380209856,38.16345748581111],[-2.915342389030301,38.1634947903116],[-2.9153445079755493,38.16351851361355],[-2.915348776040898,38.16353884978824],[-2.9153594872755995,38.16355580135021],[-2.915376643356034,38.16356598033403],[-2.9153959401746654,38.163582938601536],[-2.915417373540543,38.16360667615274],[-2.9154345178863115,38.16362702154754],[-2.915434496931553,38.163645659548536],[-2.9154366116858488,38.16367277165415],[-2.915447317891408,38.163694807678894],[-2.915473036924632,38.16372363053105],[-2.91561413286189,38.16387632534662],[-2.9157316614005957,38.16416343739857],[-2.915769037147256,38.164221776286325],[-2.915996309950728,38.16442733912109],[-2.916052988383352,38.164476409299766],[-2.9161617234669164,38.164723614270144],[-2.915723783249336,38.16486470266369],[-2.9159110777250574,38.16499290890948],[-2.9157731962478572,38.165172127421016],[-2.9155644658916864,38.16535669610167],[-2.9152983236863212,38.16559844864375],[-2.915135597408449,38.165917186456454],[-2.915015082397465,38.16618645008276],[-2.914964764153347,38.166223099118355],[-2.914928203965914,38.166248709186846],[-2.914637070276563,38.16631780289518],[-2.9144604878737317,38.16637283596012],[-2.914431054818991,38.166384428132886],[-2.9144016351752953,38.166384406339944],[-2.9143722415155016,38.166361157453736],[-2.9141336690676902,38.165963220709614],[-2.913946272332744,38.16583243032292],[-2.913717334045012,38.16568755414713],[-2.9137091549834104,38.16567537775563],[-2.9137091625271236,38.16566893290991],[-2.913708009177178,38.16565788388448],[-2.9137185251135245,38.165640398395226],[-2.9137220438366858,38.16562290703865],[-2.913719728754891,38.16560817416658],[-2.913713912551934,38.16559620061716],[-2.913701106679505,38.16557685602169],[-2.9136894600243544,38.16556395794831],[-2.9136603295563357,38.16554368044697],[-2.913633528419347,38.165526166459244],[-2.9136113817534675,38.16551694301245],[-2.913586897374654,38.16551232123078],[-2.9135635730513076,38.16551230362879],[-2.9135379135295993,38.16551596735886],[-2.913472572399531,38.165544459963996],[-2.9134317349266547,38.16556284399334],[-2.9133115736320065,38.16560050221014],[-2.913236341017415,38.16563063515383],[-2.9132835939993615,38.16557696331009],[-2.913191707380366,38.16547315930043],[-2.9135372756667297,38.16516239351631],[-2.9137152637148063,38.16465547693704],[-2.9136443955574567,38.16444317840447],[-2.913842415517116,38.16444139724996],[-2.9140027713926293,38.1644286450217],[-2.914186143137433,38.1643663440081],[-2.9143733604996416,38.16425137195],[-2.9143800065110628,38.16426805612926],[-2.9143944703240376,38.16428720039724],[-2.914413191305887,38.16429672810716],[-2.914434146903256,38.164295533685845],[-2.914460730110748,38.164287886875144],[-2.914475056460503,38.16427256559342],[-2.9144807092163387,38.16424553563044],[-2.9144699988198273,38.16422656402969],[-2.9144433032948256,38.16420841888461],[-2.9146711812717423,38.16406847629733],[-2.9147551461535777,38.16401626541935],[-2.914775018808992,38.16380952995627],[-2.91493634698533,38.16328736837059],[-2.914981566517446,38.1631410882259]]]},"properties":{"dn_surface":42934.125855264596,"provincia":23,"municipio":97,"agregado":0,"zona":0,"poligono":15,"parcela":533,"recinto":5,"uso_sigpac":"OV","idPanel":"23:97:0:0:15:533:5"},"id":1216142036},{"type":"Feature","geometry":{"type":"Polygon","coordinates":[[[-2.911727703130406,38.1637578136106],[-2.9123061500374163,38.163773937878716],[-2.9128045246186574,38.16379170332354],[-2.913324084461425,38.163807823400674],[-2.913419673367272,38.163781261986145],[-2.9136837905047113,38.163848033068945],[-2.9144296474973648,38.16390257495436],[-2.9145810732927067,38.163911750624294],[-2.9146132489063286,38.16396448872399],[-2.9147551461535777,38.16401626541935],[-2.9146711812717423,38.16406847629733],[-2.9144433032948256,38.16420841888461],[-2.9143733604996416,38.16425137195],[-2.914186143137433,38.1643663440081],[-2.9140027713926293,38.1644286450217],[-2.913842415517116,38.16444139724996],[-2.9136443955574567,38.16444317840447],[-2.9133423586878098,38.164435560092215],[-2.9133187694963083,38.16439823212241],[-2.912884658132324,38.164386727959595],[-2.912777395749235,38.16464152358199],[-2.9127088988324337,38.16483812699991],[-2.91262139678725,38.164796152102724],[-2.912589224526389,38.16477990545883],[-2.9125689771998804,38.164814769987146],[-2.9125289745646104,38.16485583628602],[-2.9124929181295878,38.16484184018324],[-2.9119928168761917,38.16464705815298],[-2.9119179664764085,38.164617888290024],[-2.9118439727071803,38.164636488572455],[-2.911435242585704,38.16449648060626],[-2.9114248498633404,38.16448298993234],[-2.9114654467755825,38.164455560990774],[-2.911537867261491,38.1644300800036],[-2.911613556689832,38.164406777473204],[-2.911711124563135,38.1643912709514],[-2.9118785966748653,38.1643578263176],[-2.912118322472621,38.164317425541896],[-2.9121156402634467,38.16432278996021],[-2.9121395295270993,38.16433226151139],[-2.912164423781003,38.16429462592569],[-2.9121349178036997,38.164284316184194],[-2.9121270396524395,38.16429999118225],[-2.9121011395700953,38.164301918181906],[-2.9120389450066644,38.16431130675218],[-2.9118210959774906,38.1643533000896],[-2.911689078480099,38.164373835753594],[-2.91158530883627,38.164393450246365],[-2.911484725154026,38.16442530148029],[-2.9114224467715584,38.164455560990774],[-2.9114092025255682,38.164462681417916],[-2.911172871398798,38.164155964093254],[-2.9113561459135204,38.16401271233039],[-2.911494287229734,38.16399248009128],[-2.911727703130406,38.1637578136106]]]},"properties":{"dn_surface":21804.079044973605,"provincia":23,"municipio":97,"agregado":0,"zona":0,"poligono":15,"parcela":159,"recinto":1,"uso_sigpac":"OV","idPanel":"23:97:0:0:15:159:1"},"id":1216142028},{"type":"Feature","geometry":{"type":"Polygon","coordinates":[[[-2.9137152637148063,38.16465547693704],[-2.9135372756667297,38.16516239351631],[-2.913191707380366,38.16547315930043],[-2.9132835939993615,38.16557696331009],[-2.913236341017415,38.16563063515383],[-2.9129987961909953,38.16573098414278],[-2.9128816632781422,38.16577392631169],[-2.912820073888157,38.165790614681896],[-2.9127766531125694,38.16575187603766],[-2.9126753016479485,38.165761795182476],[-2.9126685416426383,38.1657327150059],[-2.9124712433648847,38.165756792862396],[-2.912311185046952,38.16579993368239],[-2.9121424145783434,38.165796343713026],[-2.9120328077767965,38.16580664339628],[-2.911964828861644,38.165832549345936],[-2.911918720847739,38.16589827269081],[-2.9118967334380286,38.16595536183672],[-2.911839690392595,38.16600031147155],[-2.9117190873716225,38.16604175076512],[-2.9116223157791685,38.16608731898441],[-2.911545254233197,38.166146745843236],[-2.9114410428630433,38.16622713332859],[-2.9114155233191266,38.16625068144879],[-2.9113576580089418,38.166304076689755],[-2.911313350427946,38.16635336898884],[-2.9111235271318865,38.166263971795246],[-2.9112258165315272,38.16616256836281],[-2.9111964102988783,38.166124782741065],[-2.911213552968267,38.16610821255571],[-2.91106330566858,38.166031130893174],[-2.911130169790546,38.165867060996135],[-2.9112297945830097,38.16579846265827],[-2.9114793523537723,38.16569122458273],[-2.911510354500881,38.16535084469473],[-2.9115293328071727,38.165330036618855],[-2.911844458857593,38.16518175152282],[-2.9119469603193973,38.16499806294206],[-2.91268699356538,38.165266719718545],[-2.912819179539035,38.16531470695523],[-2.9128654794985342,38.16533149507012],[-2.9128831929755625,38.16533791812287],[-2.913090185763102,38.16502110060429],[-2.9130783982919692,38.165015467126835],[-2.913061662983099,38.16500746995254],[-2.9127088988324337,38.16483812699991],[-2.912777395749235,38.16464152358199],[-2.912884658132324,38.164386727959595],[-2.9133187694963083,38.16439823212241],[-2.9133423586878098,38.164435560092215],[-2.9136443955574567,38.16444317840447],[-2.9137152637148063,38.16465547693704]]]},"properties":{"dn_surface":18812.6238842007,"provincia":23,"municipio":97,"agregado":0,"zona":0,"poligono":15,"parcela":616,"recinto":1,"uso_sigpac":"OV","idPanel":"23:97:0:0:15:616:1"},"id":1112590001},{"type":"Feature","geometry":{"type":"Polygon","coordinates":[[[-2.9114248498633404,38.16448298993234],[-2.911435242585704,38.16449648060626],[-2.9118439727071803,38.164636488572455],[-2.9119179664764085,38.164617888290024],[-2.9119928168761917,38.16464705815298],[-2.9124929181295878,38.16484184018324],[-2.9125289745646104,38.16485583628602],[-2.9125689771998804,38.164814769987146],[-2.912589224526389,38.16477990545883],[-2.91262139678725,38.164796152102724],[-2.9127088988324337,38.16483812699991],[-2.913061662983099,38.16500746995254],[-2.9130783982919692,38.165015467126835],[-2.913090185763102,38.16502110060429],[-2.9128831929755625,38.16533791812287],[-2.9128654794985342,38.16533149507012],[-2.912819179539035,38.16531470695523],[-2.91268699356538,38.165266719718545],[-2.9119469603193973,38.16499806294206],[-2.9116434390146093,38.164890670639465],[-2.9111030601995025,38.16463461102603],[-2.9111347932486114,38.16463035804813],[-2.9111589381603262,38.164621802639004],[-2.911192745730593,38.164605633108636],[-2.9112410464504985,38.164578039881775],[-2.911306251793727,38.16454379393792],[-2.9113690372813665,38.16451335421658],[-2.9114199816536894,38.16448627899135],[-2.9114248498633404,38.16448298993234]]]},"properties":{"dn_surface":6027.805776664011,"provincia":23,"municipio":97,"agregado":0,"zona":0,"poligono":15,"parcela":168,"recinto":3,"uso_sigpac":"OV","idPanel":"23:97:0:0:15:168:3"},"id":1216142041},{"type":"Feature","geometry":{"type":"Polygon","coordinates":[[[-2.916026598797834,38.16559728858829],[-2.9157344726910868,38.16563457045763],[-2.915711525553407,38.16560561936234],[-2.9156860705501484,38.1655826093604],[-2.9156478758914997,38.165558152641836],[-2.9156111723735134,38.165541940363795],[-2.9156056042749054,38.165389962200976],[-2.9156116970806836,38.165382042978365],[-2.915653873143576,38.165327223651985],[-2.9157755985014497,38.16522052872378],[-2.9159316645186637,38.165055616445414],[-2.9159655768627277,38.16515891502627],[-2.9160437221888436,38.16539695103225],[-2.916015180968653,38.16549931335447],[-2.916008957405177,38.165550950910216],[-2.916026598797834,38.16559728858829]]]},"properties":{"dn_surface":1576.8079671787,"provincia":23,"municipio":97,"agregado":0,"zona":0,"poligono":15,"parcela":178,"recinto":2,"uso_sigpac":"OV","idPanel":"23:97:0:0:15:178:2"},"id":1112589376},{"type":"Feature","geometry":{"type":"Polygon","coordinates":[[[-2.910963409302438,38.16456843757294],[-2.9109633439235894,38.16463241496726],[-2.91092827571501,38.164692827537976],[-2.910796836568971,38.164863683424215],[-2.910669787864076,38.1650207276096],[-2.9106259781681585,38.16507422594796],[-2.9105975257961467,38.16508974504259],[-2.910534073108975,38.165108691497636],[-2.9104815504241914,38.16513282635111],[-2.9104224437540736,38.16517595124549],[-2.910290047394636,38.16533730456757],[-2.9102490070796905,38.16530120119387],[-2.910050574730371,38.16504635025092],[-2.9100427108283458,38.165036250057],[-2.9100588971225254,38.16496217833608],[-2.9099366261027226,38.16487853615752],[-2.9099367183036633,38.16480256006807],[-2.91002513732911,38.16475026537108],[-2.910081826658208,38.16469362046607],[-2.9102105609639324,38.16462504475936],[-2.910150114027417,38.16458020492749],[-2.9101729823752036,38.164549849863334],[-2.9100783431390425,38.16446073178713],[-2.9098869817636595,38.1645874804199],[-2.9098572369021016,38.16454771163973],[-2.910253210604382,38.164191660944624],[-2.910819492016404,38.16450024156646],[-2.910963409302438,38.16456843757294]]]},"properties":{"dn_surface":6332.92440817536,"provincia":23,"municipio":97,"agregado":0,"zona":0,"poligono":15,"parcela":169,"recinto":1,"uso_sigpac":"OV","idPanel":"23:97:0:0:15:169:1"},"id":1112589387},{"type":"Feature","geometry":{"type":"Polygon","coordinates":[[[-2.9111030593613125,38.164634611864216],[-2.9116434390146093,38.164890670639465],[-2.9108967773592043,38.16563102323599],[-2.910740375227652,38.165733465186264],[-2.9103157815152865,38.165359944089346],[-2.910404842594555,38.165260553151995],[-2.9104574113798085,38.16519842732018],[-2.9104990149586807,38.16516046903121],[-2.9105537269967034,38.16513460918202],[-2.910608428138252,38.16511738269358],[-2.910645627864935,38.16510359697662],[-2.9106762863539926,38.16507253783257],[-2.9107003918707606,38.16503456613256],[-2.910869043316337,38.16483956282002],[-2.9109282044688287,38.164751540258635],[-2.9109807690631313,38.16469286777112],[-2.911020202567142,38.16463936607997],[-2.9110595765596377,38.16463594291051],[-2.9111030593613125,38.164634611864216]]]},"properties":{"dn_surface":6533.9611517341,"provincia":23,"municipio":97,"agregado":0,"zona":0,"poligono":15,"parcela":169,"recinto":2,"uso_sigpac":"OV","idPanel":"23:97:0:0:15:169:2"},"id":1112589386},{"type":"Feature","geometry":{"type":"Polygon","coordinates":[[[-2.9119469603193973,38.16499806294206],[-2.911844458857593,38.16518175152282],[-2.9115293328071727,38.165330036618855],[-2.911510354500881,38.16535084469473],[-2.9114793523537723,38.16569122458273],[-2.9112297945830097,38.16579846265827],[-2.9108967773592043,38.16563102323599],[-2.9116434390146093,38.164890670639465],[-2.9119469603193973,38.16499806294206]]]},"properties":{"dn_surface":3484.42639674226,"provincia":23,"municipio":97,"agregado":0,"zona":0,"poligono":15,"parcela":175,"recinto":1,"uso_sigpac":"OV","idPanel":"23:97:0:0:15:175:1"},"id":1112589377},{"type":"Feature","geometry":{"type":"Polygon","coordinates":[[[-2.9103247208155523,38.16123891157963],[-2.91081813582439,38.16128177160587],[-2.9108503407746755,38.161284569485304],[-2.910851403600061,38.16128466168627],[-2.910853218282206,38.16128481926606],[-2.912647349675587,38.16144066567739],[-2.9126758162968343,38.16144313833897],[-2.9129836165634466,38.16168590090041],[-2.912996369629882,38.16202628581755],[-2.912682874697916,38.16200877602077],[-2.912734510577292,38.16210462141288],[-2.912673787876146,38.16210060815743],[-2.9121844037247837,38.162120335805895],[-2.91197543783712,38.161988681244935],[-2.911471620885826,38.16195900595315],[-2.911514859774104,38.16242442121282],[-2.9115205292937474,38.16248547080821],[-2.911501572780405,38.16268229299379],[-2.911390675165693,38.16266495334966],[-2.9113495200186676,38.16265851940042],[-2.911136442807254,38.16262520384791],[-2.9108962342118456,38.16258764453758],[-2.9107803870830167,38.16257151104938],[-2.910345146676608,38.16237181470896],[-2.9103490727602885,38.16205313137863],[-2.910358152876535,38.161719671590305],[-2.910355572088395,38.161683258086185],[-2.9103247208155523,38.16123891157963]]]},"properties":{"dn_surface":23192.82294881681,"provincia":23,"municipio":97,"agregado":0,"zona":0,"poligono":15,"parcela":165,"recinto":6,"uso_sigpac":"OV","idPanel":"23:97:0:0:15:165:6"},"id":1341074633},{"type":"Feature","geometry":{"type":"Polygon","coordinates":[[[-2.911471620885826,38.16195900595315],[-2.91197543783712,38.161988681244935],[-2.9121844037247837,38.162120335805895],[-2.912673787876146,38.16210060815743],[-2.912734510577292,38.16210462141288],[-2.912727099298065,38.16239723618463],[-2.911514859774104,38.16242442121282],[-2.911471620885826,38.16195900595315]]]},"properties":{"dn_surface":4370.794097231161,"provincia":23,"municipio":97,"agregado":0,"zona":0,"poligono":15,"parcela":160,"recinto":2,"uso_sigpac":"OV","idPanel":"23:97:0:0:15:160:2"},"id":1216142030},{"type":"Feature","geometry":{"type":"Polygon","coordinates":[[[-2.912682874697916,38.16200877602077],[-2.912996369629882,38.16202628581755],[-2.9129983360244833,38.162078771621964],[-2.9134917820463646,38.16209752864597],[-2.914151523360701,38.162624899584785],[-2.9141614081397003,38.162667914676234],[-2.914194853611728,38.16271066489952],[-2.914225963047204,38.16273604614207],[-2.9141853619440115,38.162771704436636],[-2.9139324841012053,38.1628043477605],[-2.913495306636858,38.16316251488627],[-2.9138219770832046,38.16326204161044],[-2.9138762825988995,38.16329856491751],[-2.9140663380736904,38.163451045156364],[-2.9142021073111652,38.16355198674586],[-2.9142482287361156,38.16361638826456],[-2.914408478999643,38.16370233295203],[-2.914446455728797,38.16376243874507],[-2.914517022137613,38.16383330271145],[-2.9145810732927067,38.163911750624294],[-2.9144296474973648,38.16390257495436],[-2.9136837905047113,38.163848033068945],[-2.913419673367272,38.163781261986145],[-2.913324084461425,38.163807823400674],[-2.9128045246186574,38.16379170332354],[-2.9127565013397634,38.163273917929786],[-2.9123225777304222,38.16322890375429],[-2.911899184306662,38.163197210938336],[-2.9118241897381356,38.16323339058732],[-2.9116478437049893,38.163160224112005],[-2.9111964605903005,38.163092051574864],[-2.911162612786896,38.1630869394518],[-2.9105084320274552,38.16298813357133],[-2.9107803870830167,38.16257151104938],[-2.9108962342118456,38.16258764453758],[-2.911136442807254,38.16262520384791],[-2.9111307908896076,38.16272856026387],[-2.911301824472208,38.16275722721261],[-2.91134023203121,38.16276366451464],[-2.911436292838233,38.16277976279886],[-2.911501572780405,38.16268229299379],[-2.9115205292937474,38.16248547080821],[-2.911514859774104,38.16242442121282],[-2.912727099298065,38.16239723618463],[-2.912734510577292,38.16210462141288],[-2.912682874697916,38.16200877602077]]]},"properties":{"dn_surface":33663.53712879277,"provincia":23,"municipio":97,"agregado":0,"zona":0,"poligono":15,"parcela":619,"recinto":1,"uso_sigpac":"OV","idPanel":"23:97:0:0:15:619:1"},"id":1341074632},{"type":"Feature","geometry":{"type":"Polygon","coordinates":[[[-2.914225963047204,38.16273604614207],[-2.914251770090417,38.16275710148409],[-2.9143205033769015,38.16279423415551],[-2.914447912503654,38.16284586835852],[-2.914469449805137,38.162855605616016],[-2.9144994687549457,38.16286785744461],[-2.9145190731894415,38.16287625024475],[-2.9145283812934686,38.162880235839935],[-2.9145503636740364,38.16289196547595],[-2.914600636655875,38.16291879343501],[-2.9146780879603673,38.16296942180958],[-2.91475503635064,38.16302516230718],[-2.9148219264565074,38.163068749882626],[-2.9149189075965527,38.16311082787729],[-2.914981566517446,38.1631410882259],[-2.91493634698533,38.16328736837059],[-2.914775018808992,38.16380952995627],[-2.9147551461535777,38.16401626541935],[-2.9146132489063286,38.16396448872399],[-2.9145810732927067,38.163911750624294],[-2.914517022137613,38.16383330271145],[-2.914446455728797,38.16376243874507],[-2.914408478999643,38.16370233295203],[-2.9142482287361156,38.16361638826456],[-2.9142021073111652,38.16355198674586],[-2.9140663380736904,38.163451045156364],[-2.9138762825988995,38.16329856491751],[-2.9138219770832046,38.16326204161044],[-2.913495306636858,38.16316251488627],[-2.9139324841012053,38.1628043477605],[-2.9141853619440115,38.162771704436636],[-2.914225963047204,38.16273604614207]]]},"properties":{"dn_surface":8770.461416585462,"provincia":23,"municipio":97,"agregado":0,"zona":0,"poligono":15,"parcela":566,"recinto":1,"uso_sigpac":"OV","idPanel":"23:97:0:0:15:566:1"},"id":1216142027},{"type":"Feature","geometry":{"type":"Polygon","coordinates":[[[-2.9107803870830167,38.16257151104938],[-2.9105084320274552,38.16298813357133],[-2.9101909255163925,38.16293795698138],[-2.909488953656789,38.16289261674987],[-2.9095025742502556,38.16282263372153],[-2.909545456907627,38.16276878753416],[-2.909603940802302,38.16269407208301],[-2.909749360125474,38.162506660260675],[-2.909847389003479,38.16235721427097],[-2.9098624127276187,38.16233106021693],[-2.9098659750366784,38.16232171774709],[-2.909872309241283,38.162304278358334],[-2.9098723276814713,38.16228932588038],[-2.9098722840955724,38.16226280805171],[-2.910057721979631,38.16227380343298],[-2.9101143367097877,38.16227718217834],[-2.910266407073522,38.162351835603374],[-2.9103448952194984,38.162390470311976],[-2.910345146676608,38.16237181470896],[-2.9107803870830167,38.16257151104938]]]},"properties":{"dn_surface":5697.1687972218,"provincia":23,"municipio":97,"agregado":0,"zona":0,"poligono":15,"parcela":167,"recinto":2,"uso_sigpac":"OV","idPanel":"23:97:0:0:15:167:2"},"id":1112589394},{"type":"Feature","geometry":{"type":"Polygon","coordinates":[[[-2.9099558382641275,38.1615393206836],[-2.910355572088395,38.161683258086185],[-2.910358152876535,38.161719671590305],[-2.9103490727602885,38.16205313137863],[-2.910345146676608,38.16237181470896],[-2.9103448952194984,38.162390470311976],[-2.910266407073522,38.162351835603374],[-2.9101143367097877,38.16227718217834],[-2.910057721979631,38.16227380343298],[-2.9098722840955724,38.16226280805171],[-2.909881678533207,38.16223052682611],[-2.9099144509383708,38.16219029285031],[-2.909942697953743,38.16215366309305],[-2.9099564434375726,38.16213354568606],[-2.9099654120745013,38.16211267474594],[-2.9099703565594766,38.162072943684336],[-2.9099687606450177,38.1619674968216],[-2.9099581105982124,38.16179046598691],[-2.909955173579166,38.16164042655842],[-2.909953830798199,38.16157730914742],[-2.9099558382641275,38.1615393206836]]]},"properties":{"dn_surface":2712.11373630948,"provincia":23,"municipio":97,"agregado":0,"zona":0,"poligono":15,"parcela":136,"recinto":3,"uso_sigpac":"OV","idPanel":"23:97:0:0:15:136:3"},"id":1112589491},{"type":"Feature","geometry":{"type":"Polygon","coordinates":[[[-2.909416199571114,38.161345002172595],[-2.9099145406247398,38.1615244495101],[-2.909913931260343,38.16156289227311],[-2.909915695651066,38.161704968893105],[-2.909919303222406,38.1618231562494],[-2.9099272693836546,38.161946708862274],[-2.9099313781928347,38.16200488095015],[-2.90992819390763,38.16205701722919],[-2.9099243390701313,38.16209591010042],[-2.9099105097672644,38.1621331265909],[-2.9098867059990288,38.16216791232932],[-2.909862398478383,38.16219817183975],[-2.9098496588229925,38.16222315075089],[-2.9098415501693813,38.16226098498768],[-2.909601841135433,38.162246770117235],[-2.9094451255206835,38.16223754499404],[-2.909453135267832,38.16184946788323],[-2.909366307965893,38.16172403353298],[-2.909360277186201,38.1616152464816],[-2.909506236303969,38.16155263366119],[-2.9094743423223104,38.16140489171249],[-2.9094161643671197,38.161373842626745],[-2.909416199571114,38.161345002172595]]]},"properties":{"dn_surface":3743.61830596662,"provincia":23,"municipio":97,"agregado":0,"zona":0,"poligono":15,"parcela":136,"recinto":2,"uso_sigpac":"OV","idPanel":"23:97:0:0:15:136:2"},"id":1112589492},{"type":"Feature","geometry":{"type":"Polygon","coordinates":[[[-2.909601841135433,38.162246770117235],[-2.9098415501693813,38.16226098498768],[-2.9096977619646642,38.16250269310564],[-2.9095231333835803,38.16271700078053],[-2.9096071594533117,38.16228525814253],[-2.909601841135433,38.162246770117235]]]},"properties":{"dn_surface":581.752406717167,"provincia":23,"municipio":97,"agregado":0,"zona":0,"poligono":15,"parcela":167,"recinto":3,"uso_sigpac":"OV","idPanel":"23:97:0:0:15:167:3"},"id":1112589393},{"type":"Feature","geometry":{"type":"Polygon","coordinates":[[[-2.9135489256746427,38.16025533876973],[-2.913592519117445,38.16027454087285],[-2.9138773814664707,38.1608990471787],[-2.9138481328136105,38.16100910576483],[-2.9138592430269266,38.161083468337864],[-2.9138658773036825,38.16115950393885],[-2.913827758920357,38.16119144402094],[-2.9138101552462667,38.16123129410559],[-2.913829193902265,38.161350058975074],[-2.9138126010857586,38.16150120649118],[-2.913724866861842,38.16154649140219],[-2.91364451625687,38.16158796506153],[-2.9131852491235883,38.16146059365337],[-2.9132637448132774,38.16135908796173],[-2.9132304435099923,38.16132934226195],[-2.913177060003701,38.16128165928836],[-2.9131969024842626,38.16106727198539],[-2.9132754769638463,38.16090819351203],[-2.913334439465221,38.16076898266488],[-2.9132477102315546,38.16072029553922],[-2.9130643393249414,38.16069794435492],[-2.912995801336813,38.16068772681433],[-2.9129650875271906,38.16061697265084],[-2.9130496265694275,38.16056677259158],[-2.9133471715768975,38.160418184070664],[-2.9133158819304934,38.16036157017868],[-2.9135256667301457,38.16026163022664],[-2.9135489256746427,38.16025533876973]]]},"properties":{"dn_surface":6948.37369802394,"provincia":23,"municipio":97,"agregado":0,"zona":0,"poligono":15,"parcela":622,"recinto":1,"uso_sigpac":"OV","idPanel":"23:97:0:0:15:622:1"},"id":1216143336},{"type":"Feature","geometry":{"type":"Polygon","coordinates":[[[-2.9145273871996933,38.16118072859527],[-2.914519101687914,38.161232452484654],[-2.9144648095832655,38.16157367475395],[-2.9141230005806977,38.161837822066275],[-2.9140612301415936,38.161967757498786],[-2.9136789482789602,38.16219587352177],[-2.9135243440657455,38.16207231755615],[-2.913016065427128,38.161660599285995],[-2.912709975068866,38.16141910071562],[-2.912627771224992,38.1613371877238],[-2.912684313032586,38.1613099180384],[-2.9126983082971467,38.16130992809667],[-2.9127878630705393,38.161334311054446],[-2.912860622185357,38.16136309786444],[-2.912992130063005,38.16141403553124],[-2.9131852491235883,38.16146059365337],[-2.91364451625687,38.16158796506153],[-2.913724866861842,38.16154649140219],[-2.9138126010857586,38.16150120649118],[-2.9138733983858462,38.1614812215183],[-2.913884637680479,38.16147752845154],[-2.9139607671587626,38.16145250260175],[-2.9144337730703516,38.161203666512904],[-2.9145273871996933,38.16118072859527]]]},"properties":{"dn_surface":7364.568611221877,"provincia":23,"municipio":97,"agregado":0,"zona":0,"poligono":15,"parcela":621,"recinto":1,"uso_sigpac":"OV","idPanel":"23:97:0:0:15:621:1"},"id":1216143314},{"type":"Feature","geometry":{"type":"Polygon","coordinates":[[[-2.9144648095832655,38.16157367475395],[-2.914360883197837,38.162226827892],[-2.9143199535240205,38.16228593540035],[-2.914226013338626,38.16226656398274],[-2.91412679506849,38.16225845532918],[-2.914025019479544,38.16226239650027],[-2.913963940547492,38.16227641355775],[-2.9139333591719483,38.16231857620963],[-2.913925558972392,38.16239295806099],[-2.9136789482789602,38.16219587352177],[-2.9140612301415936,38.161967757498786],[-2.9141230005806977,38.161837822066275],[-2.9144648095832655,38.16157367475395]]]},"properties":{"dn_surface":2477.349884592394,"provincia":23,"municipio":97,"agregado":0,"zona":0,"poligono":15,"parcela":162,"recinto":1,"uso_sigpac":"OV","idPanel":"23:97:0:0:15:162:1"},"id":1216143335},{"type":"Feature","geometry":{"type":"Polygon","coordinates":[[[-2.914040249398515,38.16229254117863],[-2.914114029429199,38.162296613945614],[-2.9142564941313256,38.16230877273509],[-2.9142981890729485,38.16231735831903],[-2.914221905367637,38.1624274931805],[-2.914111229035182,38.162541340387094],[-2.913971066003804,38.16242932546464],[-2.913966405665362,38.16234471517623],[-2.9139969836881447,38.1623045616667],[-2.914040249398515,38.16229254117863]]]},"properties":{"dn_surface":496.6826702683617,"provincia":23,"municipio":97,"agregado":0,"zona":0,"poligono":15,"parcela":162,"recinto":2,"uso_sigpac":"OV","idPanel":"23:97:0:0:15:162:2"},"id":1216143333},{"type":"Feature","geometry":{"type":"Polygon","coordinates":[[[-2.9129836165634466,38.16168590090041],[-2.9131563944202,38.1618258560606],[-2.913387822133322,38.16201331901257],[-2.9134917820463646,38.16209752864597],[-2.9129983360244833,38.162078771621964],[-2.9129966168960406,38.16203290500687],[-2.912989757984266,38.161849810703075],[-2.9129836165634466,38.16168590090041]]]},"properties":{"dn_surface":940.830118987093,"provincia":23,"municipio":97,"agregado":0,"zona":0,"poligono":15,"parcela":161,"recinto":2,"uso_sigpac":"OV","idPanel":"23:97:0:0:15:161:2"},"id":1112589413},{"type":"Feature","geometry":{"type":"Polygon","coordinates":[[[-2.9150884567440123,38.160008559600044],[-2.915326969680307,38.16002611717366],[-2.915367348663053,38.16001165419888],[-2.915488009519161,38.160023870823494],[-2.915488807476389,38.1600658616463],[-2.9154784985730644,38.16012822468599],[-2.915472799716759,38.16016845782363],[-2.9154977861716023,38.16041095300233],[-2.9155004692189666,38.16048261911692],[-2.9154952741150715,38.160535426786396],[-2.9154362663514175,38.16062058944229],[-2.915393687118958,38.16067230662614],[-2.915364182818036,38.160708098193],[-2.915334678517114,38.160719833696334],[-2.9152678739066644,38.16073751951308],[-2.9152242762729093,38.160722954279066],[-2.9152033676142013,38.16068762204051],[-2.915187748774901,38.160667945521624],[-2.9151960376394417,38.160641770512854],[-2.9151798580507853,38.160598460378424],[-2.9151364708028114,38.16051717100021],[-2.9150551210749223,38.16027799589355],[-2.9150554312053583,38.160193155102775],[-2.9150333205816645,38.16008965200348],[-2.915083320313443,38.16001611420981],[-2.9150884567440123,38.160008559600044]]]},"properties":{"dn_surface":2521.276701893175,"provincia":23,"municipio":97,"agregado":0,"zona":0,"poligono":15,"parcela":154,"recinto":3,"uso_sigpac":"OV","idPanel":"23:97:0:0:15:154:3"},"id":1216143326},{"type":"Feature","geometry":{"type":"Polygon","coordinates":[[[-2.914474156244049,38.16002193628012],[-2.9145759988882243,38.16005135843838],[-2.914635848195007,38.160059069789725],[-2.914708603957063,38.16006678197931],[-2.9147409589434234,38.16008472009136],[-2.91483467365561,38.16015756051064],[-2.914976752790168,38.16032235292778],[-2.9150688757788465,38.16042712923823],[-2.9151514450737204,38.16063651505928],[-2.9151653598720046,38.16067257484707],[-2.915187748774901,38.160667945521624],[-2.9151904133820783,38.160697795157006],[-2.915185028008969,38.16069949081614],[-2.915135339245816,38.160715140668486],[-2.914851274854021,38.16049612320194],[-2.9148456966971272,38.16049182244714],[-2.914620086863344,38.1602799832429],[-2.9146038033390824,38.160230081579414],[-2.9144168483304584,38.16002529826167],[-2.914474156244049,38.16002193628012]]]},"properties":{"dn_surface":1589.8328891481624,"provincia":23,"municipio":97,"agregado":0,"zona":0,"poligono":15,"parcela":152,"recinto":1,"uso_sigpac":"OV","idPanel":"23:97:0:0:15:152:1"},"id":1216143294},{"type":"Feature","geometry":{"type":"Polygon","coordinates":[[[-2.914084828553189,38.1600719184099],[-2.9141039183388,38.16007897848735],[-2.9141398800583107,38.16007725768253],[-2.914156512269766,38.16007385043869],[-2.9142223253010107,38.16017936016573],[-2.9140959781614524,38.16027430617953],[-2.9141897398122985,38.1604296806897],[-2.9142688247498163,38.16058231347918],[-2.9142071272332744,38.16062161790188],[-2.914192375082813,38.16068419048918],[-2.914142371160082,38.16076760216538],[-2.914092394897633,38.16082783368694],[-2.914234210002226,38.16094849621942],[-2.91434958942083,38.161046668427986],[-2.9145151915298513,38.16116792356107],[-2.9145273871996933,38.16118072859527],[-2.9144337730703516,38.161203666512904],[-2.9139607671587626,38.16145250260175],[-2.913884637680479,38.16147752845154],[-2.9138733983858462,38.1614812215183],[-2.9138126010857586,38.16150120649118],[-2.913829193902265,38.161350058975074],[-2.9138101552462667,38.16123129410559],[-2.913827758920357,38.16119144402094],[-2.9138658773036825,38.16115950393885],[-2.9138592430269266,38.161083468337864],[-2.9138481328136105,38.16100910576483],[-2.9138773814664707,38.1608990471787],[-2.913592519117445,38.16027454087285],[-2.9135489256746427,38.16025533876973],[-2.9135256667301457,38.16026163022664],[-2.9135237472742044,38.16025509150356],[-2.9136020878986764,38.16025005062667],[-2.9136257810257837,38.16024581776534],[-2.9136570119988625,38.16024074084629],[-2.9136731739855213,38.16023140005285],[-2.9136882672794613,38.16021610978419],[-2.913693663549045,38.160204211671896],[-2.913696910698528,38.160189761269976],[-2.9138379622116957,38.160190415896665],[-2.9139327623804063,38.16016820301374],[-2.914084828553189,38.1600719184099]]]},"properties":{"dn_surface":5749.277266085374,"provincia":23,"municipio":97,"agregado":0,"zona":0,"poligono":15,"parcela":155,"recinto":1,"uso_sigpac":"OV","idPanel":"23:97:0:0:15:155:1"},"id":1216143319},{"type":"Feature","geometry":{"type":"Polygon","coordinates":[[[-2.9134611369683525,38.159876288969144],[-2.9135914990397693,38.16009786710728],[-2.9136183622028446,38.16014464483527],[-2.9136269578450595,38.16016080430734],[-2.9136301706287364,38.16017525890024],[-2.913630158894071,38.16018546051521],[-2.9136290734375456,38.16019311151689],[-2.9136236796825337,38.160202459015835],[-2.913615058894608,38.16020755353688],[-2.913602133160956,38.16021179394198],[-2.9135859803943918,38.16021348289556],[-2.9135569085996993,38.160213461102614],[-2.913528913879628,38.16021344014786],[-2.9135114267139985,38.16021309732798],[-2.9134836021465715,38.160118261117105],[-2.91337539679932,38.15991710800185],[-2.9134519059778397,38.159880683601244],[-2.9134611369683525,38.159876288969144]]]},"properties":{"dn_surface":360.1663156181423,"provincia":23,"municipio":97,"agregado":0,"zona":0,"poligono":15,"parcela":155,"recinto":2,"uso_sigpac":"OV","idPanel":"23:97:0:0:15:155:2"},"id":1216143321},{"type":"Feature","geometry":{"type":"Polygon","coordinates":[[[-2.914665320644696,38.1589654350409],[-2.914571392193966,38.15915174631934],[-2.9144860442980254,38.159320759863164],[-2.9143763201498283,38.159347356481675],[-2.9140865242123017,38.15952721285612],[-2.9138455654365156,38.15931461592777],[-2.9139997254088357,38.159232039089176],[-2.9142726938365513,38.159085194004206],[-2.9143357743671996,38.15897547237057],[-2.9144649160334417,38.15874371105767],[-2.9146141013459324,38.15890876666657],[-2.914625177193443,38.15892102184793],[-2.9146503849305443,38.15894891095604],[-2.914665320644696,38.1589654350409]]]},"properties":{"dn_surface":2433.984096315146,"provincia":23,"municipio":97,"agregado":0,"zona":0,"poligono":15,"parcela":149,"recinto":5,"uso_sigpac":"OV","idPanel":"23:97:0:0:15:149:5"},"id":1324665455},{"type":"Feature","geometry":{"type":"Polygon","coordinates":[[[-2.9129715441075885,38.15904924904848],[-2.9129902164743964,38.159089369030426],[-2.91337539679932,38.15991710800185],[-2.9128568964291754,38.15987075775092],[-2.91253643948802,38.15916358575828],[-2.9129715441075885,38.15904924904848]]]},"properties":{"dn_surface":3769.5969261348037,"provincia":23,"municipio":97,"agregado":0,"zona":0,"poligono":15,"parcela":148,"recinto":1,"uso_sigpac":"OV","idPanel":"23:97:0:0:15:148:1"},"id":1216143315},{"type":"Feature","geometry":{"type":"Polygon","coordinates":[[[-2.914077659510979,38.15959236790792],[-2.9141391214960293,38.15965541155819],[-2.9143185906264835,38.15992151101585],[-2.9143332899709518,38.15994333162567],[-2.9143655745493215,38.1599691361543],[-2.9143924209485896,38.159998542386944],[-2.914351789670544,38.159992185551204],[-2.914233757379428,38.1600292285363],[-2.9141365013129406,38.160041769540555],[-2.91410805061731,38.15999615773535],[-2.9140171119916203,38.15993582311634],[-2.91397667517374,38.15989228918508],[-2.913833792214619,38.15970095044082],[-2.9139117154202885,38.159669662470804],[-2.9140684444460834,38.159596660280755],[-2.914077659510979,38.15959236790792]]]},"properties":{"dn_surface":1157.8339814328046,"provincia":23,"municipio":97,"agregado":0,"zona":0,"poligono":15,"parcela":154,"recinto":6,"uso_sigpac":"OV","idPanel":"23:97:0:0:15:154:6"},"id":1216143324},{"type":"Feature","geometry":{"type":"Polygon","coordinates":[[[-2.913833792214619,38.15970095044082],[-2.91397667517374,38.15989228918508],[-2.9140171119916203,38.15993582311634],[-2.91410805061731,38.15999615773535],[-2.9141365013129406,38.160041769540555],[-2.914037741532936,38.16005450500501],[-2.9138408765996027,38.160162639944275],[-2.913675427041228,38.16014723819629],[-2.913649629218109,38.16010896223318],[-2.913559356953762,38.15996181959062],[-2.913495451643792,38.159859952638925],[-2.913503557782832,38.15985609361044],[-2.913533861717365,38.159841666677835],[-2.913805966809002,38.15971212268022],[-2.913833792214619,38.15970095044082]]]},"properties":{"dn_surface":1577.2262525526335,"provincia":23,"municipio":97,"agregado":0,"zona":0,"poligono":15,"parcela":155,"recinto":4,"uso_sigpac":"OV","idPanel":"23:97:0:0:15:155:4"},"id":1216143322},{"type":"Feature","geometry":{"type":"Polygon","coordinates":[[[-2.91445737651109,38.15766115383275],[-2.914421561474893,38.157737554884704],[-2.914486770170883,38.15780682042205],[-2.914772893158221,38.15803333885421],[-2.9146706180078157,38.15813474563939],[-2.9145458181676758,38.15817052295702],[-2.9145003471784494,38.158206269261626],[-2.9144387183935176,38.15819865346393],[-2.9143651118682388,38.158283317396524],[-2.9142098982906277,38.15846156193089],[-2.914427891488545,38.15870274869445],[-2.914264886931472,38.159031339434904],[-2.9138396662527124,38.1592774840945],[-2.9133679771381904,38.159528568209936],[-2.9133460743857067,38.15955363680743],[-2.9133324663650964,38.159582855285436],[-2.9133299802924677,38.15959844227348],[-2.9133312032122136,38.15960818623651],[-2.91333365910999,38.15961793103773],[-2.9134611369683525,38.159876288969144],[-2.9134519059778397,38.159880683601244],[-2.91337539679932,38.15991710800185],[-2.9129902164743964,38.159089369030426],[-2.9129715441075885,38.15904924904848],[-2.9130294328871034,38.15903451198545],[-2.9129325389188545,38.15882849988063],[-2.912687287770198,38.15830774561661],[-2.912645967499671,38.15830771460355],[-2.912544033492746,38.158118371590575],[-2.912667833371778,38.158060424137744],[-2.91318338079726,38.157801340333464],[-2.913298328547825,38.1576017965437],[-2.9141939508807035,38.15764771009745],[-2.91445737651109,38.15766115383275]]]},"properties":{"dn_surface":25273.4314020662,"provincia":23,"municipio":97,"agregado":0,"zona":0,"poligono":15,"parcela":149,"recinto":3,"uso_sigpac":"OV","idPanel":"23:97:0:0:15:149:3"},"id":1112589456},{"type":"Feature","geometry":{"type":"Polygon","coordinates":[[[-2.910935275442765,38.15792178493646],[-2.91100882748567,38.15795165468836],[-2.9110586444919493,38.157971141776216],[-2.9113873509026966,38.15808864936017],[-2.9115462399450687,38.1580883233041],[-2.9116825171259064,38.158088064303286],[-2.9118861579901667,38.158079927989405],[-2.911964925253536,38.15816849202176],[-2.912102545215341,38.15839147915793],[-2.912126385863953,38.15843854857613],[-2.9121046339857357,38.158472591677906],[-2.912108307774115,38.15852916114582],[-2.9121203684953074,38.15856327046458],[-2.9117647134260665,38.158670640974236],[-2.911877438295778,38.15888736347557],[-2.9120332302247416,38.159186793573156],[-2.9124701830540713,38.159180995810374],[-2.91253643948802,38.15916358575828],[-2.9128568964291754,38.15987075775092],[-2.9128596767066224,38.15992861887014],[-2.9126880010702014,38.15988794903535],[-2.9125909092890265,38.159872454248216],[-2.912253829356511,38.15982204631774],[-2.9121133201525105,38.15980192639617],[-2.911978679119269,38.15979828948815],[-2.9116929852854008,38.15926566225758],[-2.9114197494749567,38.15867467686087],[-2.911217138746657,38.15839558209976],[-2.9112159359434804,38.15830497288286],[-2.9112041442813963,38.15822993305207],[-2.9111231222859395,38.15810950772746],[-2.9110729255794237,38.158054789822074],[-2.9109721558189183,38.15802469292058],[-2.9109346652401777,38.15796320662801],[-2.910935275442765,38.15792178493646]]]},"properties":{"dn_surface":12118.347186283218,"provincia":23,"municipio":97,"agregado":0,"zona":0,"poligono":15,"parcela":145,"recinto":1,"uso_sigpac":"OV","idPanel":"23:97:0:0:15:145:1"},"id":1216143316},{"type":"Feature","geometry":{"type":"Polygon","coordinates":[[[-2.910827868890933,38.15794707984534],[-2.9109346652401777,38.15796320662801],[-2.9109721558189183,38.15802469292058],[-2.9110729255794237,38.158054789822074],[-2.9111231222859395,38.15810950772746],[-2.9112041442813963,38.15822993305207],[-2.9112159359434804,38.15830497288286],[-2.911217138746657,38.15839558209976],[-2.9114197494749567,38.15867467686087],[-2.9116929852854008,38.15926566225758],[-2.911978679119269,38.15979828948815],[-2.9119386261925775,38.1597972073844],[-2.9118898485423528,38.15978816582492],[-2.911652305392313,38.15975102393338],[-2.9115542848962117,38.15973490804717],[-2.91150217795385,38.15973207915471],[-2.9114600899009453,38.159736993464804],[-2.9114380119666756,38.15971357442598],[-2.910537803056109,38.1585352003074],[-2.9104945792552575,38.15848092664291],[-2.910293109304047,38.15822794989364],[-2.9103690770115898,38.158176727242136],[-2.910827868890933,38.15794707984534]]]},"properties":{"dn_surface":11491.927429730813,"provincia":23,"municipio":97,"agregado":0,"zona":0,"poligono":15,"parcela":143,"recinto":1,"uso_sigpac":"OV","idPanel":"23:97:0:0:15:143:1"},"id":1216143304},{"type":"Feature","geometry":{"type":"Polygon","coordinates":[[[-2.912544033492746,38.158118371590575],[-2.912645967499671,38.15830771460355],[-2.912687287770198,38.15830774561661],[-2.9129325389188545,38.15882849988063],[-2.9130294328871034,38.15903451198545],[-2.9129715441075885,38.15904924904848],[-2.91253643948802,38.15916358575828],[-2.9124701830540713,38.159180995810374],[-2.9120332302247416,38.159186793573156],[-2.911877438295778,38.15888736347557],[-2.9117647134260665,38.158670640974236],[-2.9121203684953074,38.15856327046458],[-2.912108307774115,38.15852916114582],[-2.9121046339857357,38.158472591677906],[-2.912126385863953,38.15843854857613],[-2.912102545215341,38.15839147915793],[-2.912244781091499,38.158380231481345],[-2.912445461467383,38.15817444568793],[-2.912463413828666,38.15814805274968],[-2.912544033492746,38.158118371590575]]]},"properties":{"dn_surface":7648.83517604802,"provincia":23,"municipio":97,"agregado":0,"zona":0,"poligono":15,"parcela":147,"recinto":1,"uso_sigpac":"OV","idPanel":"23:97:0:0:15:147:1"},"id":1216143337},{"type":"Feature","geometry":{"type":"Polygon","coordinates":[[[-2.912463413828666,38.15814805274968],[-2.912445461467383,38.15817444568793],[-2.912244781091499,38.158380231481345],[-2.912102545215341,38.15839147915793],[-2.911964925253536,38.15816849202176],[-2.91206217545269,38.1581685666207],[-2.9124527931185242,38.15815200984636],[-2.912463413828666,38.15814805274968]]]},"properties":{"dn_surface":693.768376880889,"provincia":23,"municipio":97,"agregado":0,"zona":0,"poligono":15,"parcela":146,"recinto":2,"uso_sigpac":"OV","idPanel":"23:97:0:0:15:146:2"},"id":1112589459},{"type":"Feature","geometry":{"type":"Polygon","coordinates":[[[-2.914579012182594,38.15852394173439],[-2.9148410145657366,38.15874547712477],[-2.914712173809836,38.15901729220258],[-2.914665320644696,38.1589654350409],[-2.9146503849305443,38.15894891095604],[-2.9146669526013405,38.15892145435416],[-2.914673850908062,38.15890573409385],[-2.9146732281326195,38.15888898118297],[-2.9146726020044147,38.15887527341769],[-2.914659138990738,38.15885800334337],[-2.9146167659531086,38.15885746438698],[-2.914626348145386,38.15889909981709],[-2.9146141013459324,38.15890876666657],[-2.9144649160334417,38.15874371021951],[-2.914579012182594,38.15852394173439]]]},"properties":{"dn_surface":864.49469743239,"provincia":23,"municipio":97,"agregado":0,"zona":0,"poligono":15,"parcela":597,"recinto":4,"uso_sigpac":"OV","idPanel":"23:97:0:0:15:597:4"},"id":1324665457},{"type":"Feature","geometry":{"type":"Polygon","coordinates":[[[-2.9104945792552575,38.15848092664291],[-2.910537803056109,38.1585352003074],[-2.9114380119666756,38.15971357442598],[-2.9114600899009453,38.159736993464804],[-2.911449982163309,38.15974724788575],[-2.9114360673650244,38.159763508778866],[-2.911416621348507,38.15978748186157],[-2.911392231685205,38.15981992066696],[-2.9113431145678823,38.159891336162616],[-2.9112899732986075,38.15994908831709],[-2.9112722883200517,38.159968954266986],[-2.911239851191035,38.16002251546965],[-2.911223505640685,38.16005897758882],[-2.9112004570819705,38.160129387256035],[-2.911177323866029,38.16018286547782],[-2.911135918100084,38.1602403661752],[-2.9110821071167057,38.16030147192933],[-2.9110205001247222,38.16036249302627],[-2.910994543045434,38.16039888976658],[-2.9104073051978525,38.16034717677368],[-2.9104170508372516,38.16031573206206],[-2.9105242478414914,38.16030481882348],[-2.9105169648053915,38.16009589987448],[-2.9104934502128326,38.15981569451114],[-2.910495299260783,38.159636740029555],[-2.9104665979462325,38.159589507164185],[-2.9102424767385404,38.1595718523605],[-2.9100714448323215,38.15955837928851],[-2.9100348955413633,38.1595555001046],[-2.910062036983641,38.15945717702181],[-2.91006587086638,38.1594432882074],[-2.9100614007971526,38.159440027646895],[-2.9100350598266758,38.159420817161845],[-2.909742380514287,38.159184893395604],[-2.909588503012121,38.158926629341494],[-2.909573138982692,38.158881724130765],[-2.9095632877313067,38.15872236653999],[-2.9095563567351608,38.158629671067274],[-2.909553418039734,38.15859036748276],[-2.9095528623195204,38.15852227541191],[-2.909750478271423,38.15852083959186],[-2.9098636188835565,38.15859157196232],[-2.910250469721882,38.15852130562567],[-2.9103599985717232,38.158489511388694],[-2.9104945792552575,38.15848092664291]]]},"properties":{"dn_surface":18146.898287563115,"provincia":23,"municipio":97,"agregado":0,"zona":0,"poligono":15,"parcela":142,"recinto":7,"uso_sigpac":"OV","idPanel":"23:97:0:0:15:142:7"},"id":1216143266},{"type":"Feature","geometry":{"type":"Polygon","coordinates":[[[-2.9114919226947085,38.15977075828735],[-2.9114995720199985,38.15977887280832],[-2.9115727628028547,38.159854905056505],[-2.9117942646656485,38.16037888802984],[-2.911900791955786,38.160355085937965],[-2.9118792110684044,38.160360928124845],[-2.9119312325153492,38.16048137608061],[-2.9110290345790406,38.16040192736847],[-2.9110543638537445,38.16037632400554],[-2.9110667690711773,38.16036676863533],[-2.91111437828403,38.160324019250226],[-2.9111493308223384,38.16029116218783],[-2.9111893954836963,38.16023567230914],[-2.911208590881293,38.16020599953194],[-2.9112276169644367,38.160161742242394],[-2.911252760160879,38.16010214523092],[-2.911259717140926,38.16008253157631],[-2.9112812577951708,38.16002896953549],[-2.9113212386374907,38.15997507305667],[-2.9113633996129566,38.15992905556732],[-2.911392064885322,38.15989175525783],[-2.911413355758837,38.1598643455946],[-2.9114385844506963,38.15982285433324],[-2.9114719444273076,38.159790080251696],[-2.9114919226947085,38.15977075828735]]]},"properties":{"dn_surface":2830.5052558027855,"provincia":23,"municipio":97,"agregado":0,"zona":0,"poligono":15,"parcela":142,"recinto":8,"uso_sigpac":"OV","idPanel":"23:97:0:0:15:142:8"},"id":1216143270},{"type":"Feature","geometry":{"type":"Polygon","coordinates":[[[-2.9102302182044215,38.158232072952075],[-2.9101714216647396,38.158181797455654],[-2.9101342579802427,38.15818588782466],[-2.9099547016779908,38.158205653191715],[-2.9098017218777072,38.158220480779306],[-2.909745325077046,38.158224117687325],[-2.9097558787319584,38.15824447816951],[-2.909600433813806,38.158227396688034],[-2.9094981150775023,38.158216154040616],[-2.909199773789184,38.15782125908936],[-2.9094285360569376,38.157717254752214],[-2.9098408536331863,38.15797613319984],[-2.910040214697433,38.158101304358325],[-2.9102944923181533,38.15803048733059],[-2.910329490956931,38.15809910829958],[-2.910345729218914,38.15813094779887],[-2.9103690770115898,38.158176727242136],[-2.910293109304047,38.15822794989364],[-2.9102302182044215,38.158232072952075]]]},"properties":{"dn_surface":2676.95496601214,"provincia":23,"municipio":97,"agregado":0,"zona":0,"poligono":15,"parcela":120,"recinto":2,"uso_sigpac":"OV","idPanel":"23:97:0:0:15:120:2"},"id":1112589528},{"type":"Feature","geometry":{"type":"Polygon","coordinates":[[[-2.91555787352445,38.15762140600734],[-2.915349538794132,38.157639551152414],[-2.915259020101816,38.157647415892654],[-2.9152277371609348,38.157650096425414],[-2.915208144461104,38.157615293923214],[-2.914933782960998,38.15728577027687],[-2.914890960653332,38.15730214181107],[-2.9147584637110513,38.157382616468226],[-2.9146146998138547,38.157433251548326],[-2.9144255873032257,38.157513684295935],[-2.914134885281914,38.15749796655018],[-2.914022119340874,38.15749193409408],[-2.9138144861758937,38.157401381874166],[-2.9135958794226275,38.15732488191574],[-2.9133655388424122,38.1572292653496],[-2.913393677731227,38.15707320771432],[-2.913413995465725,38.15706694727049],[-2.913519703005683,38.157053122158544],[-2.913625944472905,38.157053201786624],[-2.9138086632674134,38.15706676035401],[-2.913910650918522,38.157070191905376],[-2.9140933889914087,38.157066972416175],[-2.9142591562239324,38.15704025174546],[-2.914320619885362,38.15702509474903],[-2.9144361040777627,38.15699976882709],[-2.914553117129392,38.156978645591664],[-2.9146142647930544,38.15696319606681],[-2.9146983453451596,38.15705802641037],[-2.914964604897177,38.15698919170285],[-2.91555787352445,38.15762140600734]]]},"properties":{"dn_surface":7242.87195827224,"provincia":23,"municipio":97,"agregado":0,"zona":0,"poligono":15,"parcela":113,"recinto":2,"uso_sigpac":"OV","idPanel":"23:97:0:0:15:113:2"},"id":1112589545},{"type":"Feature","geometry":{"type":"Polygon","coordinates":[[[-2.9152277371609348,38.157650096425414],[-2.915189156096527,38.15775010846184],[-2.915362796451169,38.15792336911625],[-2.9155026057662132,38.15803685003365],[-2.915011857879123,38.15808769382315],[-2.9149330981594677,38.15810008311496],[-2.914850837318649,38.158118204790725],[-2.914788309155453,38.15814023662449],[-2.914766816278059,38.15815406341278],[-2.9147568996478253,38.15816221816689],[-2.9147504313327626,38.15816901589076],[-2.9147461163287525,38.15817513468042],[-2.9147370529763132,38.15819077279809],[-2.914728611561126,38.158204478887],[-2.914575398743921,38.15847635012352],[-2.914555252838448,38.15850385198766],[-2.914552374492727,38.15850141788283],[-2.914546760293648,38.1584966712108],[-2.9145000571645823,38.15845718070983],[-2.9143651118682388,38.158283317396524],[-2.9144387183935176,38.15819865346393],[-2.9145003471784494,38.158206269261626],[-2.9145458181676758,38.15817052295702],[-2.9146706180078157,38.15813474563939],[-2.914772893158221,38.15803333885421],[-2.914486770170883,38.15780682042205],[-2.914421561474893,38.157737554884704],[-2.91445737651109,38.15766115383275],[-2.914361269603596,38.15756140331172],[-2.9144255873032257,38.157513684295935],[-2.9146146998138547,38.157433251548326],[-2.9147584637110513,38.157382616468226],[-2.914890960653332,38.15730214181107],[-2.914933782960998,38.15728577027687],[-2.915208144461104,38.157615293923214],[-2.9152277371609348,38.157650096425414]]]},"properties":{"dn_surface":5657.1367865914,"provincia":23,"municipio":97,"agregado":0,"zona":0,"poligono":15,"parcela":150,"recinto":2,"uso_sigpac":"OV","idPanel":"23:97:0:0:15:150:2"},"id":1112589450},{"type":"Feature","geometry":{"type":"Polygon","coordinates":[[[-2.91445737651109,38.15766115383275],[-2.9141939508807035,38.15764771009745],[-2.913298328547825,38.1576017965437],[-2.9133655388424122,38.1572292653496],[-2.9135958794226275,38.15732488191574],[-2.9138144861758937,38.157401381874166],[-2.914022119340874,38.15749193409408],[-2.914134885281914,38.15749796655018],[-2.9144255873032257,38.157513684295935],[-2.914361269603596,38.15756140331172],[-2.91445737651109,38.15766115383275]]]},"properties":{"dn_surface":2342.99726759169,"provincia":23,"municipio":97,"agregado":0,"zona":0,"poligono":15,"parcela":605,"recinto":2,"uso_sigpac":"OV","idPanel":"23:97:0:0:15:605:2"},"id":1112590019},{"type":"Feature","geometry":{"type":"Polygon","coordinates":[[[-2.913393677731227,38.15707320771432],[-2.9133655388424122,38.1572292653496],[-2.913298328547825,38.1576017965437],[-2.91318338079726,38.157801340333464],[-2.912667833371778,38.158060424137744],[-2.912544033492746,38.158118371590575],[-2.912603938120093,38.15729747225254],[-2.912641341527035,38.15727453852591],[-2.9127438798692156,38.157234916429076],[-2.9128290115120414,38.157196808104004],[-2.9129122044205484,38.157163277974774],[-2.912979922658498,38.15713279131475],[-2.9130495712488638,38.15710535902039],[-2.9130959986132976,38.15709165125514],[-2.9131385476709037,38.15708710323423],[-2.913183024566354,38.15708713676182],[-2.9132468376753833,38.15708871172154],[-2.913312598738825,38.15707807257121],[-2.913393677731227,38.15707320771432]]]},"properties":{"dn_surface":5513.89240175448,"provincia":23,"municipio":97,"agregado":0,"zona":0,"poligono":15,"parcela":114,"recinto":2,"uso_sigpac":"OV","idPanel":"23:97:0:0:15:114:2"},"id":1112589541},{"type":"Feature","geometry":{"type":"Polygon","coordinates":[[[-2.91077420626725,38.15741431598971],[-2.910965800659555,38.15747321646501],[-2.9110282894278035,38.15750528646666],[-2.9110193844933434,38.15770949813856],[-2.9107424950110907,38.157531800942536],[-2.910697503466755,38.157444525208746],[-2.91077420626725,38.15741431598971]]]},"properties":{"dn_surface":492.73968771846023,"provincia":23,"municipio":97,"agregado":0,"zona":0,"poligono":15,"parcela":118,"recinto":3,"uso_sigpac":"OV","idPanel":"23:97:0:0:15:118:3"},"id":1216143310},{"type":"Feature","geometry":{"type":"Polygon","coordinates":[[[-2.9103016077161796,38.15706326258558],[-2.9105631063469115,38.15743513831484],[-2.9105282736698252,38.157639337413855],[-2.9107580727790636,38.15787538607049],[-2.910827868890933,38.15794707984534],[-2.9103690770115898,38.158176727242136],[-2.910345729218914,38.15813094779887],[-2.910329490956931,38.15809910829958],[-2.9102944923181533,38.15803048733059],[-2.9100517289185066,38.157739822189654],[-2.9102699224439212,38.15759344313852],[-2.910068045132192,38.157275503283046],[-2.9103016077161796,38.15706326258558]]]},"properties":{"dn_surface":3917.319311264855,"provincia":23,"municipio":97,"agregado":0,"zona":0,"poligono":15,"parcela":119,"recinto":3,"uso_sigpac":"OV","idPanel":"23:97:0:0:15:119:3"},"id":1155764224},{"type":"Feature","geometry":{"type":"Polygon","coordinates":[[[-2.9103016077161796,38.15706326258558],[-2.9100810521703093,38.15726367390238],[-2.910068045132192,38.157275503283046],[-2.9100325142425305,38.15726166978922],[-2.910010818523068,38.157249368507365],[-2.909997499678134,38.15723209424209],[-2.9099942868944573,38.15722225472538],[-2.9099951125119694,38.15720290845354],[-2.909999156780491,38.15719326255876],[-2.9100055069107116,38.15718442551773],[-2.9100240677982017,38.157170489764695],[-2.910104734400942,38.157138805330646],[-2.9101277536229935,38.157042001886936],[-2.910132587466841,38.157032602420145],[-2.9101392418601653,38.15702443425502],[-2.91020553349811,38.15696856970527],[-2.9102163226845157,38.156962278248386],[-2.9103016077161796,38.15706326258558]]]},"properties":{"dn_surface":366.507080078125,"provincia":23,"municipio":97,"agregado":0,"zona":0,"poligono":15,"parcela":111,"recinto":50,"uso_sigpac":"OV","idPanel":"23:97:0:0:15:111:50"},"id":1303687568},{"type":"Feature","geometry":{"type":"Polygon","coordinates":[[[-2.9101658954756493,38.15742962302218],[-2.910229565254126,38.157529900764956],[-2.9102699224439212,38.15759344313852],[-2.9101442257400887,38.15767776089851],[-2.9100517289185066,38.157739822189654],[-2.9100300508010415,38.15773110584803],[-2.9100180931772646,38.15772246578172],[-2.909993703513962,38.157694091361435],[-2.9099772657626723,38.157673606827046],[-2.9099723531289308,38.157659692028744],[-2.909975509753854,38.157641519223404],[-2.9099835588959495,38.15762989603758],[-2.9100206354086473,38.157596282089315],[-2.9100972786976267,38.15751945523661],[-2.9101658954756493,38.15742962302218]]]},"properties":{"dn_surface":422.3140869140625,"provincia":23,"municipio":97,"agregado":0,"zona":0,"poligono":15,"parcela":111,"recinto":22,"uso_sigpac":"OV","idPanel":"23:97:0:0:15:111:22"},"id":1303687569},{"type":"Feature","geometry":{"type":"Polygon","coordinates":[[[-2.912544033492746,38.158118371590575],[-2.912463413828666,38.15814805274968],[-2.9124527931185242,38.15815200984636],[-2.91206217545269,38.1581685666207],[-2.912067051206055,38.15809953326209],[-2.912115529622318,38.15740619643961],[-2.9121409360105357,38.15740503722239],[-2.9121957553369255,38.1574130846881],[-2.912226290612,38.157424250221965],[-2.9122547513659147,38.15742427201488],[-2.9123075716082787,38.15741249795485],[-2.9123339754430333,38.15740470278442],[-2.912408072309677,38.15737704166409],[-2.912603938120093,38.15729747225254],[-2.912544033492746,38.158118371590575]]]},"properties":{"dn_surface":3613.04787575717,"provincia":23,"municipio":97,"agregado":0,"zona":0,"poligono":15,"parcela":115,"recinto":2,"uso_sigpac":"OV","idPanel":"23:97:0:0:15:115:2"},"id":1112589538},{"type":"Feature","geometry":{"type":"Polygon","coordinates":[[[-2.9120665181169816,38.15672646344686],[-2.91204747359365,38.15709569217091],[-2.912134865835897,38.157129646424465],[-2.912118192553114,38.15736810739298],[-2.912050492755353,38.157381147958716],[-2.912006235465779,38.15738885931009],[-2.9119699418228833,38.15740051015621],[-2.9118817105520787,38.15742863647216],[-2.91182305818114,38.15745173699867],[-2.911772397117161,38.15747694725033],[-2.9117127623871126,38.157510706205585],[-2.9117499160133247,38.1568014747792],[-2.911803804948408,38.156795930988096],[-2.911879145689556,38.15679012903439],[-2.9120665181169816,38.15672646344686]]]},"properties":{"dn_surface":2241.95015173207,"provincia":23,"municipio":97,"agregado":0,"zona":0,"poligono":15,"parcela":116,"recinto":3,"uso_sigpac":"OV","idPanel":"23:97:0:0:15:116:3"},"id":1112589535},{"type":"Feature","geometry":{"type":"Polygon","coordinates":[[[-2.912115529622318,38.15740619643961],[-2.912067051206055,38.15809953326209],[-2.91206217545269,38.1581685666207],[-2.911964925253536,38.15816849202176],[-2.9118861579901667,38.158079927989405],[-2.9116825171259064,38.158088064303286],[-2.911711231013312,38.15753994396195],[-2.9117723593985954,38.157508508470414],[-2.9118203550172064,38.15748329570417],[-2.911865671779404,38.157470706084865],[-2.911965835528274,38.157435547351724],[-2.9120302932056954,38.157415766059074],[-2.912086117522336,38.15740730033633],[-2.912115529622318,38.15740619643961]]]},"properties":{"dn_surface":2492.06182639469,"provincia":23,"municipio":97,"agregado":0,"zona":0,"poligono":15,"parcela":116,"recinto":2,"uso_sigpac":"OV","idPanel":"23:97:0:0:15:116:2"},"id":1112589536},{"type":"Feature","geometry":{"type":"Polygon","coordinates":[[[-2.910763432168271,38.156678415860426],[-2.9113331359115624,38.156844593806255],[-2.9117499160133247,38.1568014747792],[-2.9117127623871126,38.157510706205585],[-2.91153592349803,38.157598327273774],[-2.9114377705678502,38.15761836002352],[-2.9113650969484497,38.157598158797526],[-2.9112376040026606,38.15754577022321],[-2.9110294025446115,38.157479747644345],[-2.911030068067763,38.15746446911032],[-2.9110430608566435,38.15716648405294],[-2.9106567439455833,38.15702739139064],[-2.910657007975549,38.15700078303746],[-2.9106592107398335,38.15677820242365],[-2.9107283765325467,38.15671197197361],[-2.910763432168271,38.156678415860426]]]},"properties":{"dn_surface":6402.787062212725,"provincia":23,"municipio":97,"agregado":0,"zona":0,"poligono":15,"parcela":117,"recinto":3,"uso_sigpac":"OV","idPanel":"23:97:0:0:15:117:3"},"id":1216143291},{"type":"Feature","geometry":{"type":"Polygon","coordinates":[[[-2.911028362350366,38.15750361260049],[-2.911110195714098,38.15752045603591],[-2.911300522762568,38.15758860258913],[-2.9113305668580867,38.157617465674434],[-2.9115027319976825,38.15764157873491],[-2.9115652609990694,38.15762154598514],[-2.911711231013312,38.15753994396195],[-2.9116825171259064,38.158088064303286],[-2.9115462399450687,38.1580883233041],[-2.9113873509026966,38.15808864936017],[-2.9110586444919493,38.157971141776216],[-2.91100882748567,38.15795165468836],[-2.911017424804266,38.157754462860794],[-2.9110193844933434,38.15770949813856],[-2.9110282894278035,38.15750528646666],[-2.911028362350366,38.15750361260049]]]},"properties":{"dn_surface":3097.2536743070714,"provincia":23,"municipio":97,"agregado":0,"zona":0,"poligono":15,"parcela":117,"recinto":4,"uso_sigpac":"OV","idPanel":"23:97:0:0:15:117:4"},"id":1216143292},{"type":"Feature","geometry":{"type":"Polygon","coordinates":[[[-2.910657007975549,38.15700078303746],[-2.9106567439455833,38.15702739139064],[-2.9110430608566435,38.15716648405294],[-2.911030068067763,38.15746446911032],[-2.911024451354113,38.157453675732995],[-2.910859914585049,38.15739657652881],[-2.910704333880057,38.15739111655677],[-2.9106456630689297,38.15742668181221],[-2.910629791096138,38.1574978869221],[-2.910701865409426,38.157565599292695],[-2.910848344205221,38.15763870877109],[-2.911017424804266,38.157754462860794],[-2.91100882748567,38.15795165468836],[-2.910935275442765,38.15792178493646],[-2.9109346652401777,38.15796320662801],[-2.910827868890933,38.15794707984534],[-2.9107580727790636,38.15787538607049],[-2.9105282736698252,38.157639337413855],[-2.9105631063469115,38.15743513831484],[-2.9103016077161796,38.15706326258558],[-2.9103351696966686,38.15703650838728],[-2.9103541865597182,38.157049430768154],[-2.9103811771277295,38.157079898988],[-2.910423582854782,38.15713473843098],[-2.910516219654155,38.1571591674892],[-2.910543186752837,38.157207905744485],[-2.910465893866324,38.15726569813211],[-2.910512127608783,38.1573479438855],[-2.910616313833225,38.15739978512153],[-2.9106703888465697,38.15738460214118],[-2.910712937904175,38.15732069347848],[-2.9107130544126356,38.157226304023055],[-2.910686162751088,38.15711362441559],[-2.910632212628109,38.157028328487485],[-2.910657007975549,38.15700078303746]]]},"properties":{"dn_surface":2527.319968719819,"provincia":23,"municipio":97,"agregado":0,"zona":0,"poligono":15,"parcela":118,"recinto":1,"uso_sigpac":"OV","idPanel":"23:97:0:0:15:118:1"},"id":1216143307},{"type":"Feature","geometry":{"type":"Polygon","coordinates":[[[-2.9129171480673337,38.154840197330145],[-2.912992655608365,38.15495298003498],[-2.9130218975557027,38.155034976845826],[-2.9130624701604226,38.155079559353254],[-2.9130669444206028,38.15511163941321],[-2.9129969043953365,38.15517752536698],[-2.9130103766291064,38.155234560868706],[-2.9130351761674986,38.15525774689064],[-2.913050886369549,38.15533082284145],[-2.9130531176323067,38.15535399209955],[-2.913073338974913,38.15542885339582],[-2.913113888948493,38.15549125583044],[-2.9131002817660736,38.15554648922287],[-2.913102500455975,38.15558035127552],[-2.9131461601158173,38.15567559317057],[-2.913104505407333,38.15567583205484],[-2.912684790801095,38.155690476078746],[-2.9125568846274543,38.155749592807126],[-2.912503224518342,38.15576198964263],[-2.9123520644293466,38.155708073047265],[-2.912227483356892,38.15555277732702],[-2.91216717975093,38.15539456470427],[-2.9122017341488147,38.15532347526468],[-2.9125266946868122,38.15512319219104],[-2.912550065110628,38.155102295267],[-2.9126667772519155,38.15499793218436],[-2.9126744056224467,38.1549173653263],[-2.9127046978223143,38.154878543701244],[-2.9127916852186138,38.15486671264421],[-2.9128711146523716,38.154875695530365],[-2.9129171480673337,38.154840197330145]]]},"properties":{"dn_surface":5409.27782992609,"provincia":23,"municipio":97,"agregado":0,"zona":0,"poligono":15,"parcela":28,"recinto":3,"uso_sigpac":"OV","idPanel":"23:97:0:0:15:28:3"},"id":1112589773},{"type":"Feature","geometry":{"type":"Polygon","coordinates":[[[-2.9132567584965674,38.15571553461794],[-2.913257724091871,38.15573047452304],[-2.91327998475164,38.15621032844993],[-2.91318824397777,38.15620595309619],[-2.9132238519809457,38.156078717474855],[-2.9132016030558416,38.1559670068155],[-2.9132190240044302,38.15574811926845],[-2.9132316672679286,38.15572412690739],[-2.9132567584965674,38.15571553461794]]]},"properties":{"dn_surface":275.1912841796875,"provincia":23,"municipio":97,"agregado":0,"zona":0,"poligono":15,"parcela":111,"recinto":62,"uso_sigpac":"OV","idPanel":"23:97:0:0:15:111:62"},"id":1431895723},{"type":"Feature","geometry":{"type":"Polygon","coordinates":[[[-2.91318824397777,38.15620595309619],[-2.91327998475164,38.15621032844993],[-2.9132828823757397,38.15627278285237],[-2.913248699296188,38.15628710333479],[-2.9129993418529234,38.156391536825424],[-2.912661246871873,38.15651714049011],[-2.9126474360091943,38.156385790192246],[-2.9128207343821657,38.15631910125205],[-2.9128424359689613,38.15631911801586],[-2.9131815979663487,38.156229700705694],[-2.91318824397777,38.15620595309619]]]},"properties":{"dn_surface":697.09033203125,"provincia":23,"municipio":97,"agregado":0,"zona":0,"poligono":15,"parcela":111,"recinto":49,"uso_sigpac":"OV","idPanel":"23:97:0:0:15:111:49"},"id":1431895722},{"type":"Feature","geometry":{"type":"Polygon","coordinates":[[[-2.9135150091396276,38.15640030597302],[-2.9133987328573308,38.15704517276109],[-2.913353248457059,38.15704451059071],[-2.9132971609486438,38.15705057573621],[-2.9132468753939493,38.15705664591084],[-2.9131888600476894,38.15705812950782],[-2.9131347137881645,38.15705808843646],[-2.9130998987130754,38.15706417034576],[-2.913067017343164,38.15707025309325],[-2.9130109105563697,38.15709311473552],[-2.9129238452083674,38.15713122138419],[-2.9128144295142246,38.157176710813616],[-2.912606609432793,38.15726085925911],[-2.912660870524398,38.15651728046788],[-2.9129993418529234,38.156391536825424],[-2.913248699296188,38.15628710333479],[-2.9132828823757397,38.15627278285237],[-2.9133896602847966,38.15632171137685],[-2.9135150091396276,38.15640030597302]]]},"properties":{"dn_surface":5811.2993216246,"provincia":23,"municipio":97,"agregado":0,"zona":0,"poligono":15,"parcela":114,"recinto":1,"uso_sigpac":"OV","idPanel":"23:97:0:0:15:114:1"},"id":1112589542},{"type":"Feature","geometry":{"type":"Polygon","coordinates":[[[-2.9126474360091943,38.156385790192246],[-2.912661246871873,38.15651714049011],[-2.912660870524398,38.15651728046788],[-2.9124273590700245,38.1566039862322],[-2.912170153650352,38.15669128292075],[-2.9120665181169816,38.15672646344686],[-2.9120937978606696,38.15668047613235],[-2.912176122403957,38.156649301318026],[-2.9122189044784843,38.15660185219957],[-2.9122248296461897,38.15655567377766],[-2.912362973476974,38.156522734572604],[-2.91244798861134,38.15644616252982],[-2.9124812295649183,38.1564180756088],[-2.912507402059132,38.15640939530934],[-2.912618409476781,38.15639695991706],[-2.9126474360091943,38.156385790192246]]]},"properties":{"dn_surface":620.3038330078125,"provincia":23,"municipio":97,"agregado":0,"zona":0,"poligono":15,"parcela":111,"recinto":63,"uso_sigpac":"OV","idPanel":"23:97:0:0:15:111:63"},"id":1431895724},{"type":"Feature","geometry":{"type":"Polygon","coordinates":[[[-2.912660870524398,38.15651728046788],[-2.912606609432793,38.15726085925911],[-2.912414190261166,38.15734418376351],[-2.9123120140172247,38.15738265753956],[-2.9122718839770187,38.15737709195551],[-2.9122297850276397,38.15737628729278],[-2.9121938258227007,38.15737318515025],[-2.9121577836369155,38.15737301751216],[-2.912118192553114,38.15736810739298],[-2.912134865835897,38.157129646424465],[-2.91204747359365,38.15709569217091],[-2.9120665181169816,38.15672646344686],[-2.912170153650352,38.15669128292075],[-2.9124273590700245,38.1566039862322],[-2.912660870524398,38.15651728046788]]]},"properties":{"dn_surface":3818.41358422737,"provincia":23,"municipio":97,"agregado":0,"zona":0,"poligono":15,"parcela":115,"recinto":1,"uso_sigpac":"OV","idPanel":"23:97:0:0:15:115:1"},"id":1112589539},{"type":"Feature","geometry":{"type":"Polygon","coordinates":[[[-2.9148597975736736,38.155866987235385],[-2.9148678752142416,38.15592372098854],[-2.9148799451555276,38.15600883083843],[-2.9148989754296224,38.15608845557057],[-2.9149110654874777,38.1561557220239],[-2.9149110168724373,38.15619827275788],[-2.9149057287294102,38.15626140860908],[-2.9148991941973086,38.15629290696489],[-2.914722718244655,38.15668266129467],[-2.9147127043843395,38.15670371328392],[-2.914637688861054,38.15687336720518],[-2.9146182436827264,38.15691611575207],[-2.9145863320990704,38.15693169184368],[-2.9141154996151033,38.15640066471852],[-2.913958764721975,38.156349751359215],[-2.9139113818205225,38.15633436134587],[-2.9136343733152374,38.156334152636475],[-2.9136093633910627,38.1558561083626],[-2.9137112420774245,38.15580075510894],[-2.9143477403728806,38.155455233761245],[-2.9145361907131186,38.15535299213843],[-2.914713092466479,38.15526290427596],[-2.9146919977295096,38.15534796802538],[-2.9147768804297973,38.15586940876736],[-2.9148453815375497,38.15585549229269],[-2.9148597975736736,38.155866987235385]]]},"properties":{"dn_surface":11699.6345903759,"provincia":23,"municipio":97,"agregado":0,"zona":0,"poligono":15,"parcela":26,"recinto":5,"uso_sigpac":"OV","idPanel":"23:97:0:0:15:26:5"},"id":1112589778},{"type":"Feature","geometry":{"type":"Polygon","coordinates":[[[-2.914713092466479,38.15526290427596],[-2.914777105064815,38.155274215655],[-2.9148284056680445,38.155432771097594],[-2.91482908124948,38.155434859867995],[-2.9148597975736736,38.155866987235385],[-2.9148453815375497,38.15585549229269],[-2.9147768804297973,38.15586940876736],[-2.9146919977295096,38.15534796802538],[-2.914713092466479,38.15526290427596]]]},"properties":{"dn_surface":594.0070252169816,"provincia":23,"municipio":97,"agregado":0,"zona":0,"poligono":15,"parcela":34,"recinto":4,"uso_sigpac":"OV","idPanel":"23:97:0:0:15:34:4"},"id":1155764135},{"type":"Feature","geometry":{"type":"Polygon","coordinates":[[[-2.914713092466479,38.15526290427596],[-2.9145361907131186,38.15535299213843],[-2.9143477403728806,38.155455233761245],[-2.9137112420774245,38.15580075510894],[-2.9136093633910627,38.1558561083626],[-2.9136343733152374,38.156334152636475],[-2.9139113818205225,38.15633436134587],[-2.913958764721975,38.156349751359215],[-2.9141154996151033,38.15640066471852],[-2.9138257556453793,38.156449567259074],[-2.9137656146483497,38.15644005882754],[-2.9137221284939128,38.156433160520834],[-2.9135150091396276,38.15640030597302],[-2.9133896602847966,38.15632171137685],[-2.9132828823757397,38.15627278285237],[-2.913257724091871,38.15573047452304],[-2.9132567584965674,38.15571553461794],[-2.913254585068946,38.15568189720028],[-2.9131461601158173,38.15567559317057],[-2.9131269798056474,38.15538879711639],[-2.9132032769220038,38.15534460269109],[-2.9133846805958257,38.15541035118167],[-2.9139749610744388,38.15496007112549],[-2.914235332339128,38.15474495292051],[-2.9144078000654465,38.154838903164205],[-2.9146874782070507,38.15500214828191],[-2.9147089166020703,38.1550188374903],[-2.914743589184796,38.15514017308965],[-2.9147708504882965,38.15525474449274],[-2.914777105064815,38.155274215655],[-2.914713092466479,38.15526290427596]]]},"properties":{"dn_surface":10815.3825874939,"provincia":23,"municipio":97,"agregado":0,"zona":0,"poligono":15,"parcela":27,"recinto":2,"uso_sigpac":"OV","idPanel":"23:97:0:0:15:27:2"},"id":1112589776},{"type":"Feature","geometry":{"type":"Polygon","coordinates":[[[-2.9145863320990704,38.15693169184368],[-2.9145326644462446,38.1569550086233],[-2.9144780135961184,38.15696498308867],[-2.9143948634353194,38.15697939996298],[-2.9142965654982063,38.15700019630421],[-2.91425147923836,38.15701000061691],[-2.914174182999085,38.15702341082459],[-2.9140849249450813,38.15703676654991],[-2.913961681624453,38.15704003046321],[-2.9138342004133286,38.157033224357406],[-2.913693961944816,38.157033119583616],[-2.913574975793062,38.15702967462124],[-2.913451732472433,38.15703293769633],[-2.9134164429815974,38.15704243523135],[-2.9133987328573308,38.15704517276109],[-2.9135150091396276,38.15640030597302],[-2.9137221284939128,38.156433160520834],[-2.9137656146483497,38.15644005882754],[-2.9138257556453793,38.156449567259074],[-2.9141154996151033,38.15640066471852],[-2.9145863320990704,38.15693169184368]]]},"properties":{"dn_surface":5386.24822227725,"provincia":23,"municipio":97,"agregado":0,"zona":0,"poligono":15,"parcela":113,"recinto":7,"uso_sigpac":"OV","idPanel":"23:97:0:0:15:113:7"},"id":1112589543},{"type":"Feature","geometry":{"type":"Polygon","coordinates":[[[-2.914235332339128,38.15474495292051],[-2.9139749610744388,38.15496007112549],[-2.9133846805958257,38.15541035118167],[-2.9132032769220038,38.15534460269109],[-2.9131269798056474,38.15538879711639],[-2.9131461601158173,38.15567559317057],[-2.913102500455975,38.15558035127552],[-2.9131002817660736,38.15554648922287],[-2.913113888948493,38.15549125583044],[-2.913073338974913,38.15542885339582],[-2.9130531176323067,38.15535399209955],[-2.913050886369549,38.15533082284145],[-2.9130351761674986,38.15525774689064],[-2.9130103766291064,38.155234560868706],[-2.9129969043953365,38.15517752536698],[-2.9130669444206028,38.15511163941321],[-2.9130624701604226,38.155079559353254],[-2.9130218975557027,38.155034976845826],[-2.912992655608365,38.15495298003498],[-2.9129171480673337,38.154840197330145],[-2.9134008526407693,38.154467190882116],[-2.9135832344827493,38.154300165525854],[-2.913682468678502,38.15438383033552],[-2.9138304000582034,38.15452429260088],[-2.9141973489044517,38.15472419597427],[-2.914235332339128,38.15474495292051]]]},"properties":{"dn_surface":7564.86161099954,"provincia":23,"municipio":97,"agregado":0,"zona":0,"poligono":15,"parcela":28,"recinto":1,"uso_sigpac":"OV","idPanel":"23:97:0:0:15:28:1"},"id":1112589775},{"type":"Feature","geometry":{"type":"Polygon","coordinates":[[[-2.9138740370869054,38.15302507345902],[-2.9140390574918125,38.153041780269405],[-2.9141238463147787,38.15305373956954],[-2.914303497332543,38.153052341468026],[-2.914303699336421,38.15327201439945],[-2.9140750234022743,38.153425880166964],[-2.913707688150268,38.153267028843146],[-2.913358715972824,38.153220262011615],[-2.913309326443632,38.15319354720822],[-2.913281630957522,38.1531602693743],[-2.9132741651959213,38.153102673123215],[-2.913681198820096,38.15307981651006],[-2.913793908602381,38.15303024090264],[-2.9138740370869054,38.15302507345902]]]},"properties":{"dn_surface":2367.138390435209,"provincia":23,"municipio":97,"agregado":0,"zona":0,"poligono":15,"parcela":510,"recinto":3,"uso_sigpac":"OV","idPanel":"23:97:0:0:15:510:3"},"id":1434815702},{"type":"Feature","geometry":{"type":"Polygon","coordinates":[[[-2.9120753995821116,38.15377473918866],[-2.9123433355148634,38.15353376532548],[-2.9132373325966197,38.153172675429886],[-2.9132760871664334,38.15321929893088],[-2.9133328862984706,38.153249984242024],[-2.9136944179203756,38.15329721291644],[-2.9137529697084705,38.15332253883841],[-2.913761525955738,38.15333732367827],[-2.913824794241029,38.15337139192573],[-2.913888053306225,38.15341309692565],[-2.913981177932392,38.15347981855527],[-2.914065535925509,38.153525010427074],[-2.914081448969629,38.15359491885647],[-2.9143506849356404,38.15370191720962],[-2.914386511706502,38.15390977417138],[-2.9145218878326946,38.15429453456295],[-2.9143862510292977,38.154429894763524],[-2.9143750536441826,38.154439795468164],[-2.914353829825898,38.15433361351245],[-2.9143198914979327,38.15427095291517],[-2.9142590690521337,38.154158608583884],[-2.914187766712175,38.154133232370526],[-2.9139005767085,38.154055419805985],[-2.913664212054116,38.15423522253619],[-2.9135916809270785,38.15418433851357],[-2.913383999147057,38.1541041689577],[-2.913234940401312,38.15404662886539],[-2.913146629502424,38.15401555714848],[-2.9129077318367496,38.15402330789482],[-2.912872454918769,38.15400923216396],[-2.912796390819334,38.15397888212897],[-2.9127016644113755,38.153873001921795],[-2.9126363936892985,38.153863490137525],[-2.9121544685940126,38.153792373037646],[-2.912116618431605,38.15378393162243],[-2.9120753995821116,38.15377473918866]]]},"properties":{"dn_surface":13876.942499335495,"provincia":23,"municipio":97,"agregado":0,"zona":0,"poligono":15,"parcela":32,"recinto":2,"uso_sigpac":"OV","idPanel":"23:97:0:0:15:32:2"},"id":1434815720},{"type":"Feature","geometry":{"type":"Polygon","coordinates":[[[-2.914303699336421,38.15327201439945],[-2.9143038527252583,38.15343817306689],[-2.914133608717984,38.15344724983038],[-2.914125446420189,38.15344768485116],[-2.9140750234022743,38.153425880166964],[-2.914303699336421,38.15327201439945]]]},"properties":{"dn_surface":206.04064200491547,"provincia":23,"municipio":97,"agregado":0,"zona":0,"poligono":15,"parcela":510,"recinto":2,"uso_sigpac":"OV","idPanel":"23:97:0:0:15:510:2"},"id":1434815700},{"type":"Feature","geometry":{"type":"Polygon","coordinates":[[[-2.9135832344827493,38.154300165525854],[-2.9134008526407693,38.154467190882116],[-2.9129171480673337,38.154840197330145],[-2.9128711146523716,38.154875695530365],[-2.9127916852186138,38.15486671264421],[-2.9127046978223143,38.154878543701244],[-2.9126744056224467,38.1549173653263],[-2.9126667772519155,38.15499793218436],[-2.912550065110628,38.155102295267],[-2.9124946146268913,38.15505229972615],[-2.9124249375380535,38.1550622482076],[-2.9122160135599082,38.15500458322495],[-2.912060894697809,38.154969462210374],[-2.9119153001928506,38.154914345326375],[-2.9117728321379626,38.154891735141234],[-2.91169049753639,38.15489417259883],[-2.911548102404064,38.154811553012536],[-2.9115038526582033,38.15474400911819],[-2.9114279310511306,38.154681442398214],[-2.9113773546443786,38.15460889450736],[-2.911339444132265,38.15453635499844],[-2.9112990668259005,38.15450954380316],[-2.9112384497367416,38.15446538877282],[-2.912047740976377,38.15380599195473],[-2.9121440465349884,38.153827515845165],[-2.912573521868051,38.15389086459672],[-2.9125995552226636,38.15392377446511],[-2.9126497921623167,38.153964592659605],[-2.9127315911602434,38.154036288949044],[-2.9127475511430228,38.15404408076668],[-2.9127747219219637,38.15405268730538],[-2.912805973011611,38.154059149753095],[-2.912846740914687,38.154062400255356],[-2.9128977590477616,38.154059711340665],[-2.913066934362318,38.15405424969222],[-2.9133481371722008,38.154147557882055],[-2.913416056575838,38.15417658441447],[-2.9135318500604837,38.154248928625066],[-2.9135832344827493,38.154300165525854]]]},"properties":{"dn_surface":17118.5484425504,"provincia":23,"municipio":97,"agregado":0,"zona":0,"poligono":15,"parcela":29,"recinto":1,"uso_sigpac":"OV","idPanel":"23:97:0:0:15:29:1"},"id":1112589772},{"type":"Feature","geometry":{"type":"Polygon","coordinates":[[[-2.9144427978660348,38.154579996218075],[-2.914489596548801,38.15467700669478],[-2.9144796514200957,38.154689706955224],[-2.9143606325789166,38.154666726289946],[-2.914300570371781,38.15468885283926],[-2.914253976207463,38.15471125934417],[-2.914138883449965,38.1546485367208],[-2.913864442321773,38.15449908234919],[-2.913664212054116,38.15423522253619],[-2.9139005767085,38.154055419805985],[-2.914187766712175,38.154133232370526],[-2.9142590690521337,38.154158608583884],[-2.9143198914979327,38.15427095291517],[-2.914353829825898,38.15433361351245],[-2.9143750536441826,38.154439795468164],[-2.9144427978660348,38.154579996218075]]]},"properties":{"dn_surface":2943.16204737304,"provincia":23,"municipio":97,"agregado":0,"zona":0,"poligono":15,"parcela":596,"recinto":4,"uso_sigpac":"OV","idPanel":"23:97:0:0:15:596:4"},"id":1112590042},{"type":"Feature","geometry":{"type":"Polygon","coordinates":[[[-2.912550065110628,38.155102295267],[-2.9125266946868122,38.15512319219104],[-2.9122017341488147,38.15532347526468],[-2.911125755041883,38.15455720917478],[-2.9112384497367416,38.15446538877282],[-2.9112990668259005,38.15450954380316],[-2.911339444132265,38.15453635499844],[-2.9113773546443786,38.15460889450736],[-2.9114279310511306,38.154681442398214],[-2.9115038526582033,38.15474400911819],[-2.911548102404064,38.154811553012536],[-2.91169049753639,38.15489417259883],[-2.9117728321379626,38.154891735141234],[-2.9119153001928506,38.154914345326375],[-2.912060894697809,38.154969462210374],[-2.9122160135599082,38.15500458322495],[-2.9124249375380535,38.1550622482076],[-2.9124946146268913,38.15505229972615],[-2.912550065110628,38.155102295267]]]},"properties":{"dn_surface":2148.43951337344,"provincia":23,"municipio":97,"agregado":0,"zona":0,"poligono":15,"parcela":29,"recinto":4,"uso_sigpac":"OV","idPanel":"23:97:0:0:15:29:4"},"id":1112589769},{"type":"Feature","geometry":{"type":"Polygon","coordinates":[[[-2.915674967880545,38.15960630114637],[-2.915694341812691,38.15960740755767],[-2.9157114232941823,38.159607833358365],[-2.9157204011512037,38.159627918075955],[-2.9160238671354275,38.15997079912401],[-2.9157486230208645,38.1600233721002],[-2.9157264185198497,38.15999807719129],[-2.9157167508321553,38.15998058667293],[-2.915711242245062,38.15995545102018],[-2.915704353996625,38.15992921985264],[-2.915631066821877,38.15962883086527],[-2.9156334330332836,38.15962047494551],[-2.915636897274071,38.159616653635595],[-2.915639670007805,38.15961283064934],[-2.915645902791374,38.15960846451571],[-2.9156555914338287,38.15960737822101],[-2.915674967880545,38.15960630114637]]]},"properties":{"dn_surface":761.3374404720132,"provincia":23,"municipio":97,"agregado":0,"zona":0,"poligono":15,"parcela":152,"recinto":3,"uso_sigpac":"OV","idPanel":"23:97:0:0:15:152:3"},"id":1216143301},{"type":"Feature","geometry":{"type":"Polygon","coordinates":[[[-2.9156123517073604,38.15979294015722],[-2.915630428120817,38.15980569573824],[-2.915643021092893,38.15995349384568],[-2.915700080902134,38.16003264332386],[-2.9156868341415727,38.160035173820575],[-2.9156910569446413,38.160079932348],[-2.9155691597577427,38.160032086765426],[-2.9155225438004755,38.16002736691547],[-2.915523054258409,38.16001173298878],[-2.91552517990918,38.15991020550419],[-2.9155317177940443,38.15986443947193],[-2.9155451280017273,38.159831414771475],[-2.9155700222556296,38.1597990606233],[-2.915587037520083,38.15979512029037],[-2.9156123517073604,38.15979294015722]]]},"properties":{"dn_surface":292.3277466644823,"provincia":23,"municipio":97,"agregado":0,"zona":0,"poligono":15,"parcela":152,"recinto":5,"uso_sigpac":"OV","idPanel":"23:97:0:0:15:152:5"},"id":1216143297},{"type":"Feature","geometry":{"type":"Polygon","coordinates":[[[-2.9162770810925704,38.16013906919295],[-2.916235577258353,38.1601989729821],[-2.9162495356425366,38.16047287683028],[-2.9162588051898064,38.160653315747],[-2.9162208569591255,38.160697991293546],[-2.9162158060239736,38.160723132813615],[-2.9160551115195514,38.160742498363845],[-2.916077901077443,38.16069666360002],[-2.916086601493454,38.160664177017736],[-2.9160910229476404,38.16058551285181],[-2.91608675320591,38.16053078488818],[-2.916075971563218,38.16048802376841],[-2.916021903255398,38.16041786807287],[-2.9157486230208645,38.1600233721002],[-2.9160238671354275,38.15997079912401],[-2.916276115497268,38.16008409144857],[-2.9162770810925704,38.16013906919295]]]},"properties":{"dn_surface":1996.95597051254,"provincia":23,"municipio":97,"agregado":0,"zona":0,"poligono":15,"parcela":180,"recinto":3,"uso_sigpac":"OV","idPanel":"23:97:0:0:15:180:3"},"id":1112589369},{"type":"Feature","geometry":{"type":"Polygon","coordinates":[[[-2.915700080902134,38.160032644162015],[-2.9158726114927296,38.16027923725346],[-2.9159677586722528,38.160414408861214],[-2.9160196610961653,38.16048456204217],[-2.9160304460916184,38.16052390334525],[-2.916034704098684,38.16058889243536],[-2.916030280968116,38.16066926650964],[-2.916011733491673,38.16074772531897],[-2.915765318934787,38.16077742072733],[-2.9157477990797336,38.16052559565159],[-2.915727322927255,38.16046429459911],[-2.9156868341415727,38.160035173820575],[-2.915700080902134,38.160032644162015]]]},"properties":{"dn_surface":1399.75454108192,"provincia":23,"municipio":97,"agregado":0,"zona":0,"poligono":15,"parcela":180,"recinto":4,"uso_sigpac":"OV","idPanel":"23:97:0:0:15:180:4"},"id":1112589368},{"type":"Feature","geometry":{"type":"Polygon","coordinates":[[[-2.914665320644696,38.1589654350409],[-2.914712173809836,38.15901729220258],[-2.9147289485136536,38.159029713345575],[-2.9147711924699657,38.159098983912116],[-2.9148115949220412,38.15915003138187],[-2.9149395673127216,38.159263170317615],[-2.9149846074720984,38.15934050595183],[-2.9151104994742867,38.15934934131647],[-2.915225261146591,38.15921027044715],[-2.9151827581894554,38.15911173362579],[-2.9152222771888834,38.15897979324191],[-2.915384983350187,38.15908150764295],[-2.9154379594959585,38.15906955923927],[-2.915476093804901,38.15906084541223],[-2.9155097664265197,38.15906086971975],[-2.915547604854262,38.15911145869936],[-2.9155475403136033,38.15916814802844],[-2.915540056111816,38.15922456159291],[-2.91553992954507,38.15933532593539],[-2.9155999934285872,38.159514451407745],[-2.9156878391318224,38.15955507262751],[-2.915696361851475,38.15957413894381],[-2.9156970047434863,38.159575577278446],[-2.9156980332030673,38.15957787811104],[-2.9156933334696786,38.1595775503786],[-2.915675109534717,38.159578370966955],[-2.9156094130119334,38.159582314652624],[-2.9155710766991123,38.15962595251955],[-2.9154913136655867,38.159811381183516],[-2.915485700304698,38.1598666187669],[-2.915488383352064,38.15993417774868],[-2.9154876834631076,38.160006671157134],[-2.915488009519161,38.160023870823494],[-2.915367348663053,38.16001165419888],[-2.915326969680307,38.16002611717366],[-2.9150884567440123,38.160008559600044],[-2.915083320313443,38.16001611420981],[-2.9150333205816645,38.16008965200348],[-2.9150554312053583,38.160193155102775],[-2.9150551210749223,38.16027799589355],[-2.9151364708028114,38.16051717100021],[-2.9151334197898753,38.16051145370375],[-2.9150930986422665,38.16041313145908],[-2.914963927639361,38.16026359410665],[-2.9147781745957233,38.16006686579837],[-2.9146811942938684,38.16003736065923],[-2.914621345825275,38.16003350498357],[-2.9145195023429094,38.16000408450168],[-2.914427300564337,38.16000399900625],[-2.9143924209485896,38.159998542386944],[-2.9143655745493215,38.1599691361543],[-2.9143332899709518,38.15994333162567],[-2.9143185906264835,38.15992151101585],[-2.9141391214960293,38.15965541155819],[-2.914077659510979,38.15959236790792],[-2.914120610061772,38.15956491130606],[-2.9140865242123017,38.15952721285612],[-2.9143763201498283,38.159347356481675],[-2.9144860442980254,38.159320759863164],[-2.914571392193966,38.15915174631934],[-2.914665320644696,38.1589654350409]]]},"properties":{"dn_surface":11200.796558931914,"provincia":23,"municipio":97,"agregado":0,"zona":0,"poligono":15,"parcela":152,"recinto":2,"uso_sigpac":"OV","idPanel":"23:97:0:0:15:152:2"},"id":1216143299},{"type":"Feature","geometry":{"type":"Polygon","coordinates":[[[-2.9144168483304584,38.16002529826167],[-2.9146038033390824,38.160230081579414],[-2.914620086863344,38.1602799832429],[-2.9148456966971272,38.16049182244714],[-2.914851274854021,38.16049612320194],[-2.915135339245816,38.160715140668486],[-2.915185028008969,38.16069949081614],[-2.9152276399308525,38.160757803719974],[-2.915199477572708,38.160792505639336],[-2.915183551955733,38.160823100425944],[-2.915175906821394,38.160840523050894],[-2.915214340364298,38.16107045124147],[-2.915364414996768,38.16106841946802],[-2.9153629557073386,38.161032569227814],[-2.9153873797364467,38.161033482855316],[-2.9153902153344577,38.16097325301013],[-2.9154447605725977,38.16097485311553],[-2.9154402502702323,38.16086644911715],[-2.915306453294691,38.16087241870895],[-2.915307382847809,38.16089662648494],[-2.915278641300121,38.16089584948244],[-2.91527567159165,38.16083793723362],[-2.9152410534912976,38.16081983148351],[-2.915233173663656,38.1608061698187],[-2.915242561395768,38.16078512956409],[-2.9152822916191687,38.16076300133844],[-2.9153412172401674,38.16074715870229],[-2.915414642716326,38.16071254144012],[-2.9154441470172485,38.16067783952076],[-2.9154951919724157,38.16061547648104],[-2.9155233543305608,38.16055311344135],[-2.91553508815751,38.160513298560716],[-2.915530810033876,38.16035881672329],[-2.9155226762345534,38.160288071779945],[-2.9155116112835175,38.16024146671916],[-2.91550565845553,38.16018664739275],[-2.9155056567791497,38.16014348058886],[-2.915514373120777,38.16010911394562],[-2.915521665376971,38.16005429461924],[-2.9155225438004755,38.16002736691547],[-2.9155691597577427,38.160032086765426],[-2.9156910569446413,38.160079932348],[-2.915727322927255,38.16046429459911],[-2.9157477990797336,38.16052559565159],[-2.915765318934787,38.16077742072733],[-2.9157120561279095,38.16094321562011],[-2.9155929174255086,38.161313818138154],[-2.9155565240379584,38.161437338899844],[-2.9154097225388718,38.16145172559928],[-2.915336939954724,38.16135347795361],[-2.915171323596467,38.16133231699956],[-2.9149841582020617,38.16133797646094],[-2.9148579074543957,38.161391897247256],[-2.9147978108814545,38.16140493194564],[-2.914745612576342,38.161354323687675],[-2.914671141876795,38.16133918596961],[-2.914598883161627,38.16129750024811],[-2.9145273871996933,38.16118072859527],[-2.9145151915298513,38.16116792356107],[-2.91434958942083,38.161046668427986],[-2.914234210002226,38.16094849621942],[-2.914092394897633,38.16082783368694],[-2.914142371160082,38.16076760216538],[-2.914192375082813,38.16068419048918],[-2.9142071272332744,38.16062161790188],[-2.9142688247498163,38.16058231347918],[-2.9141897398122985,38.1604296806897],[-2.9140959781614524,38.16027430617953],[-2.9142223253010107,38.16017936016573],[-2.914156512269766,38.16007385043869],[-2.9142554614807934,38.16005358048102],[-2.9143741140327823,38.16002780445086],[-2.9144168483304584,38.16002529826167]]]},"properties":{"dn_surface":12942.728001010471,"provincia":23,"municipio":97,"agregado":0,"zona":0,"poligono":15,"parcela":154,"recinto":1,"uso_sigpac":"OV","idPanel":"23:97:0:0:15:154:1"},"id":1216143329},{"type":"Feature","geometry":{"type":"Polygon","coordinates":[[[-2.9162158060239736,38.160723132813615],[-2.916225385701679,38.16084057669508],[-2.916286826731969,38.161114425222706],[-2.916313329473187,38.16119727028217],[-2.9163437474016107,38.16124956497919],[-2.916353097415155,38.16135835454514],[-2.9163273121648907,38.16145206758094],[-2.9162911978947337,38.16148962521493],[-2.916281650906452,38.161553427427464],[-2.9163145339527445,38.16184608746147],[-2.916300217661274,38.161887354925994],[-2.9162526838855554,38.161928598921236],[-2.916271695719462,38.161973585436414],[-2.91634299554485,38.16200923618729],[-2.9163268419400956,38.16206348554422],[-2.91625105192891,38.16209819333096],[-2.9162772965074946,38.16222984956829],[-2.91628742100894,38.16237739538042],[-2.916228115687704,38.16241077128265],[-2.916236531957181,38.162457571641795],[-2.916188601717418,38.16252767201681],[-2.9162123275339495,38.16264059218486],[-2.916137337156376,38.16269981284887],[-2.9161161225581838,38.16286845339798],[-2.916069588743573,38.162927297714475],[-2.916016310849267,38.163106196875475],[-2.915851024738015,38.16326587214044],[-2.9157784190120353,38.16328273904517],[-2.9157248536184337,38.163387784414766],[-2.9155365692398885,38.163569723692234],[-2.9154765531332227,38.163445575964175],[-2.9154376803785667,38.163399493095994],[-2.9153216027473867,38.16328765084074],[-2.9150405306952014,38.16301679549093],[-2.9143963420031276,38.162752159513644],[-2.914342270342545,38.16272102577068],[-2.914288321895946,38.16268286212505],[-2.9141881908364997,38.16260284595802],[-2.914111229035182,38.162541340387094],[-2.914221905367637,38.1624274931805],[-2.9142981890729485,38.16231735831903],[-2.9143449475225767,38.162326985773575],[-2.9143883029193156,38.16238200291289],[-2.914480340412577,38.162463392873946],[-2.9145670956301446,38.162497676536304],[-2.9147188131157344,38.16253204317954],[-2.915149653022716,38.16261066878877],[-2.915511677500556,38.16267169072384],[-2.915914856287232,38.16274822085714],[-2.915991803839314,38.16275081924729],[-2.9160601171924245,38.16273548036358],[-2.9161272562408302,38.162703376834315],[-2.916150976190029,38.16263129078635],[-2.91617536333876,38.162444537781596],[-2.9161796364332515,38.162384270217814],[-2.916190868184171,38.16235292105992],[-2.916220789065706,38.16225342534875],[-2.916230507883013,38.16211034290032],[-2.916227566673014,38.161821831070455],[-2.9162126401789568,38.161591574309284],[-2.9162095371982177,38.161523176298914],[-2.916219506634444,38.16133994369372],[-2.9162174933011826,38.161255200971226],[-2.916201229055299,38.16118328256135],[-2.916121173493336,38.16090717511071],[-2.916053108244575,38.160828886454055],[-2.9160466525023665,38.16077490531802],[-2.9160551115195514,38.160742498363845],[-2.9162158060239736,38.160723132813615]]]},"properties":{"dn_surface":10742.799811711371,"provincia":23,"municipio":97,"agregado":0,"zona":0,"poligono":15,"parcela":156,"recinto":1,"uso_sigpac":"OV","idPanel":"23:97:0:0:15:156:1"},"id":1216143331},{"type":"Feature","geometry":{"type":"Polygon","coordinates":[[[-2.916011733491673,38.16074772531897],[-2.916004490688711,38.160765852862085],[-2.9160060840885986,38.16078664082136],[-2.916009018593073,38.160811032161064],[-2.9160160602303478,38.16083995056687],[-2.91603768638001,38.16086434274476],[-2.916064761605248,38.160890662760465],[-2.9160839570028454,38.16092125754707],[-2.9161187460940323,38.16101815486809],[-2.916147247081086,38.16111111185617],[-2.916156970927535,38.16114866362281],[-2.916180023677201,38.16123005442205],[-2.916184718381447,38.161261487398974],[-2.9161853914483125,38.16130884599292],[-2.9161820412014148,38.16141638833159],[-2.9161777689451136,38.16152954738391],[-2.9161765124977537,38.161575229597105],[-2.9161826338020047,38.161647064187974],[-2.9161907667631364,38.16173851327159],[-2.916195966057984,38.16181847830899],[-2.916201333829095,38.16194018606484],[-2.916201672458003,38.162048651251126],[-2.916201087401127,38.16214278170574],[-2.9161964781922984,38.16217731598704],[-2.9161922050978064,38.1622219923718],[-2.916170664443562,38.16229827020979],[-2.9161466938754437,38.16237546921897],[-2.9161399062098505,38.16242911424064],[-2.9161409975337085,38.16246683364537],[-2.9161258279644446,38.16256624553748],[-2.9161122501186876,38.16261301739817],[-2.9160819084655882,38.162662723763304],[-2.9160583553162724,38.16268409761764],[-2.9160289348343866,38.16269885060632],[-2.9159840069925194,38.162710249995314],[-2.9159609567574236,38.16271100352844],[-2.9159024493934185,38.162710920547596],[-2.9156672473090732,38.162659453982684],[-2.915335567837093,38.1626009457805],[-2.914793663515517,38.1625098311348],[-2.9145952596646705,38.16246347753113],[-2.914505318485517,38.162433469477804],[-2.9144403553793046,38.16236750138137],[-2.9143504779026195,38.162292229371815],[-2.9143199535240205,38.16228593540035],[-2.914360883197837,38.162226827892],[-2.9144648095832655,38.16157367475395],[-2.914519101687914,38.161232452484654],[-2.9145273871996933,38.16118072859527],[-2.914598883161627,38.16129750024811],[-2.914671141876795,38.16133918596961],[-2.914745612576342,38.161354323687675],[-2.9147978108814545,38.16140493194564],[-2.9148579074543957,38.161391897247256],[-2.9149841582020617,38.16133797646094],[-2.915171323596467,38.16133231699956],[-2.915336939954724,38.16135347795361],[-2.9154097225388718,38.16145172559928],[-2.9155565240379584,38.161437338899844],[-2.9155929174255086,38.161313818138154],[-2.9157120561279095,38.16094321562011],[-2.915765318934787,38.16077742072733],[-2.916011733491673,38.16074772531897]]]},"properties":{"dn_surface":23501.51518590045,"provincia":23,"municipio":97,"agregado":0,"zona":0,"poligono":15,"parcela":156,"recinto":6,"uso_sigpac":"OV","idPanel":"23:97:0:0:15:156:6"},"id":1216143330},{"type":"Feature","geometry":{"type":"Polygon","coordinates":[[[-2.9162770810925704,38.16013906919295],[-2.916452947680827,38.160168306949345],[-2.9166897322685856,38.16043209803075],[-2.916749583251749,38.160499555591485],[-2.916767658827016,38.16056509034351],[-2.9168052172991765,38.16076411613159],[-2.916835395505154,38.16082695610163],[-2.9168787039632322,38.160886921078685],[-2.916978676604699,38.161006410144665],[-2.9170020311028977,38.16104743453397],[-2.9170534968296287,38.161263955031416],[-2.917068852477154,38.16131218366698],[-2.917135704864454,38.161448412232744],[-2.917157015016348,38.16147988125189],[-2.9171737335614103,38.161504547518035],[-2.9163268419400956,38.16206348554422],[-2.91634299554485,38.16200923618729],[-2.916271695719462,38.161973585436414],[-2.9162526838855554,38.161928598921236],[-2.916300217661274,38.161887354925994],[-2.9163145339527445,38.16184608746147],[-2.916281650906452,38.161553427427464],[-2.9162911978947337,38.16148962521493],[-2.9163273121648907,38.16145206758094],[-2.916353097415155,38.16135835454514],[-2.9163437474016107,38.16124956497919],[-2.916313329473187,38.16119727028217],[-2.916286826731969,38.161114425222706],[-2.916225385701679,38.16084057669508],[-2.9162158060239736,38.160723132813615],[-2.9162208569591255,38.160697991293546],[-2.9162588051898064,38.160653315747],[-2.9162495356425366,38.16047287683028],[-2.916235577258353,38.1601989729821],[-2.9162770810925704,38.16013906919295]]]},"properties":{"dn_surface":10156.68784521982,"provincia":23,"municipio":97,"agregado":0,"zona":0,"poligono":15,"parcela":559,"recinto":2,"uso_sigpac":"OV","idPanel":"23:97:0:0:15:559:2"},"id":1216143302},{"type":"Feature","geometry":{"type":"Polygon","coordinates":[[[-2.914866249963119,38.15549503439263],[-2.915349366965107,38.15599790083604],[-2.9153930115375224,38.15605948938784],[-2.9155088846502526,38.15624081846272],[-2.9158288202370004,38.15674134300227],[-2.9156760491461187,38.156789898532026],[-2.91544807645369,38.15662354456626],[-2.915415439835366,38.156310056339805],[-2.91532843651345,38.15624068602867],[-2.914896128935136,38.15589595844722],[-2.914866249963119,38.15549503439263]]]},"properties":{"dn_surface":2764.89785008418,"provincia":23,"municipio":97,"agregado":0,"zona":0,"poligono":15,"parcela":34,"recinto":3,"uso_sigpac":"OV","idPanel":"23:97:0:0:15:34:3"},"id":1112589761},{"type":"Feature","geometry":{"type":"Polygon","coordinates":[[[-2.914837092673009,38.15432739330171],[-2.914963397064858,38.15436741270079],[-2.9148977734646366,38.15475851232608],[-2.9148586978679116,38.15499182010021],[-2.9147541881019876,38.15485709440975],[-2.9146303940902887,38.15471874941329],[-2.9144796514200957,38.154689706955224],[-2.914489596548801,38.15467700669478],[-2.9144427978660348,38.154579996218075],[-2.914583635640659,38.15448844152246],[-2.914647988544284,38.15440791657389],[-2.914837092673009,38.15432739330171]]]},"properties":{"dn_surface":1716.61547603905,"provincia":23,"municipio":97,"agregado":0,"zona":0,"poligono":15,"parcela":33,"recinto":1,"uso_sigpac":"OV","idPanel":"23:97:0:0:15:33:1"},"id":1112589762},{"type":"Feature","geometry":{"type":"Polygon","coordinates":[[[-2.9148586978679116,38.15499182010021],[-2.9148954391044635,38.15513017766955],[-2.9148163617106593,38.155029694570146],[-2.9147217174453575,38.15494733566106],[-2.914641239435449,38.15490426189626],[-2.914532340066572,38.154866768802975],[-2.9144343145413285,38.15480954135563],[-2.9143398672507623,38.154758099098245],[-2.914253976207463,38.15471125934417],[-2.914300570371781,38.15468885283926],[-2.9143606325789166,38.154666726289946],[-2.9144796514200957,38.154689706955224],[-2.9146303940902887,38.15471874941329],[-2.9147541881019876,38.15485709440975],[-2.9148586978679116,38.15499182010021]]]},"properties":{"dn_surface":737.282176659808,"provincia":23,"municipio":97,"agregado":0,"zona":0,"poligono":15,"parcela":603,"recinto":1,"uso_sigpac":"OV","idPanel":"23:97:0:0:15:603:1"},"id":1112590025},{"type":"Feature","geometry":{"type":"Polygon","coordinates":[[[-2.9143506849356404,38.15370191720962],[-2.9146051905441395,38.15371787803059],[-2.914521126755841,38.15376504132615],[-2.914571340226164,38.153968493597574],[-2.9146143963889415,38.15414255975293],[-2.91479250429824,38.15419451414465],[-2.914837092673009,38.15432739330171],[-2.914647988544284,38.15440791657389],[-2.914583635640659,38.15448844152246],[-2.9144427978660348,38.154579996218075],[-2.9143750536441826,38.154439795468164],[-2.9143862510292977,38.154429894763524],[-2.9145218878326946,38.15429453456295],[-2.914386511706502,38.15390977417138],[-2.9143506849356404,38.15370191720962]]]},"properties":{"dn_surface":1708.65359259447,"provincia":23,"municipio":97,"agregado":0,"zona":0,"poligono":15,"parcela":607,"recinto":1,"uso_sigpac":"OV","idPanel":"23:97:0:0:15:607:1"},"id":1112590017},{"type":"Feature","geometry":{"type":"Polygon","coordinates":[[[-2.9147089166020703,38.1550188374903],[-2.9147689779710158,38.15506522294524],[-2.9147883401684958,38.15513290597917],[-2.914815714627696,38.155248107701425],[-2.9148230999230202,38.15527686349836],[-2.9148500049956145,38.15538095836004],[-2.9148284056680445,38.155432771097594],[-2.914777105064815,38.155274215655],[-2.9147708504882965,38.15525474449274],[-2.914743589184796,38.15514017308965],[-2.9147089166020703,38.1550188374903]]]},"properties":{"dn_surface":158.16894966937676,"provincia":23,"municipio":97,"agregado":0,"zona":0,"poligono":15,"parcela":9006,"recinto":47,"uso_sigpac":"OV","idPanel":"23:97:0:0:15:9006:47"},"id":1434815709},{"type":"Feature","geometry":{"type":"Polygon","coordinates":[[[-2.9160890532002774,38.15323300585797],[-2.9160782992178684,38.15355664205518],[-2.915947053693804,38.153647213553455],[-2.915749213945074,38.153783700281906],[-2.915636489913552,38.153646716506586],[-2.9154802805657853,38.1536082980511],[-2.915294634810515,38.152865160148],[-2.915560942139383,38.15283876804793],[-2.9157692450184665,38.15283261153968],[-2.91592548957023,38.15323973652659],[-2.9160890532002774,38.15323300585797]]]},"properties":{"dn_surface":4634.30875936632,"provincia":23,"municipio":97,"agregado":0,"zona":0,"poligono":15,"parcela":39,"recinto":1,"uso_sigpac":"OV","idPanel":"23:97:0:0:15:39:1"},"id":1112589749},{"type":"Feature","geometry":{"type":"Polygon","coordinates":[[[-2.915016695913922,38.15288271101613],[-2.915009935070421,38.15290622896143],[-2.9149585959104356,38.15308509124205],[-2.9148279354432485,38.15316268420074],[-2.9147997948780535,38.153118681721],[-2.9146808690760055,38.15293298902708],[-2.9146528257408932,38.15288920112414],[-2.9150099618925127,38.15288279567335],[-2.915016695913922,38.15288271101613]]]},"properties":{"dn_surface":595.8448416246247,"provincia":23,"municipio":97,"agregado":0,"zona":0,"poligono":15,"parcela":48,"recinto":1,"uso_sigpac":"OV","idPanel":"23:97:0:0:15:48:1"},"id":1434815698},{"type":"Feature","geometry":{"type":"Polygon","coordinates":[[[-2.9140932188387647,38.15353814822288],[-2.9141376781322164,38.15355746431993],[-2.9141434448819425,38.15354918886641],[-2.914235077529256,38.1535941862781],[-2.9143165596912235,38.15359100031648],[-2.914627742894157,38.1536266158634],[-2.914831521221639,38.15365255114972],[-2.914828449253944,38.15366702166821],[-2.9148148395569526,38.15373101247363],[-2.914772131243177,38.15372833529361],[-2.9146051905441395,38.15371787803059],[-2.9143506849356404,38.15370191720962],[-2.914081448969629,38.15359491885647],[-2.9140932188387647,38.15353814822288]]]},"properties":{"dn_surface":622.1626512387672,"provincia":23,"municipio":97,"agregado":0,"zona":0,"poligono":15,"parcela":37,"recinto":4,"uso_sigpac":"OV","idPanel":"23:97:0:0:15:37:4"},"id":1434815696},{"type":"Feature","geometry":{"type":"Polygon","coordinates":[[[-2.9146808690760055,38.15293298902708],[-2.9147997948780535,38.153118681721],[-2.9146664169976955,38.15317707509112],[-2.914473101800567,38.15312955472646],[-2.9146808690760055,38.15293298902708]]]},"properties":{"dn_surface":386.8293279509227,"provincia":23,"municipio":97,"agregado":0,"zona":0,"poligono":15,"parcela":49,"recinto":3,"uso_sigpac":"OV","idPanel":"23:97:0:0:15:49:3"},"id":1434815689},{"type":"Feature","geometry":{"type":"Polygon","coordinates":[[[-2.9144433393370113,38.15316044958519],[-2.914495722882195,38.15342777028624],[-2.9146204523143444,38.153445797246434],[-2.914620531942429,38.1533771217951],[-2.914722085410927,38.15340099010399],[-2.914745781052606,38.15354286807286],[-2.914701126460798,38.153523827740514],[-2.914683728981538,38.15351640975575],[-2.9146295282396384,38.153493300847316],[-2.914564949024615,38.15348179668453],[-2.9145628619306003,38.153481424528024],[-2.9144598525254337,38.153463074864476],[-2.914453302905905,38.15346203047926],[-2.9143386912696774,38.15344373445993],[-2.9143038527252583,38.15343817306689],[-2.914303699336421,38.15327201439945],[-2.9144433393370113,38.15316044958519]]]},"properties":{"dn_surface":592.1304072709794,"provincia":23,"municipio":97,"agregado":0,"zona":0,"poligono":15,"parcela":49,"recinto":1,"uso_sigpac":"OV","idPanel":"23:97:0:0:15:49:1"},"id":1434815687},{"type":"Feature","geometry":{"type":"Polygon","coordinates":[[[-2.9146528257408932,38.15288920112414],[-2.9146808690760055,38.15293298902708],[-2.914473101800567,38.15312955472646],[-2.914435472920416,38.15312030445756],[-2.9144433393370113,38.15316044958519],[-2.914303699336421,38.15327201439945],[-2.914303497332543,38.153052341468026],[-2.9143287209952606,38.15305217969728],[-2.91442689739477,38.153035128390655],[-2.914470179868947,38.15301317031762],[-2.914498192191016,38.15297056091029],[-2.9145321313571713,38.152935166645676],[-2.9145811185549864,38.15291501487283],[-2.9146528257408932,38.15288920112414]]]},"properties":{"dn_surface":473.25258767705867,"provincia":23,"municipio":97,"agregado":0,"zona":0,"poligono":15,"parcela":49,"recinto":2,"uso_sigpac":"OV","idPanel":"23:97:0:0:15:49:2"},"id":1434815688},{"type":"Feature","geometry":{"type":"Polygon","coordinates":[[[-2.9183760489114254,38.15018270035432],[-2.918395333995392,38.150185597978435],[-2.9188392303937216,38.150252063959954],[-2.9190850883922037,38.15023394144603],[-2.9193510570921632,38.150089385458955],[-2.9193023188368863,38.15030249955075],[-2.9193739614821355,38.150540754324425],[-2.919658051019642,38.150735084570044],[-2.919736203889472,38.150760554660735],[-2.9186711279628352,38.151487489505854],[-2.918531094850963,38.15158310523378],[-2.918393671025704,38.151694223292566],[-2.917030140655049,38.15279657522123],[-2.9161629363283774,38.15279792973686],[-2.9157684872943745,38.15279656097201],[-2.9167088958149483,38.151840913312355],[-2.9169582784039245,38.15173889045724],[-2.917221665477554,38.15166562675182],[-2.9173373332336445,38.151584780776346],[-2.9174394876846366,38.151513379529916],[-2.9174573226992684,38.1514866244934],[-2.917549582312976,38.151348437076706],[-2.9179459583466323,38.15084049706704],[-2.918218396199846,38.150303079578464],[-2.9182783812934687,38.15032543579193],[-2.918336526559235,38.150333317295974],[-2.918384801295239,38.150288549548435],[-2.9183791602740676,38.150259423271365],[-2.9183760489114254,38.15018270035432]]]},"properties":{"dn_surface":34462.7321515646,"provincia":23,"municipio":97,"agregado":0,"zona":0,"poligono":15,"parcela":40,"recinto":1,"uso_sigpac":"OV","idPanel":"23:97:0:0:15:40:1"},"id":1112589748},{"type":"Feature","geometry":{"type":"Polygon","coordinates":[[[-2.9167132644631426,38.157185950186005],[-2.9168013733581524,38.15718601305028],[-2.9168738516791968,38.15729903296301],[-2.916949391909652,38.15741684145729],[-2.9171039550515387,38.15770472464439],[-2.9171521258519366,38.15780633594804],[-2.917254176367323,38.15779451243475],[-2.917252734679891,38.15772739517928],[-2.9172458288294574,38.15740551918182],[-2.917409317022372,38.15727270205082],[-2.917419827091385,38.15725675464091],[-2.9175114521949856,38.1576932120997],[-2.9175408584276354,38.157833559532975],[-2.9176139435985053,38.15780395967835],[-2.9177208296341193,38.15827819018608],[-2.9177565533075662,38.15827551384422],[-2.917764016554595,38.15833815516311],[-2.917738882578247,38.15835832621431],[-2.91768439182248,38.158398122654745],[-2.917658110363519,38.158424689936595],[-2.9176014160052777,38.15840077133632],[-2.917487940955188,38.15841555785258],[-2.9171889601276195,38.15844517363283],[-2.9171249542348066,38.15841827191295],[-2.917034212583852,38.158418207372335],[-2.9169981863236836,38.1584050268288],[-2.9169359708054943,38.15838226241661],[-2.9167875499226183,38.158305523573944],[-2.916739411811644,38.1582806402165],[-2.9166034942144745,38.15826747727499],[-2.9164615349411385,38.15828315227304],[-2.916115358966759,38.15832137375381],[-2.9161936308596212,38.15824176494729],[-2.916252061110112,38.15817815468034],[-2.9162018794910236,38.15813961133449],[-2.916205440961894,38.15809549821364],[-2.9163273649708845,38.15797995283336],[-2.9164002120956902,38.15795215844079],[-2.916602535324694,38.15770130147493],[-2.916617300886202,38.15756504021974],[-2.9166155666703326,38.15737848167518],[-2.916651229155882,38.157335156453286],[-2.916704836459001,38.1572698522036],[-2.9167307977292416,38.157224627642336],[-2.9167132644631426,38.157185950186005]]]},"properties":{"dn_surface":10746.442355250068,"provincia":23,"municipio":97,"agregado":0,"zona":0,"poligono":15,"parcela":23,"recinto":1,"uso_sigpac":"OV","idPanel":"23:97:0:0:15:23:1"},"id":1341074630},{"type":"Feature","geometry":{"type":"Polygon","coordinates":[[[-2.915963375774823,38.158053558520436],[-2.9159001804120943,38.15810660088326],[-2.915957231001242,38.158155490012774],[-2.915928631945916,38.158195550483214],[-2.915903257408932,38.15819052134103],[-2.915778062781129,38.15808271329601],[-2.9157336940122356,38.158041347763174],[-2.9157019819178864,38.158028799215174],[-2.9156321883205885,38.15802624357275],[-2.9155026057662132,38.15803685003365],[-2.915362796451169,38.15792336911625],[-2.915189156096527,38.15775010846184],[-2.9152277371609348,38.157650096425414],[-2.915259020101816,38.157647415892654],[-2.915349538794132,38.157639551152414],[-2.91555787352445,38.15762140600734],[-2.915963375774823,38.158053558520436]]]},"properties":{"dn_surface":1954.47974699281,"provincia":23,"municipio":97,"agregado":0,"zona":0,"poligono":15,"parcela":604,"recinto":2,"uso_sigpac":"OV","idPanel":"23:97:0:0:15:604:2"},"id":1112590022},{"type":"Feature","geometry":{"type":"Polygon","coordinates":[[[-2.915757291585641,38.15840898727828],[-2.9155626377984967,38.15844291303341],[-2.915510381658249,38.158523266991125],[-2.915402928167756,38.15856212298198],[-2.9152600267684474,38.158556249782066],[-2.9152188531812335,38.158626968741544],[-2.9151841470708937,38.158732300772215],[-2.915050172398995,38.1588045737366],[-2.915032824372967,38.15880511101665],[-2.914885342263301,38.15880967915413],[-2.9148410145657366,38.15874547712477],[-2.914579012182594,38.15852394173439],[-2.914755477238773,38.15822163496742],[-2.9147702889007503,38.15819500063034],[-2.914776848578563,38.158185403350615],[-2.9147829363551994,38.15817949829949],[-2.9147908958109254,38.15817285647901],[-2.914796512524575,38.15816953640697],[-2.9148025961102597,38.15816658681507],[-2.9148096167927755,38.158163267581216],[-2.9148152318300444,38.1581614252388],[-2.9148273973250327,38.1581577413921],[-2.914863426937963,38.15814594973003],[-2.9148877587661297,38.158138580360344],[-2.91492319410209,38.15813124535643],[-2.91504438469451,38.1581156617211],[-2.9155241656988364,38.158066751636824],[-2.9156786785493,38.158281040871515],[-2.9156910477245477,38.15830542382929],[-2.9157186526860985,38.15835984082432],[-2.915757291585641,38.15840898727828]]]},"properties":{"dn_surface":5108.05767357794,"provincia":23,"municipio":97,"agregado":0,"zona":0,"poligono":15,"parcela":150,"recinto":3,"uso_sigpac":"OV","idPanel":"23:97:0:0:15:150:3"},"id":1112589449},{"type":"Feature","geometry":{"type":"Polygon","coordinates":[[[-2.9181269144267983,38.15851235794352],[-2.9180308804418664,38.158558011658215],[-2.917772632313379,38.158674186519505],[-2.9175120372518615,38.15879388261848],[-2.9173076856021694,38.15891366253649],[-2.9172795224058343,38.158942412466104],[-2.9172772601300325,38.15896638554878],[-2.91729469532786,38.15899035863151],[-2.9173166567536684,38.15900117128723],[-2.9173660270044817,38.15901441553322],[-2.9174768391237755,38.15904568087211],[-2.917567952931252,38.1590781196775],[-2.917691590201353,38.159126149661915],[-2.917856718732817,38.15918951853004],[-2.918038779547887,38.159283734480056],[-2.9181988797753378,38.159376776125384],[-2.9182360971040184,38.1594037666934],[-2.9182485878168696,38.15947065596106],[-2.9182635956153935,38.15962773618864],[-2.918271730252905,38.15977878228378],[-2.9182761768528027,38.159905267724696],[-2.9183018305071786,38.1600714012464],[-2.918328236018314,38.1601661192725],[-2.918351707024973,38.16021708208501],[-2.918392697886688,38.1602890851521],[-2.9184123132176585,38.16034247871667],[-2.918416841122022,38.160400566985516],[-2.9184274039970286,38.16045035633152],[-2.918435702919853,38.16048815955523],[-2.918419022093357,38.160476173432954],[-2.9183446720932227,38.16041255310773],[-2.9182498694099404,38.160356141219665],[-2.917935285668688,38.16021171682843],[-2.9177424960169196,38.16012940401984],[-2.9177098887352577,38.16009520501464],[-2.9176947996322693,38.16005203737254],[-2.917688680842589,38.1600299083087],[-2.91767359257779,38.16000769542575],[-2.9176560735609276,38.15999093161841],[-2.9176318481829373,38.159973496420605],[-2.9176129042424503,38.159939297415434],[-2.9175994873292437,38.15973544448903],[-2.917591186730038,38.15964131319623],[-2.9175654526093875,38.15961197653337],[-2.9175351092799073,38.15958314194657],[-2.917489593866592,38.15955916886384],[-2.9174394684062572,38.15955011556966],[-2.917380961880443,38.159550031750655],[-2.9173156660126542,38.15955900038759],[-2.917239724289013,38.15956017385409],[-2.9171813007440446,38.159553552150214],[-2.9171027606302653,38.159536368409476],[-2.9169205330153125,38.159493032291124],[-2.91678164068053,38.15945036756324],[-2.916571416669125,38.15936453351691],[-2.9164932948123385,38.15933385491127],[-2.9164628676638227,38.15933209471149],[-2.9164173530886988,38.15933863259633],[-2.916389189892363,38.15935422377538],[-2.9163458562885736,38.15941055100623],[-2.9163200400252665,38.15943988850728],[-2.9162918768289314,38.15945665231462],[-2.916239489930987,38.15949797593791],[-2.916163466902879,38.15957827625144],[-2.916145948724207,38.159590263211925],[-2.91612625041239,38.159593783611456],[-2.9160958241020634,38.159593783611456],[-2.9160336287004425,38.15958833453584],[-2.9158784763107284,38.15958892126909],[-2.915770062254075,38.15956897485296],[-2.9159141404726587,38.15939796725425],[-2.9160807232644097,38.15925749157785],[-2.9163450239655386,38.15910888545494],[-2.916714188148927,38.158888343320086],[-2.916739411811644,38.1582806402165],[-2.9167875499226183,38.158305523573944],[-2.9169359708054943,38.15838226241661],[-2.9169981863236836,38.1584050268288],[-2.917034212583852,38.158418207372335],[-2.9171249542348066,38.15841827191295],[-2.9171889601276195,38.15844517363283],[-2.917487940955188,38.15841555785258],[-2.9176014160052777,38.15840077133632],[-2.917658110363519,38.158424689936595],[-2.91768439182248,38.158398122654745],[-2.917751490637748,38.15841430308157],[-2.9181269144267983,38.15851235794352]]]},"properties":{"dn_surface":19320.7395912293,"provincia":23,"municipio":97,"agregado":0,"zona":0,"poligono":15,"parcela":547,"recinto":6,"uso_sigpac":"OV","idPanel":"23:97:0:0:15:547:6"},"id":1112590158},{"type":"Feature","geometry":{"type":"Polygon","coordinates":[[[-2.916739411811644,38.1582806402165],[-2.916714188148927,38.158888343320086],[-2.9163450239655386,38.15910888545494],[-2.9160807232644097,38.15925749157785],[-2.9159141404726587,38.15939796725425],[-2.915770062254075,38.15956897485296],[-2.9157618412829542,38.15957873306522],[-2.9157464051691533,38.159577716340294],[-2.9157290143954167,38.1595771949859],[-2.9156980332030673,38.15957787811104],[-2.9156970047434863,38.159575577278446],[-2.915696361851475,38.15957413894381],[-2.9156878391318224,38.15955507262751],[-2.9155999934285872,38.159514451407745],[-2.91553992954507,38.15933532593539],[-2.915540056111816,38.15922456159291],[-2.9155475403136033,38.15916814802844],[-2.915547604854262,38.15911145869936],[-2.9155097664265197,38.15906086971975],[-2.915476093804901,38.15906084541223],[-2.9154379594959585,38.15906955923927],[-2.915384983350187,38.15908150764295],[-2.9152222771888834,38.15897979324191],[-2.915090244604065,38.15889725328367],[-2.915050172398995,38.1588045737366],[-2.9151841470708937,38.158732300772215],[-2.9152188531812335,38.158626968741544],[-2.9152600267684474,38.158556249782066],[-2.915402928167756,38.15856212298198],[-2.915510381658249,38.158523266991125],[-2.9155626377984967,38.15844291303341],[-2.915757291585641,38.15840898727828],[-2.915948842392047,38.1582929549094],[-2.916009197965812,38.15830325710721],[-2.916032420029933,38.15831570423413],[-2.9161044867995076,38.15833933533514],[-2.9161386313223026,38.158342327674774],[-2.9161910835990956,38.158339180269934],[-2.9162610222033276,38.1583328603146],[-2.9163067505169957,38.15832864589339],[-2.9163780360931475,38.15832020280186],[-2.9164143523671835,38.15831491968797],[-2.916456048146996,38.158309640765026],[-2.9165636550263256,38.15829166744899],[-2.916739411811644,38.1582806402165]]]},"properties":{"dn_surface":12249.7504588857,"provincia":23,"municipio":97,"agregado":0,"zona":0,"poligono":15,"parcela":151,"recinto":1,"uso_sigpac":"OV","idPanel":"23:97:0:0:15:151:1"},"id":1112589447},{"type":"Feature","geometry":{"type":"Polygon","coordinates":[[[-2.918097704330695,38.158399679174266],[-2.918240687872659,38.1584333677215],[-2.918296168531249,38.15844643930029],[-2.9185139949292833,38.158497761696424],[-2.918480665965716,38.15860282550622],[-2.918863957009551,38.15881083501864],[-2.9195854964232737,38.1592024006778],[-2.9202773085774365,38.15975030979516],[-2.920357907286757,38.15984292228703],[-2.919806979007689,38.16010742163928],[-2.919097750095889,38.16045409214598],[-2.918788798155713,38.16062195988354],[-2.918285717973752,38.16085845613381],[-2.9175879630498867,38.161139873520426],[-2.9171188471797906,38.16131411234298],[-2.9171124693892874,38.161301219298764],[-2.9170981371722005,38.161256236136325],[-2.917045876002811,38.16103656069038],[-2.917018876214705,38.16098895483026],[-2.916917649640449,38.16086802240045],[-2.916876848209759,38.16081157447019],[-2.916849630492158,38.160754955549095],[-2.916812639474877,38.16055854323858],[-2.9167921767334444,38.160484805955576],[-2.916727081193154,38.16041130588047],[-2.916403882531308,38.16005137771674],[-2.916385264646873,38.160061819054135],[-2.9163666476006296,38.16007226039156],[-2.916452947680827,38.160168306949345],[-2.9162770810925704,38.16013906919295],[-2.916276115497268,38.16008409144857],[-2.9160238671354275,38.15997079912401],[-2.9157204011512037,38.159627918075955],[-2.9157403743894617,38.159604212375996],[-2.9157618412829542,38.15957873306522],[-2.915770062254075,38.15956897485296],[-2.9158784763107284,38.15958892126909],[-2.9160336287004425,38.15958833453584],[-2.9160958241020634,38.159593783611456],[-2.91612625041239,38.159593783611456],[-2.916145948724207,38.159590263211925],[-2.916163466902879,38.15957827625144],[-2.916239489930987,38.15949797593791],[-2.9162918768289314,38.15945665231462],[-2.9163200400252665,38.15943988850728],[-2.9163458562885736,38.15941055100623],[-2.916389189892363,38.15935422377538],[-2.9164173530886988,38.15933863259633],[-2.9164628676638227,38.15933209471149],[-2.9164932948123385,38.15933385491127],[-2.916571416669125,38.15936453351691],[-2.91678164068053,38.15945036756324],[-2.9169205330153125,38.159493032291124],[-2.9171027606302653,38.159536368409476],[-2.9171813007440446,38.159553552150214],[-2.917239724289013,38.15956017385409],[-2.9173156660126542,38.15955900038759],[-2.917380961880443,38.159550031750655],[-2.9174394684062572,38.15955011556966],[-2.917489593866592,38.15955916886384],[-2.9175351092799073,38.15958314194657],[-2.9175654526093875,38.15961197653337],[-2.917591186730038,38.15964131319623],[-2.9175994873292437,38.15973544448903],[-2.9176129042424503,38.159939297415434],[-2.9176318481829373,38.159973496420605],[-2.9176560735609276,38.15999093161841],[-2.91767359257779,38.16000769542575],[-2.917688680842589,38.1600299083087],[-2.9176947996322693,38.16005203737254],[-2.9177098887352577,38.16009520501464],[-2.9177424960169196,38.16012940401984],[-2.917935285668688,38.16021171682843],[-2.9182498694099404,38.160356141219665],[-2.9183446720932227,38.16041255310773],[-2.918419022093357,38.160476173432954],[-2.918435702919853,38.16048815955523],[-2.9184274039970286,38.16045035633152],[-2.918416841122022,38.160400566985516],[-2.9184123132176585,38.16034247871667],[-2.918392697886688,38.1602890851521],[-2.918351707024973,38.16021708208501],[-2.918328236018314,38.1601661192725],[-2.9183018305071786,38.1600714012464],[-2.9182761768528027,38.159905267724696],[-2.918271730252905,38.15977878228378],[-2.9182635956153935,38.15962773618864],[-2.9182485878168696,38.15947065596106],[-2.9182360971040184,38.1594037666934],[-2.9181988797753378,38.159376776125384],[-2.918038779547887,38.159283734480056],[-2.917856718732817,38.15918951853004],[-2.917691590201353,38.159126149661915],[-2.917567952931252,38.1590781196775],[-2.9174768391237755,38.15904568087211],[-2.9173660270044817,38.15901441553322],[-2.9173166567536684,38.15900117128723],[-2.91729469532786,38.15899035863151],[-2.9172772601300325,38.15896638554878],[-2.9172795224058343,38.158942412466104],[-2.9173076856021694,38.15891366253649],[-2.9175120372518615,38.15879388261848],[-2.917772632313379,38.158674186519505],[-2.9180308804418664,38.158558011658215],[-2.9181269144267983,38.15851235794352],[-2.918097704330695,38.158399679174266]]]},"properties":{"dn_surface":53873.255952529944,"provincia":23,"municipio":97,"agregado":0,"zona":0,"poligono":15,"parcela":547,"recinto":2,"uso_sigpac":"OV","idPanel":"23:97:0:0:15:547:2"},"id":1341074628},{"type":"Feature","geometry":{"type":"Polygon","coordinates":[[[-2.919122098687863,38.15688024455713],[-2.9190065901879425,38.156980565047604],[-2.918909519361527,38.1570279932113],[-2.918865910831297,38.15703093442136],[-2.918718205762994,38.157040745439616],[-2.918813344560614,38.15750487240061],[-2.9188653777422235,38.15751905877258],[-2.9190612980350132,38.157572280508106],[-2.9188650969484504,38.15777645949058],[-2.918844756582812,38.15779762463555],[-2.918638531577648,38.15818366997294],[-2.9185507638261172,38.15838179722098],[-2.918133443929758,38.15715280730072],[-2.9182728031365746,38.15716011632071],[-2.9184681425634404,38.15701749487698],[-2.918866017281473,38.15693395831045],[-2.918962032826217,38.15691383755066],[-2.919010382161163,38.15685222552952],[-2.9190258903593347,38.15676156937403],[-2.919106598871594,38.15685616837706],[-2.9191143471033483,38.15686816036663],[-2.919122098687863,38.15688024455713]]]},"properties":{"dn_surface":6112.34775006889,"provincia":23,"municipio":97,"agregado":0,"zona":0,"poligono":15,"parcela":20,"recinto":2,"uso_sigpac":"OV","idPanel":"23:97:0:0:15:20:2"},"id":1112589796},{"type":"Feature","geometry":{"type":"Polygon","coordinates":[[[-2.9185507638261172,38.15838179722098],[-2.9185139949292833,38.158497761696424],[-2.918296168531249,38.15844643930029],[-2.918240687872659,38.1584333677215],[-2.918097704330695,38.158399679174266],[-2.917767874744855,38.15712893396267],[-2.9179560644078886,38.15715583568252],[-2.918133443929758,38.15715280730072],[-2.9185507638261172,38.15838179722098]]]},"properties":{"dn_surface":5188.2945334764,"provincia":23,"municipio":97,"agregado":0,"zona":0,"poligono":15,"parcela":21,"recinto":1,"uso_sigpac":"OV","idPanel":"23:97:0:0:15:21:1"},"id":1112589795},{"type":"Feature","geometry":{"type":"Polygon","coordinates":[[[-2.918097704330695,38.158399679174266],[-2.9181269144267983,38.15851235794352],[-2.917751490637748,38.15841430308157],[-2.91768439182248,38.158398122654745],[-2.917738882578247,38.15835832621431],[-2.917764016554595,38.15833815516311],[-2.9177565533075662,38.15827551384422],[-2.9177208296341193,38.15827819018608],[-2.9176139435985053,38.15780395967835],[-2.9175408584276354,38.157833559532975],[-2.9175114521949856,38.1576932120997],[-2.917419827091385,38.15725675464091],[-2.917472763842211,38.15717730089963],[-2.917647679922591,38.157131822366665],[-2.917767874744855,38.15712893396267],[-2.918097704330695,38.158399679174266]]]},"properties":{"dn_surface":4650.08397595011,"provincia":23,"municipio":97,"agregado":0,"zona":0,"poligono":15,"parcela":22,"recinto":1,"uso_sigpac":"OV","idPanel":"23:97:0:0:15:22:1"},"id":1112589794},{"type":"Feature","geometry":{"type":"Polygon","coordinates":[[[-2.9205037389995896,38.157143661805605],[-2.9205282527150658,38.15715484577967],[-2.9210503162324613,38.15728246445403],[-2.921211491019964,38.1574986010603],[-2.9209882130317815,38.157448228333806],[-2.9207377558827545,38.15740338347277],[-2.9205762307316796,38.15732040011184],[-2.9205284421460886,38.15722412305175],[-2.9205037389995896,38.157143661805605]]]},"properties":{"dn_surface":1045.97666267315,"provincia":23,"municipio":97,"agregado":0,"zona":0,"poligono":15,"parcela":6,"recinto":5,"uso_sigpac":"OV","idPanel":"23:97:0:0:15:6:5"},"id":1112589860},{"type":"Feature","geometry":{"type":"Polygon","coordinates":[[[-2.9157692450184665,38.15283261153968],[-2.916162895257049,38.152833980304564],[-2.9170292957591593,38.15283262495072],[-2.917101427069391,38.152834749763315],[-2.917179478518187,38.152849406360076],[-2.9173006062463287,38.15292420814478],[-2.9174308652203296,38.15299883558595],[-2.9175327849780186,38.153001702197],[-2.9183551880295684,38.15305194835676],[-2.9183921740177077,38.1530465663364],[-2.918485437783476,38.153032933170095],[-2.9186350966735244,38.15300744296283],[-2.9187472851014,38.15301374112525],[-2.9189220570130385,38.15303584001427],[-2.91943319807176,38.15310046952072],[-2.919525694893342,38.15311216479091],[-2.919740223850473,38.153153682874375],[-2.919998155981192,38.15327246869859],[-2.920114195893806,38.15330580520589],[-2.920605327672084,38.15340645594338],[-2.920805866393797,38.153511230577436],[-2.920856830882688,38.15356218668444],[-2.920924310236383,38.15364551035066],[-2.920978087692147,38.153734321649154],[-2.9210608237869033,38.15385352489224],[-2.921144281563566,38.153937580298646],[-2.9212459062782465,38.154004433524136],[-2.9213649661907533,38.154097164200834],[-2.921476855384669,38.15417204561368],[-2.9215582797115016,38.15423559385451],[-2.9215797214592825,38.154252328325214],[-2.9216197115216973,38.15429764927836],[-2.9216335642938946,38.154313347745756],[-2.9217075161536057,38.15439715756236],[-2.92177307856593,38.154459930477145],[-2.9218823123727633,38.154564550884174],[-2.9220761363514445,38.15476359092153],[-2.9221476230932844,38.15483700214847],[-2.9223726403264783,38.155114743232105],[-2.922373780265377,38.15511609607137],[-2.9221764878549563,38.15519478370666],[-2.9221322054196714,38.15521244521588],[-2.9217721305726245,38.15535605572424],[-2.9217196045350793,38.155377018865295],[-2.9212696714897257,38.155588238646885],[-2.9207863709240476,38.15583359121658],[-2.92070973014964,38.155882838253405],[-2.9205339289402317,38.15601331012775],[-2.9204260873675993,38.15609975689128],[-2.9203627084411803,38.15612900386776],[-2.9200783590646604,38.15620166575249],[-2.920053531027796,38.15620801085356],[-2.919879255324856,38.156298376157054],[-2.919781959863422,38.156342650210405],[-2.9196155899720244,38.1565094484171],[-2.919491729743285,38.15662986116885],[-2.9194620552897192,38.15664854191755],[-2.919419703206849,38.15661869814954],[-2.9193916221531695,38.156596486943016],[-2.919363530203016,38.15658537086236],[-2.919300282034295,38.15659642240237],[-2.919265100670015,38.1566426309991],[-2.919246323529412,38.15667960357621],[-2.919185422293718,38.15668695785848],[-2.919115140031436,38.15670540223752],[-2.919061241876259,38.15673310359094],[-2.9190258903593347,38.15676156937403],[-2.918917025356264,38.15663405379709],[-2.9188664120691366,38.156574715786434],[-2.9187439826313537,38.15643123855034],[-2.918529006080568,38.156373315405034],[-2.9182840575186346,38.15637539495532],[-2.9178225683426895,38.1561877844818],[-2.9175613463147787,38.155942454543236],[-2.917064488019913,38.155746343981235],[-2.916959276688652,38.15552014070869],[-2.9171627935007387,38.15541303758175],[-2.91838984971582,38.1551502028756],[-2.918504015434773,38.15512576962641],[-2.9184556308958314,38.15501343786798],[-2.918390060101602,38.15495994707331],[-2.9181457963411983,38.15476086512649],[-2.9178566047389265,38.154525159289705],[-2.917711485487907,38.15436499116882],[-2.9176784406708745,38.15431584890581],[-2.9175469445278903,38.154120180070095],[-2.9174284889506397,38.15379753377573],[-2.9173977390988317,38.15363555432546],[-2.917326861721388,38.1535689265732],[-2.9173445676547036,38.15346990108685],[-2.917351928642507,38.1534008836538],[-2.9173392300584444,38.153357735290115],[-2.917237313653517,38.153301580726435],[-2.9171645444804155,38.15323681962414],[-2.917115449994233,38.15317063695093],[-2.91705911689604,38.1530641859361],[-2.9170336677601134,38.15302390418344],[-2.916937191210668,38.15298932380165],[-2.9168497796900437,38.152990698433854],[-2.9167641451329978,38.15303089972025],[-2.9166930649134852,38.153084053562395],[-2.916603841225287,38.153076799024774],[-2.9165437664452947,38.153059500451945],[-2.9164108286148798,38.15306084155657],[-2.9163106564841064,38.15307371113144],[-2.916239609792209,38.15309666665101],[-2.916163096422738,38.15312249464901],[-2.916121173493336,38.153156976124336],[-2.9160890532002774,38.15323300585797],[-2.91592548957023,38.15323973652659],[-2.9157692450184665,38.15283261153968]],[[-2.918261018180014,38.15532850859782],[-2.9181511968017335,38.155368160031344],[-2.9180230861096432,38.155400575367395],[-2.917899591331904,38.15539506929488],[-2.917805786933349,38.15542750893849],[-2.9177234590373007,38.15542203220261],[-2.9176365470781356,38.1554255819388],[-2.917551868058107,38.15547789256141],[-2.917544942929294,38.15553567572897],[-2.917581504793108,38.15556279034914],[-2.9176478375023804,38.15555561460141],[-2.917730155340144,38.155570120323915],[-2.917817047182741,38.15558462939916],[-2.917979490152269,38.155528762334825],[-2.9180686928857087,38.15552160251269],[-2.9181762058877174,38.15550181367635],[-2.9182722482545524,38.15551452315685],[-2.918331763123379,38.1554676121566],[-2.9184072631206965,38.15544238346473],[-2.9184712748808423,38.15546590560098],[-2.9185627742558875,38.15544971679225],[-2.918523938381609,38.15540995974675],[-2.918459965178219,38.155352126287795],[-2.9183707968105845,38.15532858654953],[-2.918261018180014,38.15532850859782]]]},"properties":{"dn_surface":119607.74516062152,"provincia":23,"municipio":97,"agregado":0,"zona":0,"poligono":15,"parcela":19,"recinto":1,"uso_sigpac":"OV","idPanel":"23:97:0:0:15:19:1"},"id":1179153849},{"type":"Feature","geometry":{"type":"Polygon","coordinates":[[[-2.917064488019913,38.155746343981235],[-2.9175613463147787,38.155942454543236],[-2.9178225683426895,38.1561877844818],[-2.9182840575186346,38.15637539495532],[-2.918529006080568,38.156373315405034],[-2.9187439826313537,38.15643123855034],[-2.9188664120691366,38.156574715786434],[-2.918917025356264,38.15663405379709],[-2.9190258903593347,38.15676156937403],[-2.919010382161163,38.15685222552952],[-2.918962032826217,38.15691383755066],[-2.918866017281473,38.15693395831045],[-2.9184681425634404,38.15701749487698],[-2.9182728031365746,38.15716011632071],[-2.918133443929758,38.15715280730072],[-2.9179560644078886,38.15715583568252],[-2.917767874744855,38.15712893396267],[-2.917647679922591,38.157131822366665],[-2.917472763842211,38.15717730089963],[-2.917419827091385,38.15725675464091],[-2.917409317022372,38.15727270205082],[-2.9172458288294574,38.15740551918182],[-2.917252734679891,38.15772739517928],[-2.917254176367323,38.15779451243475],[-2.9171521258519366,38.15780633594804],[-2.9171039550515387,38.15770472464439],[-2.916949391909652,38.15741684145729],[-2.9168738516791968,38.15729903296301],[-2.9168013733581524,38.15718601305028],[-2.9167132644631426,38.157185950186005],[-2.916662711525721,38.15716644381979],[-2.916435548525187,38.157138124720035],[-2.9162960032401086,38.15712072807898],[-2.9161442396540482,38.15710180760783],[-2.916095989225566,38.15707410373983],[-2.916055514689119,38.15703378845953],[-2.9160266725585857,38.15700240325944],[-2.9158595373993834,38.15672937867296],[-2.915906616875924,38.1567277559364],[-2.9164738689123912,38.15670819508779],[-2.916879888326221,38.15618404447639],[-2.91695059638921,38.15593156142123],[-2.917064488019913,38.155746343981235]]]},"properties":{"dn_surface":25719.212745288114,"provincia":23,"municipio":97,"agregado":0,"zona":0,"poligono":15,"parcela":530,"recinto":2,"uso_sigpac":"OV","idPanel":"23:97:0:0:15:530:2"},"id":1341074629},{"type":"Feature","geometry":{"type":"Polygon","coordinates":[[[-2.9176784406708745,38.15431584890581],[-2.917711485487907,38.15436499116882],[-2.9178566047389265,38.154525159289705],[-2.9181457963411983,38.15476086512649],[-2.918390060101602,38.15495994707331],[-2.9184556308958314,38.15501343786798],[-2.918504015434773,38.15512576962641],[-2.91838984971582,38.1551502028756],[-2.9171627935007387,38.15541303758175],[-2.916959276688652,38.15552014070869],[-2.917064488019913,38.155746343981235],[-2.91695059638921,38.15593156142123],[-2.916879888326221,38.15618404447639],[-2.9164738689123912,38.15670819508779],[-2.9159066160377334,38.15672775509822],[-2.9158502544410676,38.15664920073519],[-2.9158784494886367,38.15668849845238],[-2.9159066160377334,38.15672775509822],[-2.9158595373993834,38.15672937867296],[-2.9154232735625363,38.156046803376626],[-2.9153781470695526,38.15598305145551],[-2.915006837957015,38.15559658702293],[-2.9148794975618713,38.15546409762436],[-2.9148793768624586,38.15546384449087],[-2.9149023307056625,38.15538941737722],[-2.9149266633720194,38.15533775886672],[-2.9149421900103802,38.1553102033584],[-2.9149421900103802,38.15531020252021],[-2.9149360904990784,38.15528325553811],[-2.9148586978679116,38.15499182010021],[-2.9148977734646366,38.15475851232608],[-2.914963397064858,38.15436741270079],[-2.915467383330606,38.15450603681467],[-2.9155980278721767,38.15504274435597],[-2.916080817141731,38.155157737368796],[-2.9161367378502625,38.15536506878527],[-2.9165120954222736,38.15510262299941],[-2.9164747322484685,38.15493604272223],[-2.916535715626819,38.15490643532391],[-2.916587259305254,38.15494720993249],[-2.9169826311868507,38.15474696457741],[-2.917112594279652,38.154681085329116],[-2.9176784406708745,38.15431584890581]]]},"properties":{"dn_surface":39156.79384825714,"provincia":23,"municipio":97,"agregado":0,"zona":0,"poligono":15,"parcela":35,"recinto":1,"uso_sigpac":"OV","idPanel":"23:97:0:0:15:35:1"},"id":1341074627},{"type":"Feature","geometry":{"type":"Polygon","coordinates":[[[-2.9176784406708745,38.15431584890581],[-2.917112594279652,38.154681085329116],[-2.9169826311868507,38.15474696457741],[-2.916587259305254,38.15494720993249],[-2.916535715626819,38.15490643532391],[-2.9164747322484685,38.15493604272223],[-2.9165120954222736,38.15510262299941],[-2.9161367378502625,38.15536506878527],[-2.916080817141731,38.155157737368796],[-2.9155980278721767,38.15504274435597],[-2.915467383330606,38.15450603681467],[-2.914963397064858,38.15436741270079],[-2.914837092673009,38.15432739330171],[-2.91479250429824,38.15419451414465],[-2.9146143963889415,38.15414255975293],[-2.914571340226164,38.153968493597574],[-2.914521126755841,38.15376504132615],[-2.9146051905441395,38.15371787803059],[-2.914772131243177,38.15372833529361],[-2.9148148395569526,38.15373101247363],[-2.9148183473836387,38.15375751102388],[-2.9149148180657516,38.15373541045847],[-2.91504566544939,38.15409078557212],[-2.9152753472119777,38.154157557493164],[-2.915241304948407,38.15418267805845],[-2.915200294808316,38.15421302054975],[-2.9154463045192536,38.15427421682847],[-2.915387585093086,38.154320498347744],[-2.9156735161348295,38.154405786732184],[-2.9157526790240507,38.154348344708126],[-2.916348622316785,38.15391653250032],[-2.916372496493011,38.15389924566222],[-2.916484879381053,38.15393636911355],[-2.916928002967864,38.153592046378094],[-2.916976712724668,38.15355418196643],[-2.9170928272362247,38.153645808746404],[-2.917249904111022,38.15369779918032],[-2.917409842567732,38.153699311275744],[-2.9174284889506397,38.15379753377573],[-2.9175469445278903,38.154120180070095],[-2.9176784406708745,38.15431584890581]]]},"properties":{"dn_surface":22877.199510833,"provincia":23,"municipio":97,"agregado":0,"zona":0,"poligono":15,"parcela":36,"recinto":2,"uso_sigpac":"OV","idPanel":"23:97:0:0:15:36:2"},"id":1112589754},{"type":"Feature","geometry":{"type":"Polygon","coordinates":[[[-2.915294634810515,38.152865160148],[-2.9154802805657853,38.1536082980511],[-2.915636489913552,38.153646716506586],[-2.915749213945074,38.153783700281906],[-2.915947053693804,38.153647213553455],[-2.9160782992178684,38.15355664205518],[-2.9160890532002774,38.15323300585797],[-2.9166652621390075,38.153187009323375],[-2.916806487157582,38.153253240611605],[-2.9167965629836354,38.15330603235549],[-2.9167927089843273,38.153359845015245],[-2.9168236390470645,38.153393373468134],[-2.916895007604063,38.153487808185844],[-2.916976712724668,38.15355418196643],[-2.916928002967864,38.153592046378094],[-2.916484879381053,38.15393636911355],[-2.916372496493011,38.15389924566222],[-2.916348622316785,38.15391653250032],[-2.9157526790240507,38.154348344708126],[-2.9156735161348295,38.154405786732184],[-2.915387585093086,38.154320498347744],[-2.9154463045192536,38.15427421682847],[-2.915200294808316,38.15421302054975],[-2.915241304948407,38.15418267805845],[-2.9152753472119777,38.154157557493164],[-2.91504566544939,38.15409078557212],[-2.9149148180657516,38.15373541045847],[-2.9148183473836387,38.15375751102388],[-2.9148148395569526,38.15373101247363],[-2.914828449253944,38.15366702166821],[-2.914831521221639,38.15365255114972],[-2.9148481190672877,38.1535744862899],[-2.9147566540580483,38.153546227539834],[-2.914745781052606,38.15354286807286],[-2.914722085410927,38.15340099010399],[-2.914620531942429,38.1533771217951],[-2.9146204523143444,38.153445797246434],[-2.914495722882195,38.15342777028624],[-2.9144433393370113,38.15316044958519],[-2.914435472920416,38.15312030445756],[-2.914473101800567,38.15312955472646],[-2.9146664169976955,38.15317707509112],[-2.9147997948780535,38.153118681721],[-2.9148279354432485,38.15316268420074],[-2.9149585959104356,38.15308509124205],[-2.915009935070421,38.15290622896143],[-2.915016695913922,38.15288271101613],[-2.9150566549632937,38.15287246581525],[-2.915294634810515,38.152865160148]]]},"properties":{"dn_surface":16497.38588563217,"provincia":23,"municipio":97,"agregado":0,"zona":0,"poligono":15,"parcela":38,"recinto":1,"uso_sigpac":"OV","idPanel":"23:97:0:0:15:38:1"},"id":1434815694},{"type":"Feature","geometry":{"type":"Polygon","coordinates":[[[-2.916130741436376,38.15712748389333],[-2.9162807641010438,38.157146181405864],[-2.9166522953340284,38.15719248304174],[-2.9166857248804403,38.15720539536437],[-2.9166939223822306,38.157223426515515],[-2.9166747085444453,38.1572568493564],[-2.916581212599945,38.15737052138121],[-2.9164524456047975,38.157484167422155],[-2.9163269634776987,38.15751913504789],[-2.9162696094636384,38.15756740140199],[-2.9162116368650874,38.15755735485226],[-2.9160583737564605,38.15753065597448],[-2.9160225402800752,38.15752441145628],[-2.9159553568075807,38.15750032689425],[-2.915863837315966,38.15746751760872],[-2.9158325677861305,38.15746749330117],[-2.9156569627132694,38.1572064498078],[-2.915766085040783,38.15700392541311],[-2.915754352052024,38.15688359815681],[-2.915753449320999,38.15687422467391],[-2.9156760491461187,38.156789898532026],[-2.9158288202370004,38.15674134300227],[-2.915997207652611,38.15701635158533],[-2.916028215667052,38.157050170890244],[-2.916072110858387,38.15709382468276],[-2.916130741436376,38.15712748389333]]]},"properties":{"dn_surface":3877.55911747601,"provincia":23,"municipio":97,"agregado":0,"zona":0,"poligono":15,"parcela":25,"recinto":1,"uso_sigpac":"OV","idPanel":"23:97:0:0:15:25:1"},"id":1112589781},{"type":"Feature","geometry":{"type":"Polygon","coordinates":[[[-2.9156760491461187,38.156789898532026],[-2.915753449320999,38.15687422467391],[-2.915754352052024,38.15688359815681],[-2.915766085040783,38.15700392541311],[-2.9156569627132694,38.1572064498078],[-2.9158325677861305,38.15746749330117],[-2.915863837315966,38.15746751760872],[-2.9159553568075807,38.15750032689425],[-2.9160225402800752,38.15752441145628],[-2.9160583737564605,38.15753065597448],[-2.9163127720765925,38.15795551623137],[-2.916196190693002,38.15800004760919],[-2.916203710098786,38.158012219809734],[-2.9162111155106785,38.15802439201022],[-2.9163273649708845,38.15797995283336],[-2.916205440961894,38.15809549821364],[-2.9161096056280793,38.15809542696746],[-2.916023924970563,38.15800383036236],[-2.915963375774823,38.158053558520436],[-2.91555787352445,38.15762140600734],[-2.914964604897177,38.15698919170285],[-2.9146983453451596,38.15705802641037],[-2.9146142647930544,38.15696319606681],[-2.914641547051313,38.1569469619958],[-2.9146695417713846,38.15690739857226],[-2.9147093541374423,38.15681033361318],[-2.9148597724279623,38.15647150018643],[-2.914882936656948,38.156425762652674],[-2.9149147023954813,38.15635627583305],[-2.9149285316983478,38.15628980566055],[-2.914941822882999,38.156241188942886],[-2.914945353340826,38.15619452353235],[-2.9149471487445924,38.15614511137204],[-2.914929864421032,38.15605862437536],[-2.9149125524371895,38.15599684471616],[-2.914896128935136,38.15589595844722],[-2.91532843651345,38.15624068602867],[-2.915415439835366,38.156310056339805],[-2.91544807645369,38.15662354456626],[-2.9156760491461187,38.156789898532026]]]},"properties":{"dn_surface":11447.3635038469,"provincia":23,"municipio":97,"agregado":0,"zona":0,"poligono":15,"parcela":26,"recinto":1,"uso_sigpac":"OV","idPanel":"23:97:0:0:15:26:1"},"id":1112589780},{"type":"Feature","geometry":{"type":"Polygon","coordinates":[[[-2.9203249379068574,38.16247052922671],[-2.9203617135092146,38.16266423585873],[-2.9203878968999026,38.16273004637543],[-2.920409690687638,38.162844251489304],[-2.9204026088172257,38.1629542907971],[-2.920343671461563,38.1630934044141],[-2.9203173497694634,38.16315566351821],[-2.9203171703967254,38.16332176602688],[-2.9203475749141017,38.16360207951678],[-2.9203664970616394,38.163738310597125],[-2.9204311659630338,38.1638176360953],[-2.920530560253147,38.163894763020096],[-2.9206637403205775,38.16397191341426],[-2.920947067943041,38.164056575670486],[-2.9213767620437894,38.16417542184445],[-2.921472416328485,38.16424069005197],[-2.9216383503608907,38.164405808525146],[-2.9217950299334547,38.16444985626711],[-2.921931232515349,38.16446453046589],[-2.920837094014113,38.1651994457215],[-2.9207326756109397,38.16516973522573],[-2.9206669640007297,38.16515022885952],[-2.920638802480775,38.16514094254842],[-2.920609458274213,38.16513999539333],[-2.920473295087265,38.16514268179344],[-2.9204075558167726,38.165148196247856],[-2.920338307043213,38.16514351495468],[-2.92026788731771,38.16513512550728],[-2.920211555895898,38.16512489287925],[-2.920156407160694,38.165106319418925],[-2.920109480234801,38.165083119147766],[-2.9200684390816654,38.165045094641755],[-2.9200500466704393,38.165018206332945],[-2.9200501120492883,38.16495755068706],[-2.919850784512656,38.16444549600081],[-2.9197629027672356,38.1642197587621],[-2.9197401685299074,38.1642363264329],[-2.9196774107025507,38.164002134367934],[-2.9196681269060445,38.1639321898964],[-2.919654538163813,38.16383096918946],[-2.919665415360207,38.16285653265456],[-2.9196147693836556,38.16282233951674],[-2.9194464842272687,38.1627428203966],[-2.9189157898636635,38.16295875164619],[-2.9186477768173975,38.16284356165863],[-2.919813031580331,38.162313174910906],[-2.9200285378674287,38.16221508652137],[-2.9202275435389606,38.16228182826754],[-2.9203249379068574,38.16247052922671]]]},"properties":{"dn_surface":31004.4012635857,"provincia":23,"municipio":97,"agregado":0,"zona":0,"poligono":15,"parcela":181,"recinto":3,"uso_sigpac":"OV","idPanel":"23:97:0:0:15:181:3"},"id":1112589366},{"type":"Feature","geometry":{"type":"Polygon","coordinates":[[[-2.92152971250741,38.161152540253255],[-2.921331756250218,38.16127723029044],[-2.9211256737374165,38.16142588754303],[-2.9209896966287316,38.161557288132315],[-2.9208579473522573,38.16168463607116],[-2.9203249379068574,38.16247052922671],[-2.9202275435389606,38.16228182826754],[-2.9200285378674287,38.16221508652137],[-2.919813031580331,38.162313174910906],[-2.9186477768173975,38.16284356165863],[-2.9183890165545954,38.16292908808913],[-2.9178329476540057,38.16317068221318],[-2.9173045809450495,38.163339471121986],[-2.9172365115053362,38.163065979663514],[-2.9172420930149907,38.16297477533146],[-2.9173734215199003,38.16261905153064],[-2.9173928088630916,38.16253317557474],[-2.9174490916698628,38.16222137881644],[-2.9174533899100656,38.16194974143505],[-2.9174341718813284,38.1618849275267],[-2.9173977223350236,38.16181487325221],[-2.917371232166662,38.161719500599474],[-2.9171772715629496,38.16143330049863],[-2.9171188471797906,38.16131411234298],[-2.9175879630498867,38.161139873520426],[-2.918285717973752,38.16085845613381],[-2.918788798155713,38.16062195988354],[-2.919097750095889,38.16045409214598],[-2.919806979007689,38.16010742163928],[-2.920357907286757,38.15984292228703],[-2.9204045358168798,38.159896398832444],[-2.9210840500419764,38.1605361333809],[-2.92152971250741,38.161152540253255]]]},"properties":{"dn_surface":78159.6874585822,"provincia":23,"municipio":97,"agregado":0,"zona":0,"poligono":15,"parcela":546,"recinto":4,"uso_sigpac":"OV","idPanel":"23:97:0:0:15:546:4"},"id":1112590162},{"type":"Feature","geometry":{"type":"Polygon","coordinates":[[[-2.9169983346833783,38.16403114916571],[-2.9172349365456367,38.164063314721034],[-2.917572816111763,38.16407428160383],[-2.917684525094749,38.16401298558043],[-2.918235626041032,38.163831863538576],[-2.9183669511931805,38.16378662305172],[-2.918385004137307,38.16377068402369],[-2.9184209331673943,38.163487442734834],[-2.918411354327879,38.16337522916126],[-2.9184275674441493,38.163268079933886],[-2.9183890165545954,38.16292908808913],[-2.9186477768173975,38.16284356165863],[-2.9189157898636635,38.16295875164619],[-2.9194464842272687,38.1627428203966],[-2.9196147693836556,38.16282233951674],[-2.919665415360207,38.16285653265456],[-2.919654538163813,38.16383096918946],[-2.9196681269060445,38.1639321898964],[-2.9192700870645094,38.16423680839236],[-2.919144296483355,38.16433585902445],[-2.9191303096006997,38.16439091639688],[-2.9190816777955995,38.1643930454004],[-2.9188732081166324,38.164520788126936],[-2.918448203690988,38.16484169769089],[-2.9182957175848316,38.164923423766254],[-2.9166090648276546,38.165151497041535],[-2.916610810778189,38.16513475167437],[-2.9165904771180733,38.16509205928622],[-2.9165657345766256,38.165029773360004],[-2.916549775432037,38.16501289974974],[-2.9165257176921195,38.16498280787741],[-2.916511383798652,38.16496587559379],[-2.9164925236772015,38.164950788167175],[-2.9164566482912986,38.16492622835125],[-2.91643007598028,38.164907619686886],[-2.9164249848119903,38.16489743986489],[-2.9163860274001077,38.16486732703774],[-2.9163611088386836,38.16484697409928],[-2.916660916960145,38.16431967021566],[-2.9167187252733844,38.16427762323414],[-2.91689381485917,38.164194923181526],[-2.916956493058443,38.164086095897034],[-2.9169983346833783,38.16403114916571]]]},"properties":{"dn_surface":37160.2876567332,"provincia":23,"municipio":97,"agregado":0,"zona":0,"poligono":15,"parcela":590,"recinto":1,"uso_sigpac":"OV","idPanel":"23:97:0:0:15:590:1"},"id":1112590050},{"type":"Feature","geometry":{"type":"Polygon","coordinates":[[[-2.9183890165545954,38.16292908808913],[-2.9184275674441493,38.163268079933886],[-2.918411354327879,38.16337522916126],[-2.9184209331673943,38.163487442734834],[-2.918385004137307,38.16377068402369],[-2.9183669511931805,38.16378662305172],[-2.918235626041032,38.163831863538576],[-2.917684525094749,38.16401298558043],[-2.917572816111763,38.16407428160383],[-2.9172349365456367,38.164063314721034],[-2.9169983346833783,38.16403114916571],[-2.9172565853264385,38.16369192011308],[-2.9173076126796076,38.16348664896856],[-2.9173176500092532,38.16339184377071],[-2.9173045809450495,38.163339471121986],[-2.9178329476540057,38.16317068221318],[-2.9183890165545954,38.16292908808913]]]},"properties":{"dn_surface":9324.73475677095,"provincia":23,"municipio":97,"agregado":0,"zona":0,"poligono":15,"parcela":587,"recinto":1,"uso_sigpac":"OV","idPanel":"23:97:0:0:15:587:1"},"id":1112590056},{"type":"Feature","geometry":{"type":"Polygon","coordinates":[[[-2.9171737335614103,38.161504547518035],[-2.9172961948504263,38.161685227833544],[-2.9173279555598173,38.16173208686604],[-2.917328481105178,38.16184751322331],[-2.9173424461948843,38.16197452923876],[-2.917353536291631,38.162150995133146],[-2.9173336829145957,38.16224455980927],[-2.9172544672193803,38.16242186389397],[-2.917276966763404,38.162482039256815],[-2.9172684155452804,38.16256447192666],[-2.9172146498241807,38.162695883412425],[-2.9171509331070435,38.16288533874288],[-2.917131018542112,38.163032374935284],[-2.9171449861463894,38.16315715549706],[-2.917187122814335,38.1633265235954],[-2.917201102991468,38.163440165445394],[-2.9172235338038823,38.16357163979541],[-2.917181168309966,38.163605028270496],[-2.9171500454634463,38.16366961838199],[-2.917172960749892,38.16373176516856],[-2.917138884120517,38.163776525372356],[-2.916915987508952,38.16406930359122],[-2.9168581129786735,38.164169752324796],[-2.9166912477167695,38.164248582452444],[-2.9166230416520262,38.1642981932639],[-2.916320497677207,38.16483034021144],[-2.9163204339747395,38.16483045169073],[-2.9162914510282247,38.16488142959065],[-2.9162831521054002,38.16486516115384],[-2.916204658930281,38.16471129790088],[-2.916127117101229,38.16453499629185],[-2.9160944804829048,38.16446079129864],[-2.91609307735223,38.16445760198431],[-2.916030354728869,38.16440330065956],[-2.9158071873818145,38.164201435082475],[-2.9157740277327013,38.16414967850369],[-2.9155365692398885,38.163569723692234],[-2.9157248536184337,38.163387784414766],[-2.9157784190120353,38.16328273904517],[-2.915851024738015,38.16326587214044],[-2.916016310849267,38.163106196875475],[-2.916069588743573,38.162927297714475],[-2.9161161225581838,38.16286845339798],[-2.916137337156376,38.16269981284887],[-2.9162123275339495,38.16264059218486],[-2.916188601717418,38.16252767201681],[-2.916236531957181,38.162457571641795],[-2.916228115687704,38.16241077128265],[-2.91628742100894,38.16237739538042],[-2.9162772965074946,38.16222984956829],[-2.91625105192891,38.16209819333096],[-2.9163268419400956,38.16206348554422],[-2.9171737335614103,38.161504547518035]]]},"properties":{"dn_surface":31142.42120697771,"provincia":23,"municipio":97,"agregado":0,"zona":0,"poligono":15,"parcela":157,"recinto":1,"uso_sigpac":"OV","idPanel":"23:97:0:0:15:157:1"},"id":1216143306},{"type":"Feature","geometry":{"type":"Polygon","coordinates":[[[-2.9161617234669164,38.164723614270144],[-2.916239780783044,38.16488524084227],[-2.915992474391608,38.16495296746211],[-2.9159110777250574,38.16499290890948],[-2.915723783249336,38.16486470266369],[-2.9161617234669164,38.164723614270144]]]},"properties":{"dn_surface":679.1081403486929,"provincia":23,"municipio":97,"agregado":0,"zona":0,"poligono":15,"parcela":179,"recinto":1,"uso_sigpac":"OV","idPanel":"23:97:0:0:15:179:1"},"id":1155764236},{"type":"Feature","geometry":{"type":"Polygon","coordinates":[[[-2.9160437221888436,38.16539695103225],[-2.9159655768627277,38.16515891502627],[-2.9159316645186637,38.165055616445414],[-2.915978548696849,38.164998143408354],[-2.916025400185609,38.16497626915432],[-2.916254685484152,38.164916101335194],[-2.916264220737768,38.16493584574749],[-2.9161787429223205,38.165114597387],[-2.9160437221888436,38.16539695103225]]]},"properties":{"dn_surface":723.451936017739,"provincia":23,"municipio":97,"agregado":0,"zona":0,"poligono":15,"parcela":179,"recinto":2,"uso_sigpac":"OV","idPanel":"23:97:0:0:15:179:2"},"id":1112589371},{"type":"Feature","geometry":{"type":"Polygon","coordinates":[[[-2.9269635204464803,38.159055459200914],[-2.927053599927044,38.15908834559997],[-2.927158628532805,38.159126689456514],[-2.9272181945312434,38.15915097350779],[-2.927759704065156,38.159372031967905],[-2.927842337900688,38.15984786006646],[-2.9278808175440614,38.16006923368616],[-2.928267510802597,38.160339674131706],[-2.9285260983981845,38.16076541113571],[-2.928417154605219,38.16093261754111],[-2.9275256184503804,38.1621763185405],[-2.9274254035718976,38.16218290420221],[-2.9274234363391063,38.162183008137845],[-2.927419341779163,38.16218325791854],[-2.9267502814643245,38.16222700726476],[-2.9267282689089043,38.16222836094224],[-2.926508155927548,38.162242878399354],[-2.925966796429711,38.16227820225603],[-2.926215743159696,38.16244832137292],[-2.9263357267579866,38.16255224272922],[-2.926465017622114,38.16266422412406],[-2.926383731596692,38.16315854437849],[-2.9261813312541745,38.16357304963162],[-2.9257193718534333,38.16410650247971],[-2.925674502684891,38.16415831605545],[-2.925639685933422,38.16415428603614],[-2.9252958074388387,38.16452953129067],[-2.9249167039940773,38.164414752854555],[-2.9253519083583,38.164022897181525],[-2.925627971384851,38.16364040074217],[-2.9257850155702236,38.16298753845618],[-2.9253643471033484,38.16233141812421],[-2.9233165072205076,38.162322680827856],[-2.922915044209512,38.162320970919495],[-2.9227773102538173,38.16227815867012],[-2.922113746791407,38.16207204346787],[-2.9218849870382235,38.16164405927549],[-2.9217969954898653,38.16152241857486],[-2.9233761863746452,38.16080706919698],[-2.923868194061857,38.16055161894795],[-2.924242570112948,38.160357372521304],[-2.9246591976640643,38.16014107246795],[-2.9250961898883396,38.15998904569014],[-2.9260568708811316,38.159508741654975],[-2.9260892451458718,38.15952590779372],[-2.92613075065647,38.159510335054875],[-2.9261762107492206,38.15949164424788],[-2.9262097727297114,38.15951662483539],[-2.9262531591394936,38.15959621101075],[-2.9262906505564237,38.15964303400105],[-2.9263301444101417,38.15966333916268],[-2.926397347999206,38.159633742660816],[-2.9264093064611734,38.15952923289487],[-2.926407434782084,38.15942471390886],[-2.926417315370131,38.159328531564256],[-2.9266624785087987,38.15920595711955],[-2.9267247476711717,38.15917483259659],[-2.9269302786547113,38.15907210817616],[-2.9269635204464803,38.159055459200914]]]},"properties":{"dn_surface":140597.5909423828,"provincia":23,"municipio":97,"agregado":0,"zona":0,"poligono":15,"parcela":182,"recinto":2,"uso_sigpac":"OV","idPanel":"23:97:0:0:15:182:2"},"id":1436258822},{"type":"Feature","geometry":{"type":"Polygon","coordinates":[[[-2.9275256184503804,38.1621763185405],[-2.9275030652621723,38.16220778085409],[-2.9275700685237394,38.16244323271923],[-2.9277538099104943,38.163419144469174],[-2.927753815777827,38.1634212458124],[-2.927753815777827,38.16342135310077],[-2.9276990920051382,38.16351565286982],[-2.9275508228347196,38.16366030524881],[-2.9272636713878017,38.163941115785605],[-2.9271765850850393,38.164026208033505],[-2.927117410521502,38.16424982800336],[-2.927061119332827,38.164460959774914],[-2.9270279253179083,38.16458128116392],[-2.9269928671676135,38.16471572941339],[-2.9269925486552744,38.16471672602174],[-2.9269864390856886,38.16473585268773],[-2.926994621500052,38.164754819259315],[-2.9270420186507415,38.164864678356196],[-2.9270563885863945,38.164893636995174],[-2.9270603440067373,38.164901606509204],[-2.927065611195004,38.16491222135201],[-2.927072665405134,38.16492643454606],[-2.927142552041564,38.16513304763336],[-2.927137182594072,38.165131167572355],[-2.9266917992460306,38.164975220578185],[-2.926678253251508,38.16497048061166],[-2.926671617298371,38.16496815798615],[-2.9266554888393275,38.16496251361221],[-2.926600993054419,38.16494344142859],[-2.9265625410713274,38.16492998428225],[-2.9265500679604743,38.16492561898684],[-2.926464192004602,38.164895564833046],[-2.9263466039543813,38.1648544113624],[-2.926289890317761,38.164833826245115],[-2.926022127890415,38.164751326520076],[-2.925668172671239,38.164642268733246],[-2.925652933532174,38.164637656171635],[-2.9254157591858956,38.16456584840287],[-2.9252958074388387,38.16452953129067],[-2.925639685933422,38.16415428603614],[-2.925674502684891,38.16415831605545],[-2.9257193718534333,38.16410650247971],[-2.9261813312541745,38.16357304963162],[-2.926383731596692,38.16315854437849],[-2.926465017622114,38.16266422412406],[-2.9263357267579866,38.16255224272922],[-2.926215743159696,38.16244832137292],[-2.925966796429711,38.16227820225603],[-2.926508155927548,38.162242878399354],[-2.9267282689089043,38.16222836094224],[-2.9267502814643245,38.16222700726476],[-2.927419341779163,38.16218325791854],[-2.9274234363391063,38.162183008137845],[-2.9274254035718976,38.16218290420221],[-2.9275256184503804,38.1621763185405]],[[-2.926384647738763,38.163766805716875],[-2.9263661564210746,38.16377054823687],[-2.9263273683236455,38.16377839705146],[-2.926279839577069,38.16385716766757],[-2.9262149384969427,38.164029715022],[-2.9261306450444846,38.16415548213379],[-2.9261011021868057,38.164245890185015],[-2.926094508981377,38.164293682961556],[-2.9261239445506906,38.1643092028944],[-2.9261369809254694,38.16436217568739],[-2.926127067647997,38.16445776291687],[-2.926142551538649,38.16447219487861],[-2.9261449948635696,38.16447447224181],[-2.926147428130205,38.16447673954676],[-2.9261728387093746,38.164500421777404],[-2.9262448099252465,38.164522427627304],[-2.9262946160350505,38.1645189642247],[-2.926300660225788,38.164518544291326],[-2.926311585199034,38.16451778405266],[-2.926318444110807,38.164517306284154],[-2.9263299457590244,38.16446951686038],[-2.9263276683957975,38.164454045542556],[-2.9263171390484053,38.164382512700286],[-2.9262941935871067,38.1642266335995],[-2.9263550906318483,38.164075300005095],[-2.926404655342826,38.16395212876887],[-2.9264231868936528,38.16391527605296],[-2.926458196428906,38.16384565260833],[-2.9264598862206865,38.163792689035404],[-2.9263982331282334,38.16377148030455],[-2.926384647738763,38.163766805716875]]]},"properties":{"dn_surface":34911.37341308594,"provincia":23,"municipio":97,"agregado":0,"zona":0,"poligono":15,"parcela":182,"recinto":6,"uso_sigpac":"OV","idPanel":"23:97:0:0:15:182:6"},"id":1436258823},{"type":"Feature","geometry":{"type":"Polygon","coordinates":[[[-2.9233165072205076,38.162322680827856],[-2.9253643471033484,38.16233141812421],[-2.9257850155702236,38.16298753845618],[-2.925627971384851,38.16364040074217],[-2.9253519083583,38.164022897181525],[-2.9249167039940773,38.164414752854555],[-2.9249340989587664,38.164933800563006],[-2.9248704895299964,38.16486168853115],[-2.924806347012153,38.164929096638645],[-2.9248005861297597,38.16499316958672],[-2.9247920181478273,38.16501789620253],[-2.924789119685537,38.165067356977914],[-2.92477339355787,38.16513030004532],[-2.9248059840757237,38.16519422714822],[-2.924661646856317,38.16517645332152],[-2.924608124210424,38.16516986179249],[-2.923526816727329,38.16503669932703],[-2.92351070000295,38.1649469232714],[-2.9228546467262295,38.16364533433068],[-2.9228407486917525,38.163617836657465],[-2.9229775363305235,38.16347579943246],[-2.923320353676102,38.162576298792715],[-2.9233165072205076,38.162322680827856]],[[-2.9247299878697084,38.163954044872014],[-2.9246170199247907,38.16384045498984],[-2.9245636766516365,38.163872306223794],[-2.924673417563642,38.163982068090576],[-2.9247299878697084,38.163954044872014]]]},"properties":{"dn_surface":58734.4283582601,"provincia":23,"municipio":97,"agregado":0,"zona":0,"poligono":15,"parcela":584,"recinto":1,"uso_sigpac":"OV","idPanel":"23:97:0:0:15:584:1"},"id":1112590061},{"type":"Feature","geometry":{"type":"Polygon","coordinates":[[[-2.923526816727329,38.16503669932703],[-2.9234436087313953,38.16502645999353],[-2.923404441771921,38.164928467157694],[-2.9233798668685473,38.164848778723126],[-2.9233096382504486,38.16476212073562],[-2.9231939914491165,38.1646612830817],[-2.923055275972503,38.16457016256871],[-2.92290533545049,38.16451490570694],[-2.9228702865202894,38.16449939080326],[-2.9227750328905904,38.16445722731319],[-2.922772751336411,38.16445623489582],[-2.922762412258232,38.16440918140319],[-2.922763853107473,38.164341588055606],[-2.922607001705885,38.164345809182294],[-2.922540567575578,38.16445220320014],[-2.9225041817317416,38.16447487960235],[-2.9224969623981094,38.16447937900821],[-2.922483796103823,38.16448758489193],[-2.922454726823701,38.16449238520815],[-2.922393028468968,38.164502574250264],[-2.9223032146947503,38.164479711769815],[-2.9222063198883124,38.164459458575976],[-2.922195424251731,38.16445653161523],[-2.92201528121622,38.16440813701797],[-2.921961705764335,38.16444406101891],[-2.921836936099049,38.164443976361696],[-2.9217448441234137,38.16441624567159],[-2.9216440986704293,38.16436777898997],[-2.921560957729725,38.16429499053851],[-2.9214607110000084,38.16420740970344],[-2.921429594020819,38.164163407223725],[-2.921315588396227,38.16413223576217],[-2.9212266899258905,38.16410784106972],[-2.921070219900919,38.1640766402715],[-2.9208336557572276,38.16400726074025],[-2.9205838876006833,38.16390326394682],[-2.920491943984743,38.16384443807047],[-2.9204086915647203,38.163771648780795],[-2.9203475749141017,38.16360207951678],[-2.9203171703967254,38.16332176602688],[-2.9203173497694634,38.16315566351821],[-2.920343671461563,38.1630934044141],[-2.9204026088172257,38.1629542907971],[-2.920409690687638,38.162844251489304],[-2.9203878968999026,38.16273004637543],[-2.9203617135092146,38.16266423585873],[-2.9203249379068574,38.16247052922671],[-2.9208579473522573,38.16168463607116],[-2.9209896966287316,38.161557288132315],[-2.9211256737374165,38.16142588754303],[-2.921331756250218,38.16127723029044],[-2.92152971250741,38.161152540253255],[-2.9217969954898653,38.16152241857486],[-2.9218849870382235,38.16164405927549],[-2.922113746791407,38.16207204346787],[-2.9227773102538173,38.16227815867012],[-2.922915044209512,38.162320970919495],[-2.9233165072205076,38.162322680827856],[-2.923320353676102,38.162576298792715],[-2.9229775363305235,38.16347579943246],[-2.9228407486917525,38.163617836657465],[-2.9228546467262295,38.16364533433068],[-2.92351070000295,38.1649469232714],[-2.923526816727329,38.16503669932703]]]},"properties":{"dn_surface":65391.8399558029,"provincia":23,"municipio":97,"agregado":0,"zona":0,"poligono":15,"parcela":585,"recinto":3,"uso_sigpac":"OV","idPanel":"23:97:0:0:15:585:3"},"id":1112590058},{"type":"Feature","geometry":{"type":"Polygon","coordinates":[[[-2.9230203661819014,38.15063445897829],[-2.9231187177631983,38.15074766748384],[-2.9231775880636324,38.15080088586666],[-2.92327422973658,38.150960488208995],[-2.9233833772098046,38.151236428021576],[-2.9234758069761577,38.15139935043598],[-2.923555699090999,38.151475848718064],[-2.923799390367382,38.15162077015614],[-2.923935136135527,38.15170094390294],[-2.9240449826595176,38.151821058258946],[-2.9241354418403165,38.151923281441555],[-2.9241774443978037,38.15196672820102],[-2.9241935066398086,38.15207401070066],[-2.92421421748559,38.15229788212764],[-2.9241672411064648,38.15245455164194],[-2.924099233692839,38.152536237484156],[-2.9237303192901796,38.152717333542114],[-2.923672038237574,38.152776038719026],[-2.923506806608695,38.15304155395802],[-2.923474321702827,38.15317689823297],[-2.9234450898137743,38.153294367260145],[-2.923305842924466,38.15345262765976],[-2.923026424621875,38.15371416484723],[-2.92246769362868,38.153295699982834],[-2.9222981067626534,38.15316860014832],[-2.9221120461031522,38.15307852569691],[-2.9219809455860224,38.153038963111584],[-2.9218823383566637,38.15303340004212],[-2.921774969523398,38.152681469890865],[-2.9216374551735793,38.15223101549111],[-2.921524374072961,38.151886655875245],[-2.9214657200256418,38.151769902662636],[-2.9213464086560252,38.1514893486121],[-2.9211708505218237,38.15107645016994],[-2.921776635845848,38.151098583424755],[-2.921900126432635,38.151103082830645],[-2.9224863768919627,38.151036245530776],[-2.922867533903124,38.15086282729658],[-2.9230176202702594,38.15063856192015],[-2.9230203661819014,38.15063445897829]]]},"properties":{"dn_surface":50275.3082450286,"provincia":23,"municipio":97,"agregado":0,"zona":0,"poligono":15,"parcela":10,"recinto":7,"uso_sigpac":"OV","idPanel":"23:97:0:0:15:10:7"},"id":1155764117},{"type":"Feature","geometry":{"type":"Polygon","coordinates":[[[-2.9241746984861607,38.15096157115096],[-2.924120231199725,38.15098332470558],[-2.9240274410115146,38.150995238743434],[-2.92392016605557,38.15110398388529],[-2.92389455011976,38.15111618542247],[-2.9237405879603675,38.151176848612124],[-2.9236250132434076,38.15124418798797],[-2.9235568105314256,38.15138421187979],[-2.923541231925263,38.151416195547796],[-2.9234375301748527,38.15123501231807],[-2.9234042741338473,38.151122549801926],[-2.9233266015470982,38.15093275584252],[-2.9231977591148177,38.15074292667913],[-2.923049406125361,38.150585630198435],[-2.923097566029284,38.15058611299611],[-2.923356376583509,38.15051553736723],[-2.9234203036864277,38.15050152030969],[-2.9234741783722744,38.15050110456727],[-2.9235328131412155,38.150524934319435],[-2.924131623883195,38.15089881751456],[-2.9241746984861607,38.15096157115096]]]},"properties":{"dn_surface":4374.05347010045,"provincia":23,"municipio":97,"agregado":0,"zona":0,"poligono":15,"parcela":10,"recinto":5,"uso_sigpac":"OV","idPanel":"23:97:0:0:15:10:5"},"id":1112589837},{"type":"Feature","geometry":{"type":"Polygon","coordinates":[[[-2.9232121424615167,38.15385330863913],[-2.9231828837503717,38.15386675824175],[-2.923101626223422,38.15389197268439],[-2.923015445166256,38.15391718377427],[-2.9229366435370823,38.153948230345435],[-2.922848006582141,38.15396760846855],[-2.9228012489707016,38.15395591487473],[-2.9227938913356595,38.153930640920606],[-2.922823468559144,38.15389373036956],[-2.9228801143023437,38.15386461247445],[-2.92297864777095,38.15379664780849],[-2.923058073851947,38.153737893178345],[-2.9230720280451794,38.15374836217603],[-2.9232121424615167,38.15385330863913]]]},"properties":{"dn_surface":415.543008674614,"provincia":23,"municipio":97,"agregado":0,"zona":0,"poligono":15,"parcela":18,"recinto":9,"uso_sigpac":"OV","idPanel":"23:97:0:0:15:18:9"},"id":1112589807},{"type":"Feature","geometry":{"type":"Polygon","coordinates":[[[-2.923026424621875,38.15371416484723],[-2.9229700194393113,38.15375935755728],[-2.9229260462962707,38.153797173353865],[-2.9228741019628406,38.15381921524596],[-2.9228161645682853,38.15384282958317],[-2.9227502299994366,38.15387589954591],[-2.9227082551022323,38.15391214038283],[-2.9227022192933987,38.15395471207154],[-2.9227161818685334,38.15397049016704],[-2.9227336279628346,38.15399691495654],[-2.922739580790823,38.15403318764467],[-2.9227235705166206,38.15406629113505],[-2.92269555484179,38.15412146333958],[-2.9226795278037803,38.1541703365435],[-2.922671483690827,38.15422394468479],[-2.9226394497313763,38.15430276810693],[-2.922591433996196,38.154386310540815],[-2.922525470928876,38.15444618750789],[-2.922477514705212,38.154472962660975],[-2.9224235838606103,38.154483964747726],[-2.9223756544590387,38.15448550869439],[-2.9223397187234297,38.1544760237322],[-2.922291816982139,38.154450760674536],[-2.9222708622229616,38.15443813166027],[-2.922129176199685,38.154341846218244],[-2.922028389675372,38.154283432731546],[-2.9219595256311903,38.1542534255164],[-2.921917606892741,38.15423605066826],[-2.9218327610728294,38.1542107633031],[-2.9217858483961727,38.15419496257647],[-2.9217339602214962,38.15416338962174],[-2.9216973832702564,38.15414747154847],[-2.92169741344511,38.154127910699884],[-2.921679642132946,38.15407870808713],[-2.9215959035625096,38.15400611912494],[-2.921550472806422,38.15401986544697],[-2.9215285960378403,38.154016093590315],[-2.921493138908931,38.15399178523148],[-2.921452401180708,38.153960100797434],[-2.921392216597779,38.15391709995521],[-2.92133429596703,38.15388248185488],[-2.921306970122872,38.15386538277136],[-2.921252318434555,38.15385188706824],[-2.9211527380661813,38.153798408846455],[-2.92110814466227,38.15376353928903],[-2.9210532406786522,38.15372690953177],[-2.921000404510671,38.15368759002163],[-2.92096428185861,38.1536279636735],[-2.9208940666515573,38.15354121432327],[-2.9208371736421985,38.15348439591284],[-2.920811279427187,38.15347085913842],[-2.92062420120458,38.15337303226431],[-2.9203254651285984,38.153311805810716],[-2.9201278181636523,38.1532712977467],[-2.920017596968567,38.153239677853264],[-2.919937259774641,38.15320268096866],[-2.919757495601177,38.15311989709704],[-2.919709863757185,38.15311069041408],[-2.9195347540548298,38.153076841772474],[-2.9193950528663426,38.153059166014],[-2.9192392718338533,38.15303945596753],[-2.918977505820393,38.15300633571334],[-2.918752579111759,38.15297787579763],[-2.9186318310838537,38.15297112165965],[-2.9184764632792155,38.15299759841699],[-2.918392217603607,38.15300988628775],[-2.918352720397128,38.15301562705358],[-2.917603948178377,38.15296993142934],[-2.9175353364294963,38.152965743830265],[-2.917446428739067,38.152963155498384],[-2.9173280360260923,38.15289538864539],[-2.917199717462791,38.15281616540648],[-2.91712215467898,38.15280160939258],[-2.9171076305162984,38.1527988844357],[-2.917030140655049,38.15279657522123],[-2.918393671025704,38.151694223292566],[-2.918531094850963,38.15158310523378],[-2.9186711279628352,38.151487489505854],[-2.919736203889472,38.150760554660735],[-2.9201128732294066,38.15086526643054],[-2.920637804196048,38.15101119034432],[-2.9211708505218237,38.15107645016994],[-2.9213464086560252,38.1514893486121],[-2.9214657200256418,38.151769902662636],[-2.921524374072961,38.151886655875245],[-2.9216374551735793,38.15223101549111],[-2.921774969523398,38.152681469890865],[-2.9218823383566637,38.15303340004212],[-2.9219809455860224,38.153038963111584],[-2.9221120461031522,38.15307852569691],[-2.9222981067626534,38.15316860014832],[-2.92246769362868,38.153295699982834],[-2.923026424621875,38.15371416484723]],[[-2.9190555975023265,38.152392300081544],[-2.9189937901828458,38.15232057194089],[-2.9189164218591994,38.15233816220393],[-2.9188992221928673,38.152347651357076],[-2.9188855211331264,38.152391371366605],[-2.91891623829551,38.152409192131984],[-2.9189838316430943,38.15243512909473],[-2.9190555975023265,38.152392300081544]]]},"properties":{"dn_surface":90925.5392334704,"provincia":23,"municipio":97,"agregado":0,"zona":0,"poligono":15,"parcela":18,"recinto":1,"uso_sigpac":"OV","idPanel":"23:97:0:0:15:18:1"},"id":1112589810},{"type":"Feature","geometry":{"type":"Polygon","coordinates":[[[-2.9223549578624937,38.15482807290647],[-2.922344444440719,38.154823627144765],[-2.9223280159095233,38.1548145746888],[-2.9222796506489606,38.154785823921],[-2.9222694230501003,38.154751373458765],[-2.9222597838608793,38.154749445620894],[-2.922250815223951,38.154746092859426],[-2.9220739511891574,38.15466034347031],[-2.9220678315612867,38.15465673925172],[-2.9220623833239006,38.15465254829988],[-2.921993983637183,38.154589347069845],[-2.92198820012365,38.15458272452773],[-2.9219842606289244,38.15457526463345],[-2.9219826672290363,38.154559255197455],[-2.921996495693713,38.15447635565559],[-2.921901775991278,38.15441214859709],[-2.9218108298218746,38.154378284868045],[-2.921808397393429,38.154437099009726],[-2.9217731431065874,38.1544033316726],[-2.9217426991942648,38.15437420036642],[-2.9216147871532905,38.154229009030985],[-2.921629300419497,38.154188370209255],[-2.9216785315307097,38.15418840373687],[-2.9217488867155534,38.154211495043285],[-2.9218655468890393,38.154248786970896],[-2.9219626696832575,38.15428999576213],[-2.92207432250749,38.154351041166564],[-2.9221656944775987,38.154404489213505],[-2.9222616278796862,38.15446869711019],[-2.9223477259560067,38.154523179484045],[-2.9223895608754193,38.1545348697251],[-2.9224289113985846,38.15456793968784],[-2.9224608774646144,38.154601005459625],[-2.9225002439133965,38.154618525314675],[-2.92255438514378,38.154632167701095],[-2.922596233474238,38.154630252436135],[-2.9226356250687315,38.154624447129635],[-2.922687328841527,38.15461476351632],[-2.9227488821893264,38.15460119908161],[-2.922828899194532,38.154587771271935],[-2.9228179272826273,38.15465494971528],[-2.92252664439539,38.15476389686103],[-2.9223549578624937,38.15482807290647]]]},"properties":{"dn_surface":2217.01302315316,"provincia":23,"municipio":97,"agregado":0,"zona":0,"poligono":15,"parcela":18,"recinto":11,"uso_sigpac":"OV","idPanel":"23:97:0:0:15:18:11"},"id":1112589805},{"type":"Feature","geometry":{"type":"Polygon","coordinates":[[[-2.928530353890678,38.15636103591612],[-2.9283073558580788,38.1566809346225],[-2.928251622065998,38.15671451755776],[-2.928199003827512,38.15671376318642],[-2.92814319711287,38.15670579702518],[-2.9279184103820275,38.15651512967142],[-2.927870712320996,38.1565018510596],[-2.9275446763847572,38.15655346849877],[-2.9274390778095474,38.15657187767383],[-2.927396676273445,38.156628179759],[-2.927380765743897,38.1566739541731],[-2.927393267353223,38.15672911967212],[-2.927425178098689,38.15676801421975],[-2.9276687034133793,38.157064833354355],[-2.9276744777068187,38.157113595078954],[-2.9276536922620946,38.1571251185201],[-2.9275966307764727,38.157115258048634],[-2.927551219298763,38.15709846658103],[-2.9275051397833307,38.15706355846683],[-2.927465793451118,38.157030547177385],[-2.926853334455391,38.15689055346044],[-2.9267326115731964,38.15687225995572],[-2.926695208166254,38.15684889288465],[-2.9266694589581754,38.156823574506404],[-2.9266571342070176,38.15680662294443],[-2.9266548576819815,38.15677564678123],[-2.926639315118004,38.156700965695904],[-2.9266762675785283,38.15669432639001],[-2.92684339938497,38.15666424038497],[-2.927692186992895,38.156511652857745],[-2.928530353890678,38.15636103591612]]]},"properties":{"dn_surface":3839.63183151049,"provincia":23,"municipio":97,"agregado":0,"zona":0,"poligono":15,"parcela":5,"recinto":10,"uso_sigpac":"OV","idPanel":"23:97:0:0:15:5:10"},"id":1112589866},{"type":"Feature","geometry":{"type":"Polygon","coordinates":[[[-2.9272181945312434,38.15915097350779],[-2.9275508781552837,38.159077818767145],[-2.927560159437219,38.15904141364493],[-2.927131074700866,38.15870938716216],[-2.9270769167066764,38.1586533901783],[-2.9270111170864768,38.158585387793806],[-2.9269558820176647,38.15834472070827],[-2.9268822386120106,38.15813323270578],[-2.926813072819297,38.15801287024547],[-2.926757518399955,38.157979668686835],[-2.926711487499564,38.157895821989825],[-2.926667051675442,38.15781504055502],[-2.926561712101055,38.15768600198618],[-2.926506632935651,38.157634414721855],[-2.9264209187505195,38.1575128695749],[-2.9260899458730183,38.1572439009916],[-2.926039498547584,38.15719664633329],[-2.9262616676099094,38.15725616204031],[-2.926392015432091,38.15729778908852],[-2.926437728658332,38.15733574989204],[-2.9265314341504243,38.15742070300033],[-2.926638901890153,38.15746773386181],[-2.926705233761235,38.15747500097231],[-2.926760143612185,38.157466004675115],[-2.9268127735853353,38.157449782338745],[-2.926849397475236,38.15742632390493],[-2.926835733295872,38.15736490299119],[-2.9267808745745345,38.15732151909597],[-2.92672609045214,38.157204078567304],[-2.926655228162123,38.15715165227439],[-2.926474349195471,38.15704118297495],[-2.9263900448465368,38.15697988946616],[-2.926426733277096,38.15689140757644],[-2.9264768268861965,38.15673015902817],[-2.9265985178782645,38.156708295670654],[-2.926601958649722,38.156751474209216],[-2.9266054019357504,38.15679108038046],[-2.9266151215912477,38.15682463984638],[-2.9266378675632394,38.15685788079995],[-2.9266336271581723,38.15687554314735],[-2.926629271921025,38.156893295181135],[-2.9266998006112757,38.156903974564614],[-2.926840983720331,38.15695112361095],[-2.927134995755403,38.15702153914552],[-2.927301368161373,38.15705675822832],[-2.927421841262838,38.1570862851604],[-2.92749066423569,38.15712144305536],[-2.9275709427562915,38.15717926226509],[-2.9276096420055406,38.157213267648274],[-2.927656951146242,38.15724501410844],[-2.927721503539175,38.15724731997014],[-2.9277846268175325,38.15724396134132],[-2.9278176523561865,38.15721226601079],[-2.9278378234073714,38.157122794218225],[-2.927810638379195,38.15705028320778],[-2.9277819806505434,38.15701628369192],[-2.927733242395266,38.15697887357945],[-2.9274990268609837,38.156791781107614],[-2.927436539769115,38.156715628159986],[-2.9274275619120935,38.15667560624635],[-2.927439123071827,38.15664244659723],[-2.927468266950892,38.15660371130579],[-2.9275541152464815,38.15658871440374],[-2.927867366265051,38.15653916142742],[-2.9278926988925154,38.156546207255644],[-2.9281201083210173,38.1567391293415],[-2.928194517832668,38.15674972071497],[-2.928266654172042,38.156750757556466],[-2.928342716595096,38.1567050208609],[-2.928562742404654,38.15638944554044],[-2.928599963924287,38.15637703110289],[-2.928669596589034,38.1563700447862],[-2.9287182200122306,38.15637070528021],[-2.929135760352657,38.15671299288948],[-2.929155130932041,38.15674797392626],[-2.9291611474624957,38.156782766370185],[-2.92916394282737,38.15684297274609],[-2.9290673883262213,38.157071743395704],[-2.9290569377687237,38.15713870055683],[-2.929098051844421,38.15747156271544],[-2.9291455629889995,38.15756180815768],[-2.929307236499771,38.157797149381594],[-2.9294002127662426,38.15798874880309],[-2.929400144872823,38.1580592615677],[-2.929437986653327,38.158106293267366],[-2.9295515555807388,38.158200380136094],[-2.9296030296893725,38.15828275916175],[-2.9296352438597526,38.15841410694503],[-2.9296428403790498,38.158478008064066],[-2.9296500605508715,38.15853256084591],[-2.929675461909947,38.158585688704164],[-2.9297004240572697,38.15862338547771],[-2.929723967148302,38.15871957704243],[-2.929751167263905,38.158792803029286],[-2.929756550960633,38.158867450586996],[-2.9297536348963464,38.15900265739873],[-2.9297413168507105,38.1590771959917],[-2.929770574723665,38.15915859768742],[-2.9297124990276986,38.15919202304286],[-2.9285721862955203,38.15984831604203],[-2.928558139063158,38.159856418828326],[-2.9278808175440614,38.16006923368616],[-2.927842337900688,38.15984786006646],[-2.927759704065156,38.159372031967905],[-2.9272181945312434,38.15915097350779]],[[-2.9278152157367896,38.15676937208815],[-2.927846802102583,38.15674220633835],[-2.9278038046131316,38.15670253478825],[-2.9277736473619127,38.156735364190354],[-2.9278152157367896,38.15676937208815]]]},"properties":{"dn_surface":70740.3874214633,"provincia":23,"municipio":97,"agregado":0,"zona":0,"poligono":15,"parcela":5,"recinto":1,"uso_sigpac":"OV","idPanel":"23:97:0:0:15:5:1"},"id":1112589875},{"type":"Feature","geometry":{"type":"Polygon","coordinates":[[[-2.9262472918069236,38.15690047260526],[-2.9262665685089866,38.15692923594591],[-2.9262550257894415,38.15703399046342],[-2.926353375694357,38.15704850372961],[-2.926497431281801,38.15710820132392],[-2.9265934610757802,38.157155225479926],[-2.926691757336512,38.15722392523878],[-2.926739691767227,38.15732871747488],[-2.926805975023268,38.15738475301549],[-2.9267899354124025,38.15741183662263],[-2.9267418685476105,38.157440705575226],[-2.92666179706003,38.15744787964661],[-2.926545194721681,38.15738458705377],[-2.926401191102039,38.157272507590676],[-2.926254848093083,38.15721280831997],[-2.926053598585939,38.15715849190781],[-2.9259598528607094,38.157115081190454],[-2.9258801024000407,38.15707143997082],[-2.925909197664064,38.157025997480076],[-2.925970380531721,38.15700993691445],[-2.926018295684057,38.157008356925616],[-2.9260560083832448,38.15701482021154],[-2.9261059636909343,38.157011631735344],[-2.926148800247836,38.15699153528311],[-2.9261682529698763,38.156909443756774],[-2.9262190003674626,38.156886354126726],[-2.9262472918069236,38.15690047260526]]]},"properties":{"dn_surface":1695.13962816882,"provincia":23,"municipio":97,"agregado":0,"zona":0,"poligono":15,"parcela":5,"recinto":7,"uso_sigpac":"OV","idPanel":"23:97:0:0:15:5:7"},"id":1112589869},{"type":"Feature","geometry":{"type":"Polygon","coordinates":[[[-2.9263345298221424,38.1586746651262],[-2.9263287597196554,38.158649248679666],[-2.926284844411751,38.15857061636498],[-2.926240697763305,38.158485359831786],[-2.926218317242313,38.15845149610274],[-2.9262147121855446,38.15844076726606],[-2.92621278350951,38.1584061491657],[-2.92624102801031,38.15827446610629],[-2.9262606399885196,38.15819450106886],[-2.926278156490812,38.15814244777067],[-2.926294835640927,38.15808838365382],[-2.926292236412599,38.158062734190366],[-2.9262763099574336,38.15803993457422],[-2.9262532521786238,38.15801988925159],[-2.926171698770475,38.15794898924301],[-2.9260863676383413,38.157874303966736],[-2.9259971808305183,38.15781194092705],[-2.9257897203327548,38.15764706469085],[-2.925638504085004,38.15752828976312],[-2.9254501551658003,38.15739752871309],[-2.9254306831653825,38.157385815840854],[-2.9260899458730183,38.1572439009916],[-2.9264209187505195,38.1575128695749],[-2.926506632935651,38.157634414721855],[-2.926561712101055,38.15768600198618],[-2.926667051675442,38.15781504055502],[-2.926711487499564,38.157895821989825],[-2.926757518399955,38.157979668686835],[-2.926813072819297,38.15801287024547],[-2.9268822386120106,38.15813323270578],[-2.9269558820176647,38.15834472070827],[-2.9270111170864768,38.158585387793806],[-2.9270769167066764,38.1586533901783],[-2.927131074700866,38.15870938716216],[-2.927560159437219,38.15904141364493],[-2.9275508781552837,38.159077818767145],[-2.9272181945312434,38.15915097350779],[-2.927158628532805,38.159126689456514],[-2.927053599927044,38.15908834559997],[-2.9269635204464803,38.159055459200914],[-2.9269302786547113,38.15907210817616],[-2.9267247476711717,38.15917483259659],[-2.926622217710895,38.15904162319251],[-2.9265456062731507,38.15901852434237],[-2.926363477564661,38.158687053579825],[-2.9263345298221424,38.1586746651262]]]},"properties":{"dn_surface":12997.7917751057,"provincia":23,"municipio":97,"agregado":0,"zona":0,"poligono":15,"parcela":558,"recinto":1,"uso_sigpac":"OV","idPanel":"23:97:0:0:15:558:1"},"id":1112590134},{"type":"Feature","geometry":{"type":"Polygon","coordinates":[[[-2.9267247476711717,38.15917483259659],[-2.9266624785087987,38.15920595711955],[-2.926417315370131,38.159328531564256],[-2.926402931185241,38.15925194946317],[-2.926386252035126,38.159161144947916],[-2.9263337050428215,38.15900411333541],[-2.926312204621714,38.15894357000701],[-2.9263242368444344,38.15888872302034],[-2.9263602337679404,38.158826325614825],[-2.926348345713964,38.15873552445237],[-2.9263345298221424,38.1586746651262],[-2.926363477564661,38.158687053579825],[-2.9265456062731507,38.15901852434237],[-2.926622217710895,38.15904162319251],[-2.9267247476711717,38.15917483259659]]]},"properties":{"dn_surface":1077.82365524162,"provincia":23,"municipio":97,"agregado":0,"zona":0,"poligono":15,"parcela":6,"recinto":2,"uso_sigpac":"OV","idPanel":"23:97:0:0:15:6:2"},"id":1112589863},{"type":"Feature","geometry":{"type":"Polygon","coordinates":[[[-2.929808268144475,38.15913158281185],[-2.9297877760663797,38.159074520488076],[-2.9298364531337584,38.15878010779798],[-2.9298142804839773,38.15868960754585],[-2.929668441227432,38.158290710235576],[-2.929627219863368,38.1581873102337],[-2.929186783514874,38.157546241286184],[-2.929142804504502,38.15746266783924],[-2.9291028219858006,38.157139180001735],[-2.929112124222494,38.15707970201328],[-2.929209822853495,38.15684822819969],[-2.929206692212474,38.15677963992013],[-2.929199541610452,38.15673808747087],[-2.929174245863363,38.15669264833289],[-2.9287380004667045,38.156334938020876],[-2.928785839343717,38.156320547130434],[-2.9294021825136056,38.15621746228814],[-2.929472888062023,38.15628158552761],[-2.92951402393067,38.15635353159777],[-2.929532925961639,38.15652153847495],[-2.929582035535247,38.15685034965949],[-2.929586168651948,38.157065122530014],[-2.929601598898416,38.15716300975387],[-2.9296491201012795,38.157242980658594],[-2.929876310762096,38.15755279342025],[-2.929925632397868,38.1576607942491],[-2.930226261945889,38.15853114598056],[-2.930251504048794,38.15863480665968],[-2.9302791567871957,38.15872494984268],[-2.930351000598132,38.15879619350932],[-2.9304057344291055,38.15885453826442],[-2.929808268144475,38.15913158281185]]]},"properties":{"dn_surface":14190.716627079,"provincia":23,"municipio":97,"agregado":0,"zona":0,"poligono":15,"parcela":600,"recinto":1,"uso_sigpac":"OV","idPanel":"23:97:0:0:15:600:1"},"id":1112590032},{"type":"Feature","geometry":{"type":"Polygon","coordinates":[[[-2.9230821810450953,38.157564449295506],[-2.923079710898084,38.15759207102087],[-2.923410806989569,38.15774227892561],[-2.923684650488028,38.1577808373589],[-2.923874669082443,38.1576727929442],[-2.923940969102291,38.15759265943052],[-2.923998290426927,38.15747986918197],[-2.924114153481373,38.157513526716144],[-2.9245460729775474,38.157680254514844],[-2.9247447316382664,38.15780246602313],[-2.9250491757906483,38.15809215215771],[-2.925091682938736,38.15815070143125],[-2.9250980573764775,38.15817908507165],[-2.925133307472366,38.158208035328755],[-2.925203450595048,38.158265642476266],[-2.9252652914421433,38.15831643094518],[-2.925298250763759,38.158343499464905],[-2.925447281849222,38.1584313661229],[-2.9254988372623223,38.15846176225838],[-2.9255936416219854,38.158536738386715],[-2.925616525057198,38.1586047139491],[-2.925622746944293,38.158623197723074],[-2.925631949436333,38.15862724199161],[-2.92566703440872,38.158678482245136],[-2.9257817860227404,38.158727350419895],[-2.925918831824143,38.15866817250361],[-2.925945317801554,38.15861930516701],[-2.9260601540728004,38.158689211920034],[-2.926198412735665,38.15861641257206],[-2.9262970744473975,38.158658636411786],[-2.9263076674972575,38.158688209444335],[-2.9263123705834073,38.15877711462019],[-2.9262955061932208,38.1588716809338],[-2.926266700943065,38.15893030061531],[-2.9262929580945047,38.15902489458918],[-2.9263621674731177,38.1592897543633],[-2.9263772548997258,38.15934856096126],[-2.9261785627113914,38.15944790076898],[-2.926124885838472,38.15940309446472],[-2.9260626770258056,38.15932550150606],[-2.925971686432313,38.15928193739995],[-2.9257585639586186,38.1591928972754],[-2.92566039007368,38.15914554538699],[-2.925636511706502,38.15906797673583],[-2.9256558445673186,38.15890153392189],[-2.925615259389744,38.158761533499444],[-2.9255674347619673,38.158674492459],[-2.9255411474356743,38.15861016302466],[-2.925567520257384,38.158589372550836],[-2.925548386047684,38.15855909543836],[-2.9254932700019043,38.15857608388072],[-2.925521854807994,38.15873688315895],[-2.9255649000742965,38.158812572587294],[-2.9256164295034965,38.158888219267936],[-2.9256198468056227,38.158963931327406],[-2.9256030260013355,38.1590149922082],[-2.9255814585249995,38.15902254430341],[-2.9255503071800053,38.159030090531274],[-2.925557435150887,38.15908873284391],[-2.9255981091766423,38.159139830605085],[-2.925641192999702,38.159177689149374],[-2.9257154155949006,38.15921935140162],[-2.925859100702202,38.15927240717548],[-2.9260171431723023,38.159342495815764],[-2.926038630182363,38.15941628003739],[-2.9260568708811316,38.159508741654975],[-2.9250961898883396,38.15998904569014],[-2.9246591976640643,38.16014107246795],[-2.924242570112948,38.160357372521304],[-2.923868194061857,38.16055161894795],[-2.9233761863746452,38.16080706919698],[-2.9217969954898653,38.16152241857486],[-2.92152971250741,38.161152540253255],[-2.9210840500419764,38.1605361333809],[-2.9204045358168798,38.159896398832444],[-2.920357907286757,38.15984292228703],[-2.9202773085774365,38.15975030979516],[-2.9195854964232737,38.1592024006778],[-2.918863957009551,38.15881083501864],[-2.918480665965716,38.15860282550622],[-2.9185139949292833,38.158497761696424],[-2.9185507638261172,38.15838179722098],[-2.918638531577648,38.15818366997294],[-2.918844756582812,38.15779762463555],[-2.9188650969484504,38.15777645949058],[-2.9190612980350132,38.157572280508106],[-2.9188653777422235,38.15751905877258],[-2.918813344560614,38.15750487240061],[-2.918718205762994,38.157040745439616],[-2.918865910831297,38.15703093442136],[-2.918909519361527,38.1570279932113],[-2.9190065901879425,38.156980565047604],[-2.919122098687863,38.15688024455713],[-2.9191959826541525,38.15685055501612],[-2.919474564442758,38.15667527516112],[-2.92048136602231,38.157133454323315],[-2.9205037389995896,38.157143661805605],[-2.9205284421460886,38.15722412305175],[-2.9205762307316796,38.15732040011184],[-2.9207377558827545,38.15740338347277],[-2.9209882130317815,38.157448228333806],[-2.921211491019964,38.1574986010603],[-2.921267108303583,38.1575731790482],[-2.921631003622323,38.157780177703074],[-2.9217567858215734,38.15767698054327],[-2.9223865878141875,38.15749084612301],[-2.922612390431755,38.157321413484],[-2.9226287628041963,38.157309134833326],[-2.9228646530428324,38.1574419620226],[-2.922975994898438,38.15750465698568],[-2.9230821810450953,38.157564449295506]]]},"properties":{"dn_surface":193762.529558664,"provincia":23,"municipio":97,"agregado":0,"zona":0,"poligono":15,"parcela":6,"recinto":1,"uso_sigpac":"OV","idPanel":"23:97:0:0:15:6:1"},"id":1112589864},{"type":"Feature","geometry":{"type":"Polygon","coordinates":[[[-2.9254306831653825,38.157385815840854],[-2.9253120993450037,38.15728705186987],[-2.9252809178251575,38.15726224059685],[-2.9252118484243357,38.157207002175284],[-2.9250883771159275,38.15710222586483],[-2.9250543457488325,38.15708319810528],[-2.9250160387726747,38.157058303851414],[-2.924994915537233,38.15702829579806],[-2.9249889627092456,38.1569993773922],[-2.925088960496423,38.156977249166516],[-2.92531158721069,38.15693098022004],[-2.925480899150276,38.15689521966621],[-2.9255373990483515,38.156883286349995],[-2.9255791417668244,38.156880352683686],[-2.9256229799612155,38.15688253281684],[-2.9256518145480337,38.15689686587211],[-2.925702542667242,38.15692472648175],[-2.925736977203904,38.156944728218434],[-2.925767740466758,38.156970544481766],[-2.925793390768373,38.157001642182564],[-2.9258176153081723,38.15703894333029],[-2.9258368953629965,38.15706400522225],[-2.925852737999125,38.15707859057284],[-2.9258793932909906,38.15709862332264],[-2.925904229709758,38.15711795031609],[-2.925917805879134,38.15714411107564],[-2.9259785386385637,38.15713955802559],[-2.926039498547584,38.15719664633329],[-2.9260899458730183,38.1572439009916],[-2.9254306831653825,38.157385815840854]]]},"properties":{"dn_surface":3041.35556640379,"provincia":23,"municipio":97,"agregado":0,"zona":0,"poligono":15,"parcela":8,"recinto":4,"uso_sigpac":"OV","idPanel":"23:97:0:0:15:8:4"},"id":1112589848},{"type":"Feature","geometry":{"type":"Polygon","coordinates":[[[-2.92587740677982,38.1565678174797],[-2.925824767586575,38.15670162116075],[-2.9258101344591454,38.1567249547042],[-2.925797412405754,38.15678343776068],[-2.9258145927937087,38.15694522610352],[-2.9258373345747493,38.15698904669591],[-2.9258801024000407,38.15707143997082],[-2.9258327865538165,38.15702561526527],[-2.925807304728466,38.15698630329885],[-2.9257911259780007,38.15695989946411],[-2.925773942237284,38.156941962190245],[-2.9257525675447322,38.156929891410755],[-2.9257161054255723,38.156906253604234],[-2.9256695841838165,38.15688261663587],[-2.925625745151236,38.156866857818784],[-2.9255902888605165,38.15686057139101],[-2.9254987567960473,38.1568630021431],[-2.9254410884606,38.15687607791281],[-2.9251945733208693,38.15693399770538],[-2.924920314079989,38.156991413745544],[-2.924869518905551,38.15699987946823],[-2.924834733167126,38.15699686198292],[-2.9248020429046173,38.156989653545764],[-2.9247685136135524,38.156974146185775],[-2.924710760620877,38.15694195883748],[-2.9246302071738364,38.15686501128542],[-2.9245478088697974,38.15679108121864],[-2.924468597365534,38.156733914959204],[-2.924312687251728,38.156616145859886],[-2.924189300600547,38.156521846929024],[-2.9238826771532107,38.15626719715175],[-2.9235530872898154,38.15600349575675],[-2.923286699494671,38.15580106691573],[-2.9229900521890855,38.155586484314455],[-2.9228866999640584,38.1555195950468],[-2.9228609658434075,38.155495370507],[-2.9227369086399317,38.155390929472645],[-2.922680244456544,38.155353293886975],[-2.9226204798069886,38.155316998567685],[-2.9225670854042223,38.1552921034756],[-2.9225083265831073,38.15527726750611],[-2.9224259299554487,38.15526075431768],[-2.922352880826764,38.15525142274433],[-2.922322662387649,38.15524801298591],[-2.9222540137583923,38.15523879289191],[-2.9222143656776463,38.15523074626435],[-2.9221857515348932,38.15522193017807],[-2.922403100164419,38.15513549347284],[-2.9226214898263807,38.15519791686225],[-2.9226865057385867,38.15522267030016],[-2.922784642743149,38.15526003515035],[-2.9227984569585894,38.15526527467836],[-2.922929929632242,38.15527157954628],[-2.9230351753293076,38.155272099224305],[-2.9232387876950967,38.15527304805582],[-2.923296456030546,38.155252176277486],[-2.9233597167721217,38.15522400469922],[-2.923597951429215,38.155413881639504],[-2.9236984236321404,38.1553884450764],[-2.9237840757911844,38.155454114777115],[-2.9244695160221763,38.15597360002093],[-2.924540078240041,38.15595057409337],[-2.9247917834545243,38.15614829565723],[-2.9248982135145796,38.15609807464318],[-2.9249517185584737,38.15612821429241],[-2.9249982565640362,38.15615455945385],[-2.9254481669782493,38.156527168599666],[-2.9254890673154033,38.15660001237171],[-2.92587740677982,38.1565678174797]]]},"properties":{"dn_surface":18519.7893078827,"provincia":23,"municipio":97,"agregado":0,"zona":0,"poligono":15,"parcela":8,"recinto":3,"uso_sigpac":"OV","idPanel":"23:97:0:0:15:8:3"},"id":1112589849},{"type":"Feature","geometry":{"type":"Polygon","coordinates":[[[-2.925399783277498,38.15739246688145],[-2.925017130934723,38.157474835848774],[-2.924978550708505,38.157586113163745],[-2.9249179721761025,38.15763429905158],[-2.924904917361135,38.157623179618156],[-2.924770937660094,38.15759286143441],[-2.9247116398825725,38.15755132239616],[-2.9245659422801995,38.157473958263495],[-2.924407821858395,38.15745735035955],[-2.9243007564500423,38.15737661251063],[-2.9242725580497115,38.15728544170622],[-2.923233150026688,38.15685538885998],[-2.9230820779476803,38.156806439380745],[-2.922783309182275,38.15653712211025],[-2.922727432897832,38.15648679464604],[-2.9218605940221605,38.155997814502456],[-2.9218091165607634,38.15584961238727],[-2.921862197480332,38.15573880697352],[-2.9218889935881793,38.15565357810058],[-2.9218916246677415,38.15563006937535],[-2.9219533842103704,38.15558020207766],[-2.9219533942686557,38.15557022006857],[-2.921889029630365,38.15547336381886],[-2.9218566050742028,38.15547370412418],[-2.9217848132310693,38.155461091035534],[-2.921709801060546,38.15547202187608],[-2.921674183837276,38.155429810609206],[-2.9217361386782614,38.15540073462358],[-2.922159262204722,38.1552324653928],[-2.9222208205816638,38.15525807127031],[-2.922259965748189,38.155265783459896],[-2.922309419818039,38.15527424918261],[-2.9223993593208113,38.1552820451912],[-2.922452334628393,38.155295707694194],[-2.9225022086316175,38.15530442571222],[-2.922539928036328,38.15531104741609],[-2.922600288639235,38.15533871775648],[-2.922615954417196,38.15534683898295],[-2.922716289156901,38.15541557226945],[-2.9228385023415684,38.15551448208555],[-2.9228876228116523,38.15555371023288],[-2.9229532556319686,38.15559855425573],[-2.9230668346176643,38.15567240134163],[-2.9232104224948836,38.155781955337176],[-2.92331913997645,38.15586326231738],[-2.9234229959538878,38.155941384174156],[-2.9234989393539097,38.15599871807166],[-2.923639342107734,38.15610726623876],[-2.923771865033916,38.15621682107252],[-2.9239000302083804,38.15632629124903],[-2.924041522609682,38.1564354269876],[-2.9241766447641933,38.15654933957305],[-2.9243377508200847,38.15667138344327],[-2.9243825965192967,38.156709858057496],[-2.9245102579413507,38.1568060010072],[-2.9246413567821,38.15692108789733],[-2.924718724267556,38.15697917532796],[-2.924758539986374,38.15699770017329],[-2.924777781484442,38.15700492202146],[-2.9248287820155197,38.15701773376125],[-2.924875387076311,38.15702184089406],[-2.9249341450592365,38.1570114473335],[-2.9249662477502967,38.15700432271538],[-2.9249715291878,38.15703466604484],[-2.9249909768806974,38.15706777540254],[-2.925038420131857,38.15709862164627],[-2.9250818400692546,38.15713013844223],[-2.925142192290257,38.157179927788235],[-2.9252285292508318,38.15725411015029],[-2.9252550177428134,38.1572769935855],[-2.925299862603835,38.157315634999605],[-2.925399783277498,38.15739246688145]]]},"properties":{"dn_surface":27380.2619318656,"provincia":23,"municipio":97,"agregado":0,"zona":0,"poligono":15,"parcela":8,"recinto":2,"uso_sigpac":"OV","idPanel":"23:97:0:0:15:8:2"},"id":1112589850},{"type":"Feature","geometry":{"type":"Polygon","coordinates":[[[-2.923233150026688,38.15685538885998],[-2.9242725580497115,38.15728544170622],[-2.9243007564500423,38.15737661251063],[-2.924407821858395,38.15745735035955],[-2.9245659422801995,38.157473958263495],[-2.9247116398825725,38.15755132239616],[-2.924770937660094,38.15759286143441],[-2.924904917361135,38.157623179618156],[-2.9249179721761025,38.15763429905158],[-2.9247331998151953,38.157781273217864],[-2.9245982687680883,38.157694745988096],[-2.924390369058571,38.15759376500361],[-2.924114153481373,38.157513526716144],[-2.923998290426927,38.15747986918197],[-2.9239927290338414,38.157478253989126],[-2.9238648128019156,38.15766545961665],[-2.923747976608453,38.157725892303944],[-2.9236421223851816,38.15775175550593],[-2.9231532855721287,38.15760448713479],[-2.9230821810450953,38.157564449295506],[-2.922975994898438,38.15750465698568],[-2.9228646530428324,38.1574419620226],[-2.9226287628041963,38.157309134833326],[-2.9227826227043643,38.157193601187686],[-2.923233150026688,38.15685538885998]]]},"properties":{"dn_surface":9063.39752845847,"provincia":23,"municipio":97,"agregado":0,"zona":0,"poligono":15,"parcela":8,"recinto":6,"uso_sigpac":"OV","idPanel":"23:97:0:0:15:8:6"},"id":1112589846},{"type":"Feature","geometry":{"type":"Polygon","coordinates":[[[-2.9213660667347052,38.15630462486624],[-2.9213556178535884,38.1563210919542],[-2.921368163887004,38.156331015289965],[-2.921370154589126,38.15635606963821],[-2.9214194929887056,38.15640548515131],[-2.9214336785224777,38.15642615576394],[-2.921462643028804,38.15646836283986],[-2.9215369142390437,38.156519455571896],[-2.9215736906795917,38.15654475550994],[-2.9215860145925587,38.15656720979169],[-2.921678535721662,38.15664807839829],[-2.9216975182189056,38.15665545531172],[-2.9217748345747485,38.156724762758586],[-2.92187349377191,38.15678572853494],[-2.921912913864875,38.15686371879585],[-2.9220363290145293,38.15692216245739],[-2.9221706557263825,38.15690722841961],[-2.922227737328573,38.15690433498648],[-2.9223388101250714,38.15695828008029],[-2.922351148287275,38.15696726715743],[-2.9224066146966283,38.15706157782296],[-2.9224713246693503,38.15713101854212],[-2.9225484582996937,38.15720981681852],[-2.922612390431755,38.157321413484],[-2.9223865878141875,38.15749084612301],[-2.9217567858215734,38.15767698054327],[-2.921631003622323,38.157780177703074],[-2.921267108303583,38.1575731790482],[-2.921211491019964,38.1574986010603],[-2.9210503162324613,38.15728246445403],[-2.9205282527150658,38.15715484577967],[-2.9205037389995896,38.157143661805605],[-2.92048136602231,38.157133454323315],[-2.919474564442758,38.15667527516112],[-2.9195160246910765,38.15664916636939],[-2.9196422838206457,38.156526322865574],[-2.9198047686996915,38.15636348762294],[-2.919897266359464,38.15632137358614],[-2.920068460036424,38.15623262766647],[-2.9201033488722654,38.156223709320955],[-2.9203768394925795,38.156153800053374],[-2.9204472969366493,38.15612131430933],[-2.9205578802299725,38.156032613651945],[-2.920693695567918,38.15593186736072],[-2.9208327354242045,38.15598705632908],[-2.92097684046488,38.15601764105739],[-2.9210900238247226,38.15608072158801],[-2.9212340852794996,38.15615195352001],[-2.9213106162509686,38.15620937710386],[-2.9213626628436242,38.15626178914755],[-2.9213660667347052,38.15630462486624]]]},"properties":{"dn_surface":25763.1723159284,"provincia":23,"municipio":97,"agregado":0,"zona":0,"poligono":15,"parcela":9,"recinto":1,"uso_sigpac":"OV","idPanel":"23:97:0:0:15:9:1"},"id":1112589844},{"type":"Feature","geometry":{"type":"Polygon","coordinates":[[[-2.9263772548997258,38.15934856096126],[-2.9263856837420565,38.15944341980327],[-2.9263539607512326,38.1595557171959],[-2.9263025939309655,38.15955412379603],[-2.926245355587175,38.15949636828876],[-2.9261785627113914,38.15944790076898],[-2.9263772548997258,38.15934856096126]]]},"properties":{"dn_surface":228.319854197611,"provincia":23,"municipio":97,"agregado":0,"zona":0,"poligono":15,"parcela":182,"recinto":3,"uso_sigpac":"OV","idPanel":"23:97:0:0:15:182:3"},"id":1112589361},{"type":"Feature","geometry":{"type":"Polygon","coordinates":[[[-2.926198412735665,38.15861641257206],[-2.926232287361162,38.15859857588106],[-2.926169780990915,38.158565743964346],[-2.9259872038505796,38.15847299233292],[-2.9259241384073578,38.158515684721095],[-2.9258448707443394,38.158470285816236],[-2.925790163735459,38.158478888163955],[-2.9257436290826577,38.158517729905554],[-2.925552284471082,38.15841827275116],[-2.9254429618160698,38.158344781896176],[-2.9253636782274346,38.15831449975457],[-2.925339147748151,38.158232424992036],[-2.9253611066593885,38.158154697922896],[-2.9252271521040587,38.15809846708393],[-2.925158131318279,38.15801605369245],[-2.92514802022788,38.157921340695566],[-2.925093388656132,38.15785652091992],[-2.9250305470097393,38.15779601614824],[-2.9249759632148424,38.15768369025716],[-2.9249179721761025,38.15763429905158],[-2.924978550708505,38.157586113163745],[-2.925017130934723,38.157474835848774],[-2.925399783277498,38.15739246688145],[-2.9255059979226288,38.1574638807007],[-2.9255677591416394,38.157505406327886],[-2.9256926545354816,38.157603728572525],[-2.925847557982657,38.15772258731931],[-2.9259238366588254,38.157789308948935],[-2.926110844473442,38.157928033645646],[-2.9261932427774813,38.15800112552205],[-2.9262388420098326,38.15803591126047],[-2.9262592946929806,38.15805845941952],[-2.9262562780458494,38.158095172995786],[-2.926251753494248,38.15814362123723],[-2.9262357440582365,38.158178742251806],[-2.9262276144498656,38.15820715774339],[-2.9261976105874843,38.15833892462189],[-2.9261909033881666,38.15838116690182],[-2.926188307512599,38.15839751496671],[-2.92618830918898,38.15843288743838],[-2.9261928354169626,38.15845266956924],[-2.926218066623393,38.15849441228775],[-2.926260566227768,38.158580077857835],[-2.9262855904011777,38.15862657395388],[-2.9262970744473975,38.158658636411786],[-2.926198412735665,38.15861641257206]]]},"properties":{"dn_surface":8599.56539588023,"provincia":23,"municipio":97,"agregado":0,"zona":0,"poligono":15,"parcela":558,"recinto":2,"uso_sigpac":"OV","idPanel":"23:97:0:0:15:558:2"},"id":1112590133},{"type":"Feature","geometry":{"type":"Polygon","coordinates":[[[-2.9249179721761025,38.15763429905158],[-2.9249759632148424,38.15768369025716],[-2.9250305470097393,38.15779601614824],[-2.925093388656132,38.15785652091992],[-2.92514802022788,38.157921340695566],[-2.925158131318279,38.15801605369245],[-2.9252271521040587,38.15809846708393],[-2.9253611066593885,38.158154697922896],[-2.925339147748151,38.158232424992036],[-2.9253636782274346,38.15831449975457],[-2.9254429618160698,38.158344781896176],[-2.925552284471082,38.15841827275116],[-2.9257436290826577,38.158517729905554],[-2.925790163735459,38.158478888163955],[-2.9258448707443394,38.158470285816236],[-2.9259241384073578,38.158515684721095],[-2.9259872038505796,38.15847299233292],[-2.926169780990915,38.158565743964346],[-2.926232287361162,38.15859857588106],[-2.926198412735665,38.15861641257206],[-2.926140969873426,38.15859182928676],[-2.92568840407213,38.15865205242645],[-2.925631949436333,38.15862724199161],[-2.925622746944293,38.158623197723074],[-2.925616525057198,38.1586047139491],[-2.9255936416219854,38.158536738386715],[-2.9254988372623223,38.15846176225838],[-2.925447281849222,38.1584313661229],[-2.925298250763759,38.158343499464905],[-2.9252652914421433,38.15831643094518],[-2.925203450595048,38.158265642476266],[-2.925133307472366,38.158208035328755],[-2.9250980573764775,38.15817908507165],[-2.925091682938736,38.15815070143125],[-2.925083182850223,38.15811285378339],[-2.9250066560697046,38.15800907575766],[-2.924853504440397,38.157896604859616],[-2.9247331998151953,38.157781273217864],[-2.9249179721761025,38.15763429905158]]]},"properties":{"dn_surface":2235.99222514266,"provincia":23,"municipio":97,"agregado":0,"zona":0,"poligono":15,"parcela":558,"recinto":6,"uso_sigpac":"OV","idPanel":"23:97:0:0:15:558:6"},"id":1112590131},{"type":"Feature","geometry":{"type":"Polygon","coordinates":[[[-2.926198412735665,38.15861641257206],[-2.9260601540728004,38.158689211920034],[-2.925945317801554,38.15861930516701],[-2.925918831824143,38.15866817250361],[-2.9257817860227404,38.158727350419895],[-2.92566703440872,38.158678482245136],[-2.925631949436333,38.15862724199161],[-2.92568840407213,38.15865205242645],[-2.926140969873426,38.15859182928676],[-2.926198412735665,38.15861641257206]]]},"properties":{"dn_surface":285.28456129425,"provincia":23,"municipio":97,"agregado":0,"zona":0,"poligono":15,"parcela":6,"recinto":7,"uso_sigpac":"OV","idPanel":"23:97:0:0:15:6:7"},"id":1112589858},{"type":"Feature","geometry":{"type":"Polygon","coordinates":[[[-2.9262680747370764,38.156603939293575],[-2.9262816190552186,38.156532843148455],[-2.926208863293162,38.15651364188349],[-2.926116700909537,38.156494428045704],[-2.926002694446754,38.15648669322502],[-2.9259590289195794,38.15648666472657],[-2.925927474405019,38.15650579893622],[-2.92587740677982,38.1565678174797],[-2.9254890673154033,38.15660001237171],[-2.9254481669782493,38.156527168599666],[-2.9249982565640362,38.15615455945385],[-2.9249517185584737,38.15612821429241],[-2.9248982135145796,38.15609807464318],[-2.9247917834545243,38.15614829565723],[-2.924540078240041,38.15595057409337],[-2.9244695160221763,38.15597360002093],[-2.9237840757911844,38.155454114777115],[-2.9236984236321404,38.1553884450764],[-2.923597951429215,38.155413881639504],[-2.9233597167721217,38.15522400469922],[-2.92352277664976,38.155151473572204],[-2.9235691453408683,38.15512410665673],[-2.9241293062868303,38.154932327862525],[-2.9242256512403877,38.15492004418269],[-2.92461619598366,38.154955990814784],[-2.924675186145317,38.15497486602365],[-2.9248986921212783,38.155064417444294],[-2.9250169054615145,38.15509847144253],[-2.9250596397591906,38.155099484814684],[-2.925193793803828,38.15516984754325],[-2.925238460968492,38.155167530785064],[-2.9252771468066956,38.15518637665727],[-2.925348604211873,38.15520052782523],[-2.925402200618517,38.15520525521893],[-2.925428997564554,38.155224071754446],[-2.925461691179823,38.155271127761694],[-2.925553958337245,38.155308822020686],[-2.925598626340099,38.1553135527671],[-2.9256641535484285,38.155304188504346],[-2.925738622571595,38.15526658728447],[-2.925836675757121,38.15524695099873],[-2.9258682252425383,38.1552516071462],[-2.9260385119975223,38.15526018937737],[-2.9261367839507333,38.15526151371816],[-2.9263478478288856,38.15524001916441],[-2.926475909905935,38.15524172320539],[-2.9265236054523944,38.15525680476466],[-2.9267013772473556,38.155313247665816],[-2.926858839689722,38.15536327757246],[-2.926942154135832,38.155370720702905],[-2.9273011141896914,38.155377347435945],[-2.9273828033846794,38.15541272828952],[-2.9274333278236284,38.15545223555429],[-2.927480421549405,38.155498860731655],[-2.927508116197324,38.155540696489254],[-2.927552025637896,38.1555756037653],[-2.9276064485002427,38.155597989315424],[-2.9276540250236702,38.15561757614793],[-2.9281796676139336,38.15558609120316],[-2.9283380780496047,38.155601692440484],[-2.9284532328331907,38.15561375064709],[-2.928525468917219,38.15562839634737],[-2.9286710433056085,38.155698334113396],[-2.929256804261762,38.156059742521336],[-2.9293382419996403,38.156120176885],[-2.9294021825136056,38.15621746228814],[-2.928785839343717,38.156320547130434],[-2.9287380004667045,38.156334938020876],[-2.92866712057469,38.15633399254213],[-2.9285880138442226,38.15634187488433],[-2.928530353890678,38.15636103591612],[-2.927692186992895,38.156511652857745],[-2.92684339938497,38.15666424038497],[-2.9266762675785283,38.15669432639001],[-2.926639315118004,38.156700965695904],[-2.9265639198944817,38.15657355908371],[-2.9264953961555893,38.15648640991668],[-2.9264322007928607,38.15653421778063],[-2.9264319241900396,38.15658956768152],[-2.9262680747370764,38.156603939293575]],[[-2.9276076186139948,38.15642318186451],[-2.927741486835717,38.15639723987266],[-2.9277245637722054,38.15633886661911],[-2.9275878565997098,38.15636327639896],[-2.9276076186139948,38.15642318186451]]]},"properties":{"dn_surface":53833.1111195567,"provincia":23,"municipio":97,"agregado":0,"zona":0,"poligono":15,"parcela":7,"recinto":1,"uso_sigpac":"OV","idPanel":"23:97:0:0:15:7:1"},"id":1112589856},{"type":"Feature","geometry":{"type":"Polygon","coordinates":[[[-2.9258290155353555,38.151442304339554],[-2.925823034208896,38.15149232167332],[-2.925817623690076,38.15153801059205],[-2.925796461059687,38.151585944184575],[-2.925767121882267,38.15170876757185],[-2.9257465979529376,38.15180176563126],[-2.92577505116314,38.15188082290848],[-2.925840037738683,38.151950624049505],[-2.925903992501884,38.152023125001676],[-2.9259611989944396,38.152112840707616],[-2.9260488276063694,38.152250877250054],[-2.926167832198311,38.152517640554464],[-2.926237940955188,38.152718123955594],[-2.9263079181161773,38.15282037396031],[-2.9263553504708617,38.15286591535752],[-2.926619436595257,38.15296730454071],[-2.9266866728737457,38.152993117451274],[-2.9267250435523713,38.153006985310896],[-2.926767107297754,38.15302218840776],[-2.926828889471524,38.15310460347561],[-2.927401996267706,38.153885189209774],[-2.927461489343582,38.15397481522933],[-2.9274783210443442,38.15403502747253],[-2.9274712835980226,38.154111723567496],[-2.9274729842862772,38.15424240582766],[-2.927484103719688,38.15430901597793],[-2.9275083173630128,38.15440798949649],[-2.9275477701454022,38.154563752926975],[-2.927563761979416,38.154667407738714],[-2.927564828995754,38.15474329581818],[-2.9275665171111527,38.15476718005269],[-2.927571921762641,38.15484243948936],[-2.927572780069576,38.15490093092774],[-2.9275739594034222,38.15497880216563],[-2.9276185159269583,38.15505047833847],[-2.9276945615862044,38.15513785968426],[-2.9278093718735496,38.15526545991844],[-2.9278935345683115,38.155341942274845],[-2.927968673305581,38.155420306368654],[-2.9280955920909695,38.15553980549291],[-2.927663535969766,38.15558081060385],[-2.927627596043205,38.155566007323756],[-2.9275794529030894,38.15554624111854],[-2.9275453519661934,38.15551918181893],[-2.9275189112510627,38.15547905932243],[-2.9274673675726275,38.15542810153903],[-2.927410344643762,38.15538354585374],[-2.9273133626655254,38.15534148629928],[-2.926945274718569,38.15533476401254],[-2.9268701770526278,38.15532804675493],[-2.9265685332942626,38.15523223656683],[-2.9265406500535094,38.155223380247406],[-2.9265308088604094,38.155220262179256],[-2.926485082223122,38.155205770706004],[-2.926345263687984,38.155203967758524],[-2.9261341981334508,38.15522546398867],[-2.926040376971088,38.15522414048607],[-2.925873857043615,38.155215742656765],[-2.925712881745421,38.155192005943775],[-2.9256878399700126,38.155188312877016],[-2.9256252028420686,38.15516384861476],[-2.9255359758011084,38.15513432000634],[-2.925457252961829,38.155097497465306],[-2.9253880008355075,38.15508963859244],[-2.925375771638052,38.1550882505492],[-2.925353029857011,38.1550862129084],[-2.9251549327838378,38.15506846087462],[-2.925113960362312,38.15506473930941],[-2.925025616773999,38.155062606953095],[-2.924916879175864,38.155031263662494],[-2.9247479871696522,38.154963557997405],[-2.9246941711571317,38.15494198465373],[-2.924665661788176,38.1549328877737],[-2.9246276456640747,38.154920758320884],[-2.924224664690326,38.15488363319318],[-2.9241163327763275,38.15489744237945],[-2.923827348207077,38.15499638991409],[-2.9235461269570067,38.15509272816212],[-2.9234978170170076,38.15512117634319],[-2.9232757133335294,38.155219986414636],[-2.9232288987251462,38.1552369899444],[-2.9230354360065123,38.155236048656604],[-2.9229314559769004,38.15523552897861],[-2.922810132112213,38.15522968008622],[-2.922758233041062,38.15520994070306],[-2.922753006085933,38.155207952515525],[-2.9226392200672158,38.1551646733941],[-2.922592142267057,38.15515121792413],[-2.9224261830889393,38.155103783893054],[-2.922411358854106,38.15509395275825],[-2.922408507330478,38.155092057609835],[-2.9222318218302323,38.15487410213049],[-2.9223549578624937,38.15482807290647],[-2.92252664439539,38.15476389686103],[-2.9228179272826273,38.15465494971528],[-2.922828899194532,38.154587771271935],[-2.922923926512833,38.1545846423073],[-2.9232636635088123,38.15438698360768],[-2.9232926095749505,38.15431496126223],[-2.9232418764265993,38.15423741440404],[-2.923218708006663,38.15422089199549],[-2.9232129060529415,38.15415014621394],[-2.9232763168305937,38.154088091628296],[-2.9233097103348196,38.15402565566603],[-2.923355317949076,38.15396052408357],[-2.9234056537951916,38.15389455011976],[-2.9235416376094006,38.15376438250851],[-2.923641970672725,38.15370315102581],[-2.92376819795106,38.15362405854458],[-2.9238523212508745,38.15359857336648],[-2.9239428927491837,38.153593524945876],[-2.9241175657543574,38.15358342391377],[-2.9242986735469794,38.15360653030763],[-2.924366595465189,38.15360912869778],[-2.9245671760964194,38.153568395160505],[-2.924748382795505,38.153494444977184],[-2.9250752242326863,38.15333886008125],[-2.925143239190026,38.153249510664494],[-2.925153046017322,38.15314735453708],[-2.925127325307716,38.15299409226665],[-2.925091865664236,38.15287658132996],[-2.9250143523336556,38.15276415150325],[-2.9249668428654574,38.15270203740607],[-2.925001024268629,38.15255271798313],[-2.9250263837181856,38.15248064199349],[-2.9250448306117844,38.15239366968461],[-2.9250580111553077,38.15232740486874],[-2.925121154550234,38.152132767845416],[-2.9251564222481203,38.152014621560426],[-2.925158023191722,38.15201372218215],[-2.9252030172506283,38.15198815569957],[-2.925235704160374,38.15194554713045],[-2.9252419193419463,38.151895891894895],[-2.9252611968821998,38.151791177610534],[-2.9252791249359618,38.151670239313404],[-2.9252975550657543,38.151504238225755],[-2.9252959692095795,38.151491979691656],[-2.925286117958195,38.151415095842054],[-2.9252371139965723,38.15134251190901],[-2.925183648347625,38.15128074146992],[-2.9258290155353555,38.151442304339554]]]},"properties":{"dn_surface":94193.7439880944,"provincia":23,"municipio":97,"agregado":0,"zona":0,"poligono":15,"parcela":10,"recinto":2,"uso_sigpac":"OV","idPanel":"23:97:0:0:15:10:2"},"id":1112589839},{"type":"Feature","geometry":{"type":"Polygon","coordinates":[[[-2.9250596397591906,38.155099484814684],[-2.9251107249474955,38.15510069599975],[-2.925369910172815,38.15512402702865],[-2.925441809304315,38.15513218513547],[-2.925515394036644,38.155166571057094],[-2.9256062178302535,38.15519664113651],[-2.925673190916967,38.15522282117442],[-2.925836675757121,38.15524695099873],[-2.925738622571595,38.15526658728447],[-2.9256641535484285,38.155304188504346],[-2.925598626340099,38.1553135527671],[-2.925553958337245,38.155308822020686],[-2.925461691179823,38.155271127761694],[-2.925428997564554,38.155224071754446],[-2.925402200618517,38.15520525521893],[-2.925348604211873,38.15520052782523],[-2.9252771468066956,38.15518637665727],[-2.925238460968492,38.155167530785064],[-2.925193793803828,38.15516984754325],[-2.9250596397591906,38.155099484814684]]]},"properties":{"dn_surface":534.040711549277,"provincia":23,"municipio":97,"agregado":0,"zona":0,"poligono":15,"parcela":7,"recinto":5,"uso_sigpac":"OV","idPanel":"23:97:0:0:15:7:5"},"id":1112589852},{"type":"Feature","geometry":{"type":"Polygon","coordinates":[[[-2.924836733927532,38.15122860099996],[-2.925065243899986,38.151230727488894],[-2.925065537266615,38.15123073000345],[-2.9250784663530274,38.151241380050266],[-2.925087168445418,38.151254087854426],[-2.9250916904824487,38.15126069195634],[-2.9250917650813917,38.15126080092108],[-2.9250923568437908,38.15126486530616],[-2.9250985175429887,38.15127866275779],[-2.9251031292663883,38.15128718799201],[-2.9251113594576044,38.15129732674268],[-2.9251236565484793,38.15131397571798],[-2.9251365001394745,38.15133061044398],[-2.9251606106853845,38.15136632741192],[-2.9251693127777765,38.15138135029784],[-2.92517751698509,38.15139352920389],[-2.9251777256944904,38.151393684269124],[-2.925177755869344,38.151393787366516],[-2.9251846910564416,38.151417448642405],[-2.9251918726715065,38.151441950623195],[-2.9251949345809183,38.15145239866615],[-2.92519503097281,38.15145272807496],[-2.9251972396044277,38.151471564727075],[-2.925199515291274,38.15149640030765],[-2.9252033366011583,38.151523961683324],[-2.9252033122936374,38.15153365367851],[-2.9252031857268914,38.151579661109594],[-2.9252034355076217,38.15159173691822],[-2.92520343383124,38.15159296319072],[-2.925203321513732,38.15159879448109],[-2.9252032175781255,38.151604880581345],[-2.9252009251274718,38.15162932724158],[-2.925199921813602,38.15163874598676],[-2.9251972337370953,38.15166072417637],[-2.925197241280809,38.151667004736794],[-2.9251968925936156,38.15168427397293],[-2.9251962061157046,38.15172143095188],[-2.9251928508396654,38.15173895918886],[-2.925190855946592,38.15175465849444],[-2.9251858544646714,38.151784747014034],[-2.925184197362315,38.151794690466346],[-2.925180517706604,38.151809861711996],[-2.925180525250317,38.15181007377416],[-2.9251804104182364,38.15181046101816],[-2.925171018495173,38.15184225022597],[-2.9251652794057295,38.15186167864053],[-2.9251637765304013,38.15186676477964],[-2.925162113560713,38.151869466267215],[-2.925160209192199,38.15187037989472],[-2.925108889310591,38.151886531823095],[-2.9251051308649854,38.15188785616388],[-2.925104508927733,38.151884714626334],[-2.925112159091214,38.15176836625969],[-2.9250950524640116,38.15164308026914],[-2.925057276900546,38.15152733288494],[-2.9250354001319643,38.151491808700825],[-2.9249867456957244,38.15141264664979],[-2.9249089004417606,38.151306787397374],[-2.924836733927532,38.15122860099996]]]},"properties":{"dn_surface":897.9891357421875,"provincia":23,"municipio":97,"agregado":0,"zona":0,"poligono":15,"parcela":11,"recinto":1,"uso_sigpac":"OV","idPanel":"23:97:0:0:15:11:1"},"id":1179499648},{"type":"Feature","geometry":{"type":"Polygon","coordinates":[[[-2.924262618788338,38.15219880132071],[-2.924381653555134,38.152273763199815],[-2.9244132650666392,38.15232796394173],[-2.9245269991175524,38.15238887020658],[-2.924547714992476,38.152459331841584],[-2.924591217072529,38.15250702571166],[-2.9245822132316057,38.152626261644144],[-2.9246063371885618,38.15272094446621],[-2.9246484990022186,38.1527806345168],[-2.924719543179544,38.15284736285196],[-2.9247528679521597,38.152856158821635],[-2.9247974672234034,38.15280752617838],[-2.924824498862743,38.15275541504505],[-2.9248773115613944,38.152722108712624],[-2.924914180202882,38.15266958518967],[-2.9249493481561153,38.15277845857463],[-2.9250207561080606,38.152857567819666],[-2.925072357621632,38.15297617762394],[-2.925078608845389,38.15319072502126],[-2.9250785602303484,38.15323925289076],[-2.9250299728493374,38.15330818147561],[-2.924738718460573,38.15345612794272],[-2.924435172010074,38.15355305627679],[-2.9243310687664783,38.15355802339289],[-2.924125695362729,38.15354249675454],[-2.9238361986591634,38.1535500346005],[-2.9236873511373904,38.153608680265904],[-2.923515786142098,38.153741378373866],[-2.923289307104904,38.153802526037566],[-2.9232121424615167,38.15385330863913],[-2.9230720280451794,38.15374836217603],[-2.923058073851947,38.153737893178345],[-2.923341395607078,38.153478191627755],[-2.9235259517148697,38.15329442090436],[-2.923526068223331,38.153182041369035],[-2.9235909290703193,38.15301606877992],[-2.9237561506409135,38.152760770243304],[-2.923862940284635,38.152709758815774],[-2.9241024104343296,38.15259242976637],[-2.924209236120238,38.15250566113775],[-2.924261094958251,38.15240097786642],[-2.9242707408529953,38.15231445566576],[-2.924262618788338,38.15219880132071]]]},"properties":{"dn_surface":14046.6668776924,"provincia":23,"municipio":97,"agregado":0,"zona":0,"poligono":15,"parcela":10,"recinto":9,"uso_sigpac":"OV","idPanel":"23:97:0:0:15:10:9"},"id":1112589834},{"type":"Feature","geometry":{"type":"Polygon","coordinates":[[[-2.9304057344291055,38.15885453826442],[-2.9304820273545102,38.15892911876688],[-2.9306147103750533,38.15900012774023],[-2.9306314817261088,38.15900906033497],[-2.930722057415369,38.159067877829386],[-2.9309086469729926,38.15935242837159],[-2.9309216984351996,38.15943318968985],[-2.930908441616353,38.159694637190995],[-2.9309096662124787,38.15984974515658],[-2.9309112939781716,38.160062264133245],[-2.9309204662953596,38.16014095009214],[-2.930993524644137,38.1602586982367],[-2.9311575920265973,38.16058514404804],[-2.9311926593969857,38.160682320486444],[-2.931200063970689,38.160820849046615],[-2.9311942821335366,38.16090096831107],[-2.9311391836897536,38.160986284355744],[-2.9311126574792055,38.1610329539572],[-2.9309873094625654,38.16110817232254],[-2.9308170771899564,38.16121032509719],[-2.9307308324303225,38.16127777762878],[-2.930657348280838,38.16137056278782],[-2.930612424629922,38.16143813015151],[-2.9306035087989866,38.16145155377029],[-2.93057061401803,38.161594564134305],[-2.9305711378870094,38.16175731304335],[-2.9305719391970007,38.16200644166062],[-2.9305667164328226,38.16203239622533],[-2.9305556539963566,38.162087364749624],[-2.930495957240222,38.16220557473707],[-2.930445522487642,38.16230666552451],[-2.93042476554139,38.16240813517396],[-2.930417380246065,38.16249320981984],[-2.930336485655545,38.16251982571674],[-2.930418629987903,38.16220824772617],[-2.9304720436690475,38.16204777534219],[-2.930487815058995,38.16197651072079],[-2.9304988498351783,38.161843334006136],[-2.9305041790495316,38.16169491647602],[-2.9305136824519145,38.161495575528335],[-2.9305597862748676,38.16136948571321],[-2.9305937111917864,38.161329378304174],[-2.9307279859358357,38.16120371931888],[-2.9307977325944745,38.16113750144169],[-2.930928010846854,38.161014307574305],[-2.9309340500084486,38.16099706683664],[-2.931004802495527,38.16089517641561],[-2.931046711175693,38.16075496476918],[-2.9310330511872795,38.160592369249],[-2.930996206015122,38.16044309844111],[-2.930663413426334,38.16001452835363],[-2.9306417797329587,38.15995656413699],[-2.930615512523234,38.15984956829843],[-2.930613919961537,38.1598431678768],[-2.930515446004447,38.159442407269324],[-2.9304705583957165,38.15935162287067],[-2.930418774994837,38.15931031433482],[-2.930087533896419,38.159181322704626],[-2.929847979089497,38.159143863977135],[-2.929808268144475,38.15913158281185],[-2.9304057344291055,38.15885453826442]]]},"properties":{"dn_surface":7547.81065096635,"provincia":23,"municipio":97,"agregado":0,"zona":0,"poligono":15,"parcela":4,"recinto":1,"uso_sigpac":"OV","idPanel":"23:97:0:0:15:4:1"},"id":1112589877},{"type":"Feature","geometry":{"type":"Polygon","coordinates":[[[-2.9297124990276986,38.15919202304286],[-2.929739901147181,38.1592645273478],[-2.929784579208319,38.15930247557847],[-2.929825398241007,38.15935962255952],[-2.929850042714181,38.15939365392663],[-2.9298787943201536,38.15942391343705],[-2.9299062039833492,38.159445288129604],[-2.9299449300546896,38.15947395507834],[-2.9300130288310666,38.15956892372333],[-2.930032766537831,38.159597919242714],[-2.9300598191319294,38.15965590273777],[-2.9300833253425855,38.15974184742524],[-2.9300841643711433,38.159760287613295],[-2.9300790539244743,38.15987537366527],[-2.9300764932529026,38.15993950612483],[-2.9300697533641613,38.15999582497378],[-2.9300705102500624,38.16010672007391],[-2.930053841158231,38.16049137485348],[-2.9300555200535365,38.16058483475581],[-2.9300432849887477,38.1606837437337],[-2.9300365794658108,38.16070729772119],[-2.9300238389722306,38.160721798414556],[-2.9299846116630506,38.16074518476398],[-2.9299458872680892,38.16076203239035],[-2.92990118489943,38.16078794672197],[-2.929889057961199,38.16080469711824],[-2.9298664268212864,38.160829424572256],[-2.9298370909966285,38.16086421031068],[-2.9298131187521284,38.16088927220264],[-2.929745057694319,38.16094241514833],[-2.92972158836404,38.16096127443157],[-2.9297145475649558,38.160974266382254],[-2.9296966111292906,38.16101768548148],[-2.9296842905690843,38.16106009959043],[-2.929671802370804,38.16108516148242],[-2.929654200373095,38.161111984412344],[-2.9296311501379995,38.161135119304674],[-2.929496872879378,38.161264370773836],[-2.9294609153508193,38.16131348956756],[-2.9294295745748022,38.16134560399328],[-2.929398124834038,38.161400554077346],[-2.9293448410724006,38.161446868286106],[-2.92930657349119,38.161493191714925],[-2.9292884191260287,38.16154106328136],[-2.9292749242611182,38.16157350208678],[-2.9292714046997674,38.16159034971315],[-2.929270063595179,38.161604851244704],[-2.9292692262430022,38.16162019012842],[-2.929250031683595,38.16164466612531],[-2.929222958134738,38.16166017264709],[-2.9291898496152373,38.16167635055939],[-2.929148442172911,38.161693533461914],[-2.9290921149420504,38.16171138691672],[-2.928990860707513,38.16174675938839],[-2.92896035057815,38.1617588293297],[-2.928862783543037,38.16179118431603],[-2.928779047487172,38.16181943133142],[-2.9287536503190488,38.16183049628248],[-2.9287381437972573,38.16184709245175],[-2.928731942026731,38.161884225123174],[-2.9287319437031116,38.1619338476693],[-2.9287327827316694,38.16195379660002],[-2.928725596087461,38.16196950512571],[-2.9287023882725767,38.16196949087646],[-2.9286955092442337,38.16202553396079],[-2.928761033099802,38.16202773001956],[-2.9287606114900475,38.16196611883663],[-2.928759101071006,38.161915322824],[-2.928770414964581,38.16185673164097],[-2.928778042496922,38.161849020289594],[-2.928796399704152,38.16184642189944],[-2.92892824788709,38.161803840990586],[-2.929060683641474,38.1617584110727],[-2.9292064466226964,38.16170149627041],[-2.9292519603596303,38.16167819457817],[-2.929270316728671,38.16166520262749],[-2.929289511288077,38.16164634250603],[-2.929296552087161,38.16162781849894],[-2.929317337531885,38.161574843191346],[-2.9293399686717962,38.161533687206145],[-2.929375088009988,38.161489597554635],[-2.9294363588876347,38.16141818205898],[-2.9294703894165393,38.16137761280703],[-2.929476507368028,38.16136244156138],[-2.9294799439485337,38.16134249179245],[-2.929492180689703,38.161318351071685],[-2.9295113752491098,38.16129354063682],[-2.929671132656701,38.161133442923926],[-2.929708599766111,38.16108180872092],[-2.9297216746976478,38.16105649537187],[-2.929733911438817,38.16101173432986],[-2.9297427954185187,38.16099170158009],[-2.929754110988475,38.16097242236347],[-2.9297925839263255,38.16094090640564],[-2.9298780785055802,38.16085976790174],[-2.9299077504445754,38.16082724527732],[-2.9299427029828844,38.16079656667168],[-2.9300073282983794,38.160771587760536],[-2.930054434597012,38.1607511359156],[-2.9300748864419695,38.160739485069485],[-2.9300848609073373,38.16072783338518],[-2.930092991353899,38.16071542816775],[-2.9300940810013762,38.16070545370238],[-2.9300938287060756,38.160689946342416],[-2.930090470077274,38.160487686815884],[-2.930095661828408,38.16029003649817],[-2.9300982568657856,38.16015583886761],[-2.930107889349483,38.15991971561209],[-2.9301164347002766,38.159755007013985],[-2.9301079656248072,38.1596354785531],[-2.9300885179319094,38.15958007249344],[-2.930051970317332,38.15952081075807],[-2.929949287806409,38.15944788651976],[-2.9299142497726827,38.159422991427675],[-2.9298874268427446,38.15939549794541],[-2.9298786250056996,38.15937747685254],[-2.9298790432626927,38.15935568306483],[-2.9298896044613194,38.159337913429],[-2.929900494230568,38.15931431501744],[-2.9299750328235348,38.159298668517835],[-2.930084372242353,38.1592595074257],[-2.930166126816191,38.15925209866106],[-2.9303916947404556,38.15933994939343],[-2.930431502077371,38.15937169752996],[-2.9304713764695154,38.15945247477384],[-2.930568940990057,38.15984953979995],[-2.930597369054548,38.15996509859133],[-2.930613764896319,38.160009090174526],[-2.9306212792729607,38.1600292830187],[-2.9308383772835658,38.16030887817939],[-2.93087041962492,38.160389450066646],[-2.9308820713092127,38.160431779518404],[-2.930892466546146,38.1604669851902],[-2.9309189558763182,38.16053638902895],[-2.9309388226643986,38.160588525307986],[-2.9309506419867652,38.16062607707465],[-2.93097503584102,38.16069522945631],[-2.9309911525653987,38.1607839384956],[-2.9309617806985537,38.16088217189207],[-2.9308964001735385,38.16097640460589],[-2.930612614899135,38.161235346756],[-2.930533213963849,38.16130775969822],[-2.9304790542932775,38.16136405591604],[-2.930444147017249,38.16146236307324],[-2.9303181921507835,38.16236273710729],[-2.93028265958474,38.16251800265272],[-2.929790737392946,38.162449567761996],[-2.9295119242638,38.16227166856211],[-2.9292162291424706,38.162082762246314],[-2.928863240356787,38.16220138210886],[-2.9287747844509644,38.16223110769204],[-2.9287008401349683,38.16220815217247],[-2.928592908037776,38.16217464551255],[-2.92838701998514,38.162110728467894],[-2.928146351223222,38.16203595350524],[-2.927959714726937,38.162085806553705],[-2.9277338341576655,38.16214614117271],[-2.9275463468981586,38.16219622053259],[-2.9275030652621723,38.16220778085409],[-2.9275256184503804,38.1621763185405],[-2.928417154605219,38.16093261754111],[-2.9285260983981845,38.16076541113571],[-2.928267510802597,38.160339674131706],[-2.9278808175440614,38.16006923368616],[-2.928558139063158,38.159856418828326],[-2.9285721862955203,38.15984831604203],[-2.9297124990276986,38.15919202304286]]]},"properties":{"dn_surface":65385.820068359375,"provincia":23,"municipio":97,"agregado":0,"zona":0,"poligono":15,"parcela":3,"recinto":1,"uso_sigpac":"OV","idPanel":"23:97:0:0:15:3:1"},"id":1112589880},{"type":"Feature","geometry":{"type":"Polygon","coordinates":[[[-2.9271924361030717,38.16409095069562],[-2.927754309471954,38.163609490796006],[-2.9277538099104943,38.163419144469174],[-2.9275700685237394,38.16244323271923],[-2.9275030652621723,38.16220778085409],[-2.9275463468981586,38.16219622053259],[-2.9275607838890423,38.16222926870236],[-2.9275628785267696,38.16227143973612],[-2.9275713987318515,38.16229675140883],[-2.9276653657393377,38.16233223200706],[-2.927695293326395,38.16231537851337],[-2.927727380930029,38.1622732284344],[-2.9277637667738654,38.162205779255515],[-2.9277809102814443,38.162151816559714],[-2.927900575367395,38.1621249014288],[-2.9279390307032487,38.16212492489814],[-2.9280031430462388,38.1621047228339],[-2.9280608189253994,38.16211318771843],[-2.928128339350423,38.16210368180148],[-2.928139889613681,38.16216974293707],[-2.9281311866830997,38.16224817743887],[-2.928169618549622,38.162273500846254],[-2.9282209208292316,38.162244856528645],[-2.928255151685634,38.162195960693566],[-2.928216786036151,38.162103165476225],[-2.92830792918029,38.16211842137909],[-2.928404751902357,38.1621420767876],[-2.928494463417349,38.16216068629015],[-2.928537190171313,38.16216239871309],[-2.928573491357922,38.162180975526184],[-2.928592908037776,38.16217464551255],[-2.9287008401349683,38.16220815217247],[-2.9287747844509644,38.16223110769204],[-2.928863240356787,38.16220138210886],[-2.9289271724888484,38.162196541559496],[-2.928948087853079,38.162195052933384],[-2.928965146703431,38.16219409404363],[-2.929042595493352,38.1621983671381],[-2.9290945926327763,38.16220133181744],[-2.9291190644387335,38.162202727404406],[-2.929139844854315,38.162205019855065],[-2.9291500816732694,38.16220819072922],[-2.929164253795996,38.16221615605227],[-2.9291735409452637,38.162226024905635],[-2.9291779406065004,38.16223398184681],[-2.92918104526362,38.162246117166944],[-2.9292006220378353,38.162386192188336],[-2.929255925838257,38.16240293839368],[-2.929359897485965,38.16244493676024],[-2.9294152272702885,38.162439729083445],[-2.9294529047654807,38.16238034497235],[-2.9295215047796965,38.162383882135714],[-2.9295657562019377,38.16239264541599],[-2.929638730731679,38.16245034979363],[-2.9297357445611496,38.1624848430036],[-2.929790737392946,38.162449567761996],[-2.93028265958474,38.16251800265272],[-2.930271825136055,38.16262885165236],[-2.930317741204365,38.162841487137484],[-2.9303855591869685,38.16307089900275],[-2.930163090890681,38.16323929815303],[-2.930130134921827,38.163264244374744],[-2.929882345732739,38.16334935338642],[-2.929300531815024,38.163572148576975],[-2.9287125471398254,38.163797371166766],[-2.9279001981817303,38.16395791982609],[-2.9271924361030717,38.16409095069562]]]},"properties":{"dn_surface":35691.321044921875,"provincia":23,"municipio":97,"agregado":0,"zona":0,"poligono":15,"parcela":1,"recinto":1,"uso_sigpac":"OV","idPanel":"23:97:0:0:15:1:1"},"id":1112589884},{"type":"Feature","geometry":{"type":"Polygon","coordinates":[[[-2.930163090890681,38.16323929815303],[-2.9301519764864135,38.163304096973945],[-2.930204371766262,38.163537399718905],[-2.9301595797112334,38.163824966908265],[-2.930148938884523,38.16390207874565],[-2.9299851983963072,38.164189147211715],[-2.9299891370528424,38.16430418800141],[-2.929920045020881,38.1645238098032],[-2.9298457302247423,38.16464543457826],[-2.9296691478219117,38.164871362924345],[-2.9296629846081426,38.16403003185795],[-2.929300531815024,38.163572148576975],[-2.929882345732739,38.16334935338642],[-2.930130134921827,38.163264244374744],[-2.930163090890681,38.16323929815303]]]},"properties":{"dn_surface":6413.56291594209,"provincia":23,"municipio":97,"agregado":0,"zona":0,"poligono":15,"parcela":573,"recinto":2,"uso_sigpac":"OV","idPanel":"23:97:0:0:15:573:2"},"id":1112590092},{"type":"Feature","geometry":{"type":"Polygon","coordinates":[[[-2.9293546881328334,38.16512088968207],[-2.929300964321254,38.16513181884628],[-2.9292116953707747,38.165149751929164],[-2.929125759903387,38.165190974131434],[-2.9289681189264725,38.165198778521926],[-2.928893072390143,38.16518095272741],[-2.9287505054287912,38.1651255525351],[-2.9285553579475203,38.165107652141614],[-2.928387710654002,38.16511347421192],[-2.928292685850274,38.16505612690338],[-2.9283027516783924,38.16499686935896],[-2.9282577467230113,38.164963258763436],[-2.928192625198819,38.1650323591773],[-2.9281825853546013,38.16506395979235],[-2.92820756258935,38.165109410664996],[-2.9282976118950614,38.16513712291493],[-2.928625381208979,38.16514522905396],[-2.928742963391868,38.1651630808324],[-2.928930562968884,38.165224436367254],[-2.929068173710595,38.165230447868595],[-2.9291607518366423,38.16523050486555],[-2.9292639808476855,38.16519286676527],[-2.9288555231380773,38.16551697570188],[-2.928413014782995,38.16532689591955],[-2.92838928058456,38.16531669681916],[-2.9279383442253373,38.16510948526397],[-2.9278658415967724,38.16512476128338],[-2.927393358715973,38.165122932352006],[-2.927390589335,38.16512304383133],[-2.927142552041564,38.16513304763336],[-2.927072665405134,38.16492643454606],[-2.927065611195004,38.16491222135201],[-2.9270603440067373,38.164901606509204],[-2.9270563885863945,38.164893636995174],[-2.9270420186507415,38.164864678356196],[-2.926994621500052,38.164754819259315],[-2.9269864390856886,38.16473585268773],[-2.9271924361030717,38.16409095069562],[-2.9279001981817303,38.16395791982609],[-2.9287125471398254,38.163797371166766],[-2.929300531815024,38.163572148576975],[-2.9296629846081426,38.16403003185795],[-2.9296691478219117,38.164871362924345],[-2.929581319720675,38.16494105593881],[-2.9293546881328334,38.16512088968207]]]},"properties":{"dn_surface":33205.04052734375,"provincia":23,"municipio":97,"agregado":0,"zona":0,"poligono":15,"parcela":183,"recinto":1,"uso_sigpac":"OV","idPanel":"23:97:0:0:15:183:1"},"id":1112589358},{"type":"Feature","geometry":{"type":"Polygon","coordinates":[[[-2.929629519019545,38.16584938607588],[-2.9288555231380773,38.16551697570188],[-2.9292639808476855,38.16519286676527],[-2.9293422653134025,38.16515446842638],[-2.9295308455731477,38.16503006756486],[-2.9296196660917797,38.164982743336736],[-2.9297700776767774,38.16483717481569],[-2.929889248230413,38.16468767182903],[-2.929988107755071,38.16451270461903],[-2.9300389565736924,38.164235510035496],[-2.930077711143506,38.1641607459693],[-2.9301741122558176,38.16396150057534],[-2.930228763944135,38.16385816176137],[-2.9302586898548117,38.163678061473576],[-2.9302509240210606,38.1634987222626],[-2.930242131404109,38.163356188828885],[-2.930221385354333,38.163267683469854],[-2.930366316850711,38.16314325494804],[-2.9304040178152335,38.16313388062696],[-2.9304407003784596,38.16315191429268],[-2.930447610419846,38.16318637565146],[-2.9304585001890957,38.163209093124976],[-2.9305416293951345,38.16324329799744],[-2.930610599051302,38.16338449367939],[-2.930727380762391,38.16362357909969],[-2.9309155612053313,38.16405043927881],[-2.9310131399751085,38.16431871384049],[-2.9310345264023256,38.16439090969135],[-2.9310442938346735,38.16457555632371],[-2.9310542708146134,38.1646322196689],[-2.9310686055462716,38.16469055855666],[-2.93107070186038,38.16474043255985],[-2.931058382976555,38.164827606034436],[-2.9310461462353854,38.16487463019041],[-2.9310463155498385,38.1649424414675],[-2.931060566462462,38.16498460328117],[-2.9310877263449266,38.165047888330236],[-2.931097869286559,38.16508300934481],[-2.93110499558106,38.16512760191054],[-2.931113918955709,38.16519624215789],[-2.931118590190624,38.16532854966914],[-2.9311188139874527,38.165333417040614],[-2.9311121512122242,38.165378295429235],[-2.9310601264125182,38.16546839083543],[-2.930991888496542,38.16556271072105],[-2.930919346473029,38.165655672738325],[-2.9308695613179836,38.16581266914682],[-2.930863359547457,38.1658610335692],[-2.930858653108546,38.165907289942794],[-2.9306082437363705,38.1658948637706],[-2.9301787181118852,38.165873575411666],[-2.9300890895777396,38.165869133840886],[-2.9297090817255715,38.16585276901216],[-2.929629519019545,38.16584938607588]]]},"properties":{"dn_surface":29538.0952510172,"provincia":23,"municipio":97,"agregado":0,"zona":0,"poligono":15,"parcela":573,"recinto":1,"uso_sigpac":"OV","idPanel":"23:97:0:0:15:573:1"},"id":1112590093},{"type":"Feature","geometry":{"type":"Polygon","coordinates":[[[-2.930427582699214,38.16305443107663],[-2.930362495540827,38.162834394370606],[-2.9303178292143532,38.162627166889735],[-2.930327972994177,38.16252262694897],[-2.930336485655545,38.16251982571674],[-2.930417380246065,38.16249320981984],[-2.930427427633997,38.16261191182505],[-2.9304454462123184,38.16275170856724],[-2.930470388243072,38.16293404849972],[-2.9305024900959427,38.163028069989565],[-2.930427582699214,38.16305443107663]]]},"properties":{"dn_surface":490.963675625653,"provincia":23,"municipio":97,"agregado":0,"zona":0,"poligono":15,"parcela":2,"recinto":3,"uso_sigpac":"OV","idPanel":"23:97:0:0:15:2:3"},"id":1112589881}]}