{"type":"FeatureCollection","features":[{"type":"Feature","geometry":{"type":"Polygon","coordinates":[[[-3.0636368518441532,38.13150781646044],[-3.0636738436996245,38.13153357321224],[-3.063678980130195,38.13153609365068],[-3.0638518074401793,38.1316203619574],[-3.0640100636488237,38.13161487181051],[-3.064237235869451,38.131607002041164],[-3.064338556321028,38.131603524389305],[-3.0643791247347965,38.13205584627724],[-3.0644099014086965,38.13240425770536],[-3.064238876208,38.13242336425475],[-3.063662704149646,38.13248630229302],[-3.0632979513621597,38.13253155451457],[-3.0630724848589286,38.13201461653125],[-3.0630712275733782,38.13201155294547],[-3.0630101712724667,38.13186900526247],[-3.063681326225032,38.13173707409871],[-3.0636414459655543,38.13154206156608],[-3.0636433855380645,38.131541790830596],[-3.0636368518441532,38.13150781646044]]]},"properties":{"dn_surface":9468.73214550819,"provincia":23,"municipio":95,"agregado":0,"zona":0,"poligono":10,"parcela":374,"recinto":1,"uso_sigpac":"OV","idPanel":"23:95:0:0:10:374:1"},"id":1112544238},{"type":"Feature","geometry":{"type":"Polygon","coordinates":[[[-3.0635944888648083,38.13030897960044],[-3.063876363065175,38.13035948392283],[-3.064079723135663,38.1303945269857],[-3.064392063041303,38.13044492401971],[-3.0643715491702586,38.13111123758472],[-3.0643636215657657,38.13117775553408],[-3.06435394968712,38.1312075917584],[-3.0643410742448904,38.13122832774985],[-3.0643314048808152,38.13126158965821],[-3.064321862921677,38.13130864063629],[-3.064325187184673,38.13145401218259],[-3.064338556321028,38.131603524389305],[-3.064237235869451,38.131607002041164],[-3.06394914062018,38.1307241872571],[-3.0636676285180533,38.130697746541955],[-3.063612601320451,38.13040522480935],[-3.0635944888648083,38.13030897960044]]]},"properties":{"dn_surface":4715.79771483043,"provincia":23,"municipio":95,"agregado":0,"zona":0,"poligono":10,"parcela":378,"recinto":1,"uso_sigpac":"OV","idPanel":"23:95:0:0:10:378:1"},"id":1112544234},{"type":"Feature","geometry":{"type":"Polygon","coordinates":[[[-3.0635239744237945,38.13069773061636],[-3.0636676285180533,38.130697746541955],[-3.06394914062018,38.1307241872571],[-3.064237235869451,38.131607002041164],[-3.0640100636488237,38.13161487181051],[-3.0637360759816215,38.13106939093066],[-3.0635239744237945,38.13069773061636]]]},"properties":{"dn_surface":2770.51622257936,"provincia":23,"municipio":95,"agregado":0,"zona":0,"poligono":10,"parcela":377,"recinto":1,"uso_sigpac":"OV","idPanel":"23:95:0:0:10:377:1"},"id":1112544235},{"type":"Feature","geometry":{"type":"Polygon","coordinates":[[[-3.0631096703363756,38.13069758393303],[-3.0635239744237945,38.13069773061636],[-3.0637360759816215,38.13106939093066],[-3.0640100636488237,38.13161487181051],[-3.0638518074401793,38.1316203619574],[-3.063678980130195,38.13153609365068],[-3.0636738436996245,38.13153357321224],[-3.0636368518441532,38.13150781646044],[-3.0635436861466574,38.13144297405364],[-3.06333194920164,38.13109654829856],[-3.0631096703363756,38.13069758393303]]]},"properties":{"dn_surface":3446.54602192852,"provincia":23,"municipio":95,"agregado":0,"zona":0,"poligono":10,"parcela":376,"recinto":1,"uso_sigpac":"OV","idPanel":"23:95:0:0:10:376:1"},"id":1112544236},{"type":"Feature","geometry":{"type":"Polygon","coordinates":[[[-3.0629732045627054,38.1306974741301],[-3.0631096703363756,38.13069758393303],[-3.06333194920164,38.13109654829856],[-3.0635436861466574,38.13144297405364],[-3.0636368518441532,38.13150781646044],[-3.06291207031009,38.13163995465726],[-3.062869296617466,38.13165674025757],[-3.0626525338830066,38.131170350122176],[-3.0626397288487692,38.131141425848966],[-3.0626917477811424,38.13112779016811],[-3.063038882645302,38.1310373058416],[-3.0629732045627054,38.1306974741301]]]},"properties":{"dn_surface":4411.76517597086,"provincia":23,"municipio":95,"agregado":0,"zona":0,"poligono":10,"parcela":375,"recinto":1,"uso_sigpac":"OV","idPanel":"23:95:0:0:10:375:1"},"id":1112544237},{"type":"Feature","geometry":{"type":"Polygon","coordinates":[[[-3.062574561224106,38.12837058726299],[-3.0626418285156385,38.12856805150244],[-3.0626503872774764,38.12856948899892],[-3.0630986296928597,38.12864262194665],[-3.063076115061409,38.12886119014314],[-3.0630997361041445,38.12912434587622],[-3.0630745736293234,38.12931659824798],[-3.0627644641482505,38.12933099752033],[-3.0628008499920876,38.12957918652623],[-3.0628582408865235,38.12997012438075],[-3.0629235241814565,38.13038322901775],[-3.0629732045627054,38.1306974741301],[-3.063038882645302,38.1310373058416],[-3.0626917477811424,38.13112779016811],[-3.0626397288487692,38.131141425848966],[-3.0620965781381178,38.12992247493477],[-3.0621327426996974,38.12991632764661],[-3.062024032761844,38.129683767538296],[-3.0617840957401152,38.129170258591785],[-3.0617829532866447,38.129167735638816],[-3.061529138347008,38.12861220904736],[-3.0616575415675364,38.128549512407886],[-3.0617817714382274,38.12852181776],[-3.062437877520941,38.128395603054486],[-3.062574561224106,38.12837058726299]]]},"properties":{"dn_surface":22608.855058076926,"provincia":23,"municipio":95,"agregado":0,"zona":0,"poligono":10,"parcela":370,"recinto":1,"uso_sigpac":"OV","idPanel":"23:95:0:0:10:370:1"},"id":1155198800},{"type":"Feature","geometry":{"type":"Polygon","coordinates":[[[-3.062024032761844,38.129683767538296],[-3.0612919355022568,38.12991611977537],[-3.061305586270576,38.129733877911235],[-3.061300811100054,38.129351565035535],[-3.0617829532866447,38.129167735638816],[-3.0617840957401152,38.129170258591785],[-3.062024032761844,38.129683767538296]]]},"properties":{"dn_surface":3395.05184412626,"provincia":23,"municipio":95,"agregado":0,"zona":0,"poligono":10,"parcela":363,"recinto":1,"uso_sigpac":"OV","idPanel":"23:95:0:0:10:363:1"},"id":1112544252},{"type":"Feature","geometry":{"type":"Polygon","coordinates":[[[-3.0615287846306733,38.128611434559446],[-3.061529138347008,38.12861220904736],[-3.0617829532866447,38.129167735638816],[-3.061300811100054,38.129351565035535],[-3.0613006937534024,38.12934804966514],[-3.061264668331425,38.12924874841417],[-3.0610698578026803,38.12878062328505],[-3.061187273185687,38.12874899165698],[-3.0615287846306733,38.128611434559446]]]},"properties":{"dn_surface":2953.6051515798836,"provincia":23,"municipio":95,"agregado":0,"zona":0,"poligono":10,"parcela":364,"recinto":1,"uso_sigpac":"OV","idPanel":"23:95:0:0:10:364:1"},"id":1155198812},{"type":"Feature","geometry":{"type":"Polygon","coordinates":[[[-3.0610632713027757,38.12876479573637],[-3.0610698578026803,38.12878062328505],[-3.061264668331425,38.12924874841417],[-3.0613006937534024,38.12934804966514],[-3.061300811100054,38.129351565035535],[-3.061305586270576,38.129733877911235],[-3.0612919355022568,38.12991611977537],[-3.061236744019344,38.12995544263828],[-3.0608043274762826,38.12895841687299],[-3.0608383596815676,38.12893800526115],[-3.0609546443457685,38.12885079155345],[-3.0610632713027757,38.12876479573637]]]},"properties":{"dn_surface":2729.330229390049,"provincia":23,"municipio":95,"agregado":0,"zona":0,"poligono":10,"parcela":362,"recinto":1,"uso_sigpac":"OV","idPanel":"23:95:0:0:10:362:1"},"id":1155199298},{"type":"Feature","geometry":{"type":"Polygon","coordinates":[[[-3.0627372925311196,38.13193430615945],[-3.0625875900551733,38.132067679010646],[-3.0625088462611343,38.13192288665388],[-3.0624065157901654,38.13194592096335],[-3.0621979086479785,38.13151990987106],[-3.0617846883407043,38.131857551391136],[-3.0621148473353594,38.13205647324361],[-3.062321357325247,38.13256323811041],[-3.062445439674433,38.13288483582869],[-3.0623821286414343,38.13290514601948],[-3.0621557862292694,38.132954019223405],[-3.062081785754519,38.132883397494],[-3.0619750279620304,38.13280305946191],[-3.061885258611903,38.132706399348734],[-3.0618695534389944,38.13268705391508],[-3.0618529321240144,38.13266657943902],[-3.0618115766494913,38.13260846937723],[-3.0617539963240317,38.13252531167271],[-3.0615945121665007,38.132297552718825],[-3.0615075784143855,38.13218034185428],[-3.061490990627019,38.13213006049054],[-3.061477253525093,38.13207752355652],[-3.061474966103581,38.132071305860364],[-3.061539448926714,38.13195446966688],[-3.061545160355876,38.131828560900885],[-3.06150852473131,38.13168455728126],[-3.061427309952069,38.13144819765603],[-3.0614209112068065,38.13143819636858],[-3.0613474446593183,38.13132287143233],[-3.0612777357192473,38.1311974513313],[-3.061146602512694,38.13102898009666],[-3.0610584374589287,38.130936914943135],[-3.0609706370179732,38.130870085186956],[-3.060909214427871,38.13082820668163],[-3.060841854097208,38.130780563941215],[-3.060800738345131,38.130733989055244],[-3.060796049508217,38.130722184820314],[-3.0607782119790143,38.13067695020075],[-3.0606656782167057,38.130370936955984],[-3.060782355153999,38.13031391989449],[-3.0608196395379093,38.13028163615431],[-3.060881322805215,38.13022843118256],[-3.061017574840341,38.130111650309686],[-3.061236744019344,38.12995544263828],[-3.0612919355022568,38.12991611977537],[-3.062024032761844,38.129683767538296],[-3.0621327426996974,38.12991632764661],[-3.0620965781381178,38.12992247493477],[-3.0618579143275566,38.12996315231328],[-3.0623248039640365,38.13100711841551],[-3.062730544260474,38.13191646443926],[-3.0627372925311196,38.13193430615945]]]},"properties":{"dn_surface":27785.3546027655,"provincia":23,"municipio":95,"agregado":0,"zona":0,"poligono":10,"parcela":350,"recinto":1,"uso_sigpac":"OV","idPanel":"23:95:0:0:10:350:1"},"id":1112544262},{"type":"Feature","geometry":{"type":"Polygon","coordinates":[[[-3.0636368518441532,38.13150781646044],[-3.0636433855380645,38.131541790830596],[-3.0636414459655543,38.13154206156608],[-3.063681326225032,38.13173707409871],[-3.0630101712724667,38.13186900526247],[-3.0630712275733782,38.13201155294547],[-3.0627372925311196,38.13193430615945],[-3.062730544260474,38.13191646443926],[-3.0623248039640365,38.13100711841551],[-3.0618579143275566,38.12996315231328],[-3.0620965781381178,38.12992247493477],[-3.0626397288487692,38.131141425848966],[-3.0626525338830066,38.131170350122176],[-3.062869296617466,38.13165674025757],[-3.06291207031009,38.13163995465726],[-3.0636368518441532,38.13150781646044]]]},"properties":{"dn_surface":6836.22032733367,"provincia":23,"municipio":95,"agregado":0,"zona":0,"poligono":10,"parcela":371,"recinto":1,"uso_sigpac":"OV","idPanel":"23:95:0:0:10:371:1"},"id":1112544244},{"type":"Feature","geometry":{"type":"Polygon","coordinates":[[[-3.0627372925311196,38.13193430615945],[-3.0629780367301724,38.13257074410515],[-3.0629019567051206,38.13260286775099],[-3.06284834688743,38.13262551733112],[-3.06276795604932,38.13268567257734],[-3.0627386512377055,38.13270866916827],[-3.0624065157901654,38.13194592096335],[-3.0625088462611343,38.13192288665388],[-3.0625875900551733,38.132067679010646],[-3.0627372925311196,38.13193430615945]]]},"properties":{"dn_surface":1998.79807877739,"provincia":23,"municipio":95,"agregado":0,"zona":0,"poligono":10,"parcela":372,"recinto":1,"uso_sigpac":"OV","idPanel":"23:95:0:0:10:372:1"},"id":1112544243},{"type":"Feature","geometry":{"type":"Polygon","coordinates":[[[-3.0627372925311196,38.13193430615945],[-3.0630712275733782,38.13201155294547],[-3.0630724848589286,38.13201461653125],[-3.0632979513621597,38.13253155451457],[-3.06306111648298,38.13255767755555],[-3.0629780367301724,38.13257074410515],[-3.0627372925311196,38.13193430615945]]]},"properties":{"dn_surface":1790.23012699178,"provincia":23,"municipio":95,"agregado":0,"zona":0,"poligono":10,"parcela":373,"recinto":3,"uso_sigpac":"OV","idPanel":"23:95:0:0:10:373:3"},"id":1112544240},{"type":"Feature","geometry":{"type":"Polygon","coordinates":[[[-3.062445439674433,38.13288483582869],[-3.062321357325247,38.13256323811041],[-3.0621148473353594,38.13205647324361],[-3.0623932824406492,38.13194890156828],[-3.0624065157901654,38.13194592096335],[-3.0627386512377055,38.13270866916827],[-3.0626544986012276,38.132774685041596],[-3.0625997555501616,38.13280607694719],[-3.0625913158113542,38.132810857985106],[-3.062477494588643,38.13287454452737],[-3.062445439674433,38.13288483582869]]]},"properties":{"dn_surface":2739.15255086206,"provincia":23,"municipio":95,"agregado":0,"zona":0,"poligono":10,"parcela":348,"recinto":1,"uso_sigpac":"OV","idPanel":"23:95:0:0:10:348:1"},"id":1112544264},{"type":"Feature","geometry":{"type":"Polygon","coordinates":[[[-3.0617641719550885,38.13269449704555],[-3.0615707100746454,38.132762373701496],[-3.0617397202656993,38.13301227177752],[-3.0616673701877812,38.13303441676703],[-3.061471111266083,38.1327692451861],[-3.061039434845116,38.13221058795369],[-3.0611208734211846,38.13217314515177],[-3.0612488491646253,38.13211522033009],[-3.061350020418317,38.132069745988076],[-3.061391074144308,38.132175353783396],[-3.0614467224409707,38.132268516128136],[-3.0615742011375247,38.13243076966663],[-3.061665713923616,38.13256537214309],[-3.0617641719550885,38.13269449704555]]]},"properties":{"dn_surface":2338.47711946659,"provincia":23,"municipio":48,"agregado":0,"zona":0,"poligono":21,"parcela":540,"recinto":1,"uso_sigpac":"OV","idPanel":"23:48:0:0:21:540:1"},"id":1112040648},{"type":"Feature","geometry":{"type":"Polygon","coordinates":[[[-3.0605757227883172,38.13099735852688],[-3.060618994366019,38.131029782244866],[-3.060666066298846,38.13110339212287],[-3.060808992005675,38.13132070638662],[-3.0608798777650223,38.131488395589656],[-3.0609590146703427,38.13156334154314],[-3.0610478695547796,38.13166126480917],[-3.0611226663103803,38.13173044401293],[-3.061158325443168,38.131800544387886],[-3.0612008518696343,38.131894705017345],[-3.0612855954303204,38.131986862371804],[-3.061350020418317,38.132069745988076],[-3.0612488491646253,38.13211522033009],[-3.0611208734211846,38.13217314515177],[-3.061039434845116,38.13221058795369],[-3.0602334511046676,38.1311759768941],[-3.060566090304618,38.13100238515452],[-3.0605757227883172,38.13099735852688]]]},"properties":{"dn_surface":4502.640213895254,"provincia":23,"municipio":48,"agregado":0,"zona":0,"poligono":21,"parcela":541,"recinto":1,"uso_sigpac":"OV","idPanel":"23:48:0:0:21:541:1"},"id":1156719175},{"type":"Feature","geometry":{"type":"Polygon","coordinates":[[[-3.0614209112068065,38.13143819636858],[-3.061427309952069,38.13144819765603],[-3.06150852473131,38.13168455728126],[-3.061545160355876,38.131828560900885],[-3.061539448926714,38.13195446966688],[-3.061474966103581,38.132071305860364],[-3.061465244771704,38.132045534859344],[-3.0614429564516517,38.132001113284446],[-3.061422274942534,38.131966875722526],[-3.061381046872946,38.13192363599606],[-3.061335475300877,38.13187246698871],[-3.0612973342864116,38.1318361658021],[-3.061263525877954,38.13179634673051],[-3.061245692539703,38.131757601380826],[-3.0612218057906206,38.1317119191676],[-3.061196907345766,38.13168354139455],[-3.061156600447392,38.13165012525914],[-3.0614209112068065,38.13143819636858]]]},"properties":{"dn_surface":1159.20476826186,"provincia":23,"municipio":95,"agregado":0,"zona":0,"poligono":10,"parcela":351,"recinto":1,"uso_sigpac":"OV","idPanel":"23:95:0:0:10:351:1"},"id":1112544261},{"type":"Feature","geometry":{"type":"Polygon","coordinates":[[[-3.0614209112068065,38.13143819636858],[-3.061156600447392,38.13165012525914],[-3.061142428324665,38.131622102878794],[-3.061137845937928,38.13160047505278],[-3.061128811922152,38.13157758742665],[-3.0611096156863637,38.131545691768565],[-3.0610319732744675,38.13148444519845],[-3.0609601495800995,38.13142202348544],[-3.060909880789213,38.131346883071785],[-3.0608287758129107,38.1312375998117],[-3.0607771416099157,38.13116696634768],[-3.060756457586226,38.131129394464466],[-3.0607250179037457,38.1310563176755],[-3.060710037765505,38.13101757064939],[-3.060690842367907,38.130986757095116],[-3.0606555503625006,38.13094576707158],[-3.0605837325354655,38.13088920347104],[-3.060796049508217,38.130722184820314],[-3.060800738345131,38.130733989055244],[-3.060841854097208,38.130780563941215],[-3.060909214427871,38.13082820668163],[-3.0609706370179732,38.130870085186956],[-3.0610584374589287,38.130936914943135],[-3.061146602512694,38.13102898009666],[-3.0612777357192473,38.1311974513313],[-3.0613474446593183,38.13132287143233],[-3.0614209112068065,38.13143819636858]]]},"properties":{"dn_surface":3123.54610826364,"provincia":23,"municipio":95,"agregado":0,"zona":0,"poligono":10,"parcela":352,"recinto":1,"uso_sigpac":"OV","idPanel":"23:95:0:0:10:352:1"},"id":1112544260},{"type":"Feature","geometry":{"type":"Polygon","coordinates":[[[-3.062753301128942,38.12833945938732],[-3.0628626070201457,38.128430839739366],[-3.063026555379573,38.12855520958783],[-3.063161535879912,38.12861609657426],[-3.063759152200619,38.12870213262451],[-3.063932264495328,38.12871724519684],[-3.06393242878064,38.12871725944609],[-3.0639591796262073,38.12871959464442],[-3.0639940634329053,38.12875788066586],[-3.063986533130648,38.1287578840186],[-3.063964127463944,38.12875505931706],[-3.063626967903344,38.1287125571981],[-3.0631909488180846,38.12865762555421],[-3.0630986296928597,38.12864262194665],[-3.0626503872774764,38.12856948899892],[-3.0626418285156385,38.12856805150244],[-3.062574561224106,38.12837058726299],[-3.062572521906943,38.12836460090739],[-3.062592689605366,38.12835986429363],[-3.062753301128942,38.12833945938732]]]},"properties":{"dn_surface":1072.9937175164446,"provincia":23,"municipio":95,"agregado":0,"zona":0,"poligono":10,"parcela":384,"recinto":1,"uso_sigpac":"OV","idPanel":"23:95:0:0:10:384:1"},"id":1199704269},{"type":"Feature","geometry":{"type":"Polygon","coordinates":[[[-3.0639940634329053,38.12875788066586],[-3.063946313404072,38.129337596593075],[-3.063925993993193,38.129583832615396],[-3.063876363065175,38.13035948392283],[-3.0635944888648083,38.13030897960044],[-3.063600144135215,38.129605902167754],[-3.063601804590333,38.12954858168135],[-3.063626967903344,38.1287125571981],[-3.063964127463944,38.12875505931706],[-3.063986533130648,38.1287578840186],[-3.0639940634329053,38.12875788066586]]]},"properties":{"dn_surface":5088.9625244140625,"provincia":23,"municipio":95,"agregado":0,"zona":0,"poligono":10,"parcela":383,"recinto":1,"uso_sigpac":"OV","idPanel":"23:95:0:0:10:383:1"},"id":1179500651},{"type":"Feature","geometry":{"type":"Polygon","coordinates":[[[-3.063626967903344,38.1287125571981],[-3.063601804590333,38.12954858168135],[-3.0632183316591877,38.12956770583273],[-3.0628008499920876,38.12957918652623],[-3.0627644641482505,38.12933099752033],[-3.0630745736293234,38.12931659824798],[-3.0630997361041445,38.12912434587622],[-3.063076115061409,38.12886119014314],[-3.0630986296928597,38.12864262194665],[-3.0631909488180846,38.12865762555421],[-3.063626967903344,38.1287125571981]]]},"properties":{"dn_surface":5273.95205448465,"provincia":23,"municipio":95,"agregado":0,"zona":0,"poligono":10,"parcela":381,"recinto":2,"uso_sigpac":"OV","idPanel":"23:95:0:0:10:381:2"},"id":1112544231},{"type":"Feature","geometry":{"type":"Polygon","coordinates":[[[-3.0635944888648083,38.13030897960044],[-3.063612601320451,38.13040522480935],[-3.0629235241814565,38.13038322901775],[-3.0628582408865235,38.12997012438075],[-3.0628008499920876,38.12957918652623],[-3.0632183316591877,38.12956770583273],[-3.063601804590333,38.12954858168135],[-3.063600144135215,38.129605902167754],[-3.0635944888648083,38.13030897960044]]]},"properties":{"dn_surface":5935.3434540605,"provincia":23,"municipio":95,"agregado":0,"zona":0,"poligono":10,"parcela":380,"recinto":1,"uso_sigpac":"OV","idPanel":"23:95:0:0:10:380:1"},"id":1112544232},{"type":"Feature","geometry":{"type":"Polygon","coordinates":[[[-3.0629235241814565,38.13038322901775],[-3.063612601320451,38.13040522480935],[-3.0636676285180533,38.130697746541955],[-3.0635239744237945,38.13069773061636],[-3.0631096703363756,38.13069758393303],[-3.0629732045627054,38.1306974741301],[-3.0629235241814565,38.13038322901775]]]},"properties":{"dn_surface":2035.37126308823,"provincia":23,"municipio":95,"agregado":0,"zona":0,"poligono":10,"parcela":379,"recinto":1,"uso_sigpac":"OV","idPanel":"23:95:0:0:10:379:1"},"id":1112544233},{"type":"Feature","geometry":{"type":"Polygon","coordinates":[[[-3.064298619902796,38.12864995778875],[-3.064475856094113,38.12867150850127],[-3.0647657601581964,38.128705508017134],[-3.064693944007542,38.12875688238111],[-3.064605631432272,38.128757019006144],[-3.0639940634329053,38.12875788066586],[-3.0639591796262073,38.12871959464442],[-3.0639376649558643,38.12869598114543],[-3.0639603514163407,38.12868851622201],[-3.063960164499888,38.12868799738217],[-3.0640438125457647,38.12865009106099],[-3.0641997545108053,38.12865000808017],[-3.0641998659901235,38.12865026205182],[-3.064197791468965,38.12865037269296],[-3.0641982080495778,38.12865184204068],[-3.0642058263618237,38.1286512142361],[-3.064298619902796,38.12864995778875]]]},"properties":{"dn_surface":677.251953125,"provincia":23,"municipio":95,"agregado":0,"zona":0,"poligono":10,"parcela":391,"recinto":4,"uso_sigpac":"OV","idPanel":"23:95:0:0:10:391:4"},"id":1184431178},{"type":"Feature","geometry":{"type":"Polygon","coordinates":[[[-3.064693944007542,38.12875688238111],[-3.06469777537571,38.128830152792034],[-3.0646988775960433,38.128914870368845],[-3.064719421641941,38.12904869751924],[-3.064756664116332,38.12935411481064],[-3.064764256444678,38.129423057644715],[-3.064817171402554,38.12989979769438],[-3.064874097101336,38.13052271898226],[-3.0646471168263028,38.13048606743209],[-3.064392063041303,38.13044492401971],[-3.064079723135663,38.1303945269857],[-3.0640809946704506,38.130028073509976],[-3.064106864577941,38.12960807224263],[-3.0646375815726867,38.12965033296274],[-3.064604702717346,38.12937591614207],[-3.064605631432272,38.128757019006144],[-3.064693944007542,38.12875688238111]]]},"properties":{"dn_surface":7071.80301004472,"provincia":23,"municipio":95,"agregado":0,"zona":0,"poligono":10,"parcela":394,"recinto":1,"uso_sigpac":"OV","idPanel":"23:95:0:0:10:394:1"},"id":1112544213},{"type":"Feature","geometry":{"type":"Polygon","coordinates":[[[-3.064106864577941,38.12960807224263],[-3.0641229494510855,38.12934786945419],[-3.063946313404072,38.129337596593075],[-3.0639940634329053,38.12875788066586],[-3.064605631432272,38.128757019006144],[-3.064604702717346,38.12937591614207],[-3.0646375815726867,38.12965033296274],[-3.064106864577941,38.12960807224263]]]},"properties":{"dn_surface":5018.05119144573,"provincia":23,"municipio":95,"agregado":0,"zona":0,"poligono":10,"parcela":392,"recinto":1,"uso_sigpac":"OV","idPanel":"23:95:0:0:10:392:1"},"id":1112544215},{"type":"Feature","geometry":{"type":"Polygon","coordinates":[[[-3.063946313404072,38.129337596593075],[-3.0641229494510855,38.12934786945419],[-3.064106864577941,38.12960807224263],[-3.0640809946704506,38.130028073509976],[-3.064079723135663,38.1303945269857],[-3.063876363065175,38.13035948392283],[-3.063925993993193,38.129583832615396],[-3.063946313404072,38.129337596593075]]]},"properties":{"dn_surface":1869.93610161365,"provincia":23,"municipio":95,"agregado":0,"zona":0,"poligono":10,"parcela":393,"recinto":1,"uso_sigpac":"OV","idPanel":"23:95:0:0:10:393:1"},"id":1112544214},{"type":"Feature","geometry":{"type":"Polygon","coordinates":[[[-3.065789794093508,38.13093383710813],[-3.06606579341759,38.13154104903211],[-3.066057926162805,38.131547451968345],[-3.066031131731339,38.131569096558195],[-3.0660086665531194,38.13158397946637],[-3.065980956817773,38.1316022897349],[-3.0659272581519037,38.131650897232504],[-3.065902985835254,38.131684978052846],[-3.0658825884726695,38.13171463993356],[-3.0658610461420444,38.13174015780109],[-3.0658500775829,38.131750845566444],[-3.065776233849748,38.13156587455441],[-3.065754681460838,38.131467945421065],[-3.0656364899135524,38.13098763468042],[-3.065789794093508,38.13093383710813]]]},"properties":{"dn_surface":1592.5505732514878,"provincia":23,"municipio":95,"agregado":0,"zona":0,"poligono":10,"parcela":406,"recinto":1,"uso_sigpac":"OV","idPanel":"23:95:0:0:10:406:1"},"id":1210235909},{"type":"Feature","geometry":{"type":"Polygon","coordinates":[[[-3.065869592331027,38.13179972882864],[-3.0660087143299712,38.1321482047974],[-3.0659360658562815,38.132174074704864],[-3.0659289932059637,38.1321755205833],[-3.0658768569269386,38.13218600299203],[-3.065842175124119,38.132191970069215],[-3.0658188935484825,38.13218765674159],[-3.0658011867769766,38.13216486383095],[-3.0657846073715156,38.13200246612374],[-3.0657749522566773,38.13192460159135],[-3.065777429947402,38.131889181342814],[-3.065800106349593,38.13185573167982],[-3.0658229109949118,38.13183823529411],[-3.065831690200817,38.131831471097854],[-3.065869592331027,38.13179972882864]]]},"properties":{"dn_surface":546.1973599661862,"provincia":23,"municipio":95,"agregado":0,"zona":0,"poligono":10,"parcela":404,"recinto":1,"uso_sigpac":"OV","idPanel":"23:95:0:0:10:404:1"},"id":1210236206},{"type":"Feature","geometry":{"type":"Polygon","coordinates":[[[-3.065603642071255,38.13087715783729],[-3.0656354589394006,38.13098339930451],[-3.0656364899135524,38.13098763468042],[-3.065754681460838,38.131467945421065],[-3.065776233849748,38.13156587455441],[-3.0658500775829,38.131750845566444],[-3.0658295813138534,38.13177081712831],[-3.0658226260101866,38.13177667943174],[-3.065793095725363,38.131801299597385],[-3.0657563804727124,38.13182961869714],[-3.0657239047869385,38.13187722288086],[-3.065720525203378,38.131925532820844],[-3.065730525652649,38.1320061902035],[-3.065748141061403,38.13217850202642],[-3.065773593550092,38.13221130041549],[-3.0656220571136212,38.13224014338422],[-3.0654149318920036,38.13228578871701],[-3.065281567422692,38.132302404164676],[-3.065246623266287,38.13230679376764],[-3.065228970977156,38.13230901161933],[-3.0651230295820846,38.13161834108044],[-3.0650286451557953,38.131089711179726],[-3.0650278430076145,38.131085475803786],[-3.0650020912849656,38.13099860743051],[-3.064992255121007,38.13097247684584],[-3.065603642071255,38.13087715783729]]]},"properties":{"dn_surface":8093.321502387327,"provincia":23,"municipio":95,"agregado":0,"zona":0,"poligono":10,"parcela":403,"recinto":1,"uso_sigpac":"OV","idPanel":"23:95:0:0:10:403:1"},"id":1210235907},{"type":"Feature","geometry":{"type":"Polygon","coordinates":[[[-3.0646471168263028,38.13048606743209],[-3.064657305868405,38.13077924295317],[-3.064677949658957,38.13115127290942],[-3.0650286451557953,38.131089711179726],[-3.0651230295820846,38.13161834108044],[-3.065228970977156,38.13230901161933],[-3.064933702494723,38.13234575956142],[-3.0644099014086965,38.13240425770536],[-3.0643791247347965,38.13205584627724],[-3.064338556321028,38.131603524389305],[-3.064325187184673,38.13145401218259],[-3.064321862921677,38.13130864063629],[-3.0643314048808152,38.13126158965821],[-3.0643410742448904,38.13122832774985],[-3.06435394968712,38.1312075917584],[-3.0643636215657657,38.13117775553408],[-3.0643715491702586,38.13111123758472],[-3.064392063041303,38.13044492401971],[-3.0646471168263028,38.13048606743209]]]},"properties":{"dn_surface":11169.9655909414,"provincia":23,"municipio":95,"agregado":0,"zona":0,"poligono":10,"parcela":402,"recinto":1,"uso_sigpac":"OV","idPanel":"23:95:0:0:10:402:1"},"id":1112544205},{"type":"Feature","geometry":{"type":"Polygon","coordinates":[[[-3.0646471168263028,38.13048606743209],[-3.064874097101336,38.13052271898226],[-3.0648744432739585,38.13052677498547],[-3.064907617172308,38.13074756606281],[-3.064933488756179,38.13084128412777],[-3.0649721251411512,38.13091877231261],[-3.064992255121007,38.13097247684584],[-3.0650020912849656,38.13099860743051],[-3.0650278430076145,38.131085475803786],[-3.0650286451557953,38.131089711179726],[-3.064677949658957,38.13115127290942],[-3.064657305868405,38.13077924295317],[-3.0646471168263028,38.13048606743209]]]},"properties":{"dn_surface":1677.69083488994,"provincia":23,"municipio":95,"agregado":0,"zona":0,"poligono":10,"parcela":401,"recinto":1,"uso_sigpac":"OV","idPanel":"23:95:0:0:10:401:1"},"id":1112544206},{"type":"Feature","geometry":{"type":"Polygon","coordinates":[[[-3.0580849085165505,38.13302423610685],[-3.0582786268832463,38.13326622334219],[-3.058321337711593,38.133309193171385],[-3.058339615290738,38.13333469092234],[-3.0579638084486906,38.133548286973564],[-3.0579470756543916,38.13359912573392],[-3.057942302998442,38.133623552277584],[-3.0578494382112877,38.13364621778334],[-3.0578208601107213,38.13372346959852],[-3.057568132303991,38.133746119178625],[-3.05700068916012,38.13361299610813],[-3.056948537793668,38.133463410978834],[-3.0573401436859453,38.13331208744273],[-3.057727412781263,38.13316238748135],[-3.0580849085165505,38.13302423610685]]]},"properties":{"dn_surface":5182.41175314119,"provincia":23,"municipio":48,"agregado":0,"zona":0,"poligono":21,"parcela":559,"recinto":1,"uso_sigpac":"OV","idPanel":"23:48:0:0:21:559:1"},"id":1112040622},{"type":"Feature","geometry":{"type":"Polygon","coordinates":[[[-3.058881315093863,38.13408067699629],[-3.0577677607509646,38.13424316187533],[-3.0577131576776893,38.134168382721754],[-3.0574586545837605,38.13425565342638],[-3.0572996339455027,38.13431241735441],[-3.0571780996950326,38.134012894217676],[-3.05700068916012,38.13361299610813],[-3.057568132303991,38.133746119178625],[-3.0578208601107213,38.13372346959852],[-3.0578494382112877,38.13364621778334],[-3.057942302998442,38.133623552277584],[-3.0579470756543916,38.13359912573392],[-3.0579638084486906,38.133548286973564],[-3.058339615290738,38.13333469092234],[-3.0584058717246867,38.1334271282324],[-3.058427830635925,38.13348930519385],[-3.0584547834853697,38.13351831328606],[-3.058881315093863,38.13408067699629]]]},"properties":{"dn_surface":9137.57780628688,"provincia":23,"municipio":48,"agregado":0,"zona":0,"poligono":21,"parcela":498,"recinto":2,"uso_sigpac":"OV","idPanel":"23:48:0:0:21:498:2"},"id":1112040695},{"type":"Feature","geometry":{"type":"Polygon","coordinates":[[[-3.0565689121563078,38.133486053853375],[-3.0566682645369023,38.13371643466675],[-3.0567826129813556,38.133981531648715],[-3.056835279834883,38.13410362916312],[-3.0567311221089137,38.13413125591762],[-3.0566308410133924,38.134156087307275],[-3.0564884601303013,38.134187606617814],[-3.0562258651465686,38.13354829787005],[-3.0563500908263075,38.133505435329255],[-3.0564795032280387,38.133473746704254],[-3.0565689121563078,38.133486053853375]]]},"properties":{"dn_surface":2357.1099926043585,"provincia":23,"municipio":48,"agregado":0,"zona":0,"poligono":21,"parcela":569,"recinto":2,"uso_sigpac":"OV","idPanel":"23:48:0:0:21:569:2"},"id":1156719605},{"type":"Feature","geometry":{"type":"Polygon","coordinates":[[[-3.058881315093863,38.13408067699629],[-3.0591803554329484,38.13445509747149],[-3.0590069464188483,38.13449754007891],[-3.0588594441926142,38.13454546780409],[-3.058496494352608,38.13457844724226],[-3.058228149382958,38.134623367540456],[-3.058069378525429,38.13470707928877],[-3.0579604355706533,38.13474480372264],[-3.0579241519860414,38.13474797459679],[-3.0575412741700574,38.13483458564559],[-3.0572996339455027,38.13431241735441],[-3.0574586545837605,38.13425565342638],[-3.0577131576776893,38.134168382721754],[-3.0577677607509646,38.13424316187533],[-3.058881315093863,38.13408067699629]]]},"properties":{"dn_surface":7849.81889035393,"provincia":23,"municipio":48,"agregado":0,"zona":0,"poligono":21,"parcela":499,"recinto":1,"uso_sigpac":"OV","idPanel":"23:48:0:0:21:499:1"},"id":1112040694},{"type":"Feature","geometry":{"type":"Polygon","coordinates":[[[-3.05700068916012,38.13361299610813],[-3.0571780996950326,38.134012894217676],[-3.0570768144474516,38.13406503384948],[-3.0570274182127366,38.13408091923333],[-3.056861292234736,38.13366470323368],[-3.0568102992473714,38.13353683729318],[-3.056948537793668,38.133463410978834],[-3.05700068916012,38.13361299610813]]]},"properties":{"dn_surface":898.818553353157,"provincia":23,"municipio":48,"agregado":0,"zona":0,"poligono":21,"parcela":560,"recinto":1,"uso_sigpac":"OV","idPanel":"23:48:0:0:21:560:1"},"id":1112040621},{"type":"Feature","geometry":{"type":"Polygon","coordinates":[[[-3.0567117850571437,38.13330927531405],[-3.056713385162555,38.13331297257176],[-3.0568102992473714,38.13353683729318],[-3.056861292234736,38.13366470323368],[-3.0566682645369023,38.13371643466675],[-3.0565689121563078,38.133486053853375],[-3.056568866055838,38.133485947403244],[-3.056613731871619,38.133474791927625],[-3.056622381158017,38.133440544307405],[-3.0566657021889507,38.13336518680248],[-3.0567117850571437,38.13330927531405]]]},"properties":{"dn_surface":605.2153261825204,"provincia":23,"municipio":48,"agregado":0,"zona":0,"poligono":21,"parcela":1075,"recinto":1,"uso_sigpac":"OV","idPanel":"23:48:0:0:21:1075:1"},"id":1156719608},{"type":"Feature","geometry":{"type":"Polygon","coordinates":[[[-3.0573401436859453,38.13331208744273],[-3.056948537793668,38.133463410978834],[-3.0568430372867312,38.13323390858898],[-3.057121155556062,38.13299999228866],[-3.0573401436859453,38.13331208744273]]]},"properties":{"dn_surface":1185.64804892658,"provincia":23,"municipio":48,"agregado":0,"zona":0,"poligono":21,"parcela":562,"recinto":2,"uso_sigpac":"OV","idPanel":"23:48:0:0:21:562:2"},"id":1112040619},{"type":"Feature","geometry":{"type":"Polygon","coordinates":[[[-3.0568015443489873,38.13314130028809],[-3.056810763604836,38.13316187702341],[-3.0568430372867312,38.13323390858898],[-3.056948537793668,38.133463410978834],[-3.0568102992473714,38.13353683729318],[-3.056713385162555,38.13331297257176],[-3.0567628316886917,38.13324641690383],[-3.0567471340594965,38.13319835003904],[-3.0568015443489873,38.13314130028809]]]},"properties":{"dn_surface":448.934711581536,"provincia":23,"municipio":48,"agregado":0,"zona":0,"poligono":21,"parcela":561,"recinto":1,"uso_sigpac":"OV","idPanel":"23:48:0:0:21:561:1"},"id":1156719615},{"type":"Feature","geometry":{"type":"Polygon","coordinates":[[[-3.057821469475119,38.131762500603486],[-3.058219768317477,38.13230244188324],[-3.0576794121335094,38.132497639655924],[-3.057483413889015,38.13224004280136],[-3.057483320011694,38.13223991874921],[-3.057565223783417,38.132197835725435],[-3.0575455154133158,38.13216482862697],[-3.0576187673840685,38.13207890321786],[-3.057821469475119,38.131762500603486]]]},"properties":{"dn_surface":2609.337976621418,"provincia":23,"municipio":48,"agregado":0,"zona":0,"poligono":21,"parcela":564,"recinto":1,"uso_sigpac":"OV","idPanel":"23:48:0:0:21:564:1"},"id":1318201318},{"type":"Feature","geometry":{"type":"Polygon","coordinates":[[[-3.056810763604836,38.13316187702341],[-3.056957250782534,38.133043911787496],[-3.0569507212795743,38.132969829170094],[-3.057002442654368,38.13289571889243],[-3.0570929906833464,38.13281392576184],[-3.0571835454178475,38.132739796205755],[-3.0572126071542565,38.132658032411825],[-3.057280467046378,38.13253026621598],[-3.057322500616908,38.13248426129948],[-3.0574130662478844,38.132425459730655],[-3.0574292072797844,38.132374358616744],[-3.0574776513302413,38.13224915560704],[-3.057483413889015,38.13224004280136],[-3.0576794121335094,38.132497639655924],[-3.0576964290743427,38.1325161075043],[-3.0574103320709063,38.132756788000876],[-3.057121155556062,38.13299999228866],[-3.0568430372867312,38.13323390858898],[-3.056810763604836,38.13316187702341]]]},"properties":{"dn_surface":2016.6223441001478,"provincia":23,"municipio":48,"agregado":0,"zona":0,"poligono":21,"parcela":565,"recinto":1,"uso_sigpac":"OV","idPanel":"23:48:0:0:21:565:1"},"id":1156719181},{"type":"Feature","geometry":{"type":"Polygon","coordinates":[[[-3.0585750319518166,38.132793281133075],[-3.0585293447094766,38.132814809214466],[-3.0581726016691384,38.132982914159925],[-3.0580849085165505,38.13302423610685],[-3.0577727295434607,38.13261448926042],[-3.0577220098061564,38.13254286254079],[-3.0576964290743427,38.1325161075043],[-3.0576794121335094,38.132497639655924],[-3.058219768317477,38.13230244188324],[-3.0585750319518166,38.132793281133075]]]},"properties":{"dn_surface":3324.73577679057,"provincia":23,"municipio":48,"agregado":0,"zona":0,"poligono":21,"parcela":563,"recinto":1,"uso_sigpac":"OV","idPanel":"23:48:0:0:21:563:1"},"id":1112040618},{"type":"Feature","geometry":{"type":"Polygon","coordinates":[[[-3.0580849085165505,38.13302423610685],[-3.057727412781263,38.13316238748135],[-3.0574103320709063,38.132756788000876],[-3.0576964290743427,38.1325161075043],[-3.0577220098061564,38.13254286254079],[-3.0577727295434607,38.13261448926042],[-3.0580849085165505,38.13302423610685]]]},"properties":{"dn_surface":2084.34749272799,"provincia":23,"municipio":48,"agregado":0,"zona":0,"poligono":21,"parcela":1068,"recinto":1,"uso_sigpac":"OV","idPanel":"23:48:0:0:21:1068:1"},"id":1112041321},{"type":"Feature","geometry":{"type":"Polygon","coordinates":[[[-3.057727412781263,38.13316238748135],[-3.0573401436859453,38.13331208744273],[-3.057121155556062,38.13299999228866],[-3.0574103320709063,38.132756788000876],[-3.057727412781263,38.13316238748135]]]},"properties":{"dn_surface":1692.21265273373,"provincia":23,"municipio":48,"agregado":0,"zona":0,"poligono":21,"parcela":1067,"recinto":2,"uso_sigpac":"OV","idPanel":"23:48:0:0:21:1067:2"},"id":1112041322},{"type":"Feature","geometry":{"type":"Polygon","coordinates":[[[-3.058436983674734,38.133122526500216],[-3.05842133549877,38.13318526421105],[-3.058375125225641,38.133208108251296],[-3.0583211734262807,38.13318531450247],[-3.0582633617602797,38.13315187154501],[-3.058232517192961,38.13311993733018],[-3.0581997422732257,38.133081918691516],[-3.05819970539285,38.13303627587325],[-3.0581726016691384,38.132982914159925],[-3.0585293447094766,38.132814809214466],[-3.0585750319518166,38.132793281133075],[-3.0587254603006215,38.13300398710393],[-3.058666736683502,38.1330287019851],[-3.058586956047979,38.13306128244466],[-3.058436983674734,38.133122526500216]]]},"properties":{"dn_surface":1149.68096659673,"provincia":23,"municipio":48,"agregado":0,"zona":0,"poligono":21,"parcela":558,"recinto":3,"uso_sigpac":"FY","idPanel":"23:48:0:0:21:558:3"},"id":1112040624},{"type":"Feature","geometry":{"type":"Polygon","coordinates":[[[-3.060894019712896,38.13283054791498],[-3.060471032811464,38.13337457788731],[-3.060092064315352,38.13389497172952],[-3.060002373755119,38.13375468967513],[-3.0597970657302183,38.13344313347747],[-3.0599593628546216,38.133352116900056],[-3.0601548129226153,38.133199888118355],[-3.060297866872571,38.13315835997662],[-3.0607259642206706,38.132585307662794],[-3.0608141661548114,38.13271856065282],[-3.0608372331537144,38.132740359469665],[-3.060894019712896,38.13283054791498]]]},"properties":{"dn_surface":4286.01512614364,"provincia":23,"municipio":48,"agregado":0,"zona":0,"poligono":21,"parcela":537,"recinto":1,"uso_sigpac":"OV","idPanel":"23:48:0:0:21:537:1"},"id":1112040651},{"type":"Feature","geometry":{"type":"Polygon","coordinates":[[[-3.0612374858178186,38.133378794823074],[-3.0609748765848503,38.13358738687782],[-3.0609193816770244,38.13367609843172],[-3.060861799675184,38.13372578719486],[-3.060849367635659,38.13373246254295],[-3.060760547955218,38.13381380053619],[-3.0605956608225795,38.13394600662642],[-3.060400897232496,38.134102291411324],[-3.0603815115656863,38.13411780212405],[-3.060278391519391,38.134156877720756],[-3.0601926438066447,38.13409302018766],[-3.0601632459558985,38.13400633286349],[-3.060092064315352,38.13389497172952],[-3.060471032811464,38.13337457788731],[-3.060894019712896,38.13283054791498],[-3.060936409514332,38.13289776072415],[-3.0610354685282988,38.13305056534264],[-3.0612374858178186,38.133378794823074]]]},"properties":{"dn_surface":6217.09049921006,"provincia":23,"municipio":48,"agregado":0,"zona":0,"poligono":21,"parcela":535,"recinto":1,"uso_sigpac":"OV","idPanel":"23:48:0:0:21:535:1"},"id":1112040652},{"type":"Feature","geometry":{"type":"Polygon","coordinates":[[[-3.0596932181346843,38.13439365392665],[-3.059603464710174,38.134453181368286],[-3.058776579016541,38.133259317491735],[-3.058876957342145,38.13321618924459],[-3.0596932181346843,38.13439365392665]]]},"properties":{"dn_surface":1506.07888383835,"provincia":23,"municipio":48,"agregado":0,"zona":0,"poligono":21,"parcela":555,"recinto":1,"uso_sigpac":"OV","idPanel":"23:48:0:0:21:555:1"},"id":1112040628},{"type":"Feature","geometry":{"type":"Polygon","coordinates":[[[-3.058776579016541,38.133259317491735],[-3.059603464710174,38.134453181368286],[-3.0594009059496763,38.13456981220514],[-3.058591799950111,38.133347999709],[-3.058776579016541,38.133259317491735]]]},"properties":{"dn_surface":3091.12608835457,"provincia":23,"municipio":48,"agregado":0,"zona":0,"poligono":21,"parcela":556,"recinto":1,"uso_sigpac":"OV","idPanel":"23:48:0:0:21:556:1"},"id":1112040627},{"type":"Feature","geometry":{"type":"Polygon","coordinates":[[[-3.058591799950111,38.133347999709],[-3.0594009059496763,38.13456981220514],[-3.0593113645873284,38.13461905505102],[-3.0591803554329484,38.13445509747149],[-3.058881315093863,38.13408067699629],[-3.0584547834853697,38.13351831328606],[-3.058427830635925,38.13348930519385],[-3.0584058717246867,38.1334271282324],[-3.058591799950111,38.133347999709]]]},"properties":{"dn_surface":2333.91124674531,"provincia":23,"municipio":48,"agregado":0,"zona":0,"poligono":21,"parcela":557,"recinto":2,"uso_sigpac":"IM","idPanel":"23:48:0:0:21:557:2"},"id":1112040626},{"type":"Feature","geometry":{"type":"Polygon","coordinates":[[[-3.058876957342145,38.13321618924459],[-3.058776579016541,38.133259317491735],[-3.058591799950111,38.133347999709],[-3.0585369043483976,38.13326802964244],[-3.058436983674734,38.133122526500216],[-3.058586956047979,38.13306128244466],[-3.058666736683502,38.1330287019851],[-3.0587254603006215,38.13300398710393],[-3.058876957342145,38.13321618924459]]]},"properties":{"dn_surface":791.383053232895,"provincia":23,"municipio":48,"agregado":0,"zona":0,"poligono":21,"parcela":558,"recinto":2,"uso_sigpac":"OV","idPanel":"23:48:0:0:21:558:2"},"id":1112040625},{"type":"Feature","geometry":{"type":"Polygon","coordinates":[[[-3.0595940753016815,38.13025235397379],[-3.0595943292733625,38.13025263895858],[-3.0599984652734373,38.13070635391887],[-3.059679477679996,38.13089415214699],[-3.0592260133386264,38.13040244117914],[-3.0593104056975475,38.13033335082358],[-3.0593715533612102,38.13033573379877],[-3.059469374368004,38.13032120293056],[-3.0595940753016815,38.13025235397379]]]},"properties":{"dn_surface":2294.9914358016767,"provincia":23,"municipio":48,"agregado":0,"zona":0,"poligono":21,"parcela":547,"recinto":1,"uso_sigpac":"OV","idPanel":"23:48:0:0:21:547:1"},"id":1156719624},{"type":"Feature","geometry":{"type":"Polygon","coordinates":[[[-3.0588986740163664,38.13116842144615],[-3.0591960748550937,38.130951885861265],[-3.0589129375018436,38.13068473363654],[-3.0589337405485653,38.13061961295051],[-3.0589559450495805,38.1305057137761],[-3.0590064602684355,38.13047751034662],[-3.0590911476703675,38.13043050379267],[-3.0591594844928074,38.13038350645877],[-3.0591840451469445,38.13036774680347],[-3.059190323192795,38.13036374276808],[-3.0592260133386264,38.13040244117914],[-3.059679477679996,38.13089415214699],[-3.059842335553755,38.1310724327235],[-3.059202692368042,38.13150651894176],[-3.0588986740163664,38.13116842144615]]]},"properties":{"dn_surface":5361.4806408961895,"provincia":23,"municipio":48,"agregado":0,"zona":0,"poligono":21,"parcela":546,"recinto":2,"uso_sigpac":"OV","idPanel":"23:48:0:0:21:546:2"},"id":1156719620},{"type":"Feature","geometry":{"type":"Polygon","coordinates":[[[-3.0593092540239843,38.13163183343076],[-3.059143273052917,38.13195780985549],[-3.0585120721205814,38.13128144387346],[-3.0588050263594107,38.13106608343145],[-3.0588986740163664,38.13116842144615],[-3.059202692368042,38.13150651894176],[-3.0593092540239843,38.13163183343076]]]},"properties":{"dn_surface":2896.81336420192,"provincia":23,"municipio":48,"agregado":0,"zona":0,"poligono":21,"parcela":545,"recinto":1,"uso_sigpac":"OV","idPanel":"23:48:0:0:21:545:1"},"id":1112040640},{"type":"Feature","geometry":{"type":"Polygon","coordinates":[[[-3.059143273052917,38.13195780985549],[-3.05900667568336,38.132217348797184],[-3.058846779136168,38.13203338780454],[-3.058427929542388,38.13150229362412],[-3.0583342810472414,38.13139878298111],[-3.0585120721205814,38.13128144387346],[-3.059143273052917,38.13195780985549]]]},"properties":{"dn_surface":2340.83935618841,"provincia":23,"municipio":48,"agregado":0,"zona":0,"poligono":21,"parcela":544,"recinto":1,"uso_sigpac":"OV","idPanel":"23:48:0:0:21:544:1"},"id":1112040641},{"type":"Feature","geometry":{"type":"Polygon","coordinates":[[[-3.056173265348271,38.12947054531995],[-3.0561732603191296,38.12946486741842],[-3.05610901386568,38.12930762625831],[-3.0560646660515465,38.12920886815468],[-3.05602464916704,38.129103257844804],[-3.056127993848353,38.12906589886194],[-3.0561267164462342,38.12903723945692],[-3.0561138946481874,38.12898217789353],[-3.0562086705093785,38.12893103319368],[-3.056437216524017,38.12879213415337],[-3.056520350759199,38.12873630816037],[-3.0567984757340536,38.129254225988205],[-3.0564219287699115,38.12937642995277],[-3.056173265348271,38.12947054531995]]]},"properties":{"dn_surface":3059.99244935369,"provincia":23,"municipio":48,"agregado":0,"zona":0,"poligono":20,"parcela":235,"recinto":1,"uso_sigpac":"OV","idPanel":"23:48:0:0:20:235:1"},"id":1112039924},{"type":"Feature","geometry":{"type":"Polygon","coordinates":[[[-3.056782352304152,38.13007681595619],[-3.05666330412631,38.13016961033537],[-3.05652464648483,38.13028377353973],[-3.0564476804925613,38.130350142291206],[-3.056103886655204,38.129755736239616],[-3.05610380702712,38.12965434454185],[-3.0558263919995063,38.12975216722501],[-3.055775331956913,38.12953201149594],[-3.055710004237891,38.12930366077967],[-3.0557138817065286,38.12915368924462],[-3.0557866005882084,38.12890752195392],[-3.056033751076236,38.12950900233221],[-3.056173265348271,38.12947054531995],[-3.0564219287699115,38.12937642995277],[-3.056782352304152,38.13007681595619]]]},"properties":{"dn_surface":5176.06812699017,"provincia":23,"municipio":48,"agregado":0,"zona":0,"poligono":20,"parcela":233,"recinto":1,"uso_sigpac":"OV","idPanel":"23:48:0:0:20:233:1"},"id":1112039926},{"type":"Feature","geometry":{"type":"Polygon","coordinates":[[[-3.0564476804925613,38.130350142291206],[-3.0564232790945933,38.13037124289551],[-3.056353523215861,38.13046500622275],[-3.0563548173817883,38.13051547617931],[-3.056306297894197,38.13062797557578],[-3.0562289614217852,38.13051255927684],[-3.0561109802602813,38.130366518016416],[-3.0560002821348777,38.130194157578444],[-3.055860709189517,38.13001135412671],[-3.055838156839499,38.12991619102158],[-3.0558334101674505,38.129827419118016],[-3.0558303985494613,38.129769469150546],[-3.0558263919995063,38.12975216722501],[-3.05610380702712,38.12965434454185],[-3.056103886655204,38.129755736239616],[-3.0564476804925613,38.130350142291206]]]},"properties":{"dn_surface":2601.84326239313,"provincia":23,"municipio":48,"agregado":0,"zona":0,"poligono":20,"parcela":232,"recinto":1,"uso_sigpac":"OV","idPanel":"23:48:0:0:20:232:1"},"id":1112039927},{"type":"Feature","geometry":{"type":"Polygon","coordinates":[[[-3.056437216524017,38.12879213415337],[-3.0562086705093785,38.12893103319368],[-3.0561138946481874,38.12898217789353],[-3.055987852609923,38.12873763250113],[-3.055926149226048,38.128621578339306],[-3.0559752085082357,38.12861381585827],[-3.056040232802345,38.1287152729349],[-3.0560967997556507,38.1288334611294],[-3.056294388885461,38.12873969193487],[-3.056326910671705,38.128802130411714],[-3.056397479595094,38.12877087177833],[-3.056437216524017,38.12879213415337]]]},"properties":{"dn_surface":520.515585811607,"provincia":23,"municipio":48,"agregado":0,"zona":0,"poligono":20,"parcela":266,"recinto":2,"uso_sigpac":"OV","idPanel":"23:48:0:0:20:266:2"},"id":1112039896},{"type":"Feature","geometry":{"type":"Polygon","coordinates":[[[-3.0562289614217852,38.13051255927684],[-3.056306297894197,38.13062797557578],[-3.0563060363788033,38.130731170221026],[-3.056268260815338,38.130866827141006],[-3.0561988762549386,38.13099961493535],[-3.0561210368683054,38.13111726501165],[-3.056055430031891,38.131267354731534],[-3.055951891728603,38.131105752466965],[-3.055954557173971,38.13110278275849],[-3.055958754831329,38.13109541925613],[-3.055961079133217,38.131087556192284],[-3.055961445422407,38.13107948525726],[-3.0559598377732833,38.131071510714094],[-3.0559563173737416,38.13106392928219],[-3.0559105044028456,38.130988694153075],[-3.0559084131178804,38.130985599554236],[-3.0558513734252073,38.13090913815256],[-3.0558499183267305,38.13090699070884],[-3.055849081812744,38.13090618688429],[-3.0557363510757,38.130763908260406],[-3.0557341491496053,38.13076134675063],[-3.0557247605793036,38.13075124571853],[-3.055667545704844,38.130661944916795],[-3.0562289614217852,38.13051255927684]]]},"properties":{"dn_surface":2414.733154296875,"provincia":23,"municipio":48,"agregado":0,"zona":0,"poligono":20,"parcela":230,"recinto":1,"uso_sigpac":"OV","idPanel":"23:48:0:0:20:230:1"},"id":1429198773},{"type":"Feature","geometry":{"type":"Polygon","coordinates":[[[-3.056173265348271,38.12947054531995],[-3.056033751076236,38.12950900233221],[-3.0557866005882084,38.12890752195392],[-3.0557854271216947,38.128866244431066],[-3.055870072614108,38.12854914360415],[-3.055926149226048,38.128621578339306],[-3.055987852609923,38.12873763250113],[-3.0561138946481874,38.12898217789353],[-3.0561267164462342,38.12903723945692],[-3.056127993848353,38.12906589886194],[-3.05602464916704,38.129103257844804],[-3.0560646660515465,38.12920886815468],[-3.05610901386568,38.12930762625831],[-3.0561732603191296,38.12946486741842],[-3.056173265348271,38.12947054531995]]]},"properties":{"dn_surface":1664.10476646154,"provincia":23,"municipio":48,"agregado":0,"zona":0,"poligono":20,"parcela":234,"recinto":1,"uso_sigpac":"OV","idPanel":"23:48:0:0:20:234:1"},"id":1112039925},{"type":"Feature","geometry":{"type":"Polygon","coordinates":[[[-3.0581475313952584,38.12861901766772],[-3.057949024446995,38.12879053153341],[-3.0578902069525546,38.128862750853614],[-3.057832314820278,38.12894992935733],[-3.057301741994276,38.12836120288364],[-3.057283014306903,38.12834165376972],[-3.057524813787628,38.12820432885093],[-3.0576616483650594,38.12812661603104],[-3.0577726432098533,38.12824165598252],[-3.0579311391409414,38.12840038325419],[-3.0581475313952584,38.12861901766772]]]},"properties":{"dn_surface":3161.78100583915,"provincia":23,"municipio":48,"agregado":0,"zona":0,"poligono":20,"parcela":239,"recinto":3,"uso_sigpac":"OV","idPanel":"23:48:0:0:20:239:3"},"id":1112039920},{"type":"Feature","geometry":{"type":"Polygon","coordinates":[[[-3.057301741994276,38.12836120288364],[-3.057832314820278,38.12894992935733],[-3.0578071489926963,38.12901239884718],[-3.057673608503407,38.1292413823972],[-3.0574815480772584,38.12948868795044],[-3.0569263827458846,38.128535050271324],[-3.057301741994276,38.12836120288364]]]},"properties":{"dn_surface":4697.56698829627,"provincia":23,"municipio":48,"agregado":0,"zona":0,"poligono":20,"parcela":238,"recinto":1,"uso_sigpac":"OV","idPanel":"23:48:0:0:20:238:1"},"id":1112039921},{"type":"Feature","geometry":{"type":"Polygon","coordinates":[[[-3.057301741994276,38.12836120288364],[-3.0569263827458846,38.128535050271324],[-3.05688470372988,38.128508068923395],[-3.057048172644417,38.12842673847385],[-3.0570111615105664,38.128320498683024],[-3.0572023183675006,38.12824822488045],[-3.0575938178096007,38.12805643938074],[-3.0576616483650594,38.12812661603104],[-3.057524813787628,38.12820432885093],[-3.057283014306903,38.12834165376972],[-3.057301741994276,38.12836120288364]]]},"properties":{"dn_surface":867.764367387722,"provincia":23,"municipio":48,"agregado":0,"zona":0,"poligono":20,"parcela":383,"recinto":2,"uso_sigpac":"OV","idPanel":"23:48:0:0:20:383:2"},"id":1112039770},{"type":"Feature","geometry":{"type":"Polygon","coordinates":[[[-3.0569263827458846,38.128535050271324],[-3.0574815480772584,38.12948868795044],[-3.0574179470303915,38.129572264750124],[-3.0573040528851183,38.12968695852902],[-3.0571934536661773,38.12978569819248],[-3.057108950666127,38.12984251660288],[-3.0567984757340536,38.129254225988205],[-3.0566624902434634,38.129000997781816],[-3.0567413119892066,38.12898032968374],[-3.0567820807304726,38.129022527539604],[-3.0570867796927264,38.12890943805709],[-3.0568759555370186,38.12856004594627],[-3.0569263827458846,38.128535050271324]]]},"properties":{"dn_surface":4032.0634765625,"provincia":23,"municipio":48,"agregado":0,"zona":0,"poligono":20,"parcela":237,"recinto":1,"uso_sigpac":"OV","idPanel":"23:48:0:0:20:237:1"},"id":1428514369},{"type":"Feature","geometry":{"type":"Polygon","coordinates":[[[-3.057108950666127,38.12984251660288],[-3.0570108823931745,38.1299161952125],[-3.056782352304152,38.13007681595619],[-3.0564219287699115,38.12937642995277],[-3.0567984757340536,38.129254225988205],[-3.057108950666127,38.12984251660288]]]},"properties":{"dn_surface":2789.61503713624,"provincia":23,"municipio":48,"agregado":0,"zona":0,"poligono":20,"parcela":236,"recinto":1,"uso_sigpac":"OV","idPanel":"23:48:0:0:20:236:1"},"id":1112039923},{"type":"Feature","geometry":{"type":"Polygon","coordinates":[[[-3.0568759555370186,38.12856004594627],[-3.0570867796927264,38.12890943805709],[-3.0567820807304726,38.129022527539604],[-3.0567413119892066,38.12898032968374],[-3.0566624902434634,38.129000997781816],[-3.0565526546159476,38.128796463406644],[-3.056545367388896,38.128782893104585],[-3.0565297384913106,38.128753790296855],[-3.056523544264498,38.12874225512101],[-3.0565208419387537,38.12873722262606],[-3.056520350759199,38.12873630816037],[-3.056522075754975,38.12873545320616],[-3.056752306532252,38.128621335264086],[-3.0568759555370186,38.12856004594627]]]},"properties":{"dn_surface":1471.5072021484375,"provincia":23,"municipio":48,"agregado":0,"zona":0,"poligono":20,"parcela":237,"recinto":2,"uso_sigpac":"OV","idPanel":"23:48:0:0:20:237:2"},"id":1428514370},{"type":"Feature","geometry":{"type":"Polygon","coordinates":[[[-3.0572088839126454,38.13091668102763],[-3.057127861078999,38.130810373343394],[-3.057183013166965,38.13071859988011],[-3.057329155848423,38.130548373474824],[-3.057484082764929,38.13037597950927],[-3.057668748675659,38.130180041614466],[-3.0576824212369274,38.13016553421562],[-3.057691101536369,38.130156324179836],[-3.0577586001684423,38.130084705003924],[-3.0579628587790046,38.13000943634714],[-3.058033526608856,38.12992692488743],[-3.058102486206739,38.129815148011005],[-3.0581681098069615,38.129700599239044],[-3.0585715375361757,38.12934489220203],[-3.0585865922733593,38.129331618619375],[-3.0587462675382944,38.129511302326534],[-3.0586735679349935,38.129581745521364],[-3.0585659920687074,38.129745316695136],[-3.0584915305892544,38.12987616743155],[-3.058404682332556,38.13005934890711],[-3.0583094731269465,38.13014769584822],[-3.0581645399541877,38.13021971484093],[-3.0580775844091224,38.13026881267987],[-3.058004953537431,38.13037019264297],[-3.057840506454736,38.13044946365878],[-3.0578686579164063,38.13053180664224],[-3.0578286066660945,38.13062368655568],[-3.0577684572871595,38.130671229551524],[-3.0577681270401555,38.13067464936822],[-3.0575768754677104,38.13071675837588],[-3.057332016592146,38.130804030756906],[-3.0572088839126454,38.13091668102763]]]},"properties":{"dn_surface":6307.388018312633,"provincia":23,"municipio":48,"agregado":0,"zona":0,"poligono":21,"parcela":550,"recinto":3,"uso_sigpac":"OV","idPanel":"23:48:0:0:21:550:3"},"id":1318201447},{"type":"Feature","geometry":{"type":"Polygon","coordinates":[[[-3.0608051631520783,38.12826924585664],[-3.06068947863218,38.12801313343721],[-3.060556182894479,38.12770586877426],[-3.0606860864757652,38.12764352752751],[-3.0609059639256273,38.12813915452074],[-3.0609312680546203,38.12819619253702],[-3.0608051631520783,38.12826924585664]]]},"properties":{"dn_surface":864.1170996055612,"provincia":23,"municipio":95,"agregado":0,"zona":0,"poligono":10,"parcela":365,"recinto":1,"uso_sigpac":"OV","idPanel":"23:95:0:0:10:365:1"},"id":1155199302},{"type":"Feature","geometry":{"type":"Polygon","coordinates":[[[-3.060556182894479,38.12770586877426],[-3.06068947863218,38.12801313343721],[-3.0608051631520783,38.12826924585664],[-3.0606786408307336,38.1283425414133],[-3.060560777015881,38.12839930534136],[-3.0603108630142124,38.12782874077658],[-3.060327625983365,38.12781791806253],[-3.0605264154017813,38.1277202135642],[-3.060556182894479,38.12770586877426]]]},"properties":{"dn_surface":1660.1970169955657,"provincia":23,"municipio":95,"agregado":0,"zona":0,"poligono":10,"parcela":362,"recinto":2,"uso_sigpac":"OV","idPanel":"23:95:0:0:10:362:2"},"id":1155199299},{"type":"Feature","geometry":{"type":"Polygon","coordinates":[[[-3.0603108630142124,38.12782874077658],[-3.060560777015881,38.12839930534136],[-3.0605625196136548,38.12840328423104],[-3.0603113516791964,38.12852672033543],[-3.0597819104101904,38.1288780243585],[-3.0596023172275606,38.12898884066874],[-3.0595988102390654,38.128984150155446],[-3.059479230648531,38.128824230138946],[-3.0593100201299794,38.128682903699286],[-3.0593380735233766,38.128664954690805],[-3.0593884814538646,38.12863600024278],[-3.0594415028619166,38.128594336314166],[-3.0595102462066857,38.128523914074094],[-3.059582842712572,38.128422576858725],[-3.059633998308867,38.12833296676476],[-3.0597056015591684,38.12827164643389],[-3.0598048106092097,38.128204454579475],[-3.05986810068745,38.12816278478357],[-3.059932633802005,38.12810732591791],[-3.0600387855828575,38.12801949111119],[-3.060160910757536,38.127931468549775],[-3.060235598548388,38.127877085920545],[-3.0603108630142124,38.12782874077658]]]},"properties":{"dn_surface":6210.54690567461,"provincia":23,"municipio":95,"agregado":0,"zona":0,"poligono":10,"parcela":361,"recinto":2,"uso_sigpac":"OV","idPanel":"23:95:0:0:10:361:2"},"id":1155198330},{"type":"Feature","geometry":{"type":"Polygon","coordinates":[[[-3.059633998308867,38.12833296676476],[-3.059582842712572,38.128422576858725],[-3.0595102462066857,38.128523914074094],[-3.0594415028619166,38.128594336314166],[-3.0593884814538646,38.12863600024278],[-3.0593380735233766,38.128664954690805],[-3.0593100201299794,38.128682903699286],[-3.059276264527515,38.128704369754615],[-3.0592247367746968,38.128758650962766],[-3.059154752069995,38.128846196593884],[-3.059098662885199,38.128904264746126],[-3.0590362864344582,38.128862566451716],[-3.059162112219609,38.128757965323075],[-3.0595216774469116,38.1283675773214],[-3.059633998308867,38.12833296676476]]]},"properties":{"dn_surface":527.466600362247,"provincia":23,"municipio":95,"agregado":0,"zona":0,"poligono":10,"parcela":9012,"recinto":7,"uso_sigpac":"OV","idPanel":"23:95:0:0:10:9012:7"},"id":1112543820},{"type":"Feature","geometry":{"type":"Polygon","coordinates":[[[-3.0594413117545134,38.129095890989646],[-3.0593248753778557,38.12912541624533],[-3.0593176828663156,38.12912082296211],[-3.0593059138353715,38.12910037027899],[-3.0592952763614214,38.12906838074363],[-3.0592629540644856,38.129029642099425],[-3.059214540188881,38.1289854133083],[-3.0591458110933485,38.12893560636033],[-3.059098662885199,38.128904264746126],[-3.059154752069995,38.128846196593884],[-3.0592247367746968,38.128758650962766],[-3.059276264527515,38.128704369754615],[-3.0593100201299794,38.128682903699286],[-3.059479230648531,38.128824230138946],[-3.0595988102390654,38.128984150155446],[-3.0594987638368463,38.12906011786296],[-3.0594413117545134,38.129095890989646]]]},"properties":{"dn_surface":1130.7768064359163,"provincia":23,"municipio":95,"agregado":0,"zona":0,"poligono":10,"parcela":355,"recinto":1,"uso_sigpac":"OV","idPanel":"23:95:0:0:10:355:1"},"id":1155198370},{"type":"Feature","geometry":{"type":"Polygon","coordinates":[[[-3.058945391394668,38.12916813880835],[-3.0589682471695983,38.12918435779196],[-3.0590413868228423,38.129236618123144],[-3.058968350267014,38.12931239556147],[-3.058861092074876,38.12944228992268],[-3.0587614982954556,38.129528441643174],[-3.0587462675382944,38.129511302326534],[-3.0585865922733593,38.129331618619375],[-3.0585865403055568,38.12932992296024],[-3.0586279837900685,38.129305352247826],[-3.0588266382598364,38.12920606859885],[-3.0588746028654032,38.12919883166322],[-3.058945391394668,38.12916813880835]]]},"properties":{"dn_surface":758.5909423828125,"provincia":23,"municipio":48,"agregado":0,"zona":0,"poligono":21,"parcela":9007,"recinto":6,"uso_sigpac":"OV","idPanel":"23:48:0:0:21:9007:6"},"id":1261446792},{"type":"Feature","geometry":{"type":"Polygon","coordinates":[[[-3.0601406483436016,38.12948731583282],[-3.060253858525536,38.129359546284235],[-3.0603395199046743,38.12926750711455],[-3.060526188252191,38.12912699791056],[-3.0608043274762826,38.12895841687299],[-3.061236744019344,38.12995544263828],[-3.061017574840341,38.130111650309686],[-3.060881322805215,38.13022843118256],[-3.0608196395379093,38.13028163615431],[-3.060782355153999,38.13031391989449],[-3.0606656782167057,38.130370936955984],[-3.0604376124851465,38.12999026609526],[-3.0603815048601626,38.12988971258787],[-3.060339795669305,38.12981474819421],[-3.0602121543638194,38.12958670174103],[-3.0601406483436016,38.12948731583282]]]},"properties":{"dn_surface":8097.240717126906,"provincia":23,"municipio":95,"agregado":0,"zona":0,"poligono":10,"parcela":361,"recinto":1,"uso_sigpac":"OV","idPanel":"23:95:0:0:10:361:1"},"id":1155198331},{"type":"Feature","geometry":{"type":"Polygon","coordinates":[[[-3.0601406483436016,38.12948731583282],[-3.0602121543638194,38.12958670174103],[-3.060339795669305,38.12981474819421],[-3.0603815048601626,38.12988971258787],[-3.0601351623876485,38.13002709617999],[-3.0599807232979366,38.1300908003243],[-3.0599748936839335,38.13007863650566],[-3.0599504352890214,38.130029438922094],[-3.059946663432369,38.13002169069031],[-3.0599225294171286,38.129983919317795],[-3.05996947310683,38.12993822285537],[-3.059968887211763,38.129879714653185],[-3.0600168283480005,38.129800691741764],[-3.060012753066436,38.12971063489232],[-3.060000831484844,38.12968244655028],[-3.0600921372379144,38.129557909901905],[-3.0601406483436016,38.12948731583282]]]},"properties":{"dn_surface":1370.8053553624745,"provincia":23,"municipio":95,"agregado":0,"zona":0,"poligono":10,"parcela":354,"recinto":1,"uso_sigpac":"OV","idPanel":"23:95:0:0:10:354:1"},"id":1326416145},{"type":"Feature","geometry":{"type":"Polygon","coordinates":[[[-3.060796049508217,38.130722184820314],[-3.0605837325354655,38.13088920347104],[-3.060514090650623,38.1308415607306],[-3.060384561740433,38.130678406137434],[-3.060236678975772,38.1305333748964],[-3.060235993336051,38.130532293630836],[-3.0602026350358202,38.13048292086543],[-3.060177044245722,38.130444990236754],[-3.0601393441193907,38.13038922124068],[-3.060093749916181,38.13030785893994],[-3.060047574847047,38.13021433114423],[-3.060009069219772,38.130149458562585],[-3.0599807232979366,38.1300908003243],[-3.0601351623876485,38.13002709617999],[-3.0603815048601626,38.12988971258787],[-3.0604376124851465,38.12999026609526],[-3.0606656782167057,38.130370936955984],[-3.0607782119790143,38.13067695020075],[-3.060796049508217,38.130722184820314]]]},"properties":{"dn_surface":3836.25145048642,"provincia":23,"municipio":95,"agregado":0,"zona":0,"poligono":10,"parcela":353,"recinto":1,"uso_sigpac":"OV","idPanel":"23:95:0:0:10:353:1"},"id":1112544259},{"type":"Feature","geometry":{"type":"Polygon","coordinates":[[[-3.05992351345262,38.130176606710364],[-3.0599452284504607,38.13021690438865],[-3.0600797940465685,38.13040213775426],[-3.060185156252096,38.1305941453744],[-3.0601093888720503,38.130639684257034],[-3.0599984652734373,38.13070635391887],[-3.0595943292733625,38.13025263895858],[-3.0597871055140855,38.13013459241819],[-3.059852280682461,38.13015415494317],[-3.05992351345262,38.130176606710364]]]},"properties":{"dn_surface":1538.9039346479474,"provincia":23,"municipio":48,"agregado":0,"zona":0,"poligono":21,"parcela":548,"recinto":1,"uso_sigpac":"OV","idPanel":"23:48:0:0:21:548:1"},"id":1156719178},{"type":"Feature","geometry":{"type":"Polygon","coordinates":[[[-3.061734427931721,38.133125020954736],[-3.06160174910213,38.13315537015157],[-3.0615420841972276,38.133169549818035],[-3.0614746744133337,38.13320076738003],[-3.061389370941482,38.13325695798585],[-3.0613140033782424,38.13332251788364],[-3.0612374858178186,38.133378794823074],[-3.0610354685282988,38.13305056534264],[-3.060936409514332,38.13289776072415],[-3.060894019712896,38.13283054791498],[-3.0608372331537144,38.132740359469665],[-3.0608141661548114,38.13271856065282],[-3.0607259642206706,38.132585307662794],[-3.060631023235978,38.132441963698994],[-3.060594348216464,38.132386463762],[-3.0605125282637786,38.132241761929805],[-3.0592909538136994,38.13268721987677],[-3.059125852104327,38.132419534562956],[-3.0590985379948337,38.132366733598985],[-3.059581393481427,38.13218760058285],[-3.0603536367068367,38.13189963106211],[-3.0602444230165737,38.131743315264174],[-3.0600000427477085,38.13136760900497],[-3.0599568700764697,38.13131697895406],[-3.0602334511046676,38.1311759768941],[-3.061039434845116,38.13221058795369],[-3.061471111266083,38.1327692451861],[-3.0616673701877812,38.13303441676703],[-3.061702075459932,38.133081308488926],[-3.061734427931721,38.133125020954736]]]},"properties":{"dn_surface":14909.0264250299,"provincia":23,"municipio":48,"agregado":0,"zona":0,"poligono":21,"parcela":539,"recinto":1,"uso_sigpac":"OV","idPanel":"23:48:0:0:21:539:1"},"id":1112040649},{"type":"Feature","geometry":{"type":"Polygon","coordinates":[[[-3.0607259642206706,38.132585307662794],[-3.060297866872571,38.13315835997662],[-3.0601548129226153,38.133199888118355],[-3.0599593628546216,38.133352116900056],[-3.0597970657302183,38.13344313347747],[-3.059789639363565,38.13343178102713],[-3.0596597399732315,38.13323780282141],[-3.059880168952356,38.13293487160263],[-3.0599210726422714,38.13286338150806],[-3.0600593220850416,38.1330815096546],[-3.0600992811344137,38.133107716514644],[-3.060338409302438,38.13279170701156],[-3.060631023235978,38.132441963698994],[-3.0607259642206706,38.132585307662794]]]},"properties":{"dn_surface":2833.71305535261,"provincia":23,"municipio":48,"agregado":0,"zona":0,"poligono":21,"parcela":1066,"recinto":2,"uso_sigpac":"OV","idPanel":"23:48:0:0:21:1066:2"},"id":1112041323},{"type":"Feature","geometry":{"type":"Polygon","coordinates":[[[-3.060631023235978,38.132441963698994],[-3.060338409302438,38.13279170701156],[-3.0600992811344137,38.133107716514644],[-3.0600593220850416,38.1330815096546],[-3.0599210726422714,38.13286338150806],[-3.059880168952356,38.13293487160263],[-3.0596597399732315,38.13323780282141],[-3.0592909538136994,38.13268721987677],[-3.0605125282637786,38.132241761929805],[-3.060594348216464,38.132386463762],[-3.060631023235978,38.132441963698994]]]},"properties":{"dn_surface":5918.69471665254,"provincia":23,"municipio":48,"agregado":0,"zona":0,"poligono":21,"parcela":538,"recinto":1,"uso_sigpac":"OV","idPanel":"23:48:0:0:21:538:1"},"id":1112040650},{"type":"Feature","geometry":{"type":"Polygon","coordinates":[[[-3.0601093888720503,38.130639684257034],[-3.0603780096063318,38.130843074502394],[-3.06046314544011,38.13095045004121],[-3.060566090304618,38.13100238515452],[-3.0602334511046676,38.1311759768941],[-3.0599568700764697,38.13131697895406],[-3.059575581469421,38.13150688020181],[-3.0593092540239843,38.13163183343076],[-3.059202692368042,38.13150651894176],[-3.059842335553755,38.1310724327235],[-3.059679477679996,38.13089415214699],[-3.0599984652734373,38.13070635391887],[-3.0601093888720503,38.130639684257034]]]},"properties":{"dn_surface":4472.914282063483,"provincia":23,"municipio":48,"agregado":0,"zona":0,"poligono":21,"parcela":542,"recinto":1,"uso_sigpac":"OV","idPanel":"23:48:0:0:21:542:1"},"id":1156719172},{"type":"Feature","geometry":{"type":"Polygon","coordinates":[[[-3.05900667568336,38.132217348797184],[-3.059143273052917,38.13195780985549],[-3.0593092540239843,38.13163183343076],[-3.059575581469421,38.13150688020181],[-3.0599568700764697,38.13131697895406],[-3.0600000427477085,38.13136760900497],[-3.0602444230165737,38.131743315264174],[-3.0603536367068367,38.13189963106211],[-3.059581393481427,38.13218760058285],[-3.0590985379948337,38.132366733598985],[-3.05900667568336,38.132217348797184]]]},"properties":{"dn_surface":6922.35617717197,"provincia":23,"municipio":48,"agregado":0,"zona":0,"poligono":21,"parcela":543,"recinto":1,"uso_sigpac":"OV","idPanel":"23:48:0:0:21:543:1"},"id":1112040642},{"type":"Feature","geometry":{"type":"Polygon","coordinates":[[[-3.0588874187961164,38.13066065578002],[-3.0589129375018436,38.13068473363654],[-3.0591960748550937,38.130951885861265],[-3.0588986740163664,38.13116842144615],[-3.0588050263594107,38.13106608343145],[-3.0585120721205814,38.13128144387346],[-3.0583342810472414,38.13139878298111],[-3.058427929542388,38.13150229362412],[-3.058846779136168,38.13203338780454],[-3.05900667568336,38.132217348797184],[-3.0590985379948337,38.132366733598985],[-3.059125852104327,38.132419534562956],[-3.0592909538136994,38.13268721987677],[-3.0596597399732315,38.13323780282141],[-3.059789639363565,38.13343178102713],[-3.0597970657302183,38.13344313347747],[-3.060002373755119,38.13375468967513],[-3.060092064315352,38.13389497172952],[-3.0601632459558985,38.13400633286349],[-3.0601926438066447,38.13409302018766],[-3.060278391519391,38.134156877720756],[-3.0597377637617447,38.13444653619507],[-3.0596932181346843,38.13439365392665],[-3.058876957342145,38.13321618924459],[-3.0587254603006215,38.13300398710393],[-3.0585750319518166,38.132793281133075],[-3.058219768317477,38.13230244188324],[-3.057821469475119,38.131762500603486],[-3.057888962239859,38.131611297766796],[-3.057909085514192,38.13159804262435],[-3.057985143746295,38.131504848428364],[-3.058019294136422,38.13136659898561],[-3.0580649000742977,38.13127341987706],[-3.058220877243332,38.13115614531003],[-3.0583616211406364,38.131029863549315],[-3.058605116280473,38.1308704741073],[-3.0586081522059834,38.13086005959201],[-3.05861042956921,38.13086249034407],[-3.0588874187961164,38.13066065578002]]]},"properties":{"dn_surface":24689.51281080845,"provincia":23,"municipio":48,"agregado":0,"zona":0,"poligono":21,"parcela":550,"recinto":1,"uso_sigpac":"OV","idPanel":"23:48:0:0:21:550:1"},"id":1318201446},{"type":"Feature","geometry":{"type":"Polygon","coordinates":[[[-3.0667351890085754,38.12840699825256],[-3.0665259901039894,38.128593042148225],[-3.0670582904403387,38.12887178235485],[-3.0670593180617285,38.128872322987604],[-3.0673396793284815,38.129015920084925],[-3.0673638820753317,38.12903077784736],[-3.067388655629823,38.1290459055071],[-3.0673363785348164,38.1292690862652],[-3.067323900394821,38.129346962532225],[-3.0670778529653155,38.129172432857615],[-3.0667404771516007,38.12894297573001],[-3.066735453876731,38.128940184556114],[-3.066455084228074,38.12878559040118],[-3.0663641011782947,38.128735349270585],[-3.066153998704492,38.12855989758657],[-3.0663672393630286,38.12842495312839],[-3.0665130241372007,38.12826598110516],[-3.0666873761154636,38.12837664989394],[-3.0667351890085754,38.12840699825256]]]},"properties":{"dn_surface":3540.36781184365,"provincia":23,"municipio":95,"agregado":0,"zona":0,"poligono":10,"parcela":450,"recinto":1,"uso_sigpac":"OV","idPanel":"23:95:0:0:10:450:1"},"id":1112544154},{"type":"Feature","geometry":{"type":"Polygon","coordinates":[[[-3.067435428328689,38.12830513213902],[-3.0677945602115724,38.128496271394],[-3.0677632236265078,38.12853918925532],[-3.067596385186695,38.12875423202317],[-3.0673396793284815,38.129015920084925],[-3.0670593180617285,38.128872322987604],[-3.0670582904403387,38.12887178235485],[-3.067163148055264,38.1287494241632],[-3.067198815569956,38.12870109662123],[-3.06728291372406,38.12858650007243],[-3.0673952303950625,38.128389242027794],[-3.067435428328689,38.12830513213902]]]},"properties":{"dn_surface":2326.58143650274,"provincia":23,"municipio":95,"agregado":0,"zona":0,"poligono":10,"parcela":447,"recinto":1,"uso_sigpac":"OV","idPanel":"23:95:0:0:10:447:1"},"id":1112544157},{"type":"Feature","geometry":{"type":"Polygon","coordinates":[[[-3.066772004005879,38.128382958952784],[-3.0668990745037243,38.12844289794597],[-3.0669083054942377,38.128442882858536],[-3.0669196612973306,38.12844229109615],[-3.0669267616079305,38.12844453660816],[-3.0669345718657715,38.128447895236945],[-3.067010535382362,38.128489894441685],[-3.0671099204523817,38.12854814364303],[-3.0672455354628285,38.12862259925515],[-3.06725193169352,38.12862707938265],[-3.0672525335142033,38.12862789829467],[-3.067198815569956,38.12870109662123],[-3.066739683385324,38.12840984893799],[-3.066772004005879,38.128382958952784]]]},"properties":{"dn_surface":376.7198486328125,"provincia":23,"municipio":95,"agregado":0,"zona":0,"poligono":10,"parcela":445,"recinto":3,"uso_sigpac":"OV","idPanel":"23:95:0:0:10:445:3"},"id":1430165808},{"type":"Feature","geometry":{"type":"Polygon","coordinates":[[[-3.0667351890085754,38.12840699825256],[-3.067198815569956,38.12870109662123],[-3.067163148055264,38.1287494241632],[-3.0670582904403387,38.12887178235485],[-3.0665259901039894,38.128593042148225],[-3.0667351890085754,38.12840699825256]]]},"properties":{"dn_surface":1354.17890949315,"provincia":23,"municipio":95,"agregado":0,"zona":0,"poligono":10,"parcela":446,"recinto":1,"uso_sigpac":"OV","idPanel":"23:95:0:0:10:446:1"},"id":1112544158},{"type":"Feature","geometry":{"type":"Polygon","coordinates":[[[-3.0694792633379553,38.12699778902143],[-3.069664441383001,38.1272347152634],[-3.070051382745884,38.127746410365944],[-3.070004517007888,38.1277757285886],[-3.0698265306361927,38.12789939351899],[-3.069696546588632,38.12798968422351],[-3.0694386287071485,38.12769232445612],[-3.0692417025859173,38.12745982050657],[-3.0692923116820934,38.12740823910957],[-3.0693515616827645,38.12732456843253],[-3.0694206537147255,38.127153830731146],[-3.0694792633379553,38.12699778902143]]]},"properties":{"dn_surface":3519.14062970905,"provincia":23,"municipio":95,"agregado":0,"zona":0,"poligono":10,"parcela":434,"recinto":1,"uso_sigpac":"OV","idPanel":"23:95:0:0:10:434:1"},"id":1112544172},{"type":"Feature","geometry":{"type":"Polygon","coordinates":[[[-3.069696546588632,38.12798968422351],[-3.069521524058075,38.128111364319096],[-3.069373974893181,38.12820815351358],[-3.069277053264651,38.12827183754129],[-3.0690116528577596,38.127905264204315],[-3.0687971339589137,38.12764906628948],[-3.0688477891555594,38.127644981787796],[-3.06908686200302,38.12756778864596],[-3.0692157136553946,38.12748624194333],[-3.0692417025859173,38.12745982050657],[-3.0694386287071485,38.12769232445612],[-3.069696546588632,38.12798968422351]]]},"properties":{"dn_surface":3330.55442485867,"provincia":23,"municipio":95,"agregado":0,"zona":0,"poligono":10,"parcela":435,"recinto":1,"uso_sigpac":"OV","idPanel":"23:95:0:0:10:435:1"},"id":1112544171},{"type":"Feature","geometry":{"type":"Polygon","coordinates":[[[-3.0687971339589137,38.12764906628948],[-3.0690116528577596,38.127905264204315],[-3.069277053264651,38.12827183754129],[-3.0690905056165456,38.12839424434793],[-3.0686961395633894,38.12798934894738],[-3.0686842615676975,38.12797709879516],[-3.0684643849560254,38.1277254095063],[-3.0686013578348668,38.12766485779599],[-3.0686547061371625,38.12766055452664],[-3.0687971339589137,38.12764906628948]]]},"properties":{"dn_surface":2315.2151057421,"provincia":23,"municipio":95,"agregado":0,"zona":0,"poligono":10,"parcela":439,"recinto":1,"uso_sigpac":"OV","idPanel":"23:95:0:0:10:439:1"},"id":1112544167},{"type":"Feature","geometry":{"type":"Polygon","coordinates":[[[-3.0686961395633894,38.12798934894738],[-3.0690905056165456,38.12839424434793],[-3.0692177336941797,38.12852233157068],[-3.068783291245001,38.128807375807014],[-3.0687623138546836,38.12882514209002],[-3.068363611842758,38.128300921908846],[-3.068461887986922,38.12822047407377],[-3.0686961395633894,38.12798934894738]]]},"properties":{"dn_surface":3367.64110542914,"provincia":23,"municipio":95,"agregado":0,"zona":0,"poligono":10,"parcela":440,"recinto":1,"uso_sigpac":"OV","idPanel":"23:95:0:0:10:440:1"},"id":1112544166},{"type":"Feature","geometry":{"type":"Polygon","coordinates":[[[-3.0701489078714794,38.12912726780789],[-3.069987576342378,38.12925002246354],[-3.0698752730824213,38.1293368782639],[-3.0696293983201324,38.12899309699941],[-3.069275409573341,38.12858052042236],[-3.0692177336941797,38.12852233157068],[-3.0690905056165456,38.12839424434793],[-3.069277053264651,38.12827183754129],[-3.069373974893181,38.12820815351358],[-3.0699391448647764,38.128841147335095],[-3.0701489078714794,38.12912726780789]]]},"properties":{"dn_surface":3926.1733265051,"provincia":23,"municipio":95,"agregado":0,"zona":0,"poligono":10,"parcela":418,"recinto":1,"uso_sigpac":"OV","idPanel":"23:95:0:0:10:418:1"},"id":1112544188},{"type":"Feature","geometry":{"type":"Polygon","coordinates":[[[-3.0698752730824213,38.1293368782639],[-3.069816441338744,38.12938233584208],[-3.069673373977743,38.12951499287874],[-3.069624041445496,38.129589915362914],[-3.069477202227843,38.12936116902077],[-3.0692849858982854,38.12916696618001],[-3.069096026776494,38.129036750791926],[-3.0689187570575625,38.128959342235134],[-3.0687623138546836,38.12882514209002],[-3.068783291245001,38.128807375807014],[-3.0692177336941797,38.12852233157068],[-3.069275409573341,38.12858052042236],[-3.0696293983201324,38.12899309699941],[-3.0698752730824213,38.1293368782639]]]},"properties":{"dn_surface":4331.81936697038,"provincia":23,"municipio":95,"agregado":0,"zona":0,"poligono":10,"parcela":417,"recinto":1,"uso_sigpac":"OV","idPanel":"23:95:0:0:10:417:1"},"id":1112544189},{"type":"Feature","geometry":{"type":"Polygon","coordinates":[[[-3.069624041445496,38.129589915362914],[-3.06961925621669,38.129597218515556],[-3.0695756610975065,38.12970683705177],[-3.0695085639586184,38.12981890226567],[-3.069406098539001,38.12993369076008],[-3.069297244432404,38.130050376079254],[-3.0692954205301657,38.13005181860487],[-3.069132361490718,38.129804154306186],[-3.068769275025682,38.12930569087672],[-3.068656528363021,38.129168582211065],[-3.0685332733077266,38.12901877160854],[-3.0687623138546836,38.12882514209002],[-3.0689187570575625,38.128959342235134],[-3.069096026776494,38.129036750791926],[-3.0692849858982854,38.12916696618001],[-3.069477202227843,38.12936116902077],[-3.069624041445496,38.129589915362914]]]},"properties":{"dn_surface":5528.07583939588,"provincia":23,"municipio":95,"agregado":0,"zona":0,"poligono":10,"parcela":416,"recinto":1,"uso_sigpac":"OV","idPanel":"23:95:0:0:10:416:1"},"id":1112544190},{"type":"Feature","geometry":{"type":"Polygon","coordinates":[[[-3.0687922934095435,38.13047091965578],[-3.06862380876385,38.13027625161939],[-3.068779889030301,38.130146472090274],[-3.068686523005308,38.129993130191764],[-3.0684544264162734,38.129615721567916],[-3.0682042936469185,38.12922723709656],[-3.0682078282956975,38.129224621942626],[-3.0682481796181604,38.129182059473976],[-3.0683003133826143,38.12917166591342],[-3.068479064183924,38.12924682141448],[-3.068656528363021,38.129168582211065],[-3.068769275025682,38.12930569087672],[-3.069132361490718,38.129804154306186],[-3.0692954205301657,38.13005181860487],[-3.0691131166398886,38.130202072610075],[-3.068978827646603,38.13032931661337],[-3.068856378092252,38.13042870419795],[-3.0687922934095435,38.13047091965578]]]},"properties":{"dn_surface":5830.05609644716,"provincia":23,"municipio":95,"agregado":0,"zona":0,"poligono":10,"parcela":415,"recinto":1,"uso_sigpac":"OV","idPanel":"23:95:0:0:10:415:1"},"id":1112544191},{"type":"Feature","geometry":{"type":"Polygon","coordinates":[[[-3.0682042936469185,38.12922723709656],[-3.0684544264162734,38.129615721567916],[-3.068686523005308,38.129993130191764],[-3.068779889030301,38.130146472090274],[-3.06862380876385,38.13027625161939],[-3.0687922934095435,38.13047091965578],[-3.068700157009819,38.13053153590673],[-3.068585143880406,38.13065318079833],[-3.068501857932768,38.13078192767691],[-3.068473964633731,38.13084647336433],[-3.067911246368959,38.13039678758514],[-3.0678744783103156,38.130367426614725],[-3.0674117854930034,38.129988251923834],[-3.067354569780354,38.12993339655523],[-3.067357875603162,38.129929970033004],[-3.0676804707679435,38.1295999300614],[-3.06770019087271,38.129579821036316],[-3.0679881419532378,38.129418695702014],[-3.0680805868070173,38.12932338088444],[-3.0682042936469185,38.12922723709656]]]},"properties":{"dn_surface":11381.5996394087,"provincia":23,"municipio":95,"agregado":0,"zona":0,"poligono":10,"parcela":414,"recinto":2,"uso_sigpac":"OV","idPanel":"23:95:0:0:10:414:2"},"id":1112544192},{"type":"Feature","geometry":{"type":"Polygon","coordinates":[[[-3.068473964633731,38.13084647336433],[-3.068439353238902,38.13092643504896],[-3.068374084193205,38.13104444638532],[-3.0682765280545667,38.131166621851406],[-3.068115656691978,38.131300819481964],[-3.0678511078865,38.131481129317365],[-3.0675345669707395,38.13170472665607],[-3.0671819084320613,38.13125230753809],[-3.0668799293975493,38.13081436983509],[-3.066732500932068,38.13055813168708],[-3.066698461183069,38.13039439036069],[-3.0666913080664755,38.13018548230815],[-3.066956398342931,38.130344500431846],[-3.067354569780354,38.12993339655523],[-3.0674117854930034,38.129988251923834],[-3.0678744783103156,38.130367426614725],[-3.067911246368959,38.13039678758514],[-3.068473964633731,38.13084647336433]]]},"properties":{"dn_surface":16112.780355805,"provincia":23,"municipio":95,"agregado":0,"zona":0,"poligono":10,"parcela":413,"recinto":1,"uso_sigpac":"OV","idPanel":"23:95:0:0:10:413:1"},"id":1112544193},{"type":"Feature","geometry":{"type":"Polygon","coordinates":[[[-3.0675345669707395,38.13170472665607],[-3.067495455331829,38.13173223690211],[-3.0673618075541733,38.13181955286902],[-3.06713722450359,38.13191205555793],[-3.067010607466734,38.13195349317513],[-3.0665786594720874,38.131264083274544],[-3.0664968604741607,38.13115453430814],[-3.0663686793740794,38.13098282346772],[-3.0661682923648232,38.130707777166066],[-3.06636598626843,38.13065981256054],[-3.0664600798426616,38.130616050641464],[-3.066732500932068,38.13055813168708],[-3.0668799293975493,38.13081436983509],[-3.0671819084320613,38.13125230753809],[-3.0675345669707395,38.13170472665607]]]},"properties":{"dn_surface":7572.54979973572,"provincia":23,"municipio":95,"agregado":0,"zona":0,"poligono":10,"parcela":411,"recinto":1,"uso_sigpac":"OV","idPanel":"23:95:0:0:10:411:1"},"id":1112544195},{"type":"Feature","geometry":{"type":"Polygon","coordinates":[[[-3.0664968604741607,38.13115453430814],[-3.0665786594720874,38.131264083274544],[-3.067010607466734,38.13195349317513],[-3.066882051695558,38.13199556194965],[-3.0666279685350037,38.132024090596985],[-3.0663884992235007,38.132061712771616],[-3.066385520294936,38.13204819611377],[-3.0662660387726746,38.13178328940097],[-3.066144048546645,38.13151982689024],[-3.0661479067369046,38.13149693255852],[-3.066144456745354,38.1314677333589],[-3.0663610577090714,38.13125545913388],[-3.0664968604741607,38.13115453430814]]]},"properties":{"dn_surface":4250.38997099856,"provincia":23,"municipio":95,"agregado":0,"zona":0,"poligono":10,"parcela":409,"recinto":1,"uso_sigpac":"OV","idPanel":"23:95:0:0:10:409:1"},"id":1112544197},{"type":"Feature","geometry":{"type":"Polygon","coordinates":[[[-3.0676804707679435,38.1295999300614],[-3.067357875603162,38.129929970033004],[-3.067354569780354,38.12993339655523],[-3.0672225514447717,38.12980657164718],[-3.0672208390218514,38.12980540069523],[-3.0672967874510157,38.129515422870384],[-3.067323900394821,38.129346962532225],[-3.0676804707679435,38.1295999300614]]]},"properties":{"dn_surface":1316.85283686506,"provincia":23,"municipio":95,"agregado":0,"zona":0,"poligono":10,"parcela":452,"recinto":1,"uso_sigpac":"OV","idPanel":"23:95:0:0:10:452:1"},"id":1112544152},{"type":"Feature","geometry":{"type":"Polygon","coordinates":[[[-3.066732500932068,38.13055813168708],[-3.0664600798426616,38.130616050641464],[-3.06636598626843,38.13065981256054],[-3.0661682923648232,38.130707777166066],[-3.0661738638161933,38.130687135051915],[-3.0661764697500447,38.13066649461413],[-3.066173249422654,38.130639098361996],[-3.066163642922857,38.130614949259325],[-3.066325614829398,38.1303103257342],[-3.0663421162831552,38.13051093737846],[-3.066503702622127,38.13028373163024],[-3.0666161936367264,38.13014604796598],[-3.0666787502983954,38.13017791847827],[-3.0666913080664755,38.13018548230815],[-3.066698461183069,38.13039439036069],[-3.066732500932068,38.13055813168708]]]},"properties":{"dn_surface":1525.06702786393,"provincia":23,"municipio":95,"agregado":0,"zona":0,"poligono":10,"parcela":412,"recinto":2,"uso_sigpac":"OV","idPanel":"23:95:0:0:10:412:2"},"id":1112544194},{"type":"Feature","geometry":{"type":"Polygon","coordinates":[[[-3.066498261090264,38.13008597486234],[-3.0666161936367264,38.13014604796598],[-3.066503702622127,38.13028373163024],[-3.0663421162831552,38.13051093737846],[-3.066325614829398,38.1303103257342],[-3.066163642922857,38.130614949259325],[-3.0661492327540656,38.13057854665166],[-3.0660921536664456,38.13042328948819],[-3.0660723363315965,38.13033876218057],[-3.0660564995627992,38.130239271498596],[-3.066014401451612,38.13012050746727],[-3.0663522768267852,38.13022015153811],[-3.066498261090264,38.13008597486234]]]},"properties":{"dn_surface":1297.2456919359734,"provincia":23,"municipio":95,"agregado":0,"zona":0,"poligono":10,"parcela":673,"recinto":1,"uso_sigpac":"OV","idPanel":"23:95:0:0:10:673:1"},"id":1210237894},{"type":"Feature","geometry":{"type":"Polygon","coordinates":[[[-3.0664968604741607,38.13115453430814],[-3.0663610577090714,38.13125545913388],[-3.066144456745354,38.1314677333589],[-3.06614296309012,38.13145574723666],[-3.066092192223203,38.13133698907271],[-3.066046003743023,38.13123778505178],[-3.0660130662143565,38.131154436239854],[-3.0659745580725106,38.13109407228421],[-3.065938280355232,38.1309763870039],[-3.065934941843,38.13094439411577],[-3.0659462079597235,38.13091113136926],[-3.0659790340090716,38.13087308004114],[-3.0660149529808733,38.13084755546808],[-3.0660908846462296,38.13078172232028],[-3.066136713542742,38.13073780617418],[-3.0661682923648232,38.130707777166066],[-3.0663686793740794,38.13098282346772],[-3.0664968604741607,38.13115453430814]]]},"properties":{"dn_surface":2120.31891959275,"provincia":23,"municipio":95,"agregado":0,"zona":0,"poligono":10,"parcela":410,"recinto":1,"uso_sigpac":"OV","idPanel":"23:95:0:0:10:410:1"},"id":1112544196},{"type":"Feature","geometry":{"type":"Polygon","coordinates":[[[-3.0660816980798065,38.13158961797296],[-3.0661273291633915,38.131703152534556],[-3.066281945949461,38.13208276979],[-3.066077508804352,38.13212370784575],[-3.0660087143299712,38.1321482047974],[-3.065869592331027,38.13179972882864],[-3.065870456505296,38.13179900463217],[-3.0659048851746253,38.131765549101885],[-3.065929162520418,38.131736785761234],[-3.0659504709959315,38.1317056813549],[-3.0659718951417148,38.131675747900516],[-3.066019095317667,38.131633002706366],[-3.066043612385905,38.131616766958956],[-3.066068015460253,38.13160062089793],[-3.0660816980798065,38.13158961797296]]]},"properties":{"dn_surface":1229.1067483677064,"provincia":23,"municipio":95,"agregado":0,"zona":0,"poligono":10,"parcela":405,"recinto":1,"uso_sigpac":"OV","idPanel":"23:95:0:0:10:405:1"},"id":1210236207},{"type":"Feature","geometry":{"type":"Polygon","coordinates":[[[-3.0658947346892793,38.13089700953793],[-3.06588016945527,38.130940547660174],[-3.065884543970796,38.13098326519406],[-3.065923339611938,38.1311089702798],[-3.065962533393504,38.13117059571195],[-3.06599455645648,38.1312516017818],[-3.0660410869183297,38.131351255910914],[-3.0660895703637343,38.131464699109785],[-3.0660932508576364,38.13149606084056],[-3.066090073277955,38.131515349277294],[-3.0660800460065927,38.13152968484715],[-3.06606579341759,38.13154104903211],[-3.065789794093508,38.13093383710813],[-3.0658947346892793,38.13089700953793]]]},"properties":{"dn_surface":372.129230644636,"provincia":23,"municipio":95,"agregado":0,"zona":0,"poligono":10,"parcela":407,"recinto":1,"uso_sigpac":"OV","idPanel":"23:95:0:0:10:407:1"},"id":1112544199},{"type":"Feature","geometry":{"type":"Polygon","coordinates":[[[-3.0663884992235007,38.132061712771616],[-3.066383023325832,38.13206252749265],[-3.066281945949461,38.13208276979],[-3.0661273291633915,38.131703152534556],[-3.0660816980798065,38.13158961797296],[-3.0660967486260384,38.13157744325787],[-3.0661239990330644,38.13155552709432],[-3.066142459337708,38.13152902016219],[-3.066144048546645,38.13151982689024],[-3.0662660387726746,38.13178328940097],[-3.066385520294936,38.13204819611377],[-3.0663884992235007,38.132061712771616]]]},"properties":{"dn_surface":531.853251785128,"provincia":23,"municipio":95,"agregado":0,"zona":0,"poligono":10,"parcela":408,"recinto":1,"uso_sigpac":"OV","idPanel":"23:95:0:0:10:408:1"},"id":1112544198},{"type":"Feature","geometry":{"type":"Polygon","coordinates":[[[-3.071432932533052,38.12838523547785],[-3.071417307826418,38.12839218491419],[-3.071241995281994,38.12844933692435],[-3.071143908568854,38.12848760785835],[-3.0708953784194812,38.12811481011971],[-3.0712033471623568,38.1280185565289],[-3.07120917677636,38.128029277821895],[-3.071432932533052,38.12838523547785]]]},"properties":{"dn_surface":1299.17665020565,"provincia":23,"municipio":95,"agregado":0,"zona":0,"poligono":10,"parcela":423,"recinto":1,"uso_sigpac":"OV","idPanel":"23:95:0:0:10:423:1"},"id":1112544182},{"type":"Feature","geometry":{"type":"Polygon","coordinates":[[[-3.070861109006321,38.12737642643239],[-3.070894947589632,38.12744355039334],[-3.0712033471623568,38.1280185565289],[-3.0708953784194812,38.12811481011971],[-3.070540242190077,38.12758191969732],[-3.070515104860968,38.12754489179969],[-3.070861109006321,38.12737642643239]]]},"properties":{"dn_surface":2384.78909083624,"provincia":23,"municipio":95,"agregado":0,"zona":0,"poligono":10,"parcela":424,"recinto":1,"uso_sigpac":"OV","idPanel":"23:95:0:0:10:424:1"},"id":1112544181},{"type":"Feature","geometry":{"type":"Polygon","coordinates":[[[-3.0708953784194812,38.12811481011971],[-3.071143908568854,38.12848760785835],[-3.070990048668685,38.128547631508724],[-3.0708599447599023,38.128631433781635],[-3.0708041942040136,38.128676259364255],[-3.0704990233405844,38.12825212162744],[-3.0708953784194812,38.12811481011971]]]},"properties":{"dn_surface":1817.25840036604,"provincia":23,"municipio":95,"agregado":0,"zona":0,"poligono":10,"parcela":422,"recinto":1,"uso_sigpac":"OV","idPanel":"23:95:0:0:10:422:1"},"id":1112544183},{"type":"Feature","geometry":{"type":"Polygon","coordinates":[[[-3.0708953784194812,38.12811481011971],[-3.0704990233405844,38.12825212162744],[-3.0704192745562953,38.12814122233635],[-3.070111589121764,38.12770897343137],[-3.070051382745884,38.127746410365944],[-3.069664441383001,38.1272347152634],[-3.0694792633379553,38.12699778902143],[-3.0695357246792745,38.1269017223471],[-3.069577630006678,38.12672754387424],[-3.0696095625450948,38.12661019554645],[-3.069653982443599,38.126447584100674],[-3.0696750972971376,38.12633551972499],[-3.069680335986932,38.12632560309473],[-3.0700909704769233,38.1269198406701],[-3.0703216605825223,38.127259663999666],[-3.070515104860968,38.12754489179969],[-3.070540242190077,38.12758191969732],[-3.0708953784194812,38.12811481011971]]]},"properties":{"dn_surface":8788.30406511692,"provincia":23,"municipio":95,"agregado":0,"zona":0,"poligono":10,"parcela":421,"recinto":1,"uso_sigpac":"OV","idPanel":"23:95:0:0:10:421:1"},"id":1112544185},{"type":"Feature","geometry":{"type":"Polygon","coordinates":[[[-3.0708041942040136,38.128676259364255],[-3.0707571088601417,38.12871413970154],[-3.070660995247125,38.1287870170012],[-3.0705609924308055,38.12885061385711],[-3.0702463441488943,38.12841882008948],[-3.0698265306361927,38.12789939351899],[-3.070004517007888,38.1277757285886],[-3.070051382745884,38.127746410365944],[-3.070111589121764,38.12770897343137],[-3.0704192745562953,38.12814122233635],[-3.0704990233405844,38.12825212162744],[-3.0708041942040136,38.128676259364255]]]},"properties":{"dn_surface":3651.31720483558,"provincia":23,"municipio":95,"agregado":0,"zona":0,"poligono":10,"parcela":420,"recinto":1,"uso_sigpac":"OV","idPanel":"23:95:0:0:10:420:1"},"id":1112544186},{"type":"Feature","geometry":{"type":"Polygon","coordinates":[[[-3.0698265306361927,38.12789939351899],[-3.0702463441488943,38.12841882008948],[-3.0705609924308055,38.12885061385711],[-3.0704292900929917,38.128934327281826],[-3.070203065027479,38.12908604979657],[-3.0701489078714794,38.12912726780789],[-3.0699391448647764,38.128841147335095],[-3.069373974893181,38.12820815351358],[-3.069521524058075,38.128111364319096],[-3.069696546588632,38.12798968422351],[-3.0698265306361927,38.12789939351899]]]},"properties":{"dn_surface":6002.51497834783,"provincia":23,"municipio":95,"agregado":0,"zona":0,"poligono":10,"parcela":419,"recinto":1,"uso_sigpac":"OV","idPanel":"23:95:0:0:10:419:1"},"id":1112544187},{"type":"Feature","geometry":{"type":"Polygon","coordinates":[[[-3.070861109006321,38.12737642643239],[-3.070515104860968,38.12754489179969],[-3.0703216605825223,38.127259663999666],[-3.0705007097796027,38.12717493217366],[-3.070709865098289,38.127075942729476],[-3.070861109006321,38.12737642643239]]]},"properties":{"dn_surface":1340.60511724365,"provincia":23,"municipio":95,"agregado":0,"zona":0,"poligono":10,"parcela":425,"recinto":1,"uso_sigpac":"OV","idPanel":"23:95:0:0:10:425:1"},"id":1112544180},{"type":"Feature","geometry":{"type":"Polygon","coordinates":[[[-3.066455084228074,38.12878559040118],[-3.066735453876731,38.128940184556114],[-3.066803473863212,38.129081465733435],[-3.066824240029557,38.12920510719451],[-3.066813049349966,38.12931849172],[-3.066754187431436,38.12945614688584],[-3.0672208390218514,38.12980540069523],[-3.0672225514447717,38.12980657164718],[-3.067354569780354,38.12993339655523],[-3.066956398342931,38.130344500431846],[-3.0666913080664755,38.13018548230815],[-3.0666787502983954,38.13017791847827],[-3.0666161936367264,38.13014604796598],[-3.066498261090264,38.13008597486234],[-3.0663522768267852,38.13022015153811],[-3.066014401451612,38.13012050746727],[-3.0659687016364154,38.13005564159113],[-3.0659347716903547,38.13000888397971],[-3.0659123626708897,38.12995986744522],[-3.0658898237319185,38.129892465205046],[-3.065764884752178,38.12964378418141],[-3.065745903093124,38.129598551238246],[-3.066455084228074,38.12878559040118]]]},"properties":{"dn_surface":12844.233136694895,"provincia":23,"municipio":95,"agregado":0,"zona":0,"poligono":10,"parcela":653,"recinto":1,"uso_sigpac":"OV","idPanel":"23:95:0:0:10:653:1"},"id":1210237893},{"type":"Feature","geometry":{"type":"Polygon","coordinates":[[[-3.0655602187810964,38.12930006242843],[-3.065204749790117,38.12937235299481],[-3.0650476494459897,38.129388479777504],[-3.0650259185225313,38.12933135123663],[-3.064919319148023,38.12904363484944],[-3.0649169722149954,38.12897153455225],[-3.0649178422565964,38.128924578289656],[-3.0650812005300048,38.128888982021124],[-3.0653027644188855,38.12887146970982],[-3.0653375920668298,38.12890128330298],[-3.065348439926561,38.12891137176226],[-3.0653734582326386,38.12894515502498],[-3.065408207090688,38.129013993085266],[-3.065487970962404,38.12914932059641],[-3.0655602187810964,38.12930006242843]]]},"properties":{"dn_surface":2272.04025765473,"provincia":23,"municipio":95,"agregado":0,"zona":0,"poligono":10,"parcela":398,"recinto":1,"uso_sigpac":"OV","idPanel":"23:95:0:0:10:398:1"},"id":1112544209},{"type":"Feature","geometry":{"type":"Polygon","coordinates":[[[-3.066735453876731,38.128940184556114],[-3.0667404771516007,38.12894297573001],[-3.0670778529653155,38.129172432857615],[-3.067323900394821,38.129346962532225],[-3.0672967874510157,38.129515422870384],[-3.0672208390218514,38.12980540069523],[-3.066754187431436,38.12945614688584],[-3.066813049349966,38.12931849172],[-3.066824240029557,38.12920510719451],[-3.066803473863212,38.129081465733435],[-3.066735453876731,38.128940184556114]]]},"properties":{"dn_surface":2441.89907395668,"provincia":23,"municipio":95,"agregado":0,"zona":0,"poligono":10,"parcela":451,"recinto":1,"uso_sigpac":"OV","idPanel":"23:95:0:0:10:451:1"},"id":1112544153},{"type":"Feature","geometry":{"type":"Polygon","coordinates":[[[-3.0655602187810964,38.12930006242843],[-3.065589598191655,38.129361422992446],[-3.065652811994571,38.12951264846026],[-3.0657137811236845,38.12965850196608],[-3.065838148457595,38.12990592235141],[-3.0658605725644867,38.12997260374786],[-3.065885268167273,38.13002702661018],[-3.0659213690263853,38.13007666675833],[-3.0659638703071397,38.13013693767485],[-3.0660032225066853,38.13024777158708],[-3.066018600785351,38.1303452799489],[-3.066039333424081,38.13043323210229],[-3.066097327815582,38.13059092169425],[-3.0661197435405696,38.13064750876413],[-3.0661219287028567,38.13066634373985],[-3.066120116535283,38.13068058459422],[-3.0661179556805167,38.13068860691419],[-3.0660949272383706,38.130710520563156],[-3.066049896299087,38.1307536245028],[-3.0659767013252788,38.130817113232155],[-3.065937931668038,38.13084453211545],[-3.065896100101387,38.13089295269657],[-3.0658947346892793,38.13089700953793],[-3.065789794093508,38.13093383710813],[-3.0656364899135524,38.13098763468042],[-3.0656354589394006,38.13098339930451],[-3.065603642071255,38.13087715783729],[-3.065291374249987,38.13002770470621],[-3.0650476494459897,38.129388479777504],[-3.065204749790117,38.12937235299481],[-3.0655602187810964,38.12930006242843]]]},"properties":{"dn_surface":8691.30150797383,"provincia":23,"municipio":95,"agregado":0,"zona":0,"poligono":10,"parcela":399,"recinto":1,"uso_sigpac":"OV","idPanel":"23:95:0:0:10:399:1"},"id":1112544208},{"type":"Feature","geometry":{"type":"Polygon","coordinates":[[[-3.0650476494459897,38.129388479777504],[-3.065291374249987,38.13002770470621],[-3.065603642071255,38.13087715783729],[-3.064992255121007,38.13097247684584],[-3.0649721251411512,38.13091877231261],[-3.064933488756179,38.13084128412777],[-3.064907617172308,38.13074756606281],[-3.0648744432739585,38.13052677498547],[-3.064874097101336,38.13052271898226],[-3.064817171402554,38.12989979769438],[-3.064764256444678,38.129423057644715],[-3.0649268284955213,38.12940080033769],[-3.0650476494459897,38.129388479777504]]]},"properties":{"dn_surface":7322.85016391122,"provincia":23,"municipio":95,"agregado":0,"zona":0,"poligono":10,"parcela":400,"recinto":1,"uso_sigpac":"OV","idPanel":"23:95:0:0:10:400:1"},"id":1112544207},{"type":"Feature","geometry":{"type":"Polygon","coordinates":[[[-3.0662873321607607,38.128033930616596],[-3.066369053206983,38.12816493809461],[-3.0665101700990003,38.12826427035864],[-3.0665130241372007,38.12826598110516],[-3.0663672393630286,38.12842495312839],[-3.066153998704492,38.12855989758657],[-3.065774370552562,38.128909881459776],[-3.065507191505711,38.129080453199464],[-3.0654580534336304,38.12899702308309],[-3.0654222761159997,38.128926382913534],[-3.065392801989931,38.12888647331738],[-3.0653827529256197,38.128877104863676],[-3.065781461643067,38.12855360864421],[-3.0657321970042406,38.12833084362856],[-3.0655766087555354,38.1283157260271],[-3.0655535719314857,38.12831348805881],[-3.0655505971938726,38.12831319888312],[-3.0656154957594275,38.12828092939219],[-3.0657623668283143,38.12820427688311],[-3.0658758376874533,38.128122362214924],[-3.0658976432098535,38.12808040911065],[-3.0659365528448848,38.12808702075628],[-3.066062745757416,38.12810905929558],[-3.0662099219275962,38.12808133950196],[-3.0662873321607607,38.128033930616596]]]},"properties":{"dn_surface":4545.150653950953,"provincia":23,"municipio":95,"agregado":0,"zona":0,"poligono":10,"parcela":455,"recinto":1,"uso_sigpac":"OV","idPanel":"23:95:0:0:10:455:1"},"id":1320337692},{"type":"Feature","geometry":{"type":"Polygon","coordinates":[[[-3.0655766087555354,38.1283157260271],[-3.0657321970042406,38.12833084362856],[-3.065781461643067,38.12855360864421],[-3.0653827529256197,38.128877104863676],[-3.065378185626309,38.12887287200229],[-3.0653370774179445,38.128837654595856],[-3.065307724829478,38.12880468353953],[-3.0652518728525555,38.12874108416909],[-3.0651601714736323,38.12863841674556],[-3.06527569589917,38.12855051404537],[-3.06537588144099,38.12847389003477],[-3.0654642015599722,38.128404026867685],[-3.0655533380763735,38.12832991407544],[-3.0655766087555354,38.1283157260271]]]},"properties":{"dn_surface":1787.63037109375,"provincia":23,"municipio":95,"agregado":0,"zona":0,"poligono":10,"parcela":397,"recinto":1,"uso_sigpac":"OV","idPanel":"23:95:0:0:10:397:1"},"id":1179160070},{"type":"Feature","geometry":{"type":"Polygon","coordinates":[[[-3.066455084228074,38.12878559040118],[-3.065745903093124,38.129598551238246],[-3.065691616017616,38.129468776738264],[-3.0656407018201466,38.129347065629645],[-3.0655380461313153,38.12913271017791],[-3.065507191505711,38.129080453199464],[-3.065774370552562,38.128909881459776],[-3.066153998704492,38.12855989758657],[-3.0663641011782947,38.128735349270585],[-3.066455084228074,38.12878559040118]]]},"properties":{"dn_surface":4002.87962755874,"provincia":23,"municipio":95,"agregado":0,"zona":0,"poligono":10,"parcela":454,"recinto":1,"uso_sigpac":"OV","idPanel":"23:95:0:0:10:454:1"},"id":1112544151},{"type":"Feature","geometry":{"type":"Polygon","coordinates":[[[-3.065109862449608,38.12865642442742],[-3.065207395957106,38.12876562219205],[-3.0652632479340283,38.128829312087106],[-3.0652947714355454,38.12886471473365],[-3.0653027644188855,38.12887146970982],[-3.0650812005300048,38.128888982021124],[-3.0649178422565964,38.128924578289656],[-3.0648555647123192,38.128819704749134],[-3.064769017365963,38.12870784656826],[-3.064769034967961,38.128707732574384],[-3.0648228224820087,38.12870651133102],[-3.064823467050401,38.128706100617705],[-3.064829090469574,38.12870714332652],[-3.0648291944051795,38.12870716260491],[-3.064829295826214,38.12870718104509],[-3.0648638627969533,38.12871359152504],[-3.0649335549732175,38.12870972662924],[-3.0650429220523194,38.128690532908024],[-3.065109862449608,38.12865642442742]]]},"properties":{"dn_surface":754.7904052734375,"provincia":23,"municipio":95,"agregado":0,"zona":0,"poligono":10,"parcela":396,"recinto":1,"uso_sigpac":"OV","idPanel":"23:95:0:0:10:396:1"},"id":1184431189},{"type":"Feature","geometry":{"type":"Polygon","coordinates":[[[-3.0649178422565964,38.128924578289656],[-3.0649169722149954,38.12897153455225],[-3.064919319148023,38.12904363484944],[-3.0650259185225313,38.12933135123663],[-3.0650476494459897,38.129388479777504],[-3.0649268284955213,38.12940080033769],[-3.064764256444678,38.129423057644715],[-3.064756664116332,38.12935411481064],[-3.064719421641941,38.12904869751924],[-3.0646988775960433,38.128914870368845],[-3.06469777537571,38.128830152792034],[-3.064693944007542,38.12875688238111],[-3.0647657601581964,38.128705508017134],[-3.0647666922258847,38.12870484081756],[-3.064769034967961,38.128707732574384],[-3.064769017365963,38.12870784656826],[-3.0648555647123192,38.128819704749134],[-3.0649178422565964,38.128924578289656]]]},"properties":{"dn_surface":1406.08056640625,"provincia":23,"municipio":95,"agregado":0,"zona":0,"poligono":10,"parcela":395,"recinto":1,"uso_sigpac":"OV","idPanel":"23:95:0:0:10:395:1"},"id":1179159329},{"type":"Feature","geometry":{"type":"Polygon","coordinates":[[[-3.067324002654047,38.12762311843028],[-3.066816370260201,38.127237115840614],[-3.0668510269173104,38.1272061832633],[-3.066926283839421,38.12715558171081],[-3.0669985760822045,38.127107324576826],[-3.067015176442425,38.127094472603915],[-3.067052048436674,38.1270659271928],[-3.06714313709844,38.126986656176996],[-3.06718373317249,38.1269610377266],[-3.067223510334552,38.1269360839612],[-3.0672327639562043,38.12693027781651],[-3.067297511647493,38.126883457340796],[-3.0673456422147534,38.1268486531622],[-3.0674524444313316,38.12673503394333],[-3.0675980624056196,38.12689042102636],[-3.067774286901163,38.12707670464454],[-3.0678573356409267,38.127184179089795],[-3.067860462090996,38.127232305466094],[-3.0678346014036,38.12727476902825],[-3.0677969792289717,38.12730579296834],[-3.067718743378296,38.1273426079656],[-3.067689432699349,38.12735524200903],[-3.0675798300887536,38.12740252851859],[-3.067482113017566,38.127470447922235],[-3.0674772096039185,38.12747378475808],[-3.067324002654047,38.12762311843028]]]},"properties":{"dn_surface":4485.254150390625,"provincia":23,"municipio":95,"agregado":0,"zona":0,"poligono":10,"parcela":443,"recinto":3,"uso_sigpac":"OV","idPanel":"23:95:0:0:10:443:3"},"id":1179178940},{"type":"Feature","geometry":{"type":"Polygon","coordinates":[[[-3.0668094526751015,38.127230743079224],[-3.066816370260201,38.127237115840614],[-3.067324002654047,38.12762311843028],[-3.067178221232636,38.12778263192445],[-3.0667549443173376,38.12746652267674],[-3.066787597699469,38.12740666582627],[-3.0667664333927,38.127257436927835],[-3.0668094526751015,38.127230743079224]]]},"properties":{"dn_surface":1255.8996901626292,"provincia":23,"municipio":95,"agregado":0,"zona":0,"poligono":10,"parcela":463,"recinto":2,"uso_sigpac":"OV","idPanel":"23:95:0:0:10:463:2"},"id":1320337693},{"type":"Feature","geometry":{"type":"Polygon","coordinates":[[[-3.0667549443173376,38.12746652267674],[-3.067178221232636,38.12778263192445],[-3.067148050570372,38.12785267614069],[-3.067114922772492,38.12793281719806],[-3.0670547138820416,38.12809219322904],[-3.0670507282868456,38.12810039659817],[-3.067023055431876,38.128157551961095],[-3.0669653845818567,38.12822535820902],[-3.0667701884855436,38.128375885464294],[-3.0667351890085754,38.12840699825256],[-3.0665130241372007,38.12826598110516],[-3.0665101700990003,38.12826427035864],[-3.066369053206983,38.12816493809461],[-3.0662873321607607,38.128033930616596],[-3.066381561521831,38.12797622120985],[-3.066588155330757,38.12776882525273],[-3.066700124990947,38.12756701080528],[-3.0667549443173376,38.12746652267674]]]},"properties":{"dn_surface":4292.763141718175,"provincia":23,"municipio":95,"agregado":0,"zona":0,"poligono":10,"parcela":444,"recinto":1,"uso_sigpac":"OV","idPanel":"23:95:0:0:10:444:1"},"id":1320337695},{"type":"Feature","geometry":{"type":"Polygon","coordinates":[[[-3.068418141993471,38.127689745344355],[-3.068387234561874,38.127703461491535],[-3.0681580355969387,38.12784734105901],[-3.068000138971963,38.127983429647],[-3.067931663848112,38.128087293168136],[-3.0678813229728528,38.12818348557107],[-3.067850916779096,38.12836600822905],[-3.0678111974521687,38.12847364025407],[-3.0677945602115724,38.128496271394],[-3.067435428328689,38.12830513213902],[-3.067081463051227,38.12811675388318],[-3.0670507282868456,38.12810039659817],[-3.0670547138820416,38.12809219322904],[-3.067114922772492,38.12793281719806],[-3.0671301853808868,38.127895895750584],[-3.067148050570372,38.12785267614069],[-3.067178221232636,38.12778263192445],[-3.067235963328836,38.12771945081096],[-3.067324002654047,38.12762311843028],[-3.0674772096039185,38.12747378475808],[-3.067482113017566,38.127470447922235],[-3.067712157716582,38.127498440127766],[-3.0677166085074314,38.12749924814324],[-3.0681693142865183,38.12758777110429],[-3.0683551033723413,38.12762966637342],[-3.068385582488661,38.12764569173504],[-3.068418141993471,38.127689745344355]]]},"properties":{"dn_surface":7148.28607746166,"provincia":23,"municipio":95,"agregado":0,"zona":0,"poligono":10,"parcela":442,"recinto":1,"uso_sigpac":"OV","idPanel":"23:95:0:0:10:442:1"},"id":1112544162},{"type":"Feature","geometry":{"type":"Polygon","coordinates":[[[-3.0684643849560254,38.1277254095063],[-3.0686842615676975,38.12797709879516],[-3.0686961395633894,38.12798934894738],[-3.068461887986922,38.12822047407377],[-3.068363611842758,38.128300921908846],[-3.0687623138546836,38.12882514209002],[-3.0685332733077266,38.12901877160854],[-3.068223989444166,38.12893936312955],[-3.068133480810134,38.12878863303223],[-3.068129138145842,38.12878142543326],[-3.06812451971692,38.128775660359906],[-3.068138943296757,38.12877992758709],[-3.0682268828773127,38.12884257896425],[-3.0683018447564154,38.128780680282006],[-3.0682858353204034,38.12876107081837],[-3.068310886315905,38.12874224506274],[-3.0682432820718457,38.12867343047179],[-3.068222513390929,38.128687121473234],[-3.0681543576176082,38.12864612139143],[-3.0680726608789057,38.1287109327852],[-3.067877825204451,38.12846774526119],[-3.0679117409012755,38.12837615871439],[-3.067941578801965,38.12819634005854],[-3.0679878192499466,38.1281079906029],[-3.0680512811572123,38.12801170096989],[-3.068200285420583,38.12788318794642],[-3.0684218442803233,38.127744179941345],[-3.0684643849560254,38.1277254095063]],[[-3.0682507889047725,38.12820739914224],[-3.068190137449809,38.12824138608525],[-3.068230634617396,38.128285303069504],[-3.0682938107017463,38.12824732047304],[-3.0682507889047725,38.12820739914224]]]},"properties":{"dn_surface":5914.354885957725,"provincia":23,"municipio":95,"agregado":0,"zona":0,"poligono":10,"parcela":441,"recinto":1,"uso_sigpac":"OV","idPanel":"23:95:0:0:10:441:1"},"id":1155198827},{"type":"Feature","geometry":{"type":"Polygon","coordinates":[[[-3.0670507282868456,38.12810039659817],[-3.067081463051227,38.12811675388318],[-3.067435428328689,38.12830513213902],[-3.0673952303950625,38.128389242027794],[-3.06728291372406,38.12858650007243],[-3.0672525335142033,38.12862789829467],[-3.06725193169352,38.12862707938265],[-3.0672455354628285,38.12862259925515],[-3.0671099204523817,38.12854814364303],[-3.067010535382362,38.128489894441685],[-3.0669345718657715,38.128447895236945],[-3.0669267616079305,38.12844453660816],[-3.0669196612973306,38.12844229109615],[-3.0669083054942377,38.128442882858536],[-3.0668990745037243,38.12844289794597],[-3.066772004005879,38.128382958952784],[-3.066739683385324,38.12840984893799],[-3.0667351890085754,38.12840699825256],[-3.0667701884855436,38.128375885464294],[-3.0669653845818567,38.12822535820902],[-3.067023055431876,38.128157551961095],[-3.0670507282868456,38.12810039659817]]]},"properties":{"dn_surface":1711.8251953125,"provincia":23,"municipio":95,"agregado":0,"zona":0,"poligono":10,"parcela":445,"recinto":2,"uso_sigpac":"OV","idPanel":"23:95:0:0:10:445:2"},"id":1430165807},{"type":"Feature","geometry":{"type":"Polygon","coordinates":[[[-3.067877825204451,38.12846774526119],[-3.0680726608789057,38.1287109327852],[-3.068081193656843,38.128721582831986],[-3.0680896132790814,38.12873209206279],[-3.0680997780136634,38.12874477891222],[-3.06812451971692,38.128775660359906],[-3.068129138145842,38.12878142543326],[-3.068133480810134,38.12878863303223],[-3.068223989444166,38.12893936312955],[-3.0685332733077266,38.12901877160854],[-3.068656528363021,38.129168582211065],[-3.068479064183924,38.12924682141448],[-3.0683003133826143,38.12917166591342],[-3.0682481796181604,38.129182059473976],[-3.0682078282956975,38.129224621942626],[-3.0682042936469185,38.12922723709656],[-3.0680805868070173,38.12932338088444],[-3.0679881419532378,38.129418695702014],[-3.0676114969208235,38.12917340096749],[-3.067388655629823,38.1290459055071],[-3.067647413378055,38.12878205323781],[-3.0678165308574754,38.12856412458055],[-3.0678684936310945,38.128493076212294],[-3.067877825204451,38.12846774526119]]]},"properties":{"dn_surface":4922.418119124886,"provincia":23,"municipio":95,"agregado":0,"zona":0,"poligono":10,"parcela":448,"recinto":1,"uso_sigpac":"OV","idPanel":"23:95:0:0:10:448:1"},"id":1155198831},{"type":"Feature","geometry":{"type":"Polygon","coordinates":[[[-3.067388655629823,38.1290459055071],[-3.0676114969208235,38.12917340096749],[-3.0679881419532378,38.129418695702014],[-3.06770019087271,38.129579821036316],[-3.0676804707679435,38.1295999300614],[-3.067323900394821,38.129346962532225],[-3.0673363785348164,38.1292690862652],[-3.067388655629823,38.1290459055071]]]},"properties":{"dn_surface":1713.37749801151,"provincia":23,"municipio":95,"agregado":0,"zona":0,"poligono":10,"parcela":449,"recinto":1,"uso_sigpac":"OV","idPanel":"23:95:0:0:10:449:1"},"id":1112544155},{"type":"Feature","geometry":{"type":"Polygon","coordinates":[[[-3.0584145780080307,38.12812500000001],[-3.0582458201122775,38.12797537966671],[-3.058056958220569,38.127793594616264],[-3.057726521784902,38.12749660281443],[-3.058072592985486,38.12737531080097],[-3.058487195468676,38.127205046677176],[-3.058690791070657,38.127123385142454],[-3.058724208882404,38.12710867909246],[-3.0593659684987937,38.12790130207844],[-3.0592237636356803,38.127991316180186],[-3.0589279394330338,38.12816891698429],[-3.0587821772900026,38.12823604094527],[-3.058735515232266,38.12824083958512],[-3.058611211600823,38.12831867813355],[-3.0584145780080307,38.12812500000001]]]},"properties":{"dn_surface":9835.00958442938,"provincia":23,"municipio":48,"agregado":0,"zona":0,"poligono":20,"parcela":243,"recinto":1,"uso_sigpac":"OV","idPanel":"23:48:0:0:20:243:1"},"id":1112039916},{"type":"Feature","geometry":{"type":"Polygon","coordinates":[[[-3.0582458201122775,38.12797537966671],[-3.0577726432098533,38.12824165598252],[-3.0576616483650594,38.12812661603104],[-3.0575938178096007,38.12805643938074],[-3.057700217694802,38.12799041764009],[-3.057859643179008,38.127885210499784],[-3.057914379524551,38.12784908952409],[-3.058056958220569,38.127793594616264],[-3.0582458201122775,38.12797537966671]]]},"properties":{"dn_surface":1361.20964841389,"provincia":23,"municipio":48,"agregado":0,"zona":0,"poligono":20,"parcela":240,"recinto":1,"uso_sigpac":"OV","idPanel":"23:48:0:0:20:240:1"},"id":1112039919},{"type":"Feature","geometry":{"type":"Polygon","coordinates":[[[-3.0584145780080307,38.12812500000001],[-3.0579311391409414,38.12840038325419],[-3.0577726432098533,38.12824165598252],[-3.0582458201122775,38.12797537966671],[-3.0584145780080307,38.12812500000001]]]},"properties":{"dn_surface":1148.05514502412,"provincia":23,"municipio":48,"agregado":0,"zona":0,"poligono":20,"parcela":241,"recinto":1,"uso_sigpac":"OV","idPanel":"23:48:0:0:20:241:1"},"id":1112039918},{"type":"Feature","geometry":{"type":"Polygon","coordinates":[[[-3.058611211600823,38.12831867813355],[-3.0583318033565163,38.128481668441395],[-3.0581475313952584,38.12861901766772],[-3.0579311391409414,38.12840038325419],[-3.0584145780080307,38.12812500000001],[-3.058611211600823,38.12831867813355]]]},"properties":{"dn_surface":1486.90952423483,"provincia":23,"municipio":48,"agregado":0,"zona":0,"poligono":20,"parcela":242,"recinto":1,"uso_sigpac":"OV","idPanel":"23:48:0:0:20:242:1"},"id":1112039917},{"type":"Feature","geometry":{"type":"Polygon","coordinates":[[[-3.0597253149584116,38.127690503068436],[-3.0595435282315924,38.12779243372262],[-3.0590618118457087,38.12695980893952],[-3.059076638595112,38.12695268180684],[-3.059134575989668,38.126924625060695],[-3.059247949618724,38.12687923705232],[-3.059510521971316,38.12733866427996],[-3.0597253149584116,38.127690503068436]]]},"properties":{"dn_surface":1868.67437401358,"provincia":23,"municipio":48,"agregado":0,"zona":0,"poligono":20,"parcela":245,"recinto":1,"uso_sigpac":"OV","idPanel":"23:48:0:0:20:245:1"},"id":1112039914},{"type":"Feature","geometry":{"type":"Polygon","coordinates":[[[-3.0597187603097415,38.12721572103146],[-3.059510521971316,38.12733866427996],[-3.059247949618724,38.12687923705232],[-3.0593934854503564,38.12681797120382],[-3.0595530584560664,38.12703744129314],[-3.0597187603097415,38.12721572103146]]]},"properties":{"dn_surface":962.010063249859,"provincia":23,"municipio":48,"agregado":0,"zona":0,"poligono":20,"parcela":246,"recinto":2,"uso_sigpac":"OV","idPanel":"23:48:0:0:20:246:2"},"id":1112039913},{"type":"Feature","geometry":{"type":"Polygon","coordinates":[[[-3.0595435282315924,38.12779243372262],[-3.0593659684987937,38.12790130207844],[-3.058724208882404,38.12710867909246],[-3.058788193820458,38.127080078360734],[-3.058874076481853,38.12704164314147],[-3.0590618118457087,38.12695980893952],[-3.0595435282315924,38.12779243372262]]]},"properties":{"dn_surface":2741.05085790943,"provincia":23,"municipio":48,"agregado":0,"zona":0,"poligono":20,"parcela":244,"recinto":2,"uso_sigpac":"OV","idPanel":"23:48:0:0:20:244:2"},"id":1112039915},{"type":"Feature","geometry":{"type":"Polygon","coordinates":[[[-3.0593934854503564,38.12681797120382],[-3.059247949618724,38.12687923705232],[-3.059134575989668,38.126924625060695],[-3.059076638595112,38.12695268180684],[-3.0590397481606755,38.126907546093804],[-3.0588164022790725,38.1266940539781],[-3.058933904833877,38.12667453084808],[-3.0590038291888733,38.12665457940278],[-3.05925273652391,38.126594885999396],[-3.0593934854503564,38.12681797120382]]]},"properties":{"dn_surface":1084.34551592185,"provincia":23,"municipio":48,"agregado":0,"zona":0,"poligono":20,"parcela":251,"recinto":1,"uso_sigpac":"OV","idPanel":"23:48:0:0:20:251:1"},"id":1112039908},{"type":"Feature","geometry":{"type":"Polygon","coordinates":[[[-3.059076638595112,38.12695268180684],[-3.0590618118457087,38.12695980893952],[-3.058874076481853,38.12704164314147],[-3.058788193820458,38.127080078360734],[-3.058511830721755,38.12677197802199],[-3.058612784884142,38.12674687505867],[-3.058788452821282,38.1266988442361],[-3.0588164022790725,38.1266940539781],[-3.0590397481606755,38.126907546093804],[-3.059076638595112,38.12695268180684]]]},"properties":{"dn_surface":1096.90482372685,"provincia":23,"municipio":48,"agregado":0,"zona":0,"poligono":20,"parcela":252,"recinto":1,"uso_sigpac":"OV","idPanel":"23:48:0:0:20:252:1"},"id":1112039907},{"type":"Feature","geometry":{"type":"Polygon","coordinates":[[[-3.058788193820458,38.127080078360734],[-3.058724208882404,38.12710867909246],[-3.058690791070657,38.127123385142454],[-3.0583897533239273,38.126778075018706],[-3.0584972294455604,38.12677559062246],[-3.058511830721755,38.12677197802199],[-3.058788193820458,38.127080078360734]]]},"properties":{"dn_surface":416.368124090509,"provincia":23,"municipio":48,"agregado":0,"zona":0,"poligono":20,"parcela":253,"recinto":1,"uso_sigpac":"OV","idPanel":"23:48:0:0:20:253:1"},"id":1112039906},{"type":"Feature","geometry":{"type":"Polygon","coordinates":[[[-3.058690791070657,38.127123385142454],[-3.058487195468676,38.127205046677176],[-3.0584021216609845,38.12711649270307],[-3.058094491547018,38.12679984449892],[-3.0582197565828118,38.12678509486301],[-3.0583897533239273,38.126778075018706],[-3.058690791070657,38.127123385142454]]]},"properties":{"dn_surface":1091.1161302955,"provincia":23,"municipio":48,"agregado":0,"zona":0,"poligono":20,"parcela":254,"recinto":1,"uso_sigpac":"OV","idPanel":"23:48:0:0:20:254:1"},"id":1112039905},{"type":"Feature","geometry":{"type":"Polygon","coordinates":[[[-3.057726521784902,38.12749660281443],[-3.0573429784457673,38.12713059944693],[-3.0573139032983123,38.12710522574815],[-3.0572322275143695,38.12703394603932],[-3.0575615550241797,38.1269486224509],[-3.057712799770403,38.126890871134606],[-3.0579061476569565,38.12683508286014],[-3.058094491547018,38.12679984449892],[-3.0584021216609845,38.12711649270307],[-3.058487195468676,38.127205046677176],[-3.058072592985486,38.12737531080097],[-3.057726521784902,38.12749660281443]]]},"properties":{"dn_surface":4625.48881411994,"provincia":23,"municipio":48,"agregado":0,"zona":0,"poligono":20,"parcela":255,"recinto":1,"uso_sigpac":"OV","idPanel":"23:48:0:0:20:255:1"},"id":1112039904},{"type":"Feature","geometry":{"type":"Polygon","coordinates":[[[-3.057612115505315,38.12611294833127],[-3.057828783524262,38.12639549476029],[-3.0578887434721733,38.1264736861869],[-3.0580224298065857,38.12667821469478],[-3.0580670651200155,38.126746502902165],[-3.0580091780168814,38.12675703727871],[-3.057947395843112,38.126768279087884],[-3.0577629470236865,38.12682081853646],[-3.0576013095551016,38.12687986234235],[-3.0575514741086347,38.126898066998905],[-3.0574402554670126,38.126927952676425],[-3.057202822958101,38.12698634688476],[-3.0571877640299654,38.12696627390184],[-3.0569964822826665,38.12671131483236],[-3.056895076335673,38.126576151606514],[-3.056820129543998,38.12647625524036],[-3.0567499964796,38.126377238135944],[-3.0569335358624774,38.12632217489613],[-3.057612115505315,38.12611294833127]]]},"properties":{"dn_surface":6377.32575502962,"provincia":23,"municipio":48,"agregado":0,"zona":0,"poligono":19,"parcela":543,"recinto":1,"uso_sigpac":"OV","idPanel":"23:48:0:0:19:543:1"},"id":1112039103},{"type":"Feature","geometry":{"type":"Polygon","coordinates":[[[-3.0603235724947493,38.12651974139479],[-3.0602483817896773,38.12651716395945],[-3.0601207027656256,38.126509656288306],[-3.0598174513581364,38.12652602698435],[-3.059596098693228,38.12651739194723],[-3.0593987601823365,38.126296497772444],[-3.0595935925040294,38.126246113311254],[-3.0595564455833397,38.1261656487124],[-3.0599161331864373,38.12610184482347],[-3.0599429770711346,38.126140045349445],[-3.0603235724947493,38.12651974139479]]]},"properties":{"dn_surface":2287.63101004699,"provincia":23,"municipio":48,"agregado":0,"zona":0,"poligono":19,"parcela":61,"recinto":1,"uso_sigpac":"OV","idPanel":"23:48:0:0:19:61:1"},"id":1112039605},{"type":"Feature","geometry":{"type":"Polygon","coordinates":[[[-3.060396877271496,38.126586578694685],[-3.06060454228771,38.126599544661474],[-3.060731779585438,38.12662453698363],[-3.0608506844327255,38.126645748229095],[-3.0609554347592844,38.126657863432655],[-3.0612713319448437,38.126753329962725],[-3.061111938311871,38.126885444690174],[-3.0609781874368,38.12698374849461],[-3.0607757636249517,38.12709894015856],[-3.0605547412070475,38.12680568836217],[-3.060454448376861,38.126666402077916],[-3.060396877271496,38.126586578694685]]]},"properties":{"dn_surface":2130.14808609818,"provincia":23,"municipio":48,"agregado":0,"zona":0,"poligono":20,"parcela":248,"recinto":1,"uso_sigpac":"OV","idPanel":"23:48:0:0:20:248:1"},"id":1112039911},{"type":"Feature","geometry":{"type":"Polygon","coordinates":[[[-3.0603042061063173,38.12737288591626],[-3.0599662846306734,38.12754969882144],[-3.0597187603097415,38.12721572103146],[-3.0595530584560664,38.12703744129314],[-3.0599770939336475,38.1269657651203],[-3.0603042061063173,38.12737288591626]]]},"properties":{"dn_surface":2095.82964653672,"provincia":23,"municipio":48,"agregado":0,"zona":0,"poligono":20,"parcela":247,"recinto":1,"uso_sigpac":"OV","idPanel":"23:48:0:0:20:247:1"},"id":1112039912},{"type":"Feature","geometry":{"type":"Polygon","coordinates":[[[-3.0612379082657633,38.12743235803737],[-3.061389564563457,38.12780915394407],[-3.0613885796897757,38.12780956968649],[-3.0612348346216876,38.12796362404683],[-3.0612100040702526,38.12790828001326],[-3.0610454061132915,38.12754141666244],[-3.0612379082657633,38.12743235803737]]]},"properties":{"dn_surface":892.5953950230753,"provincia":23,"municipio":95,"agregado":0,"zona":0,"poligono":10,"parcela":367,"recinto":1,"uso_sigpac":"OV","idPanel":"23:95:0:0:10:367:1"},"id":1155198967},{"type":"Feature","geometry":{"type":"Polygon","coordinates":[[[-3.061012140852191,38.127467349132445],[-3.0610454061132915,38.12754141666244],[-3.0612100040702526,38.12790828001326],[-3.0610029836224304,38.128066388700404],[-3.0609059639256273,38.12813915452074],[-3.0606860864757652,38.12764352752751],[-3.0608174736540006,38.127580463760665],[-3.061012140852191,38.127467349132445]]]},"properties":{"dn_surface":1836.897279437435,"provincia":23,"municipio":95,"agregado":0,"zona":0,"poligono":10,"parcela":364,"recinto":2,"uso_sigpac":"OV","idPanel":"23:95:0:0:10:364:2"},"id":1155198811},{"type":"Feature","geometry":{"type":"Polygon","coordinates":[[[-3.0514985586478445,38.13451586459672],[-3.0514127279542524,38.134485707345505],[-3.051352001062155,38.13445563056055],[-3.0512480998224376,38.13436698941467],[-3.0512046212117148,38.13436105921784],[-3.051204622049905,38.13436223100794],[-3.0508366732425496,38.13426910135266],[-3.049808058596882,38.134031045230074],[-3.049824439351227,38.13395785612363],[-3.0498958347303176,38.13390654546211],[-3.0499587618721278,38.13382081032222],[-3.050777898495817,38.133933045688735],[-3.051424383829497,38.13403074599614],[-3.052123125303425,38.1341195883077],[-3.052067397378677,38.13421676809887],[-3.051936336256494,38.13444087673375],[-3.0518746211379537,38.134464786113966],[-3.0518265852862045,38.13446958307739],[-3.051695374127946,38.13448766284361],[-3.0514985586478445,38.13451586459672]]]},"properties":{"dn_surface":7181.57709374782,"provincia":23,"municipio":48,"agregado":0,"zona":0,"poligono":20,"parcela":68,"recinto":1,"uso_sigpac":"OV","idPanel":"23:48:0:0:20:68:1"},"id":1112040093},{"type":"Feature","geometry":{"type":"Polygon","coordinates":[[[-3.0521684965479965,38.13406017569815],[-3.052123125303425,38.1341195883077],[-3.051424383829497,38.13403074599614],[-3.0514611745192806,38.1339392524884],[-3.0521684965479965,38.13406017569815]]]},"properties":{"dn_surface":557.702367035539,"provincia":23,"municipio":48,"agregado":0,"zona":0,"poligono":20,"parcela":74,"recinto":1,"uso_sigpac":"OV","idPanel":"23:48:0:0:20:74:1"},"id":1112040087},{"type":"Feature","geometry":{"type":"Polygon","coordinates":[[[-3.0508366732425496,38.13426910135266],[-3.0505393143133412,38.13492453101574],[-3.050268373468123,38.13485695610834],[-3.0495817807253767,38.13468680430199],[-3.049808058596882,38.134031045230074],[-3.0508366732425496,38.13426910135266]]]},"properties":{"dn_surface":6934.8510876842,"provincia":23,"municipio":48,"agregado":0,"zona":0,"poligono":20,"parcela":66,"recinto":1,"uso_sigpac":"OV","idPanel":"23:48:0:0:20:66:1"},"id":1112040095},{"type":"Feature","geometry":{"type":"Polygon","coordinates":[[[-3.0508366732425496,38.13426910135266],[-3.051204622049905,38.13436223100794],[-3.0512046212117148,38.13436105921784],[-3.0512480998224376,38.13436698941467],[-3.051352001062155,38.13445563056055],[-3.0514127279542524,38.134485707345505],[-3.0514985586478445,38.13451586459672],[-3.0514530725711926,38.13457572731457],[-3.0513622932016724,38.13464615290738],[-3.0512246254630155,38.13473056789746],[-3.0510733597620345,38.13478948346017],[-3.0509286101529667,38.134865789796606],[-3.05091026216583,38.134898692959496],[-3.0508813085559785,38.13494052368793],[-3.0508144746088663,38.13498849835179],[-3.0505393143133412,38.13492453101574],[-3.0508366732425496,38.13426910135266]]]},"properties":{"dn_surface":3466.90845954271,"provincia":23,"municipio":48,"agregado":0,"zona":0,"poligono":20,"parcela":67,"recinto":1,"uso_sigpac":"OV","idPanel":"23:48:0:0:20:67:1"},"id":1112040094},{"type":"Feature","geometry":{"type":"Polygon","coordinates":[[[-3.0508144746088663,38.13498849835179],[-3.0508000133104622,38.135031674375796],[-3.050741039912613,38.13506035892652],[-3.050656860454044,38.13510680808392],[-3.0505526239381804,38.13519075787832],[-3.050444161266485,38.135268851236646],[-3.0503742201476824,38.13527897406169],[-3.050099384231828,38.13519094228019],[-3.050268373468123,38.13485695610834],[-3.0505393143133412,38.13492453101574],[-3.0508144746088663,38.13498849835179]]]},"properties":{"dn_surface":1668.4041371351,"provincia":23,"municipio":48,"agregado":0,"zona":0,"poligono":20,"parcela":65,"recinto":1,"uso_sigpac":"OV","idPanel":"23:48:0:0:20:65:1"},"id":1112040096},{"type":"Feature","geometry":{"type":"Polygon","coordinates":[[[-3.050741039912613,38.13506035892652],[-3.05072397687131,38.13513612630658],[-3.0504784172685993,38.13531266344711],[-3.050417977875797,38.1353629422963],[-3.0503325109568244,38.13535731049521],[-3.0503742201476824,38.13527897406169],[-3.050444161266485,38.135268851236646],[-3.0505526239381804,38.13519075787832],[-3.050656860454044,38.13510680808392],[-3.050741039912613,38.13506035892652]]]},"properties":{"dn_surface":273.010634968247,"provincia":23,"municipio":48,"agregado":0,"zona":0,"poligono":20,"parcela":9009,"recinto":7,"uso_sigpac":"OV","idPanel":"23:48:0:0:20:9009:7"},"id":1112039724},{"type":"Feature","geometry":{"type":"Polygon","coordinates":[[[-3.0499348650647615,38.133259243731004],[-3.050684481341212,38.13333789029497],[-3.050858508101613,38.133359178653905],[-3.0514501950636626,38.133425627871645],[-3.0514726208469343,38.13367013051629],[-3.050817616984553,38.13362380624929],[-3.049980833100875,38.133563130486806],[-3.0499692979250423,38.133548174656084],[-3.0499348650647615,38.133259243731004]]]},"properties":{"dn_surface":4003.79674425081,"provincia":23,"municipio":48,"agregado":0,"zona":0,"poligono":20,"parcela":71,"recinto":1,"uso_sigpac":"OV","idPanel":"23:48:0:0:20:71:1"},"id":1112040090},{"type":"Feature","geometry":{"type":"Polygon","coordinates":[[[-3.0514501950636626,38.133425627871645],[-3.0520560331936797,38.133493600081266],[-3.0522388450273175,38.13351244930627],[-3.052079960175899,38.13375955201744],[-3.0519036401266537,38.13372447710333],[-3.0517528873981763,38.13369975551663],[-3.051676083176648,38.13368455661072],[-3.0514726208469343,38.13367013051629],[-3.0514501950636626,38.133425627871645]]]},"properties":{"dn_surface":1673.34156661809,"provincia":23,"municipio":48,"agregado":0,"zona":0,"poligono":20,"parcela":72,"recinto":1,"uso_sigpac":"OV","idPanel":"23:48:0:0:20:72:1"},"id":1112040089},{"type":"Feature","geometry":{"type":"Polygon","coordinates":[[[-3.050817616984553,38.13362380624929],[-3.050777898495817,38.133933045688735],[-3.0499587618721278,38.13382081032222],[-3.0499780109139087,38.133770512194644],[-3.0499847608609354,38.13363180509995],[-3.049980833100875,38.133563130486806],[-3.050817616984553,38.13362380624929]]]},"properties":{"dn_surface":2284.46408090505,"provincia":23,"municipio":48,"agregado":0,"zona":0,"poligono":20,"parcela":70,"recinto":1,"uso_sigpac":"OV","idPanel":"23:48:0:0:20:70:1"},"id":1112040091},{"type":"Feature","geometry":{"type":"Polygon","coordinates":[[[-3.052457136621006,38.13383446779605],[-3.052317100994563,38.13395421502469],[-3.0521684965479965,38.13406017569815],[-3.0514611745192806,38.1339392524884],[-3.051424383829497,38.13403074599614],[-3.050777898495817,38.133933045688735],[-3.050817616984553,38.13362380624929],[-3.0514726208469343,38.13367013051629],[-3.051676083176648,38.13368455661072],[-3.0517528873981763,38.13369975551663],[-3.0519036401266537,38.13372447710333],[-3.052079960175899,38.13375955201744],[-3.052457136621006,38.13383446779605]]]},"properties":{"dn_surface":4556.52488412539,"provincia":23,"municipio":48,"agregado":0,"zona":0,"poligono":20,"parcela":73,"recinto":1,"uso_sigpac":"OV","idPanel":"23:48:0:0:20:73:1"},"id":1112040088},{"type":"Feature","geometry":{"type":"Polygon","coordinates":[[[-3.0499909969972663,38.13242744624182],[-3.0500201526109967,38.132184634227144],[-3.0500480777612666,38.13214118243852],[-3.050699088484739,38.1322080616479],[-3.0510426811564075,38.13224379118867],[-3.0509912187824377,38.1325633101948],[-3.0499909969972663,38.13242744624182]]]},"properties":{"dn_surface":3028.79636675437,"provincia":23,"municipio":48,"agregado":0,"zona":0,"poligono":20,"parcela":94,"recinto":1,"uso_sigpac":"OV","idPanel":"23:48:0:0:20:94:1"},"id":1112040066},{"type":"Feature","geometry":{"type":"Polygon","coordinates":[[[-3.0499909969972663,38.13242744624182],[-3.0509912187824377,38.1325633101948],[-3.050963762180582,38.13278331924059],[-3.0507448863682076,38.13275249562801],[-3.0499504193634044,38.13265422032205],[-3.0499774702811218,38.13250189598662],[-3.0499909969972663,38.13242744624182]]]},"properties":{"dn_surface":2216.54669200329,"provincia":23,"municipio":48,"agregado":0,"zona":0,"poligono":20,"parcela":95,"recinto":2,"uso_sigpac":"OV","idPanel":"23:48:0:0:20:95:2"},"id":1112040065},{"type":"Feature","geometry":{"type":"Polygon","coordinates":[[[-3.0530384442717393,38.1326620389618],[-3.053034006891936,38.13283391157293],[-3.052181447427359,38.13272395943696],[-3.0522144168072587,38.13255676141347],[-3.0530384442717393,38.1326620389618]]]},"properties":{"dn_surface":1401.54246627476,"provincia":23,"municipio":48,"agregado":0,"zona":0,"poligono":20,"parcela":89,"recinto":1,"uso_sigpac":"OV","idPanel":"23:48:0:0:20:89:1"},"id":1112040071},{"type":"Feature","geometry":{"type":"Polygon","coordinates":[[[-3.0507448863682076,38.13275249562801],[-3.050684481341212,38.13333789029497],[-3.0499348650647615,38.133259243731004],[-3.0499218211462686,38.13304258577034],[-3.0499037044996737,38.13291641632716],[-3.0499501125857305,38.132705772382366],[-3.0499504193634044,38.13265422032205],[-3.0507448863682076,38.13275249562801]]]},"properties":{"dn_surface":4596.24476266185,"provincia":23,"municipio":48,"agregado":0,"zona":0,"poligono":20,"parcela":96,"recinto":1,"uso_sigpac":"OV","idPanel":"23:48:0:0:20:96:1"},"id":1112040064},{"type":"Feature","geometry":{"type":"Polygon","coordinates":[[[-3.053034006891936,38.13283391157293],[-3.0530298972445666,38.13298649658557],[-3.0521645511859385,38.132869430727936],[-3.052181447427359,38.13272395943696],[-3.053034006891936,38.13283391157293]]]},"properties":{"dn_surface":1256.33399628851,"provincia":23,"municipio":48,"agregado":0,"zona":0,"poligono":20,"parcela":88,"recinto":1,"uso_sigpac":"OV","idPanel":"23:48:0:0:20:88:1"},"id":1112040072},{"type":"Feature","geometry":{"type":"Polygon","coordinates":[[[-3.053622134897687,38.13318127442486],[-3.0530114855549617,38.13308609455592],[-3.052143729699029,38.132950823203515],[-3.0521527184525263,38.13291585054864],[-3.0522016838573927,38.13293547761427],[-3.0530164828459307,38.13305436737414],[-3.0535729406668506,38.133161648197415],[-3.053622134897687,38.13318127442486]]]},"properties":{"dn_surface":364.566807141944,"provincia":23,"municipio":48,"agregado":0,"zona":0,"poligono":20,"parcela":84,"recinto":2,"uso_sigpac":"OV","idPanel":"23:48:0:0:20:84:2"},"id":1112040076},{"type":"Feature","geometry":{"type":"Polygon","coordinates":[[[-3.053109758346364,38.13343258736626],[-3.053436168953697,38.13321614398237],[-3.0534728984555843,38.133199454773916],[-3.05314025003554,38.133157869635255],[-3.0521273464301135,38.13301779377568],[-3.052143729699029,38.132950823203515],[-3.0530114855549617,38.13308609455592],[-3.053622134897687,38.13318127442486],[-3.0531718607088543,38.133471765222225],[-3.053109758346364,38.13343258736626]]]},"properties":{"dn_surface":1094.88790520946,"provincia":23,"municipio":48,"agregado":0,"zona":0,"poligono":20,"parcela":85,"recinto":1,"uso_sigpac":"OV","idPanel":"23:48:0:0:20:85:1"},"id":1112040075},{"type":"Feature","geometry":{"type":"Polygon","coordinates":[[[-3.0521273464301135,38.13301779377568],[-3.05314025003554,38.133157869635255],[-3.0534728984555843,38.133199454773916],[-3.053436168953697,38.13321614398237],[-3.053109758346364,38.13343258736626],[-3.0530469150235904,38.133471638655465],[-3.0520366257339195,38.133322458372106],[-3.0520855802423106,38.13301204378973],[-3.0521273464301135,38.13301779377568]]]},"properties":{"dn_surface":3751.92987751018,"provincia":23,"municipio":48,"agregado":0,"zona":0,"poligono":20,"parcela":86,"recinto":1,"uso_sigpac":"OV","idPanel":"23:48:0:0:20:86:1"},"id":1112040074},{"type":"Feature","geometry":{"type":"Polygon","coordinates":[[[-3.053808765526638,38.13189977942184],[-3.0537995797984054,38.131975308755784],[-3.053759319838692,38.132152784669586],[-3.0536807721811994,38.1323988639503],[-3.053651385226928,38.13246863407829],[-3.0530916567871964,38.13240677898193],[-3.053071903993004,38.132544229629275],[-3.0530414416404925,38.132548749151766],[-3.052842874342523,38.132514675875115],[-3.052862628813095,38.1323794782835],[-3.0528763600476894,38.132276457981874],[-3.0528399331325256,38.13208378400037],[-3.0527810402009505,38.13175232497244],[-3.052752877842807,38.13162616055837],[-3.05377790084275,38.13151801807541],[-3.053808765526638,38.13189977942184]]]},"properties":{"dn_surface":8170.95909729467,"provincia":23,"municipio":48,"agregado":0,"zona":0,"poligono":20,"parcela":219,"recinto":1,"uso_sigpac":"OV","idPanel":"23:48:0:0:20:219:1"},"id":1112039939},{"type":"Feature","geometry":{"type":"Polygon","coordinates":[[[-3.0528763600476894,38.132276457981874],[-3.0507163962776302,38.13199490648478],[-3.0507600408500464,38.13175335007924],[-3.0507855126171113,38.13162968682525],[-3.051912021192135,38.131741967454104],[-3.0522587838997706,38.13174560687665],[-3.0527810402009505,38.13175232497244],[-3.0528399331325256,38.13208378400037],[-3.0528763600476894,38.132276457981874]]]},"properties":{"dn_surface":8543.14079621629,"provincia":23,"municipio":48,"agregado":0,"zona":0,"poligono":20,"parcela":218,"recinto":1,"uso_sigpac":"OV","idPanel":"23:48:0:0:20:218:1"},"id":1112039940},{"type":"Feature","geometry":{"type":"Polygon","coordinates":[[[-3.0528763600476894,38.132276457981874],[-3.052862628813095,38.1323794782835],[-3.052842874342523,38.132514675875115],[-3.0522457014245212,38.13242741690513],[-3.0511383161627244,38.13226592276712],[-3.0510426811564075,38.13224379118867],[-3.050699088484739,38.1322080616479],[-3.0507133293390765,38.13201554692259],[-3.0507163962776302,38.13199490648478],[-3.0528763600476894,38.132276457981874]]]},"properties":{"dn_surface":4724.35750085703,"provincia":23,"municipio":48,"agregado":0,"zona":0,"poligono":20,"parcela":91,"recinto":1,"uso_sigpac":"OV","idPanel":"23:48:0:0:20:91:1"},"id":1112040069},{"type":"Feature","geometry":{"type":"Polygon","coordinates":[[[-3.052143729699029,38.132950823203515],[-3.0521273464301135,38.13301779377568],[-3.0520855802423106,38.13301204378973],[-3.0520366257339195,38.133322458372106],[-3.0530469150235904,38.133471638655465],[-3.0528752636946894,38.13357824138271],[-3.0522388450273175,38.13351244930627],[-3.0520560331936797,38.133493600081266],[-3.0514501950636626,38.133425627871645],[-3.050858508101613,38.133359178653905],[-3.050684481341212,38.13333789029497],[-3.0507448863682076,38.13275249562801],[-3.050963762180582,38.13278331924059],[-3.0509912187824377,38.1325633101948],[-3.0510426811564075,38.13224379118867],[-3.0511383161627244,38.13226592276712],[-3.0522457014245212,38.13242741690513],[-3.0522144168072587,38.13255676141347],[-3.052181447427359,38.13272395943696],[-3.0521645511859385,38.132869430727936],[-3.0521527184525263,38.13291585054864],[-3.052143729699029,38.132950823203515]]]},"properties":{"dn_surface":15142.7552313878,"provincia":23,"municipio":48,"agregado":0,"zona":0,"poligono":20,"parcela":87,"recinto":3,"uso_sigpac":"OV","idPanel":"23:48:0:0:20:87:3"},"id":1112040073},{"type":"Feature","geometry":{"type":"Polygon","coordinates":[[[-3.053651385226928,38.13246863407829],[-3.053609741414919,38.132627725124536],[-3.053071903993004,38.132544229629275],[-3.0530916567871964,38.13240677898193],[-3.053651385226928,38.13246863407829]]]},"properties":{"dn_surface":812.91881401536,"provincia":23,"municipio":48,"agregado":0,"zona":0,"poligono":20,"parcela":393,"recinto":1,"uso_sigpac":"OV","idPanel":"23:48:0:0:20:393:1"},"id":1112039758},{"type":"Feature","geometry":{"type":"Polygon","coordinates":[[[-3.052842874342523,38.132514675875115],[-3.0530414416404925,38.132548749151766],[-3.0530387761951254,38.13264851978934],[-3.0530384442717393,38.1326620389618],[-3.0522144168072587,38.13255676141347],[-3.0522457014245212,38.13242741690513],[-3.052842874342523,38.132514675875115]]]},"properties":{"dn_surface":988.967599758285,"provincia":23,"municipio":48,"agregado":0,"zona":0,"poligono":20,"parcela":90,"recinto":1,"uso_sigpac":"OV","idPanel":"23:48:0:0:20:90:1"},"id":1112040070},{"type":"Feature","geometry":{"type":"Polygon","coordinates":[[[-3.053339147580513,38.13363500195803],[-3.0532654631035303,38.13367261658894],[-3.052935051813575,38.133883924380484],[-3.0527077270423013,38.134006683227085],[-3.052457136621006,38.13383446779605],[-3.0528752636946894,38.13357824138271],[-3.0530469150235904,38.133471638655465],[-3.053109758346364,38.13343258736626],[-3.0531718607088543,38.133471765222225],[-3.053339147580513,38.13363500195803]]]},"properties":{"dn_surface":2104.07004952506,"provincia":23,"municipio":48,"agregado":0,"zona":0,"poligono":20,"parcela":77,"recinto":1,"uso_sigpac":"OV","idPanel":"23:48:0:0:20:77:1"},"id":1112040084},{"type":"Feature","geometry":{"type":"Polygon","coordinates":[[[-3.0528752636946894,38.13357824138271],[-3.052457136621006,38.13383446779605],[-3.052079960175899,38.13375955201744],[-3.0522388450273175,38.13351244930627],[-3.0528752636946894,38.13357824138271]]]},"properties":{"dn_surface":1437.57329913224,"provincia":23,"municipio":48,"agregado":0,"zona":0,"poligono":20,"parcela":76,"recinto":2,"uso_sigpac":"OV","idPanel":"23:48:0:0:20:76:2"},"id":1112040085},{"type":"Feature","geometry":{"type":"Polygon","coordinates":[[[-3.0527077270423013,38.134006683227085],[-3.0525819222119104,38.13408208180334],[-3.0525002640299657,38.13414006781298],[-3.0523616751200953,38.13420961414408],[-3.0521620709806423,38.134324879568794],[-3.0520377472326303,38.13439928572771],[-3.051936336256494,38.13444087673375],[-3.052067397378677,38.13421676809887],[-3.052123125303425,38.1341195883077],[-3.0521684965479965,38.13406017569815],[-3.052317100994563,38.13395421502469],[-3.052457136621006,38.13383446779605],[-3.0527077270423013,38.134006683227085]]]},"properties":{"dn_surface":1525.93161214667,"provincia":23,"municipio":48,"agregado":0,"zona":0,"poligono":20,"parcela":75,"recinto":2,"uso_sigpac":"OV","idPanel":"23:48:0:0:20:75:2"},"id":1112040086},{"type":"Feature","geometry":{"type":"Polygon","coordinates":[[[-3.0536841685285663,38.13396508970649],[-3.0537135236316035,38.134005249083344],[-3.053797630167611,38.13404141364495],[-3.053833618709213,38.13404363987854],[-3.0538691143948804,38.134117439187605],[-3.053926638561585,38.13426000531078],[-3.053998313058067,38.13443763880434],[-3.053800660225788,38.134417873437286],[-3.0537930880140114,38.13440107610231],[-3.0536445447553424,38.13398186943945],[-3.053661736039771,38.13397440870699],[-3.0536755544461642,38.133968412293086],[-3.0536841685285663,38.13396508970649]]]},"properties":{"dn_surface":732.9094826596697,"provincia":23,"municipio":48,"agregado":0,"zona":0,"poligono":21,"parcela":576,"recinto":2,"uso_sigpac":"OV","idPanel":"23:48:0:0:21:576:2"},"id":1156719559},{"type":"Feature","geometry":{"type":"Polygon","coordinates":[[[-3.0534576107014777,38.1345411528001],[-3.0533734555504295,38.13434932706727],[-3.05331142191955,38.134216536758345],[-3.0532807651068725,38.13415090980533],[-3.053446044512602,38.13406702119883],[-3.053576997508227,38.13401117760384],[-3.0536445447553424,38.13398186943945],[-3.0537930880140114,38.13440107610231],[-3.053800660225788,38.134417873437286],[-3.0538026174002955,38.13442221526341],[-3.053750323541481,38.1344337076915],[-3.053567625701733,38.134454898820366],[-3.053505281940417,38.134518249248316],[-3.0534576107014777,38.1345411528001]]]},"properties":{"dn_surface":1599.869623639873,"provincia":23,"municipio":48,"agregado":0,"zona":0,"poligono":21,"parcela":577,"recinto":2,"uso_sigpac":"OV","idPanel":"23:48:0:0:21:577:2"},"id":1156719564},{"type":"Feature","geometry":{"type":"Polygon","coordinates":[[[-3.0532807651068725,38.13415090980533],[-3.05331142191955,38.134216536758345],[-3.0533734555504295,38.13434932706727],[-3.0534576107014777,38.1345411528001],[-3.053460777384685,38.134548372133736],[-3.053308034792276,38.13466046249334],[-3.0531986526257486,38.134767657821186],[-3.0531242188065777,38.13476769134883],[-3.0529622628256536,38.134829978113174],[-3.0529536043191614,38.134839754765636],[-3.052766390309715,38.13448883295737],[-3.052745235223039,38.13442701557963],[-3.0528277349481123,38.134400734120646],[-3.052830226049884,38.1343999403544],[-3.052938014816523,38.134343656709405],[-3.053121306933242,38.13423722916394],[-3.0532807651068725,38.13415090980533]]]},"properties":{"dn_surface":2688.085394316011,"provincia":23,"municipio":48,"agregado":0,"zona":0,"poligono":21,"parcela":578,"recinto":1,"uso_sigpac":"OV","idPanel":"23:48:0:0:21:578:1"},"id":1210220606},{"type":"Feature","geometry":{"type":"Polygon","coordinates":[[[-3.0538328442213145,38.13404202887668],[-3.0538849729566255,38.134063101820686],[-3.0539608643888445,38.13404594741664],[-3.054004138481118,38.134060257002574],[-3.0540530971804616,38.134131503183795],[-3.053977249334142,38.1342085764644],[-3.053926638561585,38.13426000531078],[-3.0538691143948804,38.134117439187605],[-3.053833618709213,38.13404363987854],[-3.0538328442213145,38.13404202887668]]]},"properties":{"dn_surface":239.5218830842431,"provincia":23,"municipio":48,"agregado":0,"zona":0,"poligono":21,"parcela":574,"recinto":6,"uso_sigpac":"OV","idPanel":"23:48:0:0:21:574:6"},"id":1156719081},{"type":"Feature","geometry":{"type":"Polygon","coordinates":[[[-3.052745235223039,38.13442701557963],[-3.052766390309715,38.13448883295737],[-3.0529536043191614,38.134839754765636],[-3.05295424050565,38.1348409475105],[-3.0529249616779364,38.134880986187994],[-3.0528545738036676,38.13493233456805],[-3.0528378594495567,38.13494466351014],[-3.0528101664780176,38.13489933920425],[-3.0522387385771417,38.135092992192085],[-3.0520389986508483,38.1348658685865],[-3.0520493251561716,38.134826252357016],[-3.052050605072862,38.13482134223784],[-3.0520655114503508,38.13476320367758],[-3.052109136744388,38.13473684845786],[-3.0521409033211118,38.134717658089414],[-3.0522083986004236,38.13468524442973],[-3.052516757101819,38.13453715714661],[-3.052745235223039,38.13442701557963]]]},"properties":{"dn_surface":3278.2679171737664,"provincia":23,"municipio":48,"agregado":0,"zona":0,"poligono":21,"parcela":579,"recinto":1,"uso_sigpac":"OV","idPanel":"23:48:0:0:21:579:1"},"id":1156719069},{"type":"Feature","geometry":{"type":"Polygon","coordinates":[[[-3.048368391204231,38.12000660829287],[-3.048385696482551,38.120462370952225],[-3.0481390455559816,38.120466071562674],[-3.0479647304580944,38.120477495259195],[-3.0479731618149972,38.12063232913658],[-3.0479758842573093,38.12077896383579],[-3.0479762631193554,38.12083403042834],[-3.0477861975862797,38.12083734798583],[-3.0477612915977113,38.12009904225016],[-3.0478383984059625,38.12007666172917],[-3.0479560090873243,38.120060213081416],[-3.048096995221644,38.12002555055696],[-3.0482435846585685,38.120010442175584],[-3.048368391204231,38.12000660829287]]]},"properties":{"dn_surface":3225.98970827335,"provincia":23,"municipio":48,"agregado":0,"zona":0,"poligono":19,"parcela":224,"recinto":1,"uso_sigpac":"OV","idPanel":"23:48:0:0:19:224:1"},"id":1112039432},{"type":"Feature","geometry":{"type":"Polygon","coordinates":[[[-3.0479731618149972,38.12063232913658],[-3.048108909259522,38.120609204302525],[-3.0481081607555245,38.12068482080832],[-3.0481444300908995,38.12083991452471],[-3.0481780532592864,38.12096166167552],[-3.0482391782918086,38.12109394404109],[-3.047629429165538,38.12119858456472],[-3.0475953491834016,38.12092453319502],[-3.047673688131492,38.120909321716255],[-3.0476660429971534,38.1208454675359],[-3.0477861975862797,38.12083734798583],[-3.0479762631193554,38.12083403042834],[-3.0479758842573093,38.12077896383579],[-3.0479731618149972,38.12063232913658]]]},"properties":{"dn_surface":2020.31946716967,"provincia":23,"municipio":48,"agregado":0,"zona":0,"poligono":19,"parcela":226,"recinto":1,"uso_sigpac":"FY","idPanel":"23:48:0:0:19:226:1"},"id":1112039430},{"type":"Feature","geometry":{"type":"Polygon","coordinates":[[[-3.0477612915977113,38.12009904225016],[-3.0477861975862797,38.12083734798583],[-3.0476660429971534,38.1208454675359],[-3.0475595173833976,38.12085266675294],[-3.0473737869709,38.12085598179584],[-3.0473395074994563,38.120082710110864],[-3.0474524645479004,38.12010177391258],[-3.0475319920499317,38.120117155543966],[-3.047629083831106,38.120124598674465],[-3.0476944467541247,38.12011240635735],[-3.0477612915977113,38.12009904225016]]]},"properties":{"dn_surface":3004.94616865734,"provincia":23,"municipio":48,"agregado":0,"zona":0,"poligono":19,"parcela":225,"recinto":1,"uso_sigpac":"OV","idPanel":"23:48:0:0:19:225:1"},"id":1112039431},{"type":"Feature","geometry":{"type":"Polygon","coordinates":[[[-3.047629429165538,38.12119858456472],[-3.047480701504987,38.12122410746139],[-3.0474188740689376,38.12106280443075],[-3.0473737869709,38.12085598179584],[-3.0475595173833976,38.12085266675294],[-3.0476660429971534,38.1208454675359],[-3.047673688131492,38.120909321716255],[-3.0475953491834016,38.12092453319502],[-3.047629429165538,38.12119858456472]]]},"properties":{"dn_surface":719.080805213401,"provincia":23,"municipio":48,"agregado":0,"zona":0,"poligono":19,"parcela":226,"recinto":2,"uso_sigpac":"OV","idPanel":"23:48:0:0:19:226:2"},"id":1112039429},{"type":"Feature","geometry":{"type":"Polygon","coordinates":[[[-3.049468298131573,38.12217849280631],[-3.0495669623578765,38.12247722217677],[-3.0496328424443506,38.12271512993962],[-3.049423616717674,38.122735491260045],[-3.0490266237759065,38.12279161732519],[-3.048224189771663,38.12289782945575],[-3.0481131463118274,38.122675801209425],[-3.0480974939449124,38.12264363146312],[-3.0489847679017346,38.12247943583753],[-3.049024236609741,38.122303042865724],[-3.0492877309717374,38.122230116951016],[-3.049468298131573,38.12217849280631]]]},"properties":{"dn_surface":5231.97698192022,"provincia":23,"municipio":48,"agregado":0,"zona":0,"poligono":19,"parcela":159,"recinto":1,"uso_sigpac":"OV","idPanel":"23:48:0:0:19:159:1"},"id":1112039498},{"type":"Feature","geometry":{"type":"Polygon","coordinates":[[[-3.049024236609741,38.122303042865724],[-3.0489847679017346,38.12247943583753],[-3.0480974939449124,38.12264363146312],[-3.0480230374946014,38.12253767162787],[-3.0482063555952217,38.122504344340655],[-3.048466670701156,38.122450978436376],[-3.048878684014302,38.122338790008484],[-3.049024236609741,38.122303042865724]]]},"properties":{"dn_surface":1248.66490368082,"provincia":23,"municipio":48,"agregado":0,"zona":0,"poligono":19,"parcela":158,"recinto":1,"uso_sigpac":"OV","idPanel":"23:48:0:0:19:158:1"},"id":1112039499},{"type":"Feature","geometry":{"type":"Polygon","coordinates":[[[-3.0500853286175627,38.12305382338863],[-3.0500432346973256,38.12306159089874],[-3.049459231426372,38.123094721211174],[-3.049423616717674,38.122735491260045],[-3.0496328424443506,38.12271512993962],[-3.0498217579802422,38.12269216184717],[-3.0499860332339126,38.12267244844793],[-3.0500123725280086,38.12265089773541],[-3.0500647376330035,38.122647721832124],[-3.0500853286175627,38.12305382338863]]]},"properties":{"dn_surface":2344.2126237387,"provincia":23,"municipio":48,"agregado":0,"zona":0,"poligono":19,"parcela":161,"recinto":1,"uso_sigpac":"OV","idPanel":"23:48:0:0:19:161:1"},"id":1112039496},{"type":"Feature","geometry":{"type":"Polygon","coordinates":[[[-3.049459231426372,38.123094721211174],[-3.0489216630635654,38.12312927225628],[-3.048289531739923,38.12318954317283],[-3.048226196399402,38.12299759841696],[-3.048224189771663,38.12289782945575],[-3.0490266237759065,38.12279161732519],[-3.049423616717674,38.122735491260045],[-3.049459231426372,38.123094721211174]]]},"properties":{"dn_surface":3776.14301444572,"provincia":23,"municipio":48,"agregado":0,"zona":0,"poligono":19,"parcela":160,"recinto":1,"uso_sigpac":"OV","idPanel":"23:48:0:0:19:160:1"},"id":1112039497},{"type":"Feature","geometry":{"type":"Polygon","coordinates":[[[-3.0502112197815605,38.11986104480093],[-3.0505979650078987,38.12034360524453],[-3.050794136757799,38.120588308216696],[-3.0505773228937283,38.120678703695006],[-3.0502346078073743,38.120841520497464],[-3.0499976145102154,38.12095373323285],[-3.049940079447036,38.120901844219986],[-3.0498225886268964,38.1207647187905],[-3.0496896541492435,38.12056460084034],[-3.049597021540821,38.120407187013],[-3.049514217552645,38.12027374291563],[-3.0494564813237774,38.120094685336625],[-3.0494382951073815,38.1200270073318],[-3.0496867347321945,38.119972381627406],[-3.0502112197815605,38.11986104480093]]]},"properties":{"dn_surface":8246.7525722374,"provincia":23,"municipio":48,"agregado":0,"zona":0,"poligono":19,"parcela":222,"recinto":1,"uso_sigpac":"OV","idPanel":"23:48:0:0:19:222:1"},"id":1112039434},{"type":"Feature","geometry":{"type":"Polygon","coordinates":[[[-3.0500141050674974,38.12104205083725],[-3.0501864931657305,38.1212104273564],[-3.050289497541755,38.12134963149799],[-3.0504372453577666,38.12152009008199],[-3.050636811778653,38.1217206304801],[-3.0506886379272418,38.12176332957375],[-3.050750609532035,38.12179466783519],[-3.0506186272386384,38.12181968697951],[-3.0504933881867453,38.12186137605377],[-3.050304046011957,38.12192445155529],[-3.0497666939022654,38.122091942107176],[-3.0497452228178217,38.12205968602731],[-3.0495508288696906,38.12174774593848],[-3.0493394163043446,38.12140354725517],[-3.049276805998492,38.121272347831564],[-3.0494413989263114,38.12122181165796],[-3.049731124455847,38.12114103273771],[-3.0498840765958475,38.121086895698284],[-3.0500141050674974,38.12104205083725]]]},"properties":{"dn_surface":7973.11329133969,"provincia":23,"municipio":48,"agregado":0,"zona":0,"poligono":19,"parcela":167,"recinto":1,"uso_sigpac":"OV","idPanel":"23:48:0:0:19:167:1"},"id":1112039490},{"type":"Feature","geometry":{"type":"Polygon","coordinates":[[[-3.0507418135623228,38.122586522200635],[-3.0500647376330035,38.122647721832124],[-3.0500123725280086,38.12265089773541],[-3.0499860332339126,38.12267244844793],[-3.0498217579802422,38.12269216184717],[-3.0496328424443506,38.12271512993962],[-3.0495669623578765,38.12247722217677],[-3.049468298131573,38.12217849280631],[-3.0495933200921606,38.12215167574371],[-3.0496690564591615,38.122124697748546],[-3.0497666939022654,38.122091942107176],[-3.050304046011957,38.12192445155529],[-3.0507418135623228,38.122586522200635]]]},"properties":{"dn_surface":6107.26475434269,"provincia":23,"municipio":48,"agregado":0,"zona":0,"poligono":19,"parcela":166,"recinto":1,"uso_sigpac":"OV","idPanel":"23:48:0:0:19:166:1"},"id":1112039491},{"type":"Feature","geometry":{"type":"Polygon","coordinates":[[[-3.0482391782918086,38.12109394404109],[-3.0481780532592864,38.12096166167552],[-3.0481444300908995,38.12083991452471],[-3.0481081607555245,38.12068482080832],[-3.048108909259522,38.120609204302525],[-3.0479731618149972,38.12063232913658],[-3.0479647304580944,38.120477495259195],[-3.0481390455559816,38.120466071562674],[-3.048385696482551,38.120462370952225],[-3.048368391204231,38.12000660829287],[-3.0486788057865977,38.11999134652265],[-3.048909476613818,38.119977827350226],[-3.048965849106958,38.119998894426914],[-3.0490598705968184,38.12002120873083],[-3.0491408850485615,38.12004118532187],[-3.0492800690735917,38.12004203105596],[-3.049389009513795,38.12002666618835],[-3.049460696583134,38.12025168342154],[-3.049509238701864,38.12033322844775],[-3.0495745890520265,38.120468842620056],[-3.049640048366937,38.12059643531049],[-3.0497158769348784,38.12070455683869],[-3.0498490167691714,38.12087150759601],[-3.0499091921320076,38.12094628842601],[-3.0500141050674974,38.12104205083725],[-3.0498840765958475,38.121086895698284],[-3.049731124455847,38.12114103273771],[-3.0494413989263114,38.12122181165796],[-3.049276805998492,38.121272347831564],[-3.0493394163043446,38.12140354725517],[-3.0495508288696906,38.12174774593848],[-3.0497452228178217,38.12205968602731],[-3.0497666939022654,38.122091942107176],[-3.0496690564591615,38.122124697748546],[-3.0495933200921606,38.12215167574371],[-3.049468298131573,38.12217849280631],[-3.0492877309717374,38.122230116951016],[-3.049024236609741,38.122303042865724],[-3.048878684014302,38.122338790008484],[-3.0487392971472023,38.12204656499529],[-3.0485143561893318,38.12160142891341],[-3.048451430723901,38.12150691037664],[-3.048364494457215,38.12133552391592],[-3.0482875058338053,38.12119630887781],[-3.0482391782918086,38.12109394404109]]]},"properties":{"dn_surface":26220.0731704121,"provincia":23,"municipio":48,"agregado":0,"zona":0,"poligono":19,"parcela":223,"recinto":1,"uso_sigpac":"OV","idPanel":"23:48:0:0:19:223:1"},"id":1112039433},{"type":"Feature","geometry":{"type":"Polygon","coordinates":[[[-3.048451430723901,38.12150691037664],[-3.0485143561893318,38.12160142891341],[-3.0487392971472023,38.12204656499529],[-3.048878684014302,38.122338790008484],[-3.048466670701156,38.122450978436376],[-3.0482063555952217,38.122504344340655],[-3.0480230374946014,38.12253767162787],[-3.047826548070552,38.12215335882999],[-3.047598194839697,38.121716062342585],[-3.047596225930526,38.121671360812115],[-3.047801214604897,38.12163027439669],[-3.048451430723901,38.12150691037664]]]},"properties":{"dn_surface":8050.65991629053,"provincia":23,"municipio":48,"agregado":0,"zona":0,"poligono":19,"parcela":157,"recinto":1,"uso_sigpac":"OV","idPanel":"23:48:0:0:19:157:1"},"id":1112039500},{"type":"Feature","geometry":{"type":"Polygon","coordinates":[[[-3.048451430723901,38.12150691037664],[-3.047801214604897,38.12163027439669],[-3.047596225930526,38.121671360812115],[-3.0474718116579536,38.12123771967293],[-3.047480701504987,38.12122410746139],[-3.047629429165538,38.12119858456472],[-3.0482391782918086,38.12109394404109],[-3.0482875058338053,38.12119630887781],[-3.048364494457215,38.12133552391592],[-3.048451430723901,38.12150691037664]]]},"properties":{"dn_surface":3626.55269446046,"provincia":23,"municipio":48,"agregado":0,"zona":0,"poligono":19,"parcela":156,"recinto":1,"uso_sigpac":"OV","idPanel":"23:48:0:0:19:156:1"},"id":1112039501},{"type":"Feature","geometry":{"type":"Polygon","coordinates":[[[-3.0519819027994215,38.120768519983784],[-3.0517782351130682,38.12089478162795],[-3.0515394212664315,38.12101087434655],[-3.051342595728045,38.121133167159286],[-3.051313294269191,38.12116030692522],[-3.0511347060768133,38.120940292012136],[-3.0510298878568345,38.12081866472252],[-3.0509836298068542,38.12074351844154],[-3.0511693124424997,38.12067377429747],[-3.0517182349320193,38.12043200834435],[-3.051757876307241,38.12050616556073],[-3.0518578866672743,38.12060436123858],[-3.0519819027994215,38.120768519983784]]]},"properties":{"dn_surface":3531.17688934874,"provincia":23,"municipio":48,"agregado":0,"zona":0,"poligono":19,"parcela":174,"recinto":1,"uso_sigpac":"OV","idPanel":"23:48:0:0:19:174:1"},"id":1112039482},{"type":"Feature","geometry":{"type":"Polygon","coordinates":[[[-3.0509836298068542,38.12074351844154],[-3.050833370772503,38.12057197943014],[-3.050794136757799,38.120588308216696],[-3.0505979650078987,38.12034360524453],[-3.050635029785932,38.120325204451404],[-3.0506481600380333,38.1203404301794],[-3.0509228115520064,38.120245414595786],[-3.051136542551907,38.12015429911193],[-3.0512711232354417,38.12009863572783],[-3.051446864095143,38.12001099538122],[-3.0514677358734743,38.120000586733255],[-3.0515016708486775,38.12007231319754],[-3.0517182349320193,38.12043200834435],[-3.0511693124424997,38.12067377429747],[-3.0509836298068542,38.12074351844154]]]},"properties":{"dn_surface":4138.49187088289,"provincia":23,"municipio":48,"agregado":0,"zona":0,"poligono":19,"parcela":173,"recinto":1,"uso_sigpac":"OV","idPanel":"23:48:0:0:19:173:1"},"id":1156720359},{"type":"Feature","geometry":{"type":"Polygon","coordinates":[[[-3.0512422492536757,38.119604033841426],[-3.051284185594123,38.119697747715435],[-3.0514677358734743,38.120000586733255],[-3.051446864095143,38.12001099538122],[-3.0512711232354417,38.12009863572783],[-3.051136542551907,38.12015429911193],[-3.0508290096680226,38.119728578033516],[-3.0510543940285975,38.1196624230206],[-3.051208201122773,38.11961461683302],[-3.0512422492536757,38.119604033841426]]]},"properties":{"dn_surface":1834.446128069575,"provincia":23,"municipio":48,"agregado":0,"zona":0,"poligono":19,"parcela":221,"recinto":1,"uso_sigpac":"OV","idPanel":"23:48:0:0:19:221:1"},"id":1179152429},{"type":"Feature","geometry":{"type":"Polygon","coordinates":[[[-3.051136542551907,38.12015429911193],[-3.0509228115520064,38.120245414595786],[-3.0506481600380333,38.1203404301794],[-3.050635029785932,38.120325204451404],[-3.0505979650078987,38.12034360524453],[-3.0502112197815605,38.11986104480093],[-3.0502317520927935,38.11985662083217],[-3.0503900812239992,38.11982780636194],[-3.0508290096680226,38.119728578033516],[-3.051136542551907,38.12015429911193]]]},"properties":{"dn_surface":3138.97247062104,"provincia":23,"municipio":48,"agregado":0,"zona":0,"poligono":19,"parcela":554,"recinto":1,"uso_sigpac":"OV","idPanel":"23:48:0:0:19:554:1"},"id":1112039091},{"type":"Feature","geometry":{"type":"Polygon","coordinates":[[[-3.0509836298068542,38.12074351844154],[-3.0510298878568345,38.12081866472252],[-3.0511347060768133,38.120940292012136],[-3.050750601988321,38.12113809739503],[-3.0504692466277925,38.121275474281646],[-3.050347672982375,38.12133735033271],[-3.050266030726047,38.12123716311453],[-3.05015413817937,38.12111283349921],[-3.0499976145102154,38.12095373323285],[-3.0502346078073743,38.120841520497464],[-3.0505773228937283,38.120678703695006],[-3.050794136757799,38.120588308216696],[-3.050833370772503,38.12057197943014],[-3.0509836298068542,38.12074351844154]],[[-3.0502803503702784,38.121048721994384],[-3.0502933188516392,38.12103311321334],[-3.050296926422979,38.1210118709549],[-3.0502932937059275,38.1209965572169],[-3.05028718078358,38.12098447135],[-3.050278040317627,38.12097382633232],[-3.050265620012767,38.12096669836143],[-3.0502407458754326,38.120891389471524],[-3.050178604117996,38.120900337991884],[-3.0501889742092176,38.120965472088926],[-3.0501714618978775,38.120973186793066],[-3.0501617833137087,38.12098576719228],[-3.050156661132376,38.12099968785793],[-3.0501594715846765,38.121023959336384],[-3.0501676481317066,38.12104092933856],[-3.050178830429394,38.12105365558287],[-3.0501928877200415,38.12106124036751],[-3.0502137712330386,38.12106658131657],[-3.0502323958229955,38.121068357441914],[-3.0502544025110843,38.12106478172183],[-3.0502673776979674,38.121058535527226],[-3.0502803503702784,38.121048721994384]]]},"properties":{"dn_surface":4071.1748111098123,"provincia":23,"municipio":48,"agregado":0,"zona":0,"poligono":19,"parcela":172,"recinto":1,"uso_sigpac":"OV","idPanel":"23:48:0:0:19:172:1"},"id":1156719005},{"type":"Feature","geometry":{"type":"Polygon","coordinates":[[[-3.0522865439265394,38.12206639155025],[-3.052130529038937,38.12214567849162],[-3.0520413648622555,38.12221961945488],[-3.051803173791061,38.12241286005306],[-3.0516572071295807,38.122505931873235],[-3.051162447663393,38.122088130855616],[-3.051664547162625,38.12176644177461],[-3.0518845360918068,38.12164675238114],[-3.052072009940267,38.121842788344196],[-3.0522865439265394,38.12206639155025]]]},"properties":{"dn_surface":4676.09281849236,"provincia":23,"municipio":48,"agregado":0,"zona":0,"poligono":19,"parcela":169,"recinto":2,"uso_sigpac":"OV","idPanel":"23:48:0:0:19:169:2"},"id":1112039488},{"type":"Feature","geometry":{"type":"Polygon","coordinates":[[[-3.050750609532035,38.12179466783519],[-3.050782124651648,38.12183268815025],[-3.050874245963945,38.12190655451457],[-3.051523100861794,38.12243397658298],[-3.05163245704442,38.12251603625813],[-3.051600301547366,38.1225411048556],[-3.0507418135623228,38.122586522200635],[-3.050304046011957,38.12192445155529],[-3.0504933881867453,38.12186137605377],[-3.0506186272386384,38.12181968697951],[-3.050750609532035,38.12179466783519]]]},"properties":{"dn_surface":5193.556250816,"provincia":23,"municipio":48,"agregado":0,"zona":0,"poligono":19,"parcela":168,"recinto":1,"uso_sigpac":"OV","idPanel":"23:48:0:0:19:168:1"},"id":1112039489},{"type":"Feature","geometry":{"type":"Polygon","coordinates":[[[-3.0523603692195036,38.12207951928775],[-3.0527255980991184,38.12243446189518],[-3.0524637776032852,38.12260986915513],[-3.0521663859846524,38.12282025912822],[-3.0522529358455803,38.12291647751505],[-3.05231127221875,38.122966563580434],[-3.0522372801259032,38.12303896646432],[-3.0516814266402377,38.12255188566013],[-3.0517470016254187,38.1225156280594],[-3.0518098323753375,38.12247017802491],[-3.0519193050664244,38.12239749015632],[-3.0520757432401626,38.12227133747692],[-3.052246559731457,38.12214977556613],[-3.0523603692195036,38.12207951928775]]]},"properties":{"dn_surface":4152.39663504264,"provincia":23,"municipio":48,"agregado":0,"zona":0,"poligono":19,"parcela":184,"recinto":2,"uso_sigpac":"OV","idPanel":"23:48:0:0:19:184:2"},"id":1112039472},{"type":"Feature","geometry":{"type":"Polygon","coordinates":[[[-3.051600301547366,38.1225411048556],[-3.0515853893025455,38.12258788593638],[-3.0515837891971342,38.12274254379378],[-3.0515631546266766,38.122923436171476],[-3.0515280453467692,38.12296562983636],[-3.05148710812924,38.12299511821166],[-3.0500853286175627,38.12305382338863],[-3.0500647376330035,38.122647721832124],[-3.0507418135623228,38.122586522200635],[-3.051600301547366,38.1225411048556]]]},"properties":{"dn_surface":6337.96155185637,"provincia":23,"municipio":48,"agregado":0,"zona":0,"poligono":19,"parcela":165,"recinto":1,"uso_sigpac":"OV","idPanel":"23:48:0:0:19:165:1"},"id":1112039492},{"type":"Feature","geometry":{"type":"Polygon","coordinates":[[[-3.05148710812924,38.12299511821166],[-3.0514719787931135,38.12305686099049],[-3.051470810355741,38.12317835165504],[-3.0514683645162495,38.12342692119938],[-3.051471319137294,38.12357013105273],[-3.0514959443320895,38.123862400490054],[-3.0515053463134376,38.12408690139799],[-3.051507237270906,38.124337902532574],[-3.051428848869583,38.12432720973803],[-3.0501617170966693,38.12428726158515],[-3.050129881788336,38.124282498149256],[-3.05012025601016,38.12422166648338],[-3.0500802123035617,38.12357115029221],[-3.0500434325102526,38.12318208998411],[-3.0500432346973256,38.12306159089874],[-3.0500853286175627,38.12305382338863],[-3.05148710812924,38.12299511821166]]]},"properties":{"dn_surface":17481.8498405028,"provincia":23,"municipio":48,"agregado":0,"zona":0,"poligono":19,"parcela":163,"recinto":1,"uso_sigpac":"OV","idPanel":"23:48:0:0:19:163:1"},"id":1112039494},{"type":"Feature","geometry":{"type":"Polygon","coordinates":[[[-3.051428848869583,38.12432720973803],[-3.0514238105072864,38.124460869250356],[-3.0514169800939843,38.124641304814304],[-3.0501444453459645,38.1247149180451],[-3.0501285884606,38.124554229408034],[-3.050129881788336,38.124282498149256],[-3.0501617170966693,38.12428726158515],[-3.051428848869583,38.12432720973803]]]},"properties":{"dn_surface":4666.19739798316,"provincia":23,"municipio":48,"agregado":0,"zona":0,"poligono":19,"parcela":121,"recinto":1,"uso_sigpac":"OV","idPanel":"23:48:0:0:19:121:1"},"id":1112039540},{"type":"Feature","geometry":{"type":"Polygon","coordinates":[[[-3.051777057455603,38.124328056310304],[-3.0515514417544862,38.124567255724514],[-3.0515464805057038,38.124331216288],[-3.051777057455603,38.124328056310304]]]},"properties":{"dn_surface":264.720064816998,"provincia":23,"municipio":48,"agregado":0,"zona":0,"poligono":19,"parcela":119,"recinto":1,"uso_sigpac":"OV","idPanel":"23:48:0:0:19:119:1"},"id":1112039542},{"type":"Feature","geometry":{"type":"Polygon","coordinates":[[[-3.051507237270906,38.124337902532574],[-3.051517386918061,38.12449021178054],[-3.051498443815764,38.12464370455331],[-3.0514169800939843,38.124641304814304],[-3.0514238105072864,38.124460869250356],[-3.051428848869583,38.12432720973803],[-3.051507237270906,38.124337902532574]]]},"properties":{"dn_surface":263.161155154831,"provincia":23,"municipio":48,"agregado":0,"zona":0,"poligono":19,"parcela":120,"recinto":1,"uso_sigpac":"OV","idPanel":"23:48:0:0:19:120:1"},"id":1112039541},{"type":"Feature","geometry":{"type":"Polygon","coordinates":[[[-3.053114608954018,38.121619012470944],[-3.0529018041544735,38.12173113049079],[-3.052158149926105,38.120904266590145],[-3.0523399358147345,38.12081036831427],[-3.052439818769831,38.12088954712911],[-3.052572357621631,38.12100467257605],[-3.0526359628594495,38.121084587322],[-3.0529125053308905,38.12138954696144],[-3.053114608954018,38.121619012470944]]]},"properties":{"dn_surface":2504.6644521109,"provincia":23,"municipio":48,"agregado":0,"zona":0,"poligono":19,"parcela":181,"recinto":1,"uso_sigpac":"OV","idPanel":"23:48:0:0:19:181:1"},"id":1112039475},{"type":"Feature","geometry":{"type":"Polygon","coordinates":[[[-3.0529018041544735,38.12173113049079],[-3.052830301487016,38.12177307018405],[-3.0527281101556487,38.12181610371567],[-3.0525828249429354,38.121589678322664],[-3.052426463044522,38.12134820573618],[-3.0523693638403335,38.12127135206143],[-3.05227458127362,38.12114800899613],[-3.052218376418553,38.12104600961035],[-3.052139559701953,38.120912385302034],[-3.052158149926105,38.120904266590145],[-3.0529018041544735,38.12173113049079]]]},"properties":{"dn_surface":1140.22117336525,"provincia":23,"municipio":48,"agregado":0,"zona":0,"poligono":19,"parcela":180,"recinto":1,"uso_sigpac":"OV","idPanel":"23:48:0:0:19:180:1"},"id":1112039476},{"type":"Feature","geometry":{"type":"Polygon","coordinates":[[[-3.0526629944987884,38.1218549764703],[-3.0525999349229003,38.12189655071256],[-3.052374772682773,38.121649609772106],[-3.0518490823156585,38.12105148215528],[-3.052090169334571,38.120924213006305],[-3.052207026482792,38.121126046732144],[-3.0522968042148233,38.121271112338974],[-3.052360615647471,38.12132164599802],[-3.052446055744354,38.12146319874901],[-3.05255835816612,38.12167404637407],[-3.0526629944987884,38.1218549764703]]]},"properties":{"dn_surface":1939.67547054623,"provincia":23,"municipio":48,"agregado":0,"zona":0,"poligono":19,"parcela":179,"recinto":1,"uso_sigpac":"OV","idPanel":"23:48:0:0:19:179:1"},"id":1112039477},{"type":"Feature","geometry":{"type":"Polygon","coordinates":[[[-3.051520858702562,38.12137535304578],[-3.0514515143753,38.121403952101105],[-3.0508410460816946,38.12174434037098],[-3.050784251140609,38.121774195873684],[-3.0507060856979242,38.12175313801711],[-3.0506299361030718,38.12167701189156],[-3.0504908685865026,38.12152268260482],[-3.050347672982375,38.12133735033271],[-3.0504692466277925,38.121275474281646],[-3.050750601988321,38.12113809739503],[-3.0511347060768133,38.120940292012136],[-3.051313294269191,38.12116030692522],[-3.051435571994517,38.12128697425348],[-3.051520858702562,38.12137535304578]]]},"properties":{"dn_surface":4908.63661396759,"provincia":23,"municipio":48,"agregado":0,"zona":0,"poligono":19,"parcela":171,"recinto":1,"uso_sigpac":"OV","idPanel":"23:48:0:0:19:171:1"},"id":1112039486},{"type":"Feature","geometry":{"type":"Polygon","coordinates":[[[-3.0525999349229003,38.12189655071256],[-3.0522865439265394,38.12206639155025],[-3.052072009940267,38.121842788344196],[-3.0518845360918068,38.12164675238114],[-3.0516981091431146,38.12147694171827],[-3.051570015214831,38.12135505375147],[-3.051520858702562,38.12137535304578],[-3.051435571994517,38.12128697425348],[-3.0514749082684456,38.12125406187053],[-3.0518490823156585,38.12105148215528],[-3.052374772682773,38.121649609772106],[-3.0525999349229003,38.12189655071256]]]},"properties":{"dn_surface":4182.65461977253,"provincia":23,"municipio":48,"agregado":0,"zona":0,"poligono":19,"parcela":178,"recinto":1,"uso_sigpac":"OV","idPanel":"23:48:0:0:19:178:1"},"id":1112039478},{"type":"Feature","geometry":{"type":"Polygon","coordinates":[[[-3.0518845360918068,38.12164675238114],[-3.051664547162625,38.12176644177461],[-3.051162447663393,38.122088130855616],[-3.050953884945296,38.12191391214961],[-3.050784251140609,38.121774195873684],[-3.0508410460816946,38.12174434037098],[-3.0514515143753,38.121403952101105],[-3.051520858702562,38.12137535304578],[-3.051570015214831,38.12135505375147],[-3.0516981091431146,38.12147694171827],[-3.0518845360918068,38.12164675238114]]]},"properties":{"dn_surface":3660.3034845817,"provincia":23,"municipio":48,"agregado":0,"zona":0,"poligono":19,"parcela":170,"recinto":2,"uso_sigpac":"OV","idPanel":"23:48:0:0:19:170:2"},"id":1112039487},{"type":"Feature","geometry":{"type":"Polygon","coordinates":[[[-3.0498965010916588,38.126654446130516],[-3.048925276502238,38.126590482147236],[-3.0489604997760353,38.12654315205174],[-3.049005748644814,38.12647427794931],[-3.049044842681726,38.12641459879515],[-3.0490478844745685,38.12635745768145],[-3.04905092375284,38.126298153198405],[-3.0490546402889263,38.126226501333065],[-3.0490924787166693,38.12616646259525],[-3.0491340395478326,38.12604405411224],[-3.0491434323090867,38.125931843053195],[-3.049145242800279,38.12590976176617],[-3.0491176705281537,38.125799007482044],[-3.049122405465538,38.12571572907811],[-3.0491336799641657,38.12551870824137],[-3.049118479381858,38.12547986985251],[-3.049125980347453,38.12543813803052],[-3.0491638271570993,38.12539035615043],[-3.049224155070582,38.12518430381252],[-3.0493805689367988,38.12517207461505],[-3.049417372199439,38.12559835728098],[-3.0496511317581607,38.12557203726527],[-3.049745485171406,38.12556920585823],[-3.0498916312056266,38.12555734043539],[-3.0499079407137892,38.1257127115928],[-3.051061265513227,38.12564032211992],[-3.051185727562649,38.125619991812556],[-3.051137284350382,38.12568616526565],[-3.051068527594568,38.12574531635988],[-3.050986759609686,38.125797533105185],[-3.0508730565718145,38.12586670644157],[-3.050740518558205,38.125922008565624],[-3.05064733022957,38.125960349907615],[-3.0505092928489614,38.12598474040911],[-3.0503479873037627,38.12601806266713],[-3.0502851548774625,38.126066936709236],[-3.050173873371564,38.12617396104628],[-3.0500597369892732,38.12627747252745],[-3.0499996521509973,38.126338963010994],[-3.049963687916915,38.12646821867111],[-3.049939349383226,38.12658034507291],[-3.0499185044269863,38.12663064403867],[-3.0498965010916588,38.126654446130516]]]},"properties":{"dn_surface":13491.2968441789,"provincia":23,"municipio":48,"agregado":0,"zona":0,"poligono":19,"parcela":17,"recinto":1,"uso_sigpac":"OV","idPanel":"23:48:0:0:19:17:1"},"id":1112039656},{"type":"Feature","geometry":{"type":"Polygon","coordinates":[[[-3.0510607081166325,38.126622067674816],[-3.0510732968977567,38.126515262943656],[-3.051024127812632,38.12636306014585],[-3.0510013064035064,38.12619894917751],[-3.051054133351393,38.126040666146764],[-3.0511031264165416,38.12594511160674],[-3.0511332828295696,38.1258346951133],[-3.051133217450721,38.12574231563838],[-3.0511776868024576,38.125704714418504],[-3.0512326352101646,38.125641422663875],[-3.0512432684931614,38.125673052615554],[-3.051276580692922,38.12582796612102],[-3.0512954005812345,38.1259803617026],[-3.0512758238070203,38.126046702793786],[-3.0512418712298195,38.12611413185607],[-3.051213730664624,38.12617119334169],[-3.051169402128869,38.1262477285041],[-3.0511554403919248,38.126348405225485],[-3.051154479825763,38.12644123564684],[-3.051170027418883,38.12648476035801],[-3.0511826145236265,38.12653522612365],[-3.0511946635101537,38.12663273783821],[-3.0510607081166325,38.126622067674816]]]},"properties":{"dn_surface":1423.87914209616,"provincia":23,"municipio":48,"agregado":0,"zona":0,"poligono":19,"parcela":599,"recinto":1,"uso_sigpac":"OV","idPanel":"23:48:0:0:19:599:1"},"id":1112039720},{"type":"Feature","geometry":{"type":"Polygon","coordinates":[[[-3.051133217450721,38.12574231563838],[-3.0511332828295696,38.1258346951133],[-3.0511031264165416,38.12594511160674],[-3.051054133351393,38.126040666146764],[-3.0510013064035064,38.12619894917751],[-3.051024127812632,38.12636306014585],[-3.0510732968977567,38.126515262943656],[-3.0510607081166325,38.126622067674816],[-3.0509170573751363,38.12661545770561],[-3.0506079579134555,38.12659404445631],[-3.050572623160339,38.1266442587648],[-3.050545967868475,38.12670483478263],[-3.0499602806730732,38.126654871093024],[-3.0499827114854874,38.12658861968822],[-3.0500113851397566,38.12647649077189],[-3.050044503717541,38.12635760101202],[-3.050148480394392,38.126245892029004],[-3.0503078916293616,38.12611172038237],[-3.0503606791823015,38.12605708210509],[-3.0504579905693525,38.126041721428436],[-3.050616443752732,38.126007137693904],[-3.0507837800776234,38.1259508305796],[-3.0508974889828253,38.125889678725],[-3.051075405784721,38.1257911871659],[-3.051133217450721,38.12574231563838]]]},"properties":{"dn_surface":6166.46424489969,"provincia":23,"municipio":48,"agregado":0,"zona":0,"poligono":19,"parcela":18,"recinto":1,"uso_sigpac":"OV","idPanel":"23:48:0:0:19:18:1"},"id":1112039655},{"type":"Feature","geometry":{"type":"Polygon","coordinates":[[[-3.051200110909349,38.126751792721535],[-3.050545967868475,38.12670483478263],[-3.050572623160339,38.1266442587648],[-3.0506079579134555,38.12659404445631],[-3.0509170573751363,38.12661545770561],[-3.0510607081166325,38.126622067674816],[-3.0511946635101537,38.12663273783821],[-3.051200110909349,38.126751792721535]]]},"properties":{"dn_surface":709.270891304189,"provincia":23,"municipio":48,"agregado":0,"zona":0,"poligono":19,"parcela":19,"recinto":1,"uso_sigpac":"OV","idPanel":"23:48:0:0:19:19:1"},"id":1112039654},{"type":"Feature","geometry":{"type":"Polygon","coordinates":[[[-3.0512278223210765,38.127052532072526],[-3.050566141434231,38.126999449476585],[-3.0496898511239796,38.12695122503197],[-3.049769555484179,38.126880534571],[-3.0498353534279974,38.12683057758693],[-3.049925060752038,38.1267062571917],[-3.0499602806730732,38.126654871093024],[-3.050545967868475,38.12670483478263],[-3.051200110909349,38.126751792721535],[-3.0512006884225116,38.12676215694546],[-3.0512278223210765,38.127052532072526]]]},"properties":{"dn_surface":4003.68498279664,"provincia":23,"municipio":48,"agregado":0,"zona":0,"poligono":19,"parcela":15,"recinto":2,"uso_sigpac":"OV","idPanel":"23:48:0:0:19:15:2"},"id":1112039658},{"type":"Feature","geometry":{"type":"Polygon","coordinates":[[[-3.051244287732648,38.12726206960602],[-3.0511874709986135,38.1272667793977],[-3.0510641329624724,38.12726773158195],[-3.050885794550824,38.127259603649975],[-3.050746595438367,38.127256866120206],[-3.050511221524997,38.12726705683872],[-3.0502153637947362,38.12725897500715],[-3.0497457307611837,38.12724059852158],[-3.049118068668578,38.12721552238037],[-3.0492025875942463,38.1271760134392],[-3.049284032875838,38.127147861977534],[-3.049423979654102,38.12707660657625],[-3.0495534482145876,38.12703158234248],[-3.0496407164046597,38.12701027721974],[-3.049675939678456,38.12696357828162],[-3.0496898511239796,38.12695122503197],[-3.050566141434231,38.126999449476585],[-3.0512278223210765,38.127052532072526],[-3.051230811307925,38.127084255901565],[-3.0512403289595436,38.127150764630784],[-3.051244287732648,38.12726206960602]]]},"properties":{"dn_surface":4667.22535767478,"provincia":23,"municipio":48,"agregado":0,"zona":0,"poligono":19,"parcela":14,"recinto":1,"uso_sigpac":"OV","idPanel":"23:48:0:0:19:14:1"},"id":1112039659},{"type":"Feature","geometry":{"type":"Polygon","coordinates":[[[-3.0494629127584645,38.12728036646354],[-3.049460262400524,38.12740798681426],[-3.049103925882513,38.12738902108083],[-3.0490908475982157,38.12745238491979],[-3.0485799085433722,38.1274309557449],[-3.0485790904695746,38.12723357951543],[-3.0486628458038174,38.12724670473838],[-3.0489701154959272,38.12725848131305],[-3.0494629127584645,38.12728036646354]]]},"properties":{"dn_surface":1398.94349988097,"provincia":23,"municipio":48,"agregado":0,"zona":0,"poligono":20,"parcela":283,"recinto":2,"uso_sigpac":"OV","idPanel":"23:48:0:0:20:283:2"},"id":1112039879},{"type":"Feature","geometry":{"type":"Polygon","coordinates":[[[-3.0511514120490193,38.12758097421863],[-3.0494859101875664,38.12753892975161],[-3.0493606258733945,38.127530417928455],[-3.049082895686203,38.12750349022468],[-3.0490908475982157,38.12745238491979],[-3.049103925882513,38.12738902108083],[-3.049460262400524,38.12740798681426],[-3.0494629127584645,38.12728036646354],[-3.049575985477178,38.12728536878362],[-3.049739942218509,38.12728512319387],[-3.0500263468378095,38.12731718313722],[-3.0502136890903824,38.12731169969584],[-3.0506418912122775,38.12730864197741],[-3.0509120667896905,38.12730141090907],[-3.05108469628675,38.127303683243156],[-3.0511512184270453,38.12730969474447],[-3.0511514120490193,38.12758097421863]]]},"properties":{"dn_surface":4658.99898135314,"provincia":23,"municipio":48,"agregado":0,"zona":0,"poligono":20,"parcela":282,"recinto":1,"uso_sigpac":"OV","idPanel":"23:48:0:0:20:282:1"},"id":1112039880},{"type":"Feature","geometry":{"type":"Polygon","coordinates":[[[-3.0490908475982157,38.12745238491979],[-3.049082895686203,38.12750349022468],[-3.0493606258733945,38.127530417928455],[-3.04934735145255,38.127639205817985],[-3.0493341658798854,38.12771176209074],[-3.0493308692771706,38.127729698526394],[-3.0485769815826105,38.127657894948584],[-3.048582038385095,38.12754325229932],[-3.0485799085433722,38.1274309557449],[-3.0490908475982157,38.12745238491979]]]},"properties":{"dn_surface":1698.41595048819,"provincia":23,"municipio":48,"agregado":0,"zona":0,"poligono":20,"parcela":280,"recinto":1,"uso_sigpac":"OV","idPanel":"23:48:0:0:20:280:1"},"id":1112039882},{"type":"Feature","geometry":{"type":"Polygon","coordinates":[[[-3.0493606258733945,38.127530417928455],[-3.0494859101875664,38.12753892975161],[-3.0511514120490193,38.12758097421863],[-3.0512700746592927,38.127583990027546],[-3.0512693471100536,38.127683670140584],[-3.051256475858776,38.12787339117742],[-3.0493341658798854,38.12771176209074],[-3.04934735145255,38.127639205817985],[-3.0493606258733945,38.127530417928455]]]},"properties":{"dn_surface":4363.28935445657,"provincia":23,"municipio":48,"agregado":0,"zona":0,"poligono":20,"parcela":281,"recinto":2,"uso_sigpac":"OV","idPanel":"23:48:0:0:20:281:2"},"id":1112039881},{"type":"Feature","geometry":{"type":"Polygon","coordinates":[[[-3.05012025601016,38.12422166648338],[-3.048580851507535,38.124272838843495],[-3.04850419313113,38.123951207597656],[-3.048426785412537,38.12370185769808],[-3.0500802123035617,38.12357115029221],[-3.05012025601016,38.12422166648338]]]},"properties":{"dn_surface":9539.76038094974,"provincia":23,"municipio":48,"agregado":0,"zona":0,"poligono":19,"parcela":162,"recinto":1,"uso_sigpac":"OV","idPanel":"23:48:0:0:19:162:1"},"id":1112039495},{"type":"Feature","geometry":{"type":"Polygon","coordinates":[[[-3.050129881788336,38.124282498149256],[-3.0501285884606,38.124554229408034],[-3.049405164794931,38.12460481000571],[-3.049309669766406,38.124605388357054],[-3.048769217190547,38.124608936416905],[-3.0486762350567416,38.12461293793771],[-3.0486661851542407,38.12459915305891],[-3.048580851507535,38.124272838843495],[-3.05012025601016,38.12422166648338],[-3.050129881788336,38.124282498149256]]]},"properties":{"dn_surface":5083.82841835074,"provincia":23,"municipio":48,"agregado":0,"zona":0,"poligono":19,"parcela":127,"recinto":1,"uso_sigpac":"OV","idPanel":"23:48:0:0:19:127:1"},"id":1112039534},{"type":"Feature","geometry":{"type":"Polygon","coordinates":[[[-3.049377347771218,38.125134313300805],[-3.049178490459382,38.12514439589273],[-3.048769481220512,38.12516510590032],[-3.048771887665056,38.125012611412274],[-3.049384187404614,38.12495865374558],[-3.049369761310205,38.124885566898314],[-3.049309669766406,38.124605388357054],[-3.049405164794931,38.12460481000571],[-3.0501285884606,38.124554229408034],[-3.0501444453459645,38.1247149180451],[-3.050165574448738,38.12507289154888],[-3.0501697008599162,38.12510037832561],[-3.050037471300362,38.12510647029319],[-3.049595942789819,38.12512323074779],[-3.049377347771218,38.125134313300805]]]},"properties":{"dn_surface":5108.3351660698,"provincia":23,"municipio":48,"agregado":0,"zona":0,"poligono":19,"parcela":126,"recinto":1,"uso_sigpac":"OV","idPanel":"23:48:0:0:19:126:1"},"id":1112039535},{"type":"Feature","geometry":{"type":"Polygon","coordinates":[[[-3.049377347771218,38.125134313300805],[-3.049595942789819,38.12512323074779],[-3.050037471300362,38.12510647029319],[-3.0501697008599162,38.12510037832561],[-3.050165574448738,38.12507289154888],[-3.0503254139989857,38.125065797105634],[-3.05033428205307,38.125346807131734],[-3.050330983773976,38.12552453785537],[-3.0500491858489323,38.12554456976696],[-3.0498916312056266,38.12555734043539],[-3.049745485171406,38.12556920585823],[-3.0496511317581607,38.12557203726527],[-3.049417372199439,38.12559835728098],[-3.0493805689367988,38.12517207461505],[-3.049377347771218,38.125134313300805]]]},"properties":{"dn_surface":4098.2170636324,"provincia":23,"municipio":48,"agregado":0,"zona":0,"poligono":19,"parcela":125,"recinto":1,"uso_sigpac":"OV","idPanel":"23:48:0:0:19:125:1"},"id":1112039536},{"type":"Feature","geometry":{"type":"Polygon","coordinates":[[[-3.048289531739923,38.12318954317283],[-3.0489216630635654,38.12312927225628],[-3.049459231426372,38.123094721211174],[-3.0500432346973256,38.12306159089874],[-3.0500434325102526,38.12318208998411],[-3.0500802123035617,38.12357115029221],[-3.048426785412537,38.12370185769808],[-3.0483163923884264,38.12326424772752],[-3.048289531739923,38.12318954317283]]]},"properties":{"dn_surface":8668.46416594403,"provincia":23,"municipio":48,"agregado":0,"zona":0,"poligono":19,"parcela":538,"recinto":1,"uso_sigpac":"OV","idPanel":"23:48:0:0:19:538:1"},"id":1112039108},{"type":"Feature","geometry":{"type":"Polygon","coordinates":[[[-3.0535722935838874,38.126932302884455],[-3.053573243253573,38.1269827736792],[-3.053516222839279,38.12717278472991],[-3.0534823976670147,38.12725580497121],[-3.053398895466262,38.12727711093217],[-3.053259138957211,38.127292673612715],[-3.053130795248198,38.12731309695917],[-3.0529405989574245,38.12731624268764],[-3.052685360770545,38.12731004259351],[-3.052518436835315,38.12730903257409],[-3.05234921709667,38.127289636848985],[-3.052156168444077,38.12729269205289],[-3.0518501560375184,38.12728552049609],[-3.051751574792061,38.12728240745707],[-3.051804652358869,38.126997135232955],[-3.051834388838523,38.12678054935668],[-3.0518722725285454,38.12662704820198],[-3.05206872842498,38.12613172211914],[-3.053327416268135,38.12643419065682],[-3.053649096967226,38.126496960218816],[-3.053611036419036,38.12671246818232],[-3.0535722935838874,38.126932302884455]]]},"properties":{"dn_surface":16619.384931707,"provincia":23,"municipio":48,"agregado":0,"zona":0,"poligono":19,"parcela":31,"recinto":1,"uso_sigpac":"OV","idPanel":"23:48:0:0:19:31:1"},"id":1112039642},{"type":"Feature","geometry":{"type":"Polygon","coordinates":[[[-3.053323626809485,38.12578618400758],[-3.0533183244172237,38.12632856693588],[-3.053327416268135,38.12643419065682],[-3.05206872842498,38.12613172211914],[-3.0513405631164052,38.12595429649676],[-3.0513193066086948,38.12590491618769],[-3.052057728014602,38.12606737675921],[-3.0522215875258496,38.126093624690554],[-3.0525408316055436,38.126104755020435],[-3.0527861414275255,38.12611321319943],[-3.0528876873523108,38.126114971722814],[-3.053024045837613,38.12613645370374],[-3.053005436335083,38.12581056528899],[-3.053323626809485,38.12578618400758]]]},"properties":{"dn_surface":3465.79048505085,"provincia":23,"municipio":48,"agregado":0,"zona":0,"poligono":19,"parcela":22,"recinto":1,"uso_sigpac":"OV","idPanel":"23:48:0:0:19:22:1"},"id":1112039651},{"type":"Feature","geometry":{"type":"Polygon","coordinates":[[[-3.053005436335083,38.12581056528899],[-3.053024045837613,38.12613645370374],[-3.0528876873523108,38.126114971722814],[-3.0527861414275255,38.12611321319943],[-3.0525408316055436,38.126104755020435],[-3.0522215875258496,38.126093624690554],[-3.052057728014602,38.12606737675921],[-3.052056778344916,38.1260157341743],[-3.0520509671711,38.12586892094055],[-3.052193134315648,38.12587670269991],[-3.053005436335083,38.12581056528899]]]},"properties":{"dn_surface":2388.55662705472,"provincia":23,"municipio":48,"agregado":0,"zona":0,"poligono":19,"parcela":24,"recinto":1,"uso_sigpac":"OV","idPanel":"23:48:0:0:19:24:1"},"id":1112039649},{"type":"Feature","geometry":{"type":"Polygon","coordinates":[[[-3.05206872842498,38.12613172211914],[-3.0518722725285454,38.12662704820198],[-3.0512200522963737,38.126556119694925],[-3.0512162469121065,38.12649997267499],[-3.051180716022444,38.1264332937931],[-3.0511993355832594,38.126304045676704],[-3.051241230852379,38.12617595845393],[-3.0513002612471736,38.126076615293414],[-3.051341618398077,38.12599332096386],[-3.0513405631164052,38.12595429649676],[-3.05206872842498,38.12613172211914]]]},"properties":{"dn_surface":4101.90080865004,"provincia":23,"municipio":48,"agregado":0,"zona":0,"poligono":19,"parcela":21,"recinto":1,"uso_sigpac":"OV","idPanel":"23:48:0:0:19:21:1"},"id":1112039652},{"type":"Feature","geometry":{"type":"Polygon","coordinates":[[[-3.051306195634972,38.12575936778319],[-3.0520509671711,38.12586892094055],[-3.052056778344916,38.1260157341743],[-3.052057728014602,38.12606737675921],[-3.0513193066086948,38.12590491618769],[-3.051306195634972,38.12575936778319]]]},"properties":{"dn_surface":1228.10198139376,"provincia":23,"municipio":48,"agregado":0,"zona":0,"poligono":19,"parcela":23,"recinto":1,"uso_sigpac":"OV","idPanel":"23:48:0:0:19:23:1"},"id":1112039650},{"type":"Feature","geometry":{"type":"Polygon","coordinates":[[[-3.0512200522963737,38.126556119694925],[-3.0518722725285454,38.12662704820198],[-3.051834388838523,38.12678054935668],[-3.051804652358869,38.126997135232955],[-3.051751574792061,38.12728240745707],[-3.0516184140030096,38.127268313286066],[-3.0513854155211395,38.127248852182134],[-3.051288779715524,38.12725502126321],[-3.0512665701853674,38.12698942807256],[-3.0512200522963737,38.126556119694925]]]},"properties":{"dn_surface":3624.16544291299,"provincia":23,"municipio":48,"agregado":0,"zona":0,"poligono":19,"parcela":20,"recinto":1,"uso_sigpac":"OV","idPanel":"23:48:0:0:19:20:1"},"id":1112039653},{"type":"Feature","geometry":{"type":"Polygon","coordinates":[[[-3.0523151387909135,38.12514455514892],[-3.051350867828778,38.12520633396991],[-3.051369170553634,38.125113677054],[-3.051391861205063,38.125063015151824],[-3.0514106341547147,38.125021099766116],[-3.0514596096178663,38.12490346477725],[-3.051509966418741,38.12480178138924],[-3.0520994682185028,38.1247819774654],[-3.052311447400537,38.124775308822876],[-3.0523151387909135,38.12514455514892]]]},"properties":{"dn_surface":3330.61069048147,"provincia":23,"municipio":48,"agregado":0,"zona":0,"poligono":19,"parcela":116,"recinto":1,"uso_sigpac":"OV","idPanel":"23:48:0:0:19:116:1"},"id":1112039545},{"type":"Feature","geometry":{"type":"Polygon","coordinates":[[[-3.053005436335083,38.12581056528899],[-3.053007878821813,38.12556397806489],[-3.052991270917879,38.12547674340243],[-3.0528939553398757,38.12548534658839],[-3.052886035279097,38.12511024466443],[-3.0542630823076116,38.12503619557464],[-3.0543358539952843,38.12516044723827],[-3.054411908874625,38.12525153170907],[-3.05454667312185,38.12542902103388],[-3.0546682098868914,38.125614447183295],[-3.0547226922607535,38.12569265285913],[-3.053323626809485,38.12578618400758],[-3.053005436335083,38.12581056528899]]]},"properties":{"dn_surface":10465.3708627769,"provincia":23,"municipio":48,"agregado":0,"zona":0,"poligono":19,"parcela":27,"recinto":1,"uso_sigpac":"OV","idPanel":"23:48:0:0:19:27:1"},"id":1112039646},{"type":"Feature","geometry":{"type":"Polygon","coordinates":[[[-3.0528939553398757,38.12548534658839],[-3.0512533217484243,38.12553110004774],[-3.0512728943316874,38.12545908105503],[-3.0513224079130534,38.12529557106919],[-3.051350867828778,38.12520633396991],[-3.0523151387909135,38.12514455514892],[-3.052886035279097,38.12511024466443],[-3.0528939553398757,38.12548534658839]]]},"properties":{"dn_surface":5387.87766284007,"provincia":23,"municipio":48,"agregado":0,"zona":0,"poligono":19,"parcela":26,"recinto":1,"uso_sigpac":"OV","idPanel":"23:48:0:0:19:26:1"},"id":1112039647},{"type":"Feature","geometry":{"type":"Polygon","coordinates":[[[-3.0528939553398757,38.12548534658839],[-3.052991270917879,38.12547674340243],[-3.053007878821813,38.12556397806489],[-3.053005436335083,38.12581056528899],[-3.052193134315648,38.12587670269991],[-3.0520509671711,38.12586892094055],[-3.051306195634972,38.12575936778319],[-3.0512967903008628,38.12568943336993],[-3.0512683362524706,38.125627438295766],[-3.0512572402883906,38.12558607527754],[-3.0512533217484243,38.12553110004774],[-3.0528939553398757,38.12548534658839]]]},"properties":{"dn_surface":5471.25430370288,"provincia":23,"municipio":48,"agregado":0,"zona":0,"poligono":19,"parcela":25,"recinto":2,"uso_sigpac":"OV","idPanel":"23:48:0:0:19:25:2"},"id":1112039648},{"type":"Feature","geometry":{"type":"Polygon","coordinates":[[[-3.051498443815764,38.12464370455331],[-3.05149622009672,38.12472499896063],[-3.051468077016954,38.1247774646485],[-3.0514399448336627,38.12484606214815],[-3.0513928737390263,38.12491448781876],[-3.0513350025615096,38.12503780490013],[-3.0503254139989857,38.125065797105634],[-3.050165574448738,38.12507289154888],[-3.0501444453459645,38.1247149180451],[-3.0514169800939843,38.124641304814304],[-3.051498443815764,38.12464370455331]]]},"properties":{"dn_surface":4666.64258147952,"provincia":23,"municipio":48,"agregado":0,"zona":0,"poligono":19,"parcela":122,"recinto":1,"uso_sigpac":"OV","idPanel":"23:48:0:0:19:122:1"},"id":1112039539},{"type":"Feature","geometry":{"type":"Polygon","coordinates":[[[-3.0512177858296203,38.12545748094959],[-3.050330983773976,38.12552453785537],[-3.05033428205307,38.125346807131734],[-3.0503254139989857,38.125065797105634],[-3.0513350025615096,38.12503780490013],[-3.0512988279416455,38.125187699321685],[-3.051281787531482,38.125290721299706],[-3.0512177858296203,38.12545748094959]]]},"properties":{"dn_surface":4041.87766933391,"provincia":23,"municipio":48,"agregado":0,"zona":0,"poligono":19,"parcela":123,"recinto":1,"uso_sigpac":"OV","idPanel":"23:48:0:0:19:123:1"},"id":1112039538},{"type":"Feature","geometry":{"type":"Polygon","coordinates":[[[-3.0512177858296203,38.12545748094959],[-3.051216614877677,38.125575546768346],[-3.0512207354215226,38.125594111846766],[-3.051185727562649,38.125619991812556],[-3.051061265513227,38.12564032211992],[-3.0499079407137892,38.1257127115928],[-3.0498916312056266,38.12555734043539],[-3.0500491858489323,38.12554456976696],[-3.050330983773976,38.12552453785537],[-3.0512177858296203,38.12545748094959]]]},"properties":{"dn_surface":2096.76608249464,"provincia":23,"municipio":48,"agregado":0,"zona":0,"poligono":19,"parcela":124,"recinto":1,"uso_sigpac":"OV","idPanel":"23:48:0:0:19:124:1"},"id":1112039537},{"type":"Feature","geometry":{"type":"Polygon","coordinates":[[[-3.0540270822660367,38.13270739511893],[-3.0540050797689,38.13273372100198],[-3.0539685950186013,38.13277231128649],[-3.0539598158126955,38.13278159843574],[-3.053826413624818,38.13276272993238],[-3.0530384442717393,38.1326620389618],[-3.0530387761951254,38.13264851978934],[-3.0540270822660367,38.13270739511893]]]},"properties":{"dn_surface":430.254584742622,"provincia":23,"municipio":48,"agregado":0,"zona":0,"poligono":20,"parcela":81,"recinto":1,"uso_sigpac":"OV","idPanel":"23:48:0:0:20:81:1"},"id":1112040080},{"type":"Feature","geometry":{"type":"Polygon","coordinates":[[[-3.0539598158126955,38.13278159843574],[-3.0538997519291784,38.1328741841055],[-3.0538137619794163,38.13293460589628],[-3.053034006891936,38.13283391157293],[-3.0530384442717393,38.1326620389618],[-3.053826413624818,38.13276272993238],[-3.0539598158126955,38.13278159843574]],[[-3.053892525890024,38.1327892662012],[-3.053825121973462,38.13278660327043],[-3.053823664360414,38.132863470356256],[-3.0538785675058406,38.13285896005385],[-3.053892525890024,38.1327892662012]]]},"properties":{"dn_surface":1408.62471253068,"provincia":23,"municipio":48,"agregado":0,"zona":0,"poligono":20,"parcela":82,"recinto":3,"uso_sigpac":"OV","idPanel":"23:48:0:0:20:82:3"},"id":1112040079},{"type":"Feature","geometry":{"type":"Polygon","coordinates":[[[-3.054295851360014,38.13307841673216],[-3.054085841087153,38.133155656812676],[-3.054124567996685,38.133214853169164],[-3.054008108150697,38.133271052156886],[-3.053787275163816,38.133372179824704],[-3.0536696426895045,38.133234248056084],[-3.053622134897687,38.13318127442486],[-3.0535729406668506,38.133161648197415],[-3.0536532099673566,38.13307950889421],[-3.0538137619794163,38.13293460589628],[-3.0538997519291784,38.1328741841055],[-3.0539598158126955,38.13278159843574],[-3.0539685950186013,38.13277231128649],[-3.0540050797689,38.13273372100198],[-3.0540270822660367,38.13270739511893],[-3.054048974960236,38.13268683682381],[-3.054295851360014,38.13307841673216]]]},"properties":{"dn_surface":2247.84575214296,"provincia":23,"municipio":48,"agregado":0,"zona":0,"poligono":20,"parcela":79,"recinto":1,"uso_sigpac":"OV","idPanel":"23:48:0:0:20:79:1"},"id":1112040082},{"type":"Feature","geometry":{"type":"Polygon","coordinates":[[[-3.0538137619794163,38.13293460589628],[-3.0536532099673566,38.13307950889421],[-3.0535729406668506,38.133161648197415],[-3.0530164828459307,38.13305436737414],[-3.0530298972445666,38.13298649658557],[-3.053034006891936,38.13283391157293],[-3.0538137619794163,38.13293460589628]]]},"properties":{"dn_surface":1568.05911348372,"provincia":23,"municipio":48,"agregado":0,"zona":0,"poligono":20,"parcela":83,"recinto":2,"uso_sigpac":"OV","idPanel":"23:48:0:0:20:83:2"},"id":1112040077},{"type":"Feature","geometry":{"type":"Polygon","coordinates":[[[-3.053787275163816,38.133372179824704],[-3.0537311583187376,38.13340428922126],[-3.053339147580513,38.13363500195803],[-3.0531718607088543,38.133471765222225],[-3.053622134897687,38.13318127442486],[-3.0536696426895045,38.133234248056084],[-3.053787275163816,38.133372179824704]]]},"properties":{"dn_surface":1220.3952104204,"provincia":23,"municipio":48,"agregado":0,"zona":0,"poligono":20,"parcela":78,"recinto":1,"uso_sigpac":"OV","idPanel":"23:48:0:0:20:78:1"},"id":1112040083},{"type":"Feature","geometry":{"type":"Polygon","coordinates":[[[-3.054835670263957,38.13276003263579],[-3.0547601669138773,38.132805489375784],[-3.0546703967255593,38.132845094708784],[-3.054564539149525,38.132887681485016],[-3.054451713696969,38.132919816027254],[-3.054482807206828,38.132994967337424],[-3.054404671100805,38.133030061529894],[-3.054295851360014,38.13307841673216],[-3.054048974960236,38.13268683682381],[-3.05458818114702,38.13231545981782],[-3.054835670263957,38.13276003263579]]]},"properties":{"dn_surface":2970.91121171505,"provincia":23,"municipio":48,"agregado":0,"zona":0,"poligono":20,"parcela":80,"recinto":1,"uso_sigpac":"OV","idPanel":"23:48:0:0:20:80:1"},"id":1112040081},{"type":"Feature","geometry":{"type":"Polygon","coordinates":[[[-3.0538248353123563,38.132331837219425],[-3.0538438337352174,38.1323619282536],[-3.053870406884426,38.13240401630651],[-3.054048974960236,38.13268683682381],[-3.0539556399482866,38.13267427570295],[-3.053731134849407,38.132375433176776],[-3.0537400942662414,38.13237126485609],[-3.0537438636083216,38.132369511361844],[-3.053822832875569,38.13233277012529],[-3.0538248353123563,38.132331837219425]]]},"properties":{"dn_surface":331.1365966796875,"provincia":23,"municipio":48,"agregado":0,"zona":0,"poligono":20,"parcela":392,"recinto":2,"uso_sigpac":"OV","idPanel":"23:48:0:0:20:392:2"},"id":1429278263},{"type":"Feature","geometry":{"type":"Polygon","coordinates":[[[-3.053731134849407,38.132375433176776],[-3.0539556399482866,38.13267427570295],[-3.053609741414919,38.132627725124536],[-3.053651385226928,38.13246863407829],[-3.0536807721811994,38.1323988639503],[-3.053731134849407,38.132375433176776]]]},"properties":{"dn_surface":508.3192138671875,"provincia":23,"municipio":48,"agregado":0,"zona":0,"poligono":20,"parcela":392,"recinto":1,"uso_sigpac":"OV","idPanel":"23:48:0:0:20:392:1"},"id":1429278262},{"type":"Feature","geometry":{"type":"Polygon","coordinates":[[[-3.054048974960236,38.13268683682381],[-3.0540270822660367,38.13270739511893],[-3.0530387761951254,38.13264851978934],[-3.0530414416404925,38.132548749151766],[-3.053071903993004,38.132544229629275],[-3.053609741414919,38.132627725124536],[-3.054048974960236,38.13268683682381]]]},"properties":{"dn_surface":614.440182642212,"provincia":23,"municipio":48,"agregado":0,"zona":0,"poligono":20,"parcela":391,"recinto":1,"uso_sigpac":"OV","idPanel":"23:48:0:0:20:391:1"},"id":1112039760},{"type":"Feature","geometry":{"type":"Polygon","coordinates":[[[-3.055357518366427,38.13222688321261],[-3.055200174947094,38.132384224117374],[-3.055106471969573,38.13250278195383],[-3.054901354213884,38.13210929264781],[-3.055182598095095,38.131931618082945],[-3.055357518366427,38.13222688321261]]]},"properties":{"dn_surface":1291.27656611968,"provincia":23,"municipio":48,"agregado":0,"zona":0,"poligono":20,"parcela":224,"recinto":1,"uso_sigpac":"OV","idPanel":"23:48:0:0:20:224:1"},"id":1112039934},{"type":"Feature","geometry":{"type":"Polygon","coordinates":[[[-3.0553049646685997,38.13184504223807],[-3.055182598095095,38.131931618082945],[-3.054901354213884,38.13210929264781],[-3.05458818114702,38.13231545981782],[-3.054048974960236,38.13268683682381],[-3.0538248353123563,38.132331837219425],[-3.055179789319175,38.131690982848625],[-3.0553049646685997,38.13184504223807]]]},"properties":{"dn_surface":4439.59532074744,"provincia":23,"municipio":48,"agregado":0,"zona":0,"poligono":20,"parcela":222,"recinto":1,"uso_sigpac":"OV","idPanel":"23:48:0:0:20:222:1"},"id":1112039936},{"type":"Feature","geometry":{"type":"Polygon","coordinates":[[[-3.055179789319175,38.131690982848625],[-3.0538248353123563,38.132331837219425],[-3.0536807721811994,38.1323988639503],[-3.053759319838692,38.132152784669586],[-3.0537995797984054,38.131975308755784],[-3.053808765526638,38.13189977942184],[-3.055091847224047,38.131582870540484],[-3.055179789319175,38.131690982848625]]]},"properties":{"dn_surface":3969.89141377037,"provincia":23,"municipio":48,"agregado":0,"zona":0,"poligono":20,"parcela":221,"recinto":1,"uso_sigpac":"OV","idPanel":"23:48:0:0:20:221:1"},"id":1112039937},{"type":"Feature","geometry":{"type":"Polygon","coordinates":[[[-3.055106471969573,38.13250278195383],[-3.054951758791611,38.1326682323504],[-3.054835670263957,38.13276003263579],[-3.05458818114702,38.13231545981782],[-3.054901354213884,38.13210929264781],[-3.055106471969573,38.13250278195383]]]},"properties":{"dn_surface":1723.96800234265,"provincia":23,"municipio":48,"agregado":0,"zona":0,"poligono":20,"parcela":223,"recinto":1,"uso_sigpac":"OV","idPanel":"23:48:0:0:20:223:1"},"id":1112039935},{"type":"Feature","geometry":{"type":"Polygon","coordinates":[[[-3.0565676523561867,38.13227257213131],[-3.056431552033517,38.132328440872044],[-3.05628488799765,38.13199357795307],[-3.056306539293023,38.1319567059588],[-3.0562979252106204,38.13193444362267],[-3.0562917904953233,38.131918589251825],[-3.0563042644443668,38.13190387817272],[-3.0563625832155394,38.131835100462155],[-3.0565854555195844,38.131580481697966],[-3.056676746185228,38.13144579121149],[-3.0567516334653875,38.131356418325396],[-3.056779362479112,38.1313957638194],[-3.0568023867303062,38.13142578276924],[-3.056777406980986,38.13152734545781],[-3.0567449472208286,38.13178236320064],[-3.056732837884595,38.131959902816874],[-3.0566798868845333,38.13211163874263],[-3.0565676523561867,38.13227257213131]]]},"properties":{"dn_surface":2486.965454294673,"provincia":23,"municipio":48,"agregado":0,"zona":0,"poligono":21,"parcela":566,"recinto":2,"uso_sigpac":"OV","idPanel":"23:48:0:0:21:566:2"},"id":1318201443},{"type":"Feature","geometry":{"type":"Polygon","coordinates":[[[-3.0562147666679182,38.13352127796537],[-3.0562258651465686,38.13354829787005],[-3.056354829116453,38.1338622730851],[-3.0564884601303013,38.134187606617814],[-3.0563707262349564,38.13421920471828],[-3.056209410631473,38.134259744633596],[-3.055978385249727,38.13431392525891],[-3.055654378572367,38.134389328026145],[-3.0555187107559263,38.13410068543857],[-3.0558107756747765,38.13391727765156],[-3.055853980197249,38.13384896346025],[-3.0559212340777355,38.13380340110828],[-3.055969239754631,38.13372749626504],[-3.0560701084216,38.13364397646228],[-3.0562147666679182,38.13352127796537]]]},"properties":{"dn_surface":4213.3450191349775,"provincia":23,"municipio":48,"agregado":0,"zona":0,"poligono":21,"parcela":571,"recinto":1,"uso_sigpac":"OV","idPanel":"23:48:0:0:21:571:1"},"id":1156719599},{"type":"Feature","geometry":{"type":"Polygon","coordinates":[[[-3.0561623202584576,38.13270762813585],[-3.0561590127592693,38.13270049513579],[-3.056033041128995,38.13240710084702],[-3.056037898442173,38.13240051183257],[-3.0560810275275125,38.132342009497705],[-3.056123321775247,38.13229124785087],[-3.0561602717211995,38.13226680705796],[-3.0561731010629587,38.132183344252155],[-3.056250942125973,38.13205120354078],[-3.05628488799765,38.13199357795307],[-3.056431552033517,38.132328440872044],[-3.056431604001319,38.13232855905687],[-3.0564037718901798,38.132339915698196],[-3.0562341607166323,38.132461082821266],[-3.056319100413865,38.13257439945335],[-3.056325650033393,38.132608724187094],[-3.0562917913335133,38.13263840199343],[-3.0561623202584576,38.13270762813585]]]},"properties":{"dn_surface":1280.0463022615195,"provincia":23,"municipio":48,"agregado":0,"zona":0,"poligono":21,"parcela":567,"recinto":1,"uso_sigpac":"OV","idPanel":"23:48:0:0:21:567:1"},"id":1318201452},{"type":"Feature","geometry":{"type":"Polygon","coordinates":[[[-3.056033041128995,38.13240710084702],[-3.0561590127592693,38.13270049513579],[-3.0561623202584576,38.13270762813585],[-3.0561532451713527,38.13271248041988],[-3.0559857588103867,38.13281666412976],[-3.0558949190911604,38.13262950544086],[-3.0559518137768995,38.132573330760664],[-3.05598350491649,38.13253501288801],[-3.056010648873338,38.13244473643272],[-3.056014347807428,38.132432435989074],[-3.056033041128995,38.13240710084702]]]},"properties":{"dn_surface":520.6823945077546,"provincia":23,"municipio":48,"agregado":0,"zona":0,"poligono":21,"parcela":568,"recinto":1,"uso_sigpac":"OV","idPanel":"23:48:0:0:21:568:1"},"id":1318201456},{"type":"Feature","geometry":{"type":"Polygon","coordinates":[[[-3.0558949190911604,38.13262950544086],[-3.0559857588103867,38.13281666412976],[-3.0559517358251953,38.13283782843649],[-3.055885166746238,38.13288055938142],[-3.055771857657841,38.13300301899406],[-3.0557304845813205,38.13304004437714],[-3.055633298084634,38.13306144002445],[-3.055420921600367,38.13309996995926],[-3.055150216286642,38.133124933782966],[-3.0551866800821825,38.13308793606015],[-3.0553643362068734,38.13293094635716],[-3.055522195951473,38.13285147417568],[-3.0556114632255706,38.13281364245347],[-3.0556384311624423,38.13280221288963],[-3.055660883767806,38.132792964297124],[-3.055720788395153,38.13276828797271],[-3.0557903581956243,38.13272382448832],[-3.0558949190911604,38.13262950544086]]]},"properties":{"dn_surface":1532.633245927927,"provincia":23,"municipio":48,"agregado":0,"zona":0,"poligono":21,"parcela":571,"recinto":2,"uso_sigpac":"OV","idPanel":"23:48:0:0:21:571:2"},"id":1318201460},{"type":"Feature","geometry":{"type":"Polygon","coordinates":[[[-3.055649208614183,38.131835784425476],[-3.0556062312412995,38.1318878972352],[-3.0554582638194123,38.13206839650158],[-3.055357518366427,38.13222688321261],[-3.055182598095095,38.131931618082945],[-3.0553049646685997,38.13184504223807],[-3.055469643091836,38.1317322201383],[-3.05552666434432,38.13169281010363],[-3.055649208614183,38.131835784425476]]]},"properties":{"dn_surface":1101.87661275989,"provincia":23,"municipio":48,"agregado":0,"zona":0,"poligono":20,"parcela":225,"recinto":1,"uso_sigpac":"OV","idPanel":"23:48:0:0:20:225:1"},"id":1112039933},{"type":"Feature","geometry":{"type":"Polygon","coordinates":[[[-3.055978385249727,38.13431392525891],[-3.0561631911382485,38.134690478928576],[-3.055831669246058,38.13478886655207],[-3.055654378572367,38.134389328026145],[-3.055978385249727,38.13431392525891]]]},"properties":{"dn_surface":1389.71012839915,"provincia":23,"municipio":48,"agregado":0,"zona":0,"poligono":21,"parcela":491,"recinto":1,"uso_sigpac":"OV","idPanel":"23:48:0:0:21:491:1"},"id":1112040702},{"type":"Feature","geometry":{"type":"Polygon","coordinates":[[[-3.056209410631473,38.134259744633596],[-3.0563854264176142,38.1346307134408],[-3.0561631911382485,38.134690478928576],[-3.055978385249727,38.13431392525891],[-3.056209410631473,38.134259744633596]]]},"properties":{"dn_surface":923.598761372733,"provincia":23,"municipio":48,"agregado":0,"zona":0,"poligono":21,"parcela":492,"recinto":1,"uso_sigpac":"OV","idPanel":"23:48:0:0:21:492:1"},"id":1112040701},{"type":"Feature","geometry":{"type":"Polygon","coordinates":[[[-3.0509603465548367,38.1303812760342],[-3.0497316868815827,38.13035681009558],[-3.04972661080072,38.13033547731257],[-3.0497218456884827,38.13031544623914],[-3.049685375187419,38.13009106770701],[-3.0509287677327555,38.130138761577086],[-3.050940045584145,38.13018569017936],[-3.050953976308046,38.13024365858698],[-3.0509603465548367,38.1303812760342]]]},"properties":{"dn_surface":3057.83784903503,"provincia":23,"municipio":48,"agregado":0,"zona":0,"poligono":20,"parcela":197,"recinto":1,"uso_sigpac":"OV","idPanel":"23:48:0:0:20:197:1"},"id":1112039960},{"type":"Feature","geometry":{"type":"Polygon","coordinates":[[[-3.0497316868815827,38.13035681009558],[-3.0509603465548367,38.1303812760342],[-3.0509584606265103,38.1304580643301],[-3.050934568848286,38.13055532039661],[-3.0508799079398754,38.130707476255765],[-3.050465031368436,38.13070467167077],[-3.0500471917940493,38.13070646288361],[-3.0497903484726154,38.130705395029054],[-3.049749697078001,38.13049667892213],[-3.0497316868815827,38.13035681009558]]]},"properties":{"dn_surface":3842.62363567566,"provincia":23,"municipio":48,"agregado":0,"zona":0,"poligono":20,"parcela":196,"recinto":1,"uso_sigpac":"OV","idPanel":"23:48:0:0:20:196:1"},"id":1112039961},{"type":"Feature","geometry":{"type":"Polygon","coordinates":[[[-3.049659559762303,38.129839605567724],[-3.0508861231214475,38.12997871247924],[-3.0509045364874328,38.13003837067862],[-3.05091270549075,38.13007214388307],[-3.0509214721237994,38.130108389749125],[-3.0509287677327555,38.130138761577086],[-3.049685375187419,38.13009106770701],[-3.0496689466562237,38.129990037269295],[-3.049665925818141,38.12997145626525],[-3.049663761610613,38.12992663403537],[-3.049659559762303,38.129839605567724]]]},"properties":{"dn_surface":2450.63214686017,"provincia":23,"municipio":48,"agregado":0,"zona":0,"poligono":20,"parcela":399,"recinto":1,"uso_sigpac":"OV","idPanel":"23:48:0:0:20:399:1"},"id":1112039752},{"type":"Feature","geometry":{"type":"Polygon","coordinates":[[[-3.050465031368436,38.13070467167077],[-3.0508799079398754,38.130707476255765],[-3.0508108620083845,38.130849363444725],[-3.050672227836235,38.13101038568158],[-3.0506456639071207,38.1310412193524],[-3.0504021796637577,38.131217876354185],[-3.0502097898287945,38.13136260668489],[-3.0501322639253594,38.131455107697406],[-3.0501002500824774,38.1315253287718],[-3.0499764300868764,38.1314995125085],[-3.0499594030877586,38.1314627478026],[-3.0498679908845125,38.13127523204463],[-3.0497964471457264,38.13110879761257],[-3.0498041157493962,38.131100056125234],[-3.049832768448905,38.13112928466151],[-3.0498704065491506,38.13113050841946],[-3.049934651326218,38.131087140449836],[-3.0500144805767824,38.130962048919486],[-3.0499955743548615,38.13077757830709],[-3.0499704638478433,38.13074167442272],[-3.049791070992712,38.13070745530098],[-3.0497903484726154,38.130705395029054],[-3.0500471917940493,38.13070646288361],[-3.050465031368436,38.13070467167077]]]},"properties":{"dn_surface":4609.189208984375,"provincia":23,"municipio":48,"agregado":0,"zona":0,"poligono":20,"parcela":215,"recinto":1,"uso_sigpac":"OV","idPanel":"23:48:0:0:20:215:1"},"id":1392876309},{"type":"Feature","geometry":{"type":"Polygon","coordinates":[[[-3.050672227836235,38.13101038568158],[-3.0508759634160083,38.131099436702556],[-3.0508645053536894,38.131176500763104],[-3.0508456427176673,38.13130331477467],[-3.050821208630276,38.131436171300635],[-3.0507855126171113,38.13162968682525],[-3.0507600408500464,38.13175335007924],[-3.0507163962776302,38.13199490648478],[-3.0507133293390765,38.13201554692259],[-3.050242572292243,38.13190253958271],[-3.050232717688097,38.13184287970694],[-3.050179297301429,38.13181397135938],[-3.0501144314252993,38.13173585788448],[-3.0500846924310743,38.13163258528755],[-3.0501002500824774,38.1315253287718],[-3.0501322639253594,38.131455107697406],[-3.0502097898287945,38.13136260668489],[-3.0504021796637577,38.131217876354185],[-3.0506456639071207,38.1310412193524],[-3.050672227836235,38.13101038568158]]]},"properties":{"dn_surface":4981.6912711862,"provincia":23,"municipio":48,"agregado":0,"zona":0,"poligono":20,"parcela":217,"recinto":2,"uso_sigpac":"OV","idPanel":"23:48:0:0:20:217:2"},"id":1112039941},{"type":"Feature","geometry":{"type":"Polygon","coordinates":[[[-3.050953263008044,38.12924208312435],[-3.050906345302245,38.12953294021088],[-3.0508730683064798,38.12975060902912],[-3.050849179042827,38.12985128910327],[-3.050886423193599,38.12991913893708],[-3.0508861231214475,38.12997871247924],[-3.049659559762303,38.129839605567724],[-3.0496483397460477,38.129784541489784],[-3.04964176833357,38.12968711778521],[-3.049655499568164,38.12957832989562],[-3.0496638236367004,38.12940645560812],[-3.049664447250333,38.12931822182276],[-3.04967195156869,38.12928045631756],[-3.0496811364587324,38.12919798676734],[-3.0496902249568834,38.12914075261449],[-3.050953263008044,38.12924208312435]]]},"properties":{"dn_surface":8696.6026120634,"provincia":23,"municipio":48,"agregado":0,"zona":0,"poligono":20,"parcela":203,"recinto":1,"uso_sigpac":"OV","idPanel":"23:48:0:0:20:203:1"},"id":1112039953},{"type":"Feature","geometry":{"type":"Polygon","coordinates":[[[-3.050953263008044,38.12924208312435],[-3.0496902249568834,38.12914075261449],[-3.0496920170078883,38.129091453609874],[-3.049693707637859,38.12906162073833],[-3.04967421049173,38.12891715611397],[-3.049647642371662,38.128776118850055],[-3.049654286706703,38.12865011955947],[-3.0494731411955143,38.128381255749986],[-3.050785556203011,38.12846328105934],[-3.0508744940682946,38.12886358569122],[-3.0509107055685347,38.12908383948857],[-3.050953263008044,38.12924208312435]]]},"properties":{"dn_surface":9077.75500586822,"provincia":23,"municipio":48,"agregado":0,"zona":0,"poligono":20,"parcela":271,"recinto":1,"uso_sigpac":"OV","idPanel":"23:48:0:0:20:271:1"},"id":1112039891},{"type":"Feature","geometry":{"type":"Polygon","coordinates":[[[-3.052895437260445,38.12905047196824],[-3.051843620667227,38.12898097844308],[-3.0518435804340887,38.12892492027132],[-3.0508744940682946,38.12886358569122],[-3.050785556203011,38.12846328105934],[-3.052867817211468,38.12857425662574],[-3.0528781160565086,38.128615079011155],[-3.0528815375495872,38.1287674812983],[-3.0528872925646477,38.128990992303414],[-3.0528930157284746,38.129015053396074],[-3.052895437260445,38.12905047196824]]]},"properties":{"dn_surface":8674.21520294821,"provincia":23,"municipio":48,"agregado":0,"zona":0,"poligono":20,"parcela":270,"recinto":1,"uso_sigpac":"OV","idPanel":"23:48:0:0:20:270:1"},"id":1112039892},{"type":"Feature","geometry":{"type":"Polygon","coordinates":[[[-3.0508744940682946,38.12886358569122],[-3.0518435804340887,38.12892492027132],[-3.051843620667227,38.12898097844308],[-3.052895437260445,38.12905047196824],[-3.052904896238738,38.129189352568346],[-3.052913725736065,38.12940474989071],[-3.052340910630131,38.12935776764425],[-3.050953263008044,38.12924208312435],[-3.0509107055685347,38.12908383948857],[-3.0508744940682946,38.12886358569122]]]},"properties":{"dn_surface":7028.29873659479,"provincia":23,"municipio":48,"agregado":0,"zona":0,"poligono":20,"parcela":269,"recinto":1,"uso_sigpac":"OV","idPanel":"23:48:0:0:20:269:1"},"id":1112039893},{"type":"Feature","geometry":{"type":"Polygon","coordinates":[[[-3.052340910630131,38.12935776764425],[-3.0521673390070996,38.129950691775264],[-3.050849179042827,38.12985128910327],[-3.0508730683064798,38.12975060902912],[-3.050906345302245,38.12953294021088],[-3.050953263008044,38.12924208312435],[-3.052340910630131,38.12935776764425]]]},"properties":{"dn_surface":8035.64449791271,"provincia":23,"municipio":48,"agregado":0,"zona":0,"poligono":20,"parcela":204,"recinto":1,"uso_sigpac":"OV","idPanel":"23:48:0:0:20:204:1"},"id":1112039952},{"type":"Feature","geometry":{"type":"Polygon","coordinates":[[[-3.0508861231214475,38.12997871247924],[-3.050886423193599,38.12991913893708],[-3.050849179042827,38.12985128910327],[-3.0521673390070996,38.129950691775264],[-3.0531185392286506,38.13002788575531],[-3.053118034638049,38.13011720080624],[-3.052405903911197,38.13008001197608],[-3.052395282362865,38.1303790556679],[-3.0522443368506043,38.13039335938652],[-3.05214701875803,38.13040782068492],[-3.0521630893819385,38.13038384005853],[-3.0521764149323953,38.13034949604642],[-3.0521425285722334,38.1301946739037],[-3.052129724376185,38.13016025110173],[-3.0509214721237994,38.130108389749125],[-3.05091270549075,38.13007214388307],[-3.0509045364874328,38.13003837067862],[-3.0508861231214475,38.12997871247924]]]},"properties":{"dn_surface":4573.84354326749,"provincia":23,"municipio":48,"agregado":0,"zona":0,"poligono":20,"parcela":206,"recinto":1,"uso_sigpac":"OV","idPanel":"23:48:0:0:20:206:1"},"id":1112039950},{"type":"Feature","geometry":{"type":"Polygon","coordinates":[[[-3.053649619159825,38.13025459445669],[-3.0536226009315306,38.13028696117772],[-3.053637630523004,38.13039744975555],[-3.052395282362865,38.1303790556679],[-3.052405903911197,38.13008001197608],[-3.053118034638049,38.13011720080624],[-3.053643139110096,38.13013427809682],[-3.053649619159825,38.13025459445669]]]},"properties":{"dn_surface":3350.72636697934,"provincia":23,"municipio":48,"agregado":0,"zona":0,"poligono":20,"parcela":208,"recinto":1,"uso_sigpac":"OV","idPanel":"23:48:0:0:20:208:1"},"id":1112039948},{"type":"Feature","geometry":{"type":"Polygon","coordinates":[[[-3.0509214721237994,38.130108389749125],[-3.052129724376185,38.13016025110173],[-3.0521425285722334,38.1301946739037],[-3.0521764149323953,38.13034949604642],[-3.0521630893819385,38.13038384005853],[-3.05214701875803,38.13040782068492],[-3.052087467847017,38.1304213641649],[-3.0509603465548367,38.1303812760342],[-3.050953976308046,38.13024365858698],[-3.050940045584145,38.13018569017936],[-3.0509287677327555,38.130138761577086],[-3.0509214721237994,38.130108389749125]]]},"properties":{"dn_surface":3133.15493733593,"provincia":23,"municipio":48,"agregado":0,"zona":0,"poligono":20,"parcela":207,"recinto":1,"uso_sigpac":"OV","idPanel":"23:48:0:0:20:207:1"},"id":1112039949},{"type":"Feature","geometry":{"type":"Polygon","coordinates":[[[-3.0531185392286506,38.13002788575531],[-3.0521673390070996,38.129950691775264],[-3.052340910630131,38.12935776764425],[-3.052913725736065,38.12940474989071],[-3.0530978845416232,38.12940665425921],[-3.0531185392286506,38.13002788575531]]]},"properties":{"dn_surface":5052.15092543339,"provincia":23,"municipio":48,"agregado":0,"zona":0,"poligono":20,"parcela":205,"recinto":2,"uso_sigpac":"OV","idPanel":"23:48:0:0:20:205:2"},"id":1112039951},{"type":"Feature","geometry":{"type":"Polygon","coordinates":[[[-3.050821208630276,38.131436171300635],[-3.051051259196625,38.13146879199334],[-3.0515997919276234,38.131522370797995],[-3.051879827138324,38.13156073728567],[-3.052270419658447,38.13157877849511],[-3.0526970610698796,38.131598424839126],[-3.0526682357031545,38.1313434699606],[-3.052724677766095,38.13134139292487],[-3.053758228514834,38.13130334830228],[-3.053762949202981,38.13135976270499],[-3.05377790084275,38.13151801807541],[-3.052752877842807,38.13162616055837],[-3.0527810402009505,38.13175232497244],[-3.0522587838997706,38.13174560687665],[-3.051912021192135,38.131741967454104],[-3.0507855126171113,38.13162968682525],[-3.050821208630276,38.131436171300635]]]},"properties":{"dn_surface":6041.67595722537,"provincia":23,"municipio":48,"agregado":0,"zona":0,"poligono":20,"parcela":212,"recinto":1,"uso_sigpac":"OV","idPanel":"23:48:0:0:20:212:1"},"id":1112039944},{"type":"Feature","geometry":{"type":"Polygon","coordinates":[[[-3.050821208630276,38.131436171300635],[-3.0508456427176673,38.13130331477467],[-3.0508645053536894,38.131176500763104],[-3.050951023363383,38.131176463882724],[-3.0510057186375983,38.13117319913124],[-3.051037419835473,38.131180186286144],[-3.0511083449897676,38.13118678954987],[-3.0512628125779515,38.131201170381956],[-3.0513715929237955,38.13121129739798],[-3.051492558043006,38.13122915252919],[-3.051667654334316,38.13125499645275],[-3.0518221219225,38.1312516889536],[-3.051976638125725,38.1312483806162],[-3.0521653457904065,38.131253697257705],[-3.052267908440107,38.13126229206176],[-3.052270597354805,38.13119748569713],[-3.0522842657251212,38.131189919352664],[-3.052578275245623,38.131210309171536],[-3.052639806800473,38.1312070419055],[-3.0526446230423225,38.13116055335317],[-3.0526424906860288,38.13113683424214],[-3.052933739207461,38.131120502102846],[-3.053188230566724,38.13111516618301],[-3.0534765898459613,38.131101894276696],[-3.053739865440271,38.13108977655858],[-3.0537468190675567,38.1311523005308],[-3.0537489547766117,38.13118822034079],[-3.053749476969211,38.1311970003849],[-3.0537498122453575,38.1312010706373],[-3.053758228514834,38.13130334830228],[-3.052724677766095,38.13134139292487],[-3.0526682357031545,38.1313434699606],[-3.0526970610698796,38.131598424839126],[-3.052270419658447,38.13157877849511],[-3.051879827138324,38.13156073728567],[-3.0515997919276234,38.131522370797995],[-3.051051259196625,38.13146879199334],[-3.050821208630276,38.131436171300635]]]},"properties":{"dn_surface":7849.01942939467,"provincia":23,"municipio":48,"agregado":0,"zona":0,"poligono":20,"parcela":400,"recinto":1,"uso_sigpac":"OV","idPanel":"23:48:0:0:20:400:1"},"id":1112039751},{"type":"Feature","geometry":{"type":"Polygon","coordinates":[[[-3.053739865440271,38.13108977655858],[-3.0534765898459613,38.131101894276696],[-3.053188230566724,38.13111516618301],[-3.052933739207461,38.131120502102846],[-3.0526424906860288,38.13113683424214],[-3.0526446230423225,38.13116055335317],[-3.052639806800473,38.1312070419055],[-3.052578275245623,38.131210309171536],[-3.0522842657251212,38.131189919352664],[-3.052270597354805,38.13119748569713],[-3.052267908440107,38.13126229206176],[-3.0521653457904065,38.131253697257705],[-3.051976638125725,38.1312483806162],[-3.0518221219225,38.1312516889536],[-3.051667654334316,38.13125499645275],[-3.051492558043006,38.13122915252919],[-3.0513715929237955,38.13121129739798],[-3.0512628125779515,38.131201170381956],[-3.0511083449897676,38.13118678954987],[-3.051037419835473,38.131180186286144],[-3.0510057186375983,38.13117319913124],[-3.050951023363383,38.131176463882724],[-3.0508645053536894,38.131176500763104],[-3.0508759634160083,38.131099436702556],[-3.0509035901705084,38.13097951513035],[-3.0509073595125886,38.13096315281621],[-3.0509241970806835,38.13090801749203],[-3.0509384370968298,38.13086138812372],[-3.0513475796079685,38.1308721530026],[-3.0520176340165808,38.13088978014602],[-3.0522918320695656,38.130901200489774],[-3.052682727176412,38.13089488388718],[-3.053712382854514,38.13087823994104],[-3.0537141782582804,38.130890459080234],[-3.0537206448969627,38.13093447497096],[-3.053731773550467,38.131017025825685],[-3.053739865440271,38.13108977655858]]]},"properties":{"dn_surface":8132.56337904623,"provincia":23,"municipio":48,"agregado":0,"zona":0,"poligono":20,"parcela":211,"recinto":1,"uso_sigpac":"OV","idPanel":"23:48:0:0:20:211:1"},"id":1112039945},{"type":"Feature","geometry":{"type":"Polygon","coordinates":[[[-3.053712382854514,38.13087823994104],[-3.052682727176412,38.13089488388718],[-3.0522918320695656,38.130901200489774],[-3.0520176340165808,38.13088978014602],[-3.0513475796079685,38.1308721530026],[-3.0509384370968298,38.13086138812372],[-3.0509241970806835,38.13090801749203],[-3.0509073595125886,38.13096315281621],[-3.0509035901705084,38.13097951513035],[-3.0508759634160083,38.131099436702556],[-3.050672227836235,38.13101038568158],[-3.0508108620083845,38.130849363444725],[-3.0508799079398754,38.130707476255765],[-3.0509684543702575,38.13071248695775],[-3.051011372231625,38.130735271486486],[-3.0515897671708325,38.13075287683699],[-3.05228090541994,38.1307848521231],[-3.052576193180752,38.130773371429655],[-3.0533397628122425,38.1307730445354],[-3.053339725093677,38.13072239352971],[-3.053697890543067,38.13072223846447],[-3.053712382854514,38.13087823994104]]]},"properties":{"dn_surface":3898.67503415424,"provincia":23,"municipio":48,"agregado":0,"zona":0,"poligono":20,"parcela":209,"recinto":2,"uso_sigpac":"OV","idPanel":"23:48:0:0:20:209:2"},"id":1112039947},{"type":"Feature","geometry":{"type":"Polygon","coordinates":[[[-3.0509603465548367,38.1303812760342],[-3.052087467847017,38.1304213641649],[-3.05214701875803,38.13040782068492],[-3.0522443368506043,38.13039335938652],[-3.05228090541994,38.1307848521231],[-3.0515897671708325,38.13075287683699],[-3.051011372231625,38.130735271486486],[-3.0509684543702575,38.13071248695775],[-3.0508799079398754,38.130707476255765],[-3.050934568848286,38.13055532039661],[-3.0509584606265103,38.1304580643301],[-3.0509603465548367,38.1303812760342]]]},"properties":{"dn_surface":4577.48306590242,"provincia":23,"municipio":48,"agregado":0,"zona":0,"poligono":20,"parcela":210,"recinto":1,"uso_sigpac":"OV","idPanel":"23:48:0:0:20:210:1"},"id":1112039946},{"type":"Feature","geometry":{"type":"Polygon","coordinates":[[[-3.053697890543067,38.13072223846447],[-3.053339725093677,38.13072239352971],[-3.0533397628122425,38.1307730445354],[-3.052576193180752,38.130773371429655],[-3.05228090541994,38.1307848521231],[-3.0522443368506043,38.13039335938652],[-3.052395282362865,38.1303790556679],[-3.053637630523004,38.13039744975555],[-3.053675806741464,38.13063915116797],[-3.053697890543067,38.13072223846447]]]},"properties":{"dn_surface":5107.3750710064,"provincia":23,"municipio":48,"agregado":0,"zona":0,"poligono":20,"parcela":398,"recinto":1,"uso_sigpac":"OV","idPanel":"23:48:0:0:20:398:1"},"id":1112039753},{"type":"Feature","geometry":{"type":"Polygon","coordinates":[[[-3.0554828504574507,38.12784741314337],[-3.055470305262226,38.128003246981876],[-3.0543612595453116,38.12798012717698],[-3.054361231046839,38.12794263492185],[-3.0542445138764087,38.12794836395301],[-3.0520492463662765,38.12790433381301],[-3.051256475858776,38.12787339117742],[-3.0512693471100536,38.127683670140584],[-3.0512700746592927,38.127583990027546],[-3.0511514120490193,38.12758097421863],[-3.0511512184270453,38.12730969474447],[-3.0512786728160783,38.12732126847706],[-3.0514154646458005,38.127307963043194],[-3.0517600572785772,38.12733647995586],[-3.052029673783014,38.1273463706022],[-3.05244705319089,38.127364940709754],[-3.0527081092571082,38.12737014754833],[-3.0529924410316305,38.127373360332],[-3.053225074062501,38.1273608235187],[-3.053339038615765,38.127336710458195],[-3.0534759427629976,38.12732105976767],[-3.053866158097455,38.127327559933946],[-3.0545391101301678,38.12734195501534],[-3.0551416726122307,38.12765920420193],[-3.0553151713127,38.127756190371144],[-3.0554828504574507,38.12784741314337]]]},"properties":{"dn_surface":22381.2702372299,"provincia":23,"municipio":48,"agregado":0,"zona":0,"poligono":20,"parcela":264,"recinto":2,"uso_sigpac":"OV","idPanel":"23:48:0:0:20:264:2"},"id":1112039899},{"type":"Feature","geometry":{"type":"Polygon","coordinates":[[[-3.0517600572785772,38.12733647995586],[-3.051750702235889,38.127315074250276],[-3.0517489219195495,38.12729831379568],[-3.051751574792061,38.12728240745707],[-3.0518501560375184,38.12728552049609],[-3.052156168444077,38.12729269205289],[-3.05234921709667,38.127289636848985],[-3.052518436835315,38.12730903257409],[-3.052685360770545,38.12731004259351],[-3.0529405989574245,38.12731624268764],[-3.053130795248198,38.12731309695917],[-3.053259138957211,38.127292673612715],[-3.053398895466262,38.12727711093217],[-3.0534823976670147,38.12725580497121],[-3.0537985639116796,38.127262067091465],[-3.0542481105512747,38.127270883177744],[-3.0545076855351136,38.12727824919469],[-3.054639919285621,38.12727287387983],[-3.054747953642038,38.12725326860715],[-3.0547633956231715,38.12727672201183],[-3.054766807896156,38.12729749404551],[-3.054714337179174,38.12730880123354],[-3.054620791781443,38.1273264174805],[-3.0545391101301678,38.12734195501534],[-3.053866158097455,38.127327559933946],[-3.0534759427629976,38.12732105976767],[-3.053339038615765,38.127336710458195],[-3.053225074062501,38.1273608235187],[-3.0529924410316305,38.127373360332],[-3.0527081092571082,38.12737014754833],[-3.05244705319089,38.127364940709754],[-3.052029673783014,38.1273463706022],[-3.0517600572785772,38.12733647995586]]]},"properties":{"dn_surface":1763.20230379062,"provincia":23,"municipio":48,"agregado":0,"zona":0,"poligono":19,"parcela":9001,"recinto":5,"uso_sigpac":"OV","idPanel":"23:48:0:0:19:9001:5"},"id":1112039707},{"type":"Feature","geometry":{"type":"Polygon","coordinates":[[[-3.0493341658798854,38.12771176209074],[-3.051256475858776,38.12787339117742],[-3.0520492463662765,38.12790433381301],[-3.0542445138764087,38.12794836395301],[-3.054361231046839,38.12794263492185],[-3.0543612595453116,38.12798012717698],[-3.0543614271833848,38.12820219817101],[-3.0542529200876003,38.12820224594785],[-3.052866860836259,38.12820383767135],[-3.0513806864510884,38.12813497614178],[-3.0504416181969116,38.12807353511147],[-3.0492661115275985,38.1279672978352],[-3.0492661919938735,38.12808464197201],[-3.048622101370072,38.12807065592753],[-3.0484742227963633,38.12805971838145],[-3.0484689237568636,38.1279851856558],[-3.0484768429794515,38.12788433123808],[-3.048499241940632,38.12776878082869],[-3.0485275744514206,38.12765421864563],[-3.0485769815826105,38.127657894948584],[-3.0493308692771706,38.127729698526394],[-3.0493341658798854,38.12771176209074]]]},"properties":{"dn_surface":16074.7537152631,"provincia":23,"municipio":48,"agregado":0,"zona":0,"poligono":20,"parcela":265,"recinto":1,"uso_sigpac":"OV","idPanel":"23:48:0:0:20:265:1"},"id":1112039898},{"type":"Feature","geometry":{"type":"Polygon","coordinates":[[[-3.0492661919938735,38.12808464197201],[-3.0492661115275985,38.1279672978352],[-3.0504416181969116,38.12807353511147],[-3.0513806864510884,38.12813497614178],[-3.052866860836259,38.12820383767135],[-3.0542529200876003,38.12820224594785],[-3.054256878860705,38.12830661070683],[-3.054262740325943,38.12851407874831],[-3.052867817211468,38.12857425662574],[-3.050785556203011,38.12846328105934],[-3.0494731411955143,38.128381255749986],[-3.0492661919938735,38.12808464197201]]]},"properties":{"dn_surface":17340.552110673,"provincia":23,"municipio":48,"agregado":0,"zona":0,"poligono":20,"parcela":385,"recinto":1,"uso_sigpac":"OV","idPanel":"23:48:0:0:20:385:1"},"id":1112039766},{"type":"Feature","geometry":{"type":"Polygon","coordinates":[[[-3.055767534271928,38.12756663278142],[-3.0558335685854296,38.12767916989651],[-3.0558061907734686,38.12768972355141],[-3.0557303420889586,38.12771896214599],[-3.055643329546948,38.127764123004795],[-3.0554828504574507,38.12784741314337],[-3.0553151713127,38.127756190371144],[-3.055412261417494,38.1277155062871],[-3.055767534271928,38.12756663278142]]]},"properties":{"dn_surface":584.534748918955,"provincia":23,"municipio":48,"agregado":0,"zona":0,"poligono":20,"parcela":261,"recinto":2,"uso_sigpac":"OV","idPanel":"23:48:0:0:20:261:2"},"id":1112039903},{"type":"Feature","geometry":{"type":"Polygon","coordinates":[[[-3.055703629800148,38.13153392776678],[-3.0550967397412205,38.13082085072298],[-3.055545976250379,38.130694292359465],[-3.056055430031891,38.131267354731534],[-3.0560020968170223,38.131352278503186],[-3.055703629800148,38.13153392776678]]]},"properties":{"dn_surface":3647.61281869545,"provincia":23,"municipio":48,"agregado":0,"zona":0,"poligono":20,"parcela":228,"recinto":1,"uso_sigpac":"OV","idPanel":"23:48:0:0:20:228:1"},"id":1112039930},{"type":"Feature","geometry":{"type":"Polygon","coordinates":[[[-3.055703629800148,38.13153392776678],[-3.055705000241399,38.13153545914054],[-3.055497771084175,38.13165920537543],[-3.05552666434432,38.13169281010363],[-3.055469643091836,38.1317322201383],[-3.0553049646685997,38.13184504223807],[-3.055179789319175,38.131690982848625],[-3.055091847224047,38.131582870540484],[-3.054832915132219,38.1312414973969],[-3.054810755893484,38.13121149521092],[-3.0546243490613607,38.1309587741097],[-3.0545150481992986,38.130820928674694],[-3.0550025992283287,38.13081179072333],[-3.0550967397412205,38.13082085072298],[-3.055703629800148,38.13153392776678]]]},"properties":{"dn_surface":5259.91678781059,"provincia":23,"municipio":48,"agregado":0,"zona":0,"poligono":20,"parcela":226,"recinto":1,"uso_sigpac":"OV","idPanel":"23:48:0:0:20:226:1"},"id":1112039932},{"type":"Feature","geometry":{"type":"Polygon","coordinates":[[[-3.055091847224047,38.131582870540484],[-3.053808765526638,38.13189977942184],[-3.05377790084275,38.13151801807541],[-3.053762949202981,38.13135976270499],[-3.054488696332347,38.13127959314912],[-3.0545039572643606,38.13124164324205],[-3.054810755893484,38.13121149521092],[-3.054832915132219,38.1312414973969],[-3.055091847224047,38.131582870540484]]]},"properties":{"dn_surface":5468.67187222152,"provincia":23,"municipio":48,"agregado":0,"zona":0,"poligono":20,"parcela":220,"recinto":1,"uso_sigpac":"OV","idPanel":"23:48:0:0:20:220:1"},"id":1112039938},{"type":"Feature","geometry":{"type":"Polygon","coordinates":[[[-3.05552666434432,38.13169281010363],[-3.055497771084175,38.13165920537543],[-3.055705000241399,38.13153545914054],[-3.055703629800148,38.13153392776678],[-3.0560020968170223,38.131352278503186],[-3.055974403845483,38.13139645281191],[-3.055879366468899,38.131556199323],[-3.055649208614183,38.131835784425476],[-3.05552666434432,38.13169281010363]]]},"properties":{"dn_surface":716.789841548775,"provincia":23,"municipio":48,"agregado":0,"zona":0,"poligono":20,"parcela":227,"recinto":1,"uso_sigpac":"OV","idPanel":"23:48:0:0:20:227:1"},"id":1112039931},{"type":"Feature","geometry":{"type":"Polygon","coordinates":[[[-3.0562289614217852,38.13051255927684],[-3.055545976250379,38.130694292359465],[-3.0550967397412205,38.13082085072298],[-3.0550025992283287,38.13081179072333],[-3.0545150481992986,38.130820928674694],[-3.0546243490613607,38.1309587741097],[-3.054810755893484,38.13121149521092],[-3.0545039572643606,38.13124164324205],[-3.054488696332347,38.13127959314912],[-3.053762949202981,38.13135976270499],[-3.053758228514834,38.13130334830228],[-3.0537498122453575,38.1312010706373],[-3.053749476969211,38.1311970003849],[-3.0537489547766117,38.13118822034079],[-3.0537468190675567,38.1311523005308],[-3.053739865440271,38.13108977655858],[-3.053731773550467,38.131017025825685],[-3.0537206448969627,38.13093447497096],[-3.0537141782582804,38.130890459080234],[-3.053712382854514,38.13087823994104],[-3.053697890543067,38.13072223846447],[-3.053675806741464,38.13063915116797],[-3.053637630523004,38.13039744975555],[-3.0536226009315306,38.13028696117772],[-3.053649619159825,38.13025459445669],[-3.0560002821348777,38.130194157578444],[-3.0561109802602813,38.130366518016416],[-3.0562289614217852,38.13051255927684]]]},"properties":{"dn_surface":17212.0084917018,"provincia":23,"municipio":48,"agregado":0,"zona":0,"poligono":20,"parcela":390,"recinto":1,"uso_sigpac":"OV","idPanel":"23:48:0:0:20:390:1"},"id":1112039761},{"type":"Feature","geometry":{"type":"Polygon","coordinates":[[[-3.055667545704844,38.130661944916795],[-3.0557247605793036,38.13075124571853],[-3.0557341491496053,38.13076134675063],[-3.0557363510757,38.130763908260406],[-3.055849081812744,38.13090618688429],[-3.0558499183267305,38.13090699070884],[-3.0558513734252073,38.13090913815256],[-3.0559084131178804,38.130985599554236],[-3.0559105044028456,38.130988694153075],[-3.0559563173737416,38.13106392928219],[-3.0559598377732833,38.131071510714094],[-3.055961445422407,38.13107948525726],[-3.055961079133217,38.131087556192284],[-3.055958754831329,38.13109541925613],[-3.055954557173971,38.13110278275849],[-3.055951891728603,38.131105752466965],[-3.056055430031891,38.131267354731534],[-3.0559669506567384,38.13116782884555],[-3.0559588394885564,38.131158705143406],[-3.055644646344015,38.1308052830133],[-3.055545976250379,38.130694292359465],[-3.055667545704844,38.130661944916795]]]},"properties":{"dn_surface":494.4951171875,"provincia":23,"municipio":48,"agregado":0,"zona":0,"poligono":20,"parcela":230,"recinto":2,"uso_sigpac":"OV","idPanel":"23:48:0:0:20:230:2"},"id":1429198774},{"type":"Feature","geometry":{"type":"Polygon","coordinates":[[[-3.053118034638049,38.13011720080624],[-3.0531185392286506,38.13002788575531],[-3.0530978845416232,38.12940665425921],[-3.055710004237891,38.12930366077967],[-3.055775331956913,38.12953201149594],[-3.0558263919995063,38.12975216722501],[-3.0558303985494613,38.129769469150546],[-3.0558334101674505,38.129827419118016],[-3.055838156839499,38.12991619102158],[-3.055860709189517,38.13001135412671],[-3.0560002821348777,38.130194157578444],[-3.053649619159825,38.13025459445669],[-3.053643139110096,38.13013427809682],[-3.053118034638049,38.13011720080624]]]},"properties":{"dn_surface":22542.9273107287,"provincia":23,"municipio":48,"agregado":0,"zona":0,"poligono":20,"parcela":231,"recinto":2,"uso_sigpac":"OV","idPanel":"23:48:0:0:20:231:2"},"id":1112039928},{"type":"Feature","geometry":{"type":"Polygon","coordinates":[[[-3.055870072614108,38.12854914360415],[-3.0557854271216947,38.128866244431066],[-3.0528930157284746,38.129015053396074],[-3.0528872925646477,38.128990992303414],[-3.0528815375495872,38.1287674812983],[-3.0528781160565086,38.128615079011155],[-3.052867817211468,38.12857425662574],[-3.054262740325943,38.12851407874831],[-3.0542640286245364,38.128558781116965],[-3.055419123682029,38.12850950977264],[-3.055427809010613,38.128527891287376],[-3.055514031977297,38.12853203446238],[-3.055870072614108,38.12854914360415]]]},"properties":{"dn_surface":11479.9926502757,"provincia":23,"municipio":48,"agregado":0,"zona":0,"poligono":20,"parcela":267,"recinto":1,"uso_sigpac":"OV","idPanel":"23:48:0:0:20:267:1"},"id":1112039895},{"type":"Feature","geometry":{"type":"Polygon","coordinates":[[[-3.055710004237891,38.12930366077967],[-3.0530978845416232,38.12940665425921],[-3.052913725736065,38.12940474989071],[-3.052904896238738,38.129189352568346],[-3.052895437260445,38.12905047196824],[-3.0528930157284746,38.129015053396074],[-3.0557854271216947,38.128866244431066],[-3.0557866005882084,38.12890752195392],[-3.0557138817065286,38.12915368924462],[-3.055710004237891,38.12930366077967]]]},"properties":{"dn_surface":11486.1991906437,"provincia":23,"municipio":48,"agregado":0,"zona":0,"poligono":20,"parcela":268,"recinto":1,"uso_sigpac":"OV","idPanel":"23:48:0:0:20:268:1"},"id":1112039894},{"type":"Feature","geometry":{"type":"Polygon","coordinates":[[[-3.0543612595453116,38.12798012717698],[-3.055470305262226,38.128003246981876],[-3.0554622678547956,38.12808120539151],[-3.055456375376515,38.12813835237253],[-3.055419123682029,38.12850950977264],[-3.0542640286245364,38.128558781116965],[-3.054262740325943,38.12851407874831],[-3.054256878860705,38.12830661070683],[-3.0542529200876003,38.12820224594785],[-3.0543614271833848,38.12820219817101],[-3.0543612595453116,38.12798012717698]]]},"properties":{"dn_surface":6043.18645106038,"provincia":23,"municipio":48,"agregado":0,"zona":0,"poligono":20,"parcela":386,"recinto":4,"uso_sigpac":"OV","idPanel":"23:48:0:0:20:386:4"},"id":1112039765},{"type":"Feature","geometry":{"type":"Polygon","coordinates":[[[-3.0540453011718567,38.12293977166354],[-3.05389452581224,38.12300770280183],[-3.0537978128931105,38.12305569255312],[-3.0537399936833975,38.1230872613169],[-3.0532935441572095,38.122604557542786],[-3.053178647536256,38.1224383242764],[-3.053113210014296,38.122351109730516],[-3.0529030765274507,38.12206486855837],[-3.052755862638704,38.12185565791907],[-3.0529189392801483,38.12176095498049],[-3.0539545268314794,38.12284229515299],[-3.0540453011718567,38.12293977166354]]]},"properties":{"dn_surface":4355.11829725902,"provincia":23,"municipio":48,"agregado":0,"zona":0,"poligono":19,"parcela":190,"recinto":1,"uso_sigpac":"OV","idPanel":"23:48:0:0:19:190:1"},"id":1112039466},{"type":"Feature","geometry":{"type":"Polygon","coordinates":[[[-3.0540191303540243,38.121817530315695],[-3.053885922626312,38.121879955381445],[-3.0537831722219693,38.12193705039468],[-3.053614502336204,38.12202652889275],[-3.0535619209780944,38.12204430607227],[-3.0531755328208527,38.121620518699046],[-3.0532512608059497,38.12158551670748],[-3.0534855333371778,38.12149988634138],[-3.0536340288189963,38.121437814991964],[-3.0540191303540243,38.121817530315695]]]},"properties":{"dn_surface":2566.90837156112,"provincia":23,"municipio":48,"agregado":0,"zona":0,"poligono":19,"parcela":192,"recinto":1,"uso_sigpac":"OV","idPanel":"23:48:0:0:19:192:1"},"id":1112039464},{"type":"Feature","geometry":{"type":"Polygon","coordinates":[[[-3.0532935441572095,38.122604557542786],[-3.0537399936833975,38.1230872613169],[-3.053667689705949,38.12312667805713],[-3.0536015816316953,38.123060013424436],[-3.053494456711826,38.12291342398754],[-3.053407529665233,38.12277187291292],[-3.0533007391833205,38.12261500893845],[-3.0532935441572095,38.122604557542786]]]},"properties":{"dn_surface":311.718086594427,"provincia":23,"municipio":48,"agregado":0,"zona":0,"poligono":19,"parcela":188,"recinto":1,"uso_sigpac":"OV","idPanel":"23:48:0:0:19:188:1"},"id":1112039468},{"type":"Feature","geometry":{"type":"Polygon","coordinates":[[[-3.053298433321621,38.12274480439319],[-3.0533080515560838,38.122781581671944],[-3.053355654063412,38.12284726394549],[-3.0533809682506896,38.122917648466995],[-3.0534568202879617,38.123003262907474],[-3.053540120484836,38.12311351343922],[-3.0535743329010505,38.123158081697426],[-3.053564506795377,38.12317984363389],[-3.0535052710439428,38.12318740327282],[-3.0530957262014278,38.12277615271293],[-3.0527255980991184,38.12243446189518],[-3.0523603692195036,38.12207951928775],[-3.052485808598894,38.12200123649845],[-3.052653343574902,38.121918609368436],[-3.052689422641064,38.12195518548151],[-3.0528575996708933,38.12212590306629],[-3.053004113670684,38.12231339367858],[-3.053277199445051,38.122717763533785],[-3.053298433321621,38.12274480439319]]]},"properties":{"dn_surface":3324.6982942710274,"provincia":23,"municipio":48,"agregado":0,"zona":0,"poligono":19,"parcela":187,"recinto":1,"uso_sigpac":"OV","idPanel":"23:48:0:0:19:187:1"},"id":1156720349},{"type":"Feature","geometry":{"type":"Polygon","coordinates":[[[-3.0535052710439428,38.12318740327282],[-3.053476179970871,38.12319066048059],[-3.053442652356187,38.123209871803795],[-3.053362483638524,38.123259836331584],[-3.0531566509064523,38.123394844492225],[-3.053020217822207,38.12326566175466],[-3.0529012375377853,38.123132325783814],[-3.052823028509201,38.1230545802745],[-3.052686190579008,38.123149000742984],[-3.052510597240811,38.12329345782359],[-3.052438094612245,38.1232180525418],[-3.052620658341536,38.12308855380647],[-3.0528886294782835,38.12289845306938],[-3.0530957262014278,38.12277615271293],[-3.0535052710439428,38.12318740327282]]]},"properties":{"dn_surface":2535.25779354734,"provincia":23,"municipio":48,"agregado":0,"zona":0,"poligono":19,"parcela":185,"recinto":1,"uso_sigpac":"OV","idPanel":"23:48:0:0:19:185:1"},"id":1112039471},{"type":"Feature","geometry":{"type":"Polygon","coordinates":[[[-3.0522372801259032,38.12303896646432],[-3.05231127221875,38.122966563580434],[-3.0522529358455803,38.12291647751505],[-3.0521663859846524,38.12282025912822],[-3.0524637776032852,38.12260986915513],[-3.0527255980991184,38.12243446189518],[-3.0530957262014278,38.12277615271293],[-3.0528886294782835,38.12289845306938],[-3.052620658341536,38.12308855380647],[-3.052438094612245,38.1232180525418],[-3.0522372801259032,38.12303896646432]]]},"properties":{"dn_surface":3494.09826862131,"provincia":23,"municipio":48,"agregado":0,"zona":0,"poligono":19,"parcela":567,"recinto":1,"uso_sigpac":"OV","idPanel":"23:48:0:0:19:567:1"},"id":1112039078},{"type":"Feature","geometry":{"type":"Polygon","coordinates":[[[-3.0550183169740923,38.123166551611064],[-3.055031657611975,38.12315636089258],[-3.054887643095859,38.12296319405516],[-3.054675464424518,38.12270038952383],[-3.0547826614287588,38.12263869536005],[-3.0549892024316905,38.122540546620826],[-3.0552934194344825,38.122910019258256],[-3.0556601998044663,38.12333002304018],[-3.0555963129346853,38.123334287752755],[-3.0554978481976893,38.1233279334316],[-3.0552745685331266,38.12332199485286],[-3.0551224738618714,38.1233061103072],[-3.0550183169740923,38.123166551611064]]]},"properties":{"dn_surface":3202.15367811073,"provincia":23,"municipio":48,"agregado":0,"zona":0,"poligono":19,"parcela":106,"recinto":1,"uso_sigpac":"OV","idPanel":"23:48:0:0:19:106:1"},"id":1112039557},{"type":"Feature","geometry":{"type":"Polygon","coordinates":[[[-3.054675464424518,38.12270038952383],[-3.054887643095859,38.12296319405516],[-3.055031657611975,38.12315636089258],[-3.0550183169740923,38.123166551611064],[-3.054780522366942,38.123275439245276],[-3.054748578932051,38.12327752633931],[-3.054423970434008,38.12279675543215],[-3.0544812179978917,38.12276320350995],[-3.054571784467058,38.12273567482373],[-3.054675464424518,38.12270038952383]]]},"properties":{"dn_surface":1626.03144380961,"provincia":23,"municipio":48,"agregado":0,"zona":0,"poligono":19,"parcela":105,"recinto":1,"uso_sigpac":"OV","idPanel":"23:48:0:0:19:105:1"},"id":1112039558},{"type":"Feature","geometry":{"type":"Polygon","coordinates":[[[-3.054748578932051,38.12327752633931],[-3.05462832040732,38.12326757534328],[-3.054416997528344,38.123230807284614],[-3.0542223814597653,38.12325937281233],[-3.054051672256837,38.12321943136493],[-3.0536971562883055,38.12316821374256],[-3.0536915555002726,38.123154697084715],[-3.053667689705949,38.12312667805713],[-3.0537399936833975,38.1230872613169],[-3.0537978128931105,38.12305569255312],[-3.05389452581224,38.12300770280183],[-3.0540453011718567,38.12293977166354],[-3.054210567166541,38.122873096134384],[-3.054423970434008,38.12279675543215],[-3.054748578932051,38.12327752633931]]]},"properties":{"dn_surface":2670.92447150831,"provincia":23,"municipio":48,"agregado":0,"zona":0,"poligono":19,"parcela":109,"recinto":1,"uso_sigpac":"OV","idPanel":"23:48:0:0:19:109:1"},"id":1112039554},{"type":"Feature","geometry":{"type":"Polygon","coordinates":[[[-3.0551224738618714,38.1233061103072],[-3.054988990369528,38.123308783296295],[-3.054780522366942,38.123275439245276],[-3.0550183169740923,38.123166551611064],[-3.0551224738618714,38.1233061103072]]]},"properties":{"dn_surface":240.872224453698,"provincia":23,"municipio":48,"agregado":0,"zona":0,"poligono":19,"parcela":104,"recinto":1,"uso_sigpac":"OV","idPanel":"23:48:0:0:19:104:1"},"id":1112039559},{"type":"Feature","geometry":{"type":"Polygon","coordinates":[[[-3.055556434351589,38.12074281268522],[-3.0554312036816,38.120790095003855],[-3.0551708164912945,38.12088358256645],[-3.0547822331134817,38.12102669602791],[-3.0544884163767647,38.12112001679063],[-3.0542017820933034,38.12120756493627],[-3.053790145127633,38.12134482699079],[-3.0536083340932922,38.12140438879831],[-3.053040600935554,38.120738059307655],[-3.0527655428992526,38.120433098830034],[-3.052078401980007,38.11964162919398],[-3.051934927258487,38.119701623507694],[-3.051835698091876,38.119735822512894],[-3.0517759854101234,38.11967203790229],[-3.0516604249423995,38.1195228366642],[-3.0517651308448697,38.11949025788101],[-3.0519293834673986,38.11945008257851],[-3.0522390612804333,38.11936721656426],[-3.0524530236208745,38.11928493057772],[-3.0526958549139414,38.119212005501225],[-3.0529170122804943,38.119142333441516],[-3.0531160632143055,38.119108000325895],[-3.053458520976217,38.11907919339933],[-3.0536151569628807,38.11907903498138],[-3.0537281056294203,38.11908655690172],[-3.0538397936576476,38.1190860573403],[-3.0540836860997187,38.11906242791562],[-3.0542186339106343,38.11904488459123],[-3.054440845720669,38.1190142344841],[-3.054668762254343,38.11898466228976],[-3.0548646347702815,38.11897330983942],[-3.055262420640136,38.119982998984796],[-3.055556434351589,38.12074281268522]]]},"properties":{"dn_surface":53762.0685087108,"provincia":23,"municipio":48,"agregado":0,"zona":0,"poligono":19,"parcela":218,"recinto":1,"uso_sigpac":"OV","idPanel":"23:48:0:0:19:218:1"},"id":1112039438},{"type":"Feature","geometry":{"type":"Polygon","coordinates":[[[-3.053040600935554,38.120738059307655],[-3.052917433890249,38.120800659555215],[-3.052572357621631,38.12100467257605],[-3.052439818769831,38.12088954712911],[-3.0523399358147345,38.12081036831427],[-3.0522417040946603,38.1206486327774],[-3.0525725629782716,38.120505191583504],[-3.0527655428992526,38.120433098830034],[-3.053040600935554,38.120738059307655]]]},"properties":{"dn_surface":2391.04833654979,"provincia":23,"municipio":48,"agregado":0,"zona":0,"poligono":19,"parcela":182,"recinto":1,"uso_sigpac":"OV","idPanel":"23:48:0:0:19:182:1"},"id":1112039474},{"type":"Feature","geometry":{"type":"Polygon","coordinates":[[[-3.0527655428992526,38.120433098830034],[-3.0525725629782716,38.120505191583504],[-3.0522417040946603,38.1206486327774],[-3.0519834936847388,38.120444784880135],[-3.0518564416270815,38.12034119293264],[-3.051682050253871,38.12024555122079],[-3.0516297337639173,38.12015508617267],[-3.0514512210086715,38.119878743190526],[-3.051835698091876,38.119735822512894],[-3.051934927258487,38.119701623507694],[-3.052078401980007,38.11964162919398],[-3.0527655428992526,38.120433098830034]]]},"properties":{"dn_surface":6424.84986615777,"provincia":23,"municipio":48,"agregado":0,"zona":0,"poligono":19,"parcela":219,"recinto":1,"uso_sigpac":"OV","idPanel":"23:48:0:0:19:219:1"},"id":1112039437},{"type":"Feature","geometry":{"type":"Polygon","coordinates":[[[-3.052090169334571,38.120924213006305],[-3.0518490823156585,38.12105148215528],[-3.0514749082684456,38.12125406187053],[-3.051435571994517,38.12128697425348],[-3.051313294269191,38.12116030692522],[-3.051342595728045,38.121133167159286],[-3.0515394212664315,38.12101087434655],[-3.0517782351130682,38.12089478162795],[-3.0519819027994215,38.120768519983784],[-3.052090169334571,38.120924213006305]]]},"properties":{"dn_surface":1322.00135495698,"provincia":23,"municipio":48,"agregado":0,"zona":0,"poligono":19,"parcela":177,"recinto":1,"uso_sigpac":"OV","idPanel":"23:48:0:0:19:177:1"},"id":1112039479},{"type":"Feature","geometry":{"type":"Polygon","coordinates":[[[-3.051835698091876,38.119735822512894],[-3.0514512210086715,38.119878743190526],[-3.0513836041917566,38.11976854630299],[-3.0512955346916937,38.119614286586],[-3.051536785157727,38.11956110173085],[-3.0516604249423995,38.1195228366642],[-3.0517759854101234,38.11967203790229],[-3.051835698091876,38.119735822512894]]]},"properties":{"dn_surface":1041.64188939192,"provincia":23,"municipio":48,"agregado":0,"zona":0,"poligono":19,"parcela":220,"recinto":1,"uso_sigpac":"OV","idPanel":"23:48:0:0:19:220:1"},"id":1112039436},{"type":"Feature","geometry":{"type":"Polygon","coordinates":[[[-3.0518564416270815,38.12034119293264],[-3.0519834936847388,38.120444784880135],[-3.0522417040946603,38.1206486327774],[-3.0520292261893585,38.120737946990175],[-3.052026485306858,38.12073389266337],[-3.051945411343599,38.120633615758805],[-3.0518257663742157,38.120518935390976],[-3.0517578126047735,38.12041784125077],[-3.0518564416270815,38.12034119293264]]]},"properties":{"dn_surface":748.966799747734,"provincia":23,"municipio":48,"agregado":0,"zona":0,"poligono":19,"parcela":175,"recinto":1,"uso_sigpac":"OV","idPanel":"23:48:0:0:19:175:1"},"id":1112039481},{"type":"Feature","geometry":{"type":"Polygon","coordinates":[[[-3.0523399358147345,38.12081036831427],[-3.052158149926105,38.120904266590145],[-3.052139559701953,38.120912385302034],[-3.052131564204041,38.12089868927143],[-3.0520791370729587,38.12081399264943],[-3.0520292261893585,38.120737946990175],[-3.0522417040946603,38.1206486327774],[-3.0523399358147345,38.12081036831427]]]},"properties":{"dn_surface":434.052861504555,"provincia":23,"municipio":48,"agregado":0,"zona":0,"poligono":19,"parcela":176,"recinto":1,"uso_sigpac":"OV","idPanel":"23:48:0:0:19:176:1"},"id":1112039480},{"type":"Feature","geometry":{"type":"Polygon","coordinates":[[[-3.0554332505424764,38.11900342853389],[-3.0557987551867214,38.119862709447005],[-3.055262420640136,38.119982998984796],[-3.0548646347702815,38.11897330983942],[-3.055051833692302,38.11895718389496],[-3.0550923384036026,38.118964376406495],[-3.0551945682917276,38.1189780296894],[-3.0554332505424764,38.11900342853389]]]},"properties":{"dn_surface":5253.07575901608,"provincia":23,"municipio":48,"agregado":0,"zona":0,"poligono":19,"parcela":541,"recinto":1,"uso_sigpac":"OV","idPanel":"23:48:0:0:19:541:1"},"id":1112039105},{"type":"Feature","geometry":{"type":"Polygon","coordinates":[[[-3.051682050253871,38.12024555122079],[-3.0518564416270815,38.12034119293264],[-3.0517578126047735,38.12041784125077],[-3.051682050253871,38.12024555122079]]]},"properties":{"dn_surface":110.870688755561,"provincia":23,"municipio":48,"agregado":0,"zona":0,"poligono":19,"parcela":591,"recinto":1,"uso_sigpac":"OV","idPanel":"23:48:0:0:19:591:1"},"id":1112039053},{"type":"Feature","geometry":{"type":"Polygon","coordinates":[[[-3.0560428789693335,38.12159735111729],[-3.0555057062323807,38.12183102098962],[-3.0555805105316938,38.121930487364125],[-3.0558317153465278,38.12220192441805],[-3.056109209164035,38.12253436496687],[-3.0558929543729394,38.12260836627982],[-3.0555889905036384,38.122716745132465],[-3.055535421757276,38.12263808934841],[-3.0553348813591827,38.122378885682906],[-3.054930394995534,38.12187517015266],[-3.054552861481331,38.12140271409393],[-3.0555119406923317,38.12103925798695],[-3.0560428789693335,38.12159735111729]]]},"properties":{"dn_surface":11903.4342337459,"provincia":23,"municipio":48,"agregado":0,"zona":0,"poligono":19,"parcela":197,"recinto":1,"uso_sigpac":"OV","idPanel":"23:48:0:0:19:197:1"},"id":1112039459},{"type":"Feature","geometry":{"type":"Polygon","coordinates":[[[-3.0555119406923317,38.12103925798695],[-3.054552861481331,38.12140271409393],[-3.054930394995534,38.12187517015266],[-3.0547695789535094,38.121938419997775],[-3.0544647333079418,38.1220869020685],[-3.0543417858685125,38.12213913976859],[-3.0541388876409163,38.12192220436691],[-3.0540191303540243,38.121817530315695],[-3.0536340288189963,38.121437814991964],[-3.053760739733174,38.12138467539907],[-3.0540675635080077,38.121290359704375],[-3.054258158777395,38.1212308825541],[-3.0544880936734735,38.121146333453595],[-3.054586986725746,38.121119431733746],[-3.054821149454036,38.12104416307699],[-3.0550729820734546,38.120951761809096],[-3.05543955960137,38.12082569127236],[-3.055529884671711,38.12078500383555],[-3.0555119406923317,38.12103925798695]]]},"properties":{"dn_surface":8688.82732681115,"provincia":23,"municipio":48,"agregado":0,"zona":0,"poligono":19,"parcela":196,"recinto":1,"uso_sigpac":"OV","idPanel":"23:48:0:0:19:196:1"},"id":1112039460},{"type":"Feature","geometry":{"type":"Polygon","coordinates":[[[-3.054930394995534,38.12187517015266],[-3.0553348813591827,38.122378885682906],[-3.0549892024316905,38.122540546620826],[-3.0547826614287588,38.12263869536005],[-3.0546652653241306,38.12249058041664],[-3.054476965019969,38.12226922272259],[-3.0543417858685125,38.12213913976859],[-3.0544647333079418,38.1220869020685],[-3.0547695789535094,38.121938419997775],[-3.054930394995534,38.12187517015266]]]},"properties":{"dn_surface":3812.03275967102,"provincia":23,"municipio":48,"agregado":0,"zona":0,"poligono":19,"parcela":195,"recinto":1,"uso_sigpac":"OV","idPanel":"23:48:0:0:19:195:1"},"id":1112039461},{"type":"Feature","geometry":{"type":"Polygon","coordinates":[[[-3.0544812179978917,38.12276320350995],[-3.054423970434008,38.12279675543215],[-3.054210567166541,38.122873096134384],[-3.0540453011718567,38.12293977166354],[-3.0539545268314794,38.12284229515299],[-3.0529189392801483,38.12176095498049],[-3.0531755328208527,38.121620518699046],[-3.0535619209780944,38.12204430607227],[-3.053614502336204,38.12202652889275],[-3.0537831722219693,38.12193705039468],[-3.0538820694651947,38.12206669916611],[-3.0540760744929947,38.122291569716],[-3.0544812179978917,38.12276320350995]]]},"properties":{"dn_surface":6443.86950245575,"provincia":23,"municipio":48,"agregado":0,"zona":0,"poligono":19,"parcela":191,"recinto":1,"uso_sigpac":"OV","idPanel":"23:48:0:0:19:191:1"},"id":1112039465},{"type":"Feature","geometry":{"type":"Polygon","coordinates":[[[-3.0540191303540243,38.121817530315695],[-3.0541388876409163,38.12192220436691],[-3.0543417858685125,38.12213913976859],[-3.0540760744929947,38.122291569716],[-3.0538820694651947,38.12206669916611],[-3.0537831722219693,38.12193705039468],[-3.053885922626312,38.121879955381445],[-3.0540191303540243,38.121817530315695]]]},"properties":{"dn_surface":1274.71582518175,"provincia":23,"municipio":48,"agregado":0,"zona":0,"poligono":19,"parcela":193,"recinto":1,"uso_sigpac":"OV","idPanel":"23:48:0:0:19:193:1"},"id":1112039463},{"type":"Feature","geometry":{"type":"Polygon","coordinates":[[[-3.0536083340932922,38.12140438879831],[-3.053480137905784,38.121455185649125],[-3.053114608954018,38.121619012470944],[-3.0529125053308905,38.12138954696144],[-3.0526359628594495,38.121084587322],[-3.052572357621631,38.12100467257605],[-3.052917433890249,38.120800659555215],[-3.053040600935554,38.120738059307655],[-3.0536083340932922,38.12140438879831]]]},"properties":{"dn_surface":4311.24349333291,"provincia":23,"municipio":48,"agregado":0,"zona":0,"poligono":19,"parcela":183,"recinto":1,"uso_sigpac":"OV","idPanel":"23:48:0:0:19:183:1"},"id":1112039473},{"type":"Feature","geometry":{"type":"Polygon","coordinates":[[[-3.0567491180560955,38.12280273927317],[-3.056439006898642,38.12292707559405],[-3.0562566275712326,38.122700130522986],[-3.056109209164035,38.12253436496687],[-3.0558317153465278,38.12220192441805],[-3.056128815274913,38.12207281879398],[-3.0567491180560955,38.12280273927317]]]},"properties":{"dn_surface":2892.14152898847,"provincia":23,"municipio":48,"agregado":0,"zona":0,"poligono":19,"parcela":95,"recinto":1,"uso_sigpac":"OV","idPanel":"23:48:0:0:19:95:1"},"id":1112039568},{"type":"Feature","geometry":{"type":"Polygon","coordinates":[[[-3.0543417858685125,38.12213913976859],[-3.054476965019969,38.12226922272259],[-3.0546652653241306,38.12249058041664],[-3.0547826614287588,38.12263869536005],[-3.054675464424518,38.12270038952383],[-3.054571784467058,38.12273567482373],[-3.0544812179978917,38.12276320350995],[-3.0540760744929947,38.122291569716],[-3.0543417858685125,38.12213913976859]]]},"properties":{"dn_surface":1994.80033411574,"provincia":23,"municipio":48,"agregado":0,"zona":0,"poligono":19,"parcela":194,"recinto":1,"uso_sigpac":"OV","idPanel":"23:48:0:0:19:194:1"},"id":1112039462},{"type":"Feature","geometry":{"type":"Polygon","coordinates":[[[-3.0555889905036384,38.122716745132465],[-3.0554704896641067,38.122766728938615],[-3.055513789740282,38.12284412827532],[-3.0552934194344825,38.122910019258256],[-3.0549892024316905,38.122540546620826],[-3.0553348813591827,38.122378885682906],[-3.055535421757276,38.12263808934841],[-3.0555889905036384,38.122716745132465]]]},"properties":{"dn_surface":1651.06632805567,"provincia":23,"municipio":48,"agregado":0,"zona":0,"poligono":19,"parcela":565,"recinto":1,"uso_sigpac":"OV","idPanel":"23:48:0:0:19:565:1"},"id":1112039080},{"type":"Feature","geometry":{"type":"Polygon","coordinates":[[[-3.0562566275712326,38.122700130522986],[-3.0560767628149246,38.12276888811701],[-3.0559337273051574,38.122810591440526],[-3.055749416787142,38.12288611071625],[-3.0555944152716945,38.12294593403914],[-3.055513789740282,38.12284412827532],[-3.0554704896641067,38.122766728938615],[-3.0555889905036384,38.122716745132465],[-3.0558929543729394,38.12260836627982],[-3.056109209164035,38.12253436496687],[-3.0562566275712326,38.122700130522986]]]},"properties":{"dn_surface":1425.83623050046,"provincia":23,"municipio":48,"agregado":0,"zona":0,"poligono":19,"parcela":100,"recinto":1,"uso_sigpac":"OV","idPanel":"23:48:0:0:19:100:1"},"id":1112039563},{"type":"Feature","geometry":{"type":"Polygon","coordinates":[[[-3.055547992936402,38.12692883361453],[-3.055556886136197,38.12694332341138],[-3.055525286359357,38.12694982693043],[-3.0554220330407937,38.126954739564184],[-3.055374080169891,38.12697132232242],[-3.0553531371453784,38.126978564287214],[-3.0552679317418,38.12701014646203],[-3.0535722935838874,38.126932302884455],[-3.053611036419036,38.12671246818232],[-3.055469489702999,38.12679771884817],[-3.055499651983359,38.126850068865735],[-3.055547992936402,38.12692883361453]]]},"properties":{"dn_surface":4036.39066051518,"provincia":23,"municipio":48,"agregado":0,"zona":0,"poligono":19,"parcela":602,"recinto":1,"uso_sigpac":"OV","idPanel":"23:48:0:0:19:602:1"},"id":1112039719},{"type":"Feature","geometry":{"type":"Polygon","coordinates":[[[-3.0552679317418,38.12701014646203],[-3.055088070338253,38.127098280502764],[-3.05504285583528,38.127123593013636],[-3.055006868131868,38.127143739757315],[-3.054919399614298,38.12720046848136],[-3.0548402375632664,38.12722754119204],[-3.054747953642038,38.12725326860715],[-3.054639919285621,38.12727287387983],[-3.0545076855351136,38.12727824919469],[-3.0542481105512747,38.127270883177744],[-3.0537985639116796,38.127262067091465],[-3.0534823976670147,38.12725580497121],[-3.053516222839279,38.12717278472991],[-3.053573243253573,38.1269827736792],[-3.0535722935838874,38.126932302884455],[-3.0552679317418,38.12701014646203]]]},"properties":{"dn_surface":4362.60908340707,"provincia":23,"municipio":48,"agregado":0,"zona":0,"poligono":19,"parcela":33,"recinto":1,"uso_sigpac":"OV","idPanel":"23:48:0:0:19:33:1"},"id":1112039640},{"type":"Feature","geometry":{"type":"Polygon","coordinates":[[[-3.05587984926655,38.12699313287396],[-3.0557528860570717,38.127043399150295],[-3.0557471679223873,38.12709684552081],[-3.055742008860678,38.12711671063255],[-3.055765577935611,38.127161368577134],[-3.0558096977619646,38.12723394664283],[-3.0558586950180646,38.12725858860142],[-3.055917851141414,38.127313395354946],[-3.056009815712113,38.127463912551946],[-3.055767534271928,38.12756663278142],[-3.055412261417494,38.1277155062871],[-3.0553151713127,38.127756190371144],[-3.0551416726122307,38.12765920420193],[-3.055637715347869,38.12745033722075],[-3.0557206391972684,38.127416321779265],[-3.0554609837471536,38.12701168202679],[-3.0556717140255403,38.12700095235192],[-3.0558009898022416,38.12699609587693],[-3.05587984926655,38.12699313287396]]]},"properties":{"dn_surface":2111.1972398616,"provincia":23,"municipio":48,"agregado":0,"zona":0,"poligono":20,"parcela":262,"recinto":4,"uso_sigpac":"OV","idPanel":"23:48:0:0:20:262:4"},"id":1112039901},{"type":"Feature","geometry":{"type":"Polygon","coordinates":[[[-3.0554609837471536,38.12701168202679],[-3.0557206391972684,38.127416321779265],[-3.055637715347869,38.12745033722075],[-3.0551416726122307,38.12765920420193],[-3.0545391101301678,38.12734195501534],[-3.054620791781443,38.1273264174805],[-3.054714337179174,38.12730880123354],[-3.054766807896156,38.12729749404551],[-3.0548312672499573,38.127283604392915],[-3.0549926683488584,38.12722485982107],[-3.0551456070778134,38.12714180689031],[-3.0551964734984325,38.127114184326786],[-3.0554136117421753,38.127030118023896],[-3.0554263396629,38.12702519030276],[-3.0554388555214613,38.12702034472423],[-3.0554609837471536,38.12701168202679]]]},"properties":{"dn_surface":3630.2454559228,"provincia":23,"municipio":48,"agregado":0,"zona":0,"poligono":20,"parcela":263,"recinto":1,"uso_sigpac":"OV","idPanel":"23:48:0:0:20:263:1"},"id":1112039900},{"type":"Feature","geometry":{"type":"Polygon","coordinates":[[[-3.056121020942689,38.12670711717499],[-3.0560740521072773,38.12672303441005],[-3.0559196943220313,38.12677534503271],[-3.055737998119771,38.12655623955615],[-3.055553224082483,38.12633821702158],[-3.055435455821333,38.1261616228841],[-3.055674299004632,38.126070126861805],[-3.056121020942689,38.12670711717499]]]},"properties":{"dn_surface":1760.06535936668,"provincia":23,"municipio":48,"agregado":0,"zona":0,"poligono":19,"parcela":39,"recinto":1,"uso_sigpac":"OV","idPanel":"23:48:0:0:19:39:1"},"id":1112039630},{"type":"Feature","geometry":{"type":"Polygon","coordinates":[[[-3.05526608269385,38.12653319937934],[-3.0545026589074817,38.126517044936406],[-3.0545005416386153,38.12643331893881],[-3.054511441466149,38.12621205428391],[-3.0545159903252723,38.12619258479802],[-3.054809212785018,38.12619092266655],[-3.05504150970155,38.12619127051556],[-3.055120532612981,38.126282352471804],[-3.055180191650551,38.12641463148455],[-3.05526608269385,38.12653319937934]]]},"properties":{"dn_surface":2106.70249739064,"provincia":23,"municipio":48,"agregado":0,"zona":0,"poligono":19,"parcela":34,"recinto":1,"uso_sigpac":"OV","idPanel":"23:48:0:0:19:34:1"},"id":1112039639},{"type":"Feature","geometry":{"type":"Polygon","coordinates":[[[-3.055760859762034,38.12684542612928],[-3.0557300395022353,38.12685925124123],[-3.055646204539907,38.126887095087],[-3.055547992936402,38.12692883361453],[-3.055499651983359,38.126850068865735],[-3.055469489702999,38.12679771884817],[-3.0553855181156404,38.126652112608554],[-3.05526608269385,38.12653319937934],[-3.055180191650551,38.12641463148455],[-3.055120532612981,38.126282352471804],[-3.055315847732326,38.12619093356301],[-3.055337427781518,38.12619140797878],[-3.0553468951417146,38.12619335174222],[-3.05536350639841,38.126201374900404],[-3.0553727449326358,38.126210358624775],[-3.055381759670035,38.126226227244814],[-3.0553965989922944,38.12625431165125],[-3.0554174221555845,38.126293721685926],[-3.0554465861512172,38.12633292636397],[-3.055478005717129,38.126375576842605],[-3.0555134569787055,38.126439368158685],[-3.055541192697954,38.12648927736589],[-3.055573473085372,38.126547361443784],[-3.055605799573261,38.12660553185526],[-3.0556264986843757,38.12663755491823],[-3.055760859762034,38.12684542612928]]]},"properties":{"dn_surface":1804.98009608109,"provincia":23,"municipio":48,"agregado":0,"zona":0,"poligono":19,"parcela":35,"recinto":1,"uso_sigpac":"OV","idPanel":"23:48:0:0:19:35:1"},"id":1112039638},{"type":"Feature","geometry":{"type":"Polygon","coordinates":[[[-3.055469489702999,38.12679771884817],[-3.053611036419036,38.12671246818232],[-3.053649096967226,38.126496960218816],[-3.0545026589074817,38.126517044936406],[-3.05526608269385,38.12653319937934],[-3.0553855181156404,38.126652112608554],[-3.055469489702999,38.12679771884817]]]},"properties":{"dn_surface":4035.65642358128,"provincia":23,"municipio":48,"agregado":0,"zona":0,"poligono":19,"parcela":32,"recinto":1,"uso_sigpac":"OV","idPanel":"23:48:0:0:19:32:1"},"id":1112039641},{"type":"Feature","geometry":{"type":"Polygon","coordinates":[[[-3.054999131634779,38.12556683629407],[-3.0547226922607535,38.12569265285913],[-3.0546682098868914,38.125614447183295],[-3.05454667312185,38.12542902103388],[-3.054411908874625,38.12525153170907],[-3.0543358539952843,38.12516044723827],[-3.0542630823076116,38.12503619557464],[-3.054330359657428,38.12498614555142],[-3.0544789750004697,38.124922811887274],[-3.0546020406247405,38.12487536863611],[-3.0546502659075117,38.1249605656578],[-3.054778891248488,38.12516692561161],[-3.05484885332205,38.12528967691449],[-3.054945913251991,38.12548003665239],[-3.054999131634779,38.12556683629407]]]},"properties":{"dn_surface":2672.285223399477,"provincia":23,"municipio":48,"agregado":0,"zona":0,"poligono":19,"parcela":28,"recinto":1,"uso_sigpac":"OV","idPanel":"23:48:0:0:19:28:1"},"id":1156720344},{"type":"Feature","geometry":{"type":"Polygon","coordinates":[[[-3.055435455821333,38.1261616228841],[-3.0553228399163688,38.12600692646993],[-3.055230084093963,38.125862946319614],[-3.055141409420455,38.12568354424437],[-3.0550720424620534,38.12553657929817],[-3.055238796244639,38.125469991779056],[-3.055674299004632,38.126070126861805],[-3.055435455821333,38.1261616228841]]]},"properties":{"dn_surface":1623.50177351161,"provincia":23,"municipio":48,"agregado":0,"zona":0,"poligono":19,"parcela":40,"recinto":1,"uso_sigpac":"OV","idPanel":"23:48:0:0:19:40:1"},"id":1112039629},{"type":"Feature","geometry":{"type":"Polygon","coordinates":[[[-3.0550176363635138,38.12555841415724],[-3.055079224915309,38.12567888558232],[-3.0552150729426777,38.125926852467785],[-3.055364151804993,38.12616832421605],[-3.055120532612981,38.126282352471804],[-3.05504150970155,38.12619127051556],[-3.05488527017893,38.12598386869112],[-3.054783938830879,38.125814656496175],[-3.0547226922607535,38.12569265285913],[-3.054999131634779,38.12556683629407],[-3.0550176363635138,38.12555841415724]]]},"properties":{"dn_surface":2096.8226048710776,"provincia":23,"municipio":48,"agregado":0,"zona":0,"poligono":19,"parcela":29,"recinto":1,"uso_sigpac":"OV","idPanel":"23:48:0:0:19:29:1"},"id":1156720342},{"type":"Feature","geometry":{"type":"Polygon","coordinates":[[[-3.05504150970155,38.12619127051556],[-3.054809212785018,38.12619092266655],[-3.0545159903252723,38.12619258479802],[-3.054511441466149,38.12621205428391],[-3.0545005416386153,38.12643331893881],[-3.0545026589074817,38.126517044936406],[-3.053649096967226,38.126496960218816],[-3.053327416268135,38.12643419065682],[-3.0533183244172237,38.12632856693588],[-3.053323626809485,38.12578618400758],[-3.0547226922607535,38.12569265285913],[-3.054783938830879,38.125814656496175],[-3.05488527017893,38.12598386869112],[-3.05504150970155,38.12619127051556]]]},"properties":{"dn_surface":10365.8666647608,"provincia":23,"municipio":48,"agregado":0,"zona":0,"poligono":19,"parcela":30,"recinto":1,"uso_sigpac":"OV","idPanel":"23:48:0:0:19:30:1"},"id":1112039643},{"type":"Feature","geometry":{"type":"Polygon","coordinates":[[[-3.0547735813125123,38.12479839677653],[-3.0546745826482526,38.124842062303685],[-3.054538067421351,38.124612390599395],[-3.054457878587119,38.124485798708236],[-3.0543860289088505,38.12437209064126],[-3.05436817210127,38.12429485978083],[-3.0543610893926676,38.12428287617314],[-3.0544013409704767,38.12425239621862],[-3.054480258269921,38.12435853039747],[-3.0546848270109193,38.12466036274867],[-3.0547735813125123,38.12479839677653]]]},"properties":{"dn_surface":578.629166664602,"provincia":23,"municipio":48,"agregado":0,"zona":0,"poligono":19,"parcela":113,"recinto":1,"uso_sigpac":"OV","idPanel":"23:48:0:0:19:113:1"},"id":1112039548},{"type":"Feature","geometry":{"type":"Polygon","coordinates":[[[-3.0537564071271666,38.12444122206816],[-3.0536125409707453,38.12444615146569],[-3.0529749060891516,38.12448004369318],[-3.0528557967234127,38.124483879252324],[-3.0527018915609654,38.12449097537197],[-3.0527064353909457,38.12461940290001],[-3.0525088395556113,38.124636610948244],[-3.0523201302145497,38.12463542909984],[-3.052311447400537,38.124775308822876],[-3.0520994682185028,38.1247819774654],[-3.051509966418741,38.12480178138924],[-3.0515456146550544,38.12471497504205],[-3.0515667756090625,38.12463033709332],[-3.0516974117687288,38.12447301211421],[-3.0518654873775235,38.12434000555214],[-3.0518871520839417,38.12432161146458],[-3.0535731653018687,38.124274117083786],[-3.053631164722512,38.12432924989338],[-3.0537564071271666,38.12444122206816]]]},"properties":{"dn_surface":5974.55481003998,"provincia":23,"municipio":48,"agregado":0,"zona":0,"poligono":19,"parcela":117,"recinto":1,"uso_sigpac":"OV","idPanel":"23:48:0:0:19:117:1"},"id":1112039544},{"type":"Feature","geometry":{"type":"Polygon","coordinates":[[[-3.054271462534902,38.124313621834006],[-3.0543848738825243,38.12451666255393],[-3.0545322185289687,38.12476646759089],[-3.0546022375994766,38.1248752923608],[-3.0546020406247405,38.12487536863611],[-3.0544789750004697,38.124922811887274],[-3.054330359657428,38.12498614555142],[-3.0542630823076116,38.12503619557464],[-3.0541942174252394,38.12494745133134],[-3.0541125592432956,38.12483798366938],[-3.053976634102412,38.124631834101336],[-3.053899098140692,38.12454192142067],[-3.054271462534902,38.124313621834006]]]},"properties":{"dn_surface":2420.7209765044213,"provincia":23,"municipio":48,"agregado":0,"zona":0,"poligono":19,"parcela":114,"recinto":1,"uso_sigpac":"OV","idPanel":"23:48:0:0:19:114:1"},"id":1156720339},{"type":"Feature","geometry":{"type":"Polygon","coordinates":[[[-3.052311447400537,38.124775308822876],[-3.0523201302145497,38.12463542909984],[-3.0525088395556113,38.124636610948244],[-3.0527064353909457,38.12461940290001],[-3.0527018915609654,38.12449097537197],[-3.0528557967234127,38.124483879252324],[-3.0529749060891516,38.12448004369318],[-3.0536125409707453,38.12444615146569],[-3.0537564071271666,38.12444122206816],[-3.053828227468772,38.1245162660899],[-3.053899098140692,38.12454192142067],[-3.053976634102412,38.124631834101336],[-3.0541125592432956,38.12483798366938],[-3.0541942174252394,38.12494745133134],[-3.0542630823076116,38.12503619557464],[-3.052886035279097,38.12511024466443],[-3.0523151387909135,38.12514455514892],[-3.052311447400537,38.124775308822876]]]},"properties":{"dn_surface":9990.59115727582,"provincia":23,"municipio":48,"agregado":0,"zona":0,"poligono":19,"parcela":115,"recinto":1,"uso_sigpac":"OV","idPanel":"23:48:0:0:19:115:1"},"id":1112039546},{"type":"Feature","geometry":{"type":"Polygon","coordinates":[[[-3.056820129543998,38.12647625524036],[-3.0564618492625266,38.12659448450623],[-3.0550373925104677,38.124538535969776],[-3.0553652062484744,38.12442473989276],[-3.0556873060427483,38.12489009731726],[-3.0564909319536944,38.12599828556543],[-3.056595556551698,38.12614343163855],[-3.0567499964796,38.126377238135944],[-3.056820129543998,38.12647625524036]]]},"properties":{"dn_surface":8496.01320573485,"provincia":23,"municipio":48,"agregado":0,"zona":0,"poligono":19,"parcela":43,"recinto":1,"uso_sigpac":"OV","idPanel":"23:48:0:0:19:43:1"},"id":1112039626},{"type":"Feature","geometry":{"type":"Polygon","coordinates":[[[-3.0564618492625266,38.12659448450623],[-3.0563789220603654,38.126619219503965],[-3.0562581304465612,38.126660387223836],[-3.0561885396913313,38.12668410549668],[-3.056171774207608,38.12668981944037],[-3.056129528574915,38.12670421787453],[-3.056121020942689,38.12670711717499],[-3.055674299004632,38.126070126861805],[-3.055238796244639,38.125469991779056],[-3.0547735813125123,38.12479839677653],[-3.0546848270109193,38.12466036274867],[-3.0550373925104677,38.124538535969776],[-3.0564618492625266,38.12659448450623]]]},"properties":{"dn_surface":8660.21714823747,"provincia":23,"municipio":48,"agregado":0,"zona":0,"poligono":19,"parcela":42,"recinto":1,"uso_sigpac":"OV","idPanel":"23:48:0:0:19:42:1"},"id":1112039627},{"type":"Feature","geometry":{"type":"Polygon","coordinates":[[[-3.055328377001934,38.124009093862554],[-3.055549415345454,38.12436129810209],[-3.055502079382663,38.12437628075489],[-3.0553652062484744,38.12442473989276],[-3.0550373925104677,38.124538535969776],[-3.0546848270109193,38.12466036274867],[-3.054480258269921,38.12435853039747],[-3.054981545562687,38.12416669963551],[-3.0552439804520595,38.12404905794108],[-3.055328377001934,38.124009093862554]]]},"properties":{"dn_surface":3329.65312812937,"provincia":23,"municipio":48,"agregado":0,"zona":0,"poligono":19,"parcela":539,"recinto":1,"uso_sigpac":"OV","idPanel":"23:48:0:0:19:539:1"},"id":1112039107},{"type":"Feature","geometry":{"type":"Polygon","coordinates":[[[-3.055238796244639,38.125469991779056],[-3.0550720424620534,38.12553657929817],[-3.0549135884404834,38.12526753276319],[-3.0546745826482526,38.124842062303685],[-3.0547735813125123,38.12479839677653],[-3.055238796244639,38.125469991779056]]]},"properties":{"dn_surface":1129.0301880085,"provincia":23,"municipio":48,"agregado":0,"zona":0,"poligono":19,"parcela":41,"recinto":1,"uso_sigpac":"OV","idPanel":"23:48:0:0:19:41:1"},"id":1112039628},{"type":"Feature","geometry":{"type":"Polygon","coordinates":[[[-3.053825893946791,38.12367079687766],[-3.0538074093346244,38.12368233624446],[-3.0533061161745256,38.12401989646003],[-3.0530241304948404,38.123778666948766],[-3.053008732099607,38.12372856328139],[-3.053005562063638,38.12369256132871],[-3.053005529374214,38.12364662598202],[-3.0530196419854243,38.123603167487886],[-3.053033763816729,38.123572123431245],[-3.0530573203188074,38.123547282821505],[-3.0531515714728275,38.12348640673153],[-3.0532050354453935,38.12343088164886],[-3.053288644934513,38.123383071270354],[-3.053434827849109,38.12327404533468],[-3.0535078107607547,38.12322750900552],[-3.053573175360154,38.12321531333569],[-3.053654972681699,38.123208969072806],[-3.0537780642898715,38.12351571992505],[-3.053825893946791,38.12367079687766]]]},"properties":{"dn_surface":3869.93236484969,"provincia":23,"municipio":48,"agregado":0,"zona":0,"poligono":19,"parcela":110,"recinto":1,"uso_sigpac":"OV","idPanel":"23:48:0:0:19:110:1"},"id":1112039553},{"type":"Feature","geometry":{"type":"Polygon","coordinates":[[[-3.0537157867455944,38.123213629411254],[-3.053893331390967,38.123241310648126],[-3.054172768971936,38.123281926000544],[-3.054331007578582,38.123276088004644],[-3.054529531290652,38.123285374315714],[-3.0546583628264585,38.12331587019585],[-3.0547351511223706,38.1233232261545],[-3.0547737154229715,38.1233264540256],[-3.0551184027712583,38.123800184971856],[-3.0543062055256183,38.124124277982844],[-3.0542867905221454,38.12409824043726],[-3.054183880861633,38.12394777436987],[-3.054129285332071,38.12386785627112],[-3.054006166901807,38.123697301295266],[-3.0539300080868608,38.12361775283844],[-3.053923047754052,38.123615682508245],[-3.0538863450742566,38.12351043094384],[-3.0538332113486946,38.123400499762624],[-3.053766958267507,38.12329255760716],[-3.0537157867455944,38.123213629411254]]]},"properties":{"dn_surface":6866.86700387989,"provincia":23,"municipio":48,"agregado":0,"zona":0,"poligono":19,"parcela":108,"recinto":1,"uso_sigpac":"OV","idPanel":"23:48:0:0:19:108:1"},"id":1112039555},{"type":"Feature","geometry":{"type":"Polygon","coordinates":[[[-3.0547737154229715,38.1233264540256],[-3.054930713507873,38.12333936215725],[-3.0551886875481116,38.12335925576744],[-3.0553030033031403,38.1235045778605],[-3.0554176643926003,38.123653235113096],[-3.05558257918552,38.1238699148667],[-3.0554044486450818,38.12397309945365],[-3.055328377001934,38.124009093862554],[-3.0552439804520595,38.12404905794108],[-3.054981545562687,38.12416669963551],[-3.054480258269921,38.12435853039747],[-3.0544013409704767,38.12425239621862],[-3.0543062055256183,38.124124277982844],[-3.0551184027712583,38.123800184971856],[-3.0547737154229715,38.1233264540256]]]},"properties":{"dn_surface":4814.59996395362,"provincia":23,"municipio":48,"agregado":0,"zona":0,"poligono":19,"parcela":107,"recinto":1,"uso_sigpac":"OV","idPanel":"23:48:0:0:19:107:1"},"id":1112039556},{"type":"Feature","geometry":{"type":"Polygon","coordinates":[[[-3.053923047754052,38.123615682508245],[-3.0539300080868608,38.12361775283844],[-3.054006166901807,38.123697301295266],[-3.054129285332071,38.12386785627112],[-3.054183880861633,38.12394777436987],[-3.0542867905221454,38.12409824043726],[-3.0543062055256183,38.124124277982844],[-3.0544013409704767,38.12425239621862],[-3.0543610893926676,38.12428287617314],[-3.0543240757442454,38.124219534127064],[-3.054263451111373,38.12416323120374],[-3.0541971184021004,38.12410350678732],[-3.0540612334943553,38.123948368646836],[-3.0539984245373857,38.123870346534716],[-3.0539881231777737,38.123826550249845],[-3.0539565586049293,38.12372625322871],[-3.0539289930383258,38.123632804222865],[-3.053923047754052,38.123615682508245]]]},"properties":{"dn_surface":552.100106190333,"provincia":23,"municipio":48,"agregado":0,"zona":0,"poligono":19,"parcela":112,"recinto":1,"uso_sigpac":"OV","idPanel":"23:48:0:0:19:112:1"},"id":1112039549},{"type":"Feature","geometry":{"type":"Polygon","coordinates":[[[-3.0538631733015573,38.12364752368393],[-3.053907303186196,38.12376872433461],[-3.053940575152819,38.123863432302414],[-3.0539873000748337,38.1239457878587],[-3.0540644881875507,38.12402866979858],[-3.0541446409795956,38.124109388369135],[-3.054248659565965,38.12421686281439],[-3.0542968672467388,38.12429804574239],[-3.054271462534902,38.124313621834006],[-3.053899098140692,38.12454192142067],[-3.053828227468772,38.1245162660899],[-3.0537564071271666,38.12444122206816],[-3.053631164722512,38.12432924989338],[-3.0535731653018687,38.124274117083786],[-3.0533061161745256,38.12401989646003],[-3.0538074093346244,38.12368233624446],[-3.053825893946791,38.12367079687766],[-3.0538631733015573,38.12364752368393]]]},"properties":{"dn_surface":4150.563793789852,"provincia":23,"municipio":48,"agregado":0,"zona":0,"poligono":19,"parcela":111,"recinto":1,"uso_sigpac":"OV","idPanel":"23:48:0:0:19:111:1"},"id":1156720347},{"type":"Feature","geometry":{"type":"Polygon","coordinates":[[[-3.0533061161745256,38.12401989646003],[-3.0535731653018687,38.124274117083786],[-3.0518871520839417,38.12432161146458],[-3.0519297958570593,38.12428545277032],[-3.051977600368267,38.1242505186722],[-3.052195602786279,38.12409120885826],[-3.052368960670767,38.1240074979481],[-3.0525440150525576,38.123903237962935],[-3.052700348452499,38.123787269296486],[-3.052882913019979,38.12365786024753],[-3.0530241304948404,38.123778666948766],[-3.0533061161745256,38.12401989646003]]]},"properties":{"dn_surface":5273.23681391514,"provincia":23,"municipio":48,"agregado":0,"zona":0,"poligono":19,"parcela":118,"recinto":1,"uso_sigpac":"OV","idPanel":"23:48:0:0:19:118:1"},"id":1112039543},{"type":"Feature","geometry":{"type":"Polygon","coordinates":[[[-3.0531566509064523,38.123394844492225],[-3.053101124985583,38.123443806544344],[-3.0529086136130164,38.123543479113636],[-3.052861438582774,38.12362335111192],[-3.052510597240811,38.12329345782359],[-3.052686190579008,38.123149000742984],[-3.052823028509201,38.1230545802745],[-3.0529012375377853,38.123132325783814],[-3.053020217822207,38.12326566175466],[-3.0531566509064523,38.123394844492225]]]},"properties":{"dn_surface":1729.59602362725,"provincia":23,"municipio":48,"agregado":0,"zona":0,"poligono":19,"parcela":186,"recinto":1,"uso_sigpac":"OV","idPanel":"23:48:0:0:19:186:1"},"id":1112039470},{"type":"Feature","geometry":{"type":"Polygon","coordinates":[[[-3.052861438582774,38.12362335111192],[-3.0528102494588647,38.123674564543336],[-3.0526906179005273,38.12374139932865],[-3.052422064221475,38.12392077458176],[-3.052184607405043,38.12403272161083],[-3.0519656553173453,38.124175753767844],[-3.051895112377859,38.12423272053795],[-3.051777057455603,38.124328056310304],[-3.0515464805057038,38.124331216288],[-3.051530420778269,38.12405156077753],[-3.0515156242037187,38.1237823600155],[-3.0515063286725477,38.12354740435913],[-3.051504861839405,38.123251881066835],[-3.0515126980811473,38.12304224378866],[-3.0515393625931058,38.122996628630716],[-3.051593405755216,38.12294766741681],[-3.051611606220847,38.122872224416426],[-3.0516185883466056,38.12274505249755],[-3.0516318208579314,38.12258363128208],[-3.0516814266402377,38.12255188566013],[-3.0522372801259032,38.12303896646432],[-3.052438094612245,38.1232180525418],[-3.052510597240811,38.12329345782359],[-3.052861438582774,38.12362335111192]]]},"properties":{"dn_surface":12975.3416405969,"provincia":23,"municipio":48,"agregado":0,"zona":0,"poligono":19,"parcela":164,"recinto":1,"uso_sigpac":"OV","idPanel":"23:48:0:0:19:164:1"},"id":1112039493},{"type":"Feature","geometry":{"type":"Polygon","coordinates":[[[-3.06194975233151,38.126364275521894],[-3.0617889857427176,38.12648954139587],[-3.0603818107996474,38.12480983723685],[-3.060603410730714,38.12471257195028],[-3.06194975233151,38.126364275521894]]]},"properties":{"dn_surface":4586.65471243046,"provincia":23,"municipio":48,"agregado":0,"zona":0,"poligono":19,"parcela":73,"recinto":1,"uso_sigpac":"OV","idPanel":"23:48:0:0:19:73:1"},"id":1112039594},{"type":"Feature","geometry":{"type":"Polygon","coordinates":[[[-3.0603818107996474,38.12480983723685],[-3.0617889857427176,38.12648954139587],[-3.0615655920842637,38.12662844797987],[-3.0614639732369167,38.126675725269365],[-3.061452566304211,38.126678524825195],[-3.0599868680715185,38.1250013679267],[-3.060149840777357,38.12492197788785],[-3.0603818107996474,38.12480983723685]]]},"properties":{"dn_surface":8650.42703654694,"provincia":23,"municipio":48,"agregado":0,"zona":0,"poligono":19,"parcela":72,"recinto":1,"uso_sigpac":"OV","idPanel":"23:48:0:0:19:72:1"},"id":1112039595},{"type":"Feature","geometry":{"type":"Polygon","coordinates":[[[-3.061452566304211,38.126678524825195],[-3.061365872274539,38.126700198751706],[-3.061311762895391,38.12666705921916],[-3.06125413227851,38.126653208123315],[-3.061140135874011,38.12663496993915],[-3.060855177133094,38.12656147824595],[-3.0607503237091196,38.12642607026851],[-3.0605540212015225,38.12621986789449],[-3.0603961815734917,38.12602833720467],[-3.0605423636498967,38.12592534121052],[-3.060410001656264,38.125773994205076],[-3.0601563501637488,38.12547679201745],[-3.0599120713159182,38.125196888402655],[-3.0598474275602356,38.125116257003924],[-3.059840660011212,38.12507254872904],[-3.0599438722584464,38.125022298378354],[-3.0599868680715185,38.1250013679267],[-3.061452566304211,38.126678524825195]]]},"properties":{"dn_surface":5393.94581135112,"provincia":23,"municipio":48,"agregado":0,"zona":0,"poligono":19,"parcela":71,"recinto":1,"uso_sigpac":"OV","idPanel":"23:48:0:0:19:71:1"},"id":1112039596},{"type":"Feature","geometry":{"type":"Polygon","coordinates":[[[-3.0603235724947493,38.12651974139479],[-3.0599429770711346,38.126140045349445],[-3.0599161331864373,38.12610184482347],[-3.0598391420484563,38.12599192789148],[-3.059770781756686,38.12583306902397],[-3.059686790052759,38.12567358570462],[-3.059631009322018,38.12554950922279],[-3.059818034738632,38.12544324931537],[-3.0599006015189345,38.125535948979035],[-3.0599873776912614,38.125613415370935],[-3.060100297859328,38.12571105700499],[-3.0601899448336622,38.125810693532145],[-3.0603961815734917,38.12602833720467],[-3.0605540212015225,38.12621986789449],[-3.0607503237091196,38.12642607026851],[-3.060855177133094,38.12656147824595],[-3.0607384683445673,38.126573612727896],[-3.0606492387890363,38.126565184723745],[-3.0605206285354867,38.12653568712835],[-3.0603235724947493,38.12651974139479]]]},"properties":{"dn_surface":4770.24995528817,"provincia":23,"municipio":48,"agregado":0,"zona":0,"poligono":19,"parcela":68,"recinto":1,"uso_sigpac":"OV","idPanel":"23:48:0:0:19:68:1"},"id":1112039598},{"type":"Feature","geometry":{"type":"Polygon","coordinates":[[[-3.0620666840786748,38.12687568312512],[-3.0621032149294445,38.12689945755673],[-3.062166502493113,38.126990543703926],[-3.0622275638231673,38.12706538069264],[-3.0623207278442814,38.12717956149905],[-3.0623219842916414,38.12718110125476],[-3.062294038186612,38.12719409823458],[-3.0622774177098226,38.12720724357408],[-3.0621866349875404,38.12726994272816],[-3.0621316446703157,38.127303321983106],[-3.0621144206964623,38.12728615584439],[-3.0619260809973525,38.127098455684546],[-3.0618416903148105,38.12701251770258],[-3.0620666840786748,38.12687568312512]]]},"properties":{"dn_surface":960.7895020100058,"provincia":23,"municipio":95,"agregado":0,"zona":0,"poligono":10,"parcela":629,"recinto":1,"uso_sigpac":"OV","idPanel":"23:95:0:0:10:629:1"},"id":1326418943},{"type":"Feature","geometry":{"type":"Polygon","coordinates":[[[-3.0618416903148105,38.12701251770258],[-3.0619260809973525,38.127098455684546],[-3.0621144206964623,38.12728615584439],[-3.0621316446703157,38.127303321983106],[-3.0617996416568536,38.127539006865135],[-3.0617465146368157,38.12748257402228],[-3.061746311794746,38.12748235860735],[-3.061497181501071,38.1272177276592],[-3.0618034881124485,38.12703579005813],[-3.0618416903148105,38.12701251770258]]]},"properties":{"dn_surface":1639.004474357183,"provincia":23,"municipio":95,"agregado":0,"zona":0,"poligono":10,"parcela":366,"recinto":1,"uso_sigpac":"OV","idPanel":"23:95:0:0:10:366:1"},"id":1326416152},{"type":"Feature","geometry":{"type":"Polygon","coordinates":[[[-3.061497181501071,38.1272177276592],[-3.061746311794746,38.12748235860735],[-3.0617465146368157,38.12748257402228],[-3.0617996416568536,38.127539006865135],[-3.0616638020113887,38.12762871167459],[-3.06149021278636,38.127784479296025],[-3.061409564623807,38.127858845221766],[-3.0613943682324503,38.12782108977487],[-3.0613907740721564,38.12781215969474],[-3.061389564563457,38.12780915394407],[-3.0612379082657633,38.12743235803737],[-3.0610454061132915,38.12754141666244],[-3.061012140852191,38.127467349132445],[-3.061069275260375,38.12743424480388],[-3.0612220999954403,38.12735819243912],[-3.061449854758373,38.12724487999796],[-3.0614596624238586,38.127240008435535],[-3.061497181501071,38.1272177276592]]]},"properties":{"dn_surface":2034.1094179050674,"provincia":23,"municipio":95,"agregado":0,"zona":0,"poligono":10,"parcela":628,"recinto":1,"uso_sigpac":"OV","idPanel":"23:95:0:0:10:628:1"},"id":1326418928},{"type":"Feature","geometry":{"type":"Polygon","coordinates":[[[-3.059228063552264,38.126561101060275],[-3.0590848947702285,38.12658613445379],[-3.058912530141326,38.12662722422198],[-3.058641750228658,38.12630785609008],[-3.05804928877871,38.12564201358808],[-3.057786630092509,38.12533994402901],[-3.0579263606176585,38.12529715776353],[-3.05797248455718,38.12533526022122],[-3.0582515441142943,38.1256015415662],[-3.0585266172380217,38.12587359217545],[-3.0590615587122176,38.126373628050004],[-3.059228063552264,38.126561101060275]],[[-3.058362948834178,38.12573777348476],[-3.058320885926985,38.125698899891916],[-3.058271675770532,38.12573307626596],[-3.0583113355859415,38.12577100186547],[-3.058362948834178,38.12573777348476]]]},"properties":{"dn_surface":3547.46720739208,"provincia":23,"municipio":48,"agregado":0,"zona":0,"poligono":19,"parcela":60,"recinto":1,"uso_sigpac":"OV","idPanel":"23:48:0:0:19:60:1"},"id":1112039607},{"type":"Feature","geometry":{"type":"Polygon","coordinates":[[[-3.058912530141326,38.12662722422198],[-3.0587853414586386,38.126660812186344],[-3.0586935026164945,38.12667058967699],[-3.058559299956816,38.1264979719146],[-3.0583362516327948,38.12622652731696],[-3.0581441962357876,38.12604285047084],[-3.0580160905728397,38.12592962184874],[-3.057961397813194,38.12587773535046],[-3.057887768656776,38.125830183134525],[-3.0575608920155997,38.12540611161475],[-3.057786630092509,38.12533994402901],[-3.05804928877871,38.12564201358808],[-3.058641750228658,38.12630785609008],[-3.058912530141326,38.12662722422198]]]},"properties":{"dn_surface":3394.00626807174,"provincia":23,"municipio":48,"agregado":0,"zona":0,"poligono":19,"parcela":48,"recinto":1,"uso_sigpac":"OV","idPanel":"23:48:0:0:19:48:1"},"id":1112039621},{"type":"Feature","geometry":{"type":"Polygon","coordinates":[[[-3.0573133702092394,38.125482654320905],[-3.0573629852116397,38.125462262825664],[-3.0575608920155997,38.12540611161475],[-3.057887768656776,38.125830183134525],[-3.057961397813194,38.12587773535046],[-3.0580160905728397,38.12592962184874],[-3.0581441962357876,38.12604285047084],[-3.0583362516327948,38.12622652731696],[-3.058559299956816,38.1264979719146],[-3.0586935026164945,38.12667058967699],[-3.058641027708562,38.12668215083673],[-3.058459984456598,38.126714142048456],[-3.058412177430819,38.1267131731004],[-3.058301958750305,38.12670989074692],[-3.0581760533370708,38.126497162222705],[-3.0580010785833647,38.1262723796828],[-3.0577424348290214,38.12600022932887],[-3.057614431425299,38.125869876477566],[-3.0574295199247907,38.125628965478626],[-3.0573133702092394,38.125482654320905]]]},"properties":{"dn_surface":4302.55520238472,"provincia":23,"municipio":48,"agregado":0,"zona":0,"poligono":19,"parcela":47,"recinto":1,"uso_sigpac":"OV","idPanel":"23:48:0:0:19:47:1"},"id":1112039622},{"type":"Feature","geometry":{"type":"Polygon","coordinates":[[[-3.058301958750305,38.12670989074692],[-3.058201338187685,38.126725079594564],[-3.0580670651200155,38.126746502902165],[-3.0580224298065857,38.12667821469478],[-3.0578887434721733,38.1264736861869],[-3.057828783524262,38.12639549476029],[-3.057612115505315,38.12611294833127],[-3.0571634816550297,38.12552075677863],[-3.0573133702092394,38.125482654320905],[-3.0574295199247907,38.125628965478626],[-3.057614431425299,38.125869876477566],[-3.0577424348290214,38.12600022932887],[-3.0580010785833647,38.1262723796828],[-3.0581760533370708,38.126497162222705],[-3.058301958750305,38.12670989074692]]]},"properties":{"dn_surface":2733.84018034693,"provincia":23,"municipio":48,"agregado":0,"zona":0,"poligono":19,"parcela":46,"recinto":1,"uso_sigpac":"OV","idPanel":"23:48:0:0:19:46:1"},"id":1112039623},{"type":"Feature","geometry":{"type":"Polygon","coordinates":[[[-3.057612115505315,38.12611294833127],[-3.0569335358624774,38.12632217489613],[-3.0567499964796,38.126377238135944],[-3.056595556551698,38.12614343163855],[-3.0564909319536944,38.12599828556543],[-3.0567341169630953,38.12591724093883],[-3.056686416387493,38.12576089328965],[-3.056650976022391,38.125670152476886],[-3.0567615148916256,38.12564666889739],[-3.0571634816550297,38.12552075677863],[-3.057612115505315,38.12611294833127]]]},"properties":{"dn_surface":5243.71024418783,"provincia":23,"municipio":48,"agregado":0,"zona":0,"poligono":19,"parcela":45,"recinto":1,"uso_sigpac":"OV","idPanel":"23:48:0:0:19:45:1"},"id":1112039624},{"type":"Feature","geometry":{"type":"Polygon","coordinates":[[[-3.063402185363453,38.125330596530034],[-3.0628326953587055,38.12474912459399],[-3.06265934417974,38.124567248180796],[-3.062429101667797,38.12469390293623],[-3.063145879322045,38.12553080919568],[-3.0631227963975247,38.125546047496556],[-3.062880507413626,38.12570599936433],[-3.0627109859264476,38.125830070817045],[-3.0622570211854288,38.125452041932334],[-3.062147894666964,38.12539090181235],[-3.061951787457722,38.12528104690648],[-3.0618142295220028,38.12519279216636],[-3.061603269579457,38.12505752835767],[-3.0615497268169953,38.12501871092357],[-3.0614875062696636,38.12497369255715],[-3.061510583326851,38.124965854639015],[-3.0615893212535568,38.12492521497907],[-3.0616202982549545,38.124909226497834],[-3.0618970326719896,38.12476639047736],[-3.0618883163303616,38.12475039529056],[-3.0620175141553587,38.124676498751455],[-3.0619500364780445,38.124613558198575],[-3.062264797915655,38.124444924355004],[-3.0621133712821225,38.124299905686854],[-3.0620014250912617,38.124344449637505],[-3.0618246255971266,38.124189475782345],[-3.061878150757589,38.124178171108866],[-3.061914018599779,38.12416590167828],[-3.0619633058697464,38.12414440460992],[-3.062033983757882,38.124119547236376],[-3.0620889514439673,38.124094697406576],[-3.0621501963377113,38.12406239774077],[-3.062209884711944,38.12404623407775],[-3.0623009901375164,38.124025089049354],[-3.0623716797603175,38.124013883282345],[-3.0624486574872525,38.12400639740417],[-3.0624989354982337,38.12401009550007],[-3.0625382281862628,38.12402745023158],[-3.062649171063254,38.12412561908741],[-3.062799187022399,38.1242588025076],[-3.0629690236691545,38.12441657675677],[-3.062991668220113,38.1244370663203],[-3.0630143127710707,38.12445755672201],[-3.063046689550381,38.124489189188296],[-3.0630714899269633,38.12451341959542],[-3.063079065491501,38.124520821654556],[-3.0631105596563546,38.12455386395703],[-3.0631395719395322,38.12457896356756],[-3.0631675264264655,38.12460739498479],[-3.063195480913399,38.124635826402056],[-3.063218411287272,38.12465399417826],[-3.063241340822955,38.12467216279268],[-3.0632745633363463,38.12470695691297],[-3.0633065922666542,38.12473272707581],[-3.0633386211969627,38.12475849640049],[-3.063362815561909,38.1247820218895],[-3.0633801468241306,38.12479887370685],[-3.063412174916248,38.12482292474124],[-3.0634329368916413,38.12484225341112],[-3.063453698867034,38.12486158291915],[-3.0634765353635873,38.12488069533589],[-3.063499371021948,38.12489980859084],[-3.0635290270353273,38.12492289319175],[-3.0635548307257783,38.12494619488396],[-3.06358063441623,38.124969497414355],[-3.0636025857837543,38.12499301535968],[-3.063618614498145,38.12502137217797],[-3.06359494986951,38.12507123779929],[-3.063581421476985,38.125092461617584],[-3.0635653550440285,38.12511766851648],[-3.0635357602185467,38.1251640992337],[-3.0634700234626244,38.12522688053036],[-3.0634042875448935,38.12528966098887],[-3.0634041651690995,38.12529203558219],[-3.063402185363453,38.125330596530034]]]},"properties":{"dn_surface":16392.5540461397,"provincia":23,"municipio":95,"agregado":0,"zona":0,"poligono":20,"parcela":89,"recinto":1,"uso_sigpac":"OV","idPanel":"23:95:0:0:20:89:1"},"id":1112549846},{"type":"Feature","geometry":{"type":"Polygon","coordinates":[[[-3.060916578768436,38.124559022180534],[-3.061169812003959,38.124766907640804],[-3.061372089132493,38.124890099831816],[-3.061395606239623,38.12490712180181],[-3.061428599927044,38.124931078958866],[-3.061446408957774,38.12494395775386],[-3.0615497268169953,38.12501871092357],[-3.061603269579457,38.12505752835767],[-3.0618142295220028,38.12519279216636],[-3.061951787457722,38.12528104690648],[-3.062147894666964,38.12539090181235],[-3.0622570211854288,38.125452041932334],[-3.0627109859264476,38.125830070817045],[-3.0621975306241227,38.12619029653834],[-3.0608441582825274,38.12459132268452],[-3.060916578768436,38.124559022180534]]]},"properties":{"dn_surface":7221.42215016209,"provincia":23,"municipio":48,"agregado":0,"zona":0,"poligono":19,"parcela":75,"recinto":1,"uso_sigpac":"OV","idPanel":"23:48:0:0:19:75:1"},"id":1112039592},{"type":"Feature","geometry":{"type":"Polygon","coordinates":[[[-3.063402185363453,38.125330596530034],[-3.063323972982108,38.12539417578395],[-3.063145879322045,38.12553080919568],[-3.062429101667797,38.12469390293623],[-3.06265934417974,38.124567248180796],[-3.0628326953587055,38.12474912459399],[-3.063402185363453,38.125330596530034]]]},"properties":{"dn_surface":3042.50789676581,"provincia":23,"municipio":95,"agregado":0,"zona":0,"poligono":20,"parcela":88,"recinto":1,"uso_sigpac":"OV","idPanel":"23:95:0:0:20:88:1"},"id":1112549847},{"type":"Feature","geometry":{"type":"Polygon","coordinates":[[[-3.0621975306241227,38.12619029653834],[-3.06194975233151,38.126364275521894],[-3.060603410730714,38.12471257195028],[-3.0608441582825274,38.12459132268452],[-3.0621975306241227,38.12619029653834]]]},"properties":{"dn_surface":5798.64399725172,"provincia":23,"municipio":48,"agregado":0,"zona":0,"poligono":19,"parcela":74,"recinto":1,"uso_sigpac":"OV","idPanel":"23:48:0:0:19:74:1"},"id":1112039593},{"type":"Feature","geometry":{"type":"Polygon","coordinates":[[[-3.059840660011212,38.12507254872904],[-3.0598474275602356,38.125116257003924],[-3.0599120713159182,38.125196888402655],[-3.0601563501637488,38.12547679201745],[-3.060410001656264,38.125773994205076],[-3.0605423636498967,38.12592534121052],[-3.0603961815734917,38.12602833720467],[-3.0601899448336622,38.125810693532145],[-3.060100297859328,38.12571105700499],[-3.0599873776912614,38.125613415370935],[-3.0599006015189345,38.125535948979035],[-3.059818034738632,38.12544324931537],[-3.059670132695593,38.1252602748728],[-3.0596346160551673,38.1252204566394],[-3.0596123394697807,38.125185227498264],[-3.059840660011212,38.12507254872904]]]},"properties":{"dn_surface":2307.06044562183,"provincia":23,"municipio":48,"agregado":0,"zona":0,"poligono":19,"parcela":69,"recinto":1,"uso_sigpac":"OV","idPanel":"23:48:0:0:19:69:1"},"id":1112039597},{"type":"Feature","geometry":{"type":"Polygon","coordinates":[[[-3.0599161331864373,38.12610184482347],[-3.0595564455833397,38.1261656487124],[-3.0595043294208835,38.126113827592974],[-3.058819365282021,38.12543273589361],[-3.0581580003929436,38.124769899980436],[-3.058014454425243,38.1246061184209],[-3.0579478903754285,38.1245470268382],[-3.0580816596906875,38.12447116725721],[-3.058112906589383,38.124453488145974],[-3.0582076028224887,38.124453443721876],[-3.0582319271069416,38.124481371386736],[-3.0583269208976276,38.124566766221335],[-3.058952955224541,38.12513714722243],[-3.0594654231386142,38.12564395148419],[-3.0598391420484563,38.12599192789148],[-3.0599161331864373,38.12610184482347]]]},"properties":{"dn_surface":6705.77685687853,"provincia":23,"municipio":48,"agregado":0,"zona":0,"poligono":19,"parcela":63,"recinto":2,"uso_sigpac":"OV","idPanel":"23:48:0:0:19:63:2"},"id":1112039603},{"type":"Feature","geometry":{"type":"Polygon","coordinates":[[[-3.058819365282021,38.12543273589361],[-3.0595043294208835,38.126113827592974],[-3.0595564455833397,38.1261656487124],[-3.0595935925040294,38.126246113311254],[-3.0593987601823365,38.126296497772444],[-3.0593460832705253,38.12630819304263],[-3.059282405110145,38.12632232996137],[-3.0591217927483796,38.12614597470812],[-3.0587240948885137,38.12570928842331],[-3.058552692502152,38.12552839604564],[-3.058656460469601,38.12545795871813],[-3.0587082924855227,38.12549957235527],[-3.058819365282021,38.12543273589361]]]},"properties":{"dn_surface":3030.48877817442,"provincia":23,"municipio":48,"agregado":0,"zona":0,"poligono":19,"parcela":62,"recinto":1,"uso_sigpac":"OV","idPanel":"23:48:0:0:19:62:1"},"id":1112039604},{"type":"Feature","geometry":{"type":"Polygon","coordinates":[[[-3.0590615587122176,38.126373628050004],[-3.0585266172380217,38.12587359217545],[-3.0582515441142943,38.1256015415662],[-3.0583461934087386,38.125540932020755],[-3.058482812571246,38.12546092507387],[-3.058552692502152,38.12552839604564],[-3.0587240948885137,38.12570928842331],[-3.0591217927483796,38.12614597470812],[-3.059282405110145,38.12632232996137],[-3.0590615587122176,38.126373628050004]],[[-3.05853764195592,38.12569639705549],[-3.0584954818186447,38.12565776989061],[-3.0584452180569,38.12568248477177],[-3.0584805854994412,38.12572326189493],[-3.05853764195592,38.12569639705549]],[[-3.0588830526624946,38.12596890699305],[-3.058809599526054,38.12588735442313],[-3.05875118771575,38.125918514150015],[-3.058827353236219,38.12599362438877],[-3.0588830526624946,38.12596890699305]]]},"properties":{"dn_surface":2544.78294017564,"provincia":23,"municipio":48,"agregado":0,"zona":0,"poligono":19,"parcela":59,"recinto":1,"uso_sigpac":"OV","idPanel":"23:48:0:0:19:59:1"},"id":1112039610},{"type":"Feature","geometry":{"type":"Polygon","coordinates":[[[-3.059631009322018,38.12554950922279],[-3.059686790052759,38.12567358570462],[-3.059770781756686,38.12583306902397],[-3.0598391420484563,38.12599192789148],[-3.0594654231386142,38.12564395148419],[-3.058952955224541,38.12513714722243],[-3.0591122549801915,38.12502909945499],[-3.059443844765803,38.125348798672036],[-3.059631009322018,38.12554950922279]]]},"properties":{"dn_surface":1809.78976704306,"provincia":23,"municipio":48,"agregado":0,"zona":0,"poligono":19,"parcela":67,"recinto":1,"uso_sigpac":"OV","idPanel":"23:48:0:0:19:67:1"},"id":1112039599},{"type":"Feature","geometry":{"type":"Polygon","coordinates":[[[-3.0596123394697807,38.125185227498264],[-3.0596346160551673,38.1252204566394],[-3.059670132695593,38.1252602748728],[-3.059818034738632,38.12544324931537],[-3.059631009322018,38.12554950922279],[-3.059443844765803,38.125348798672036],[-3.0591122549801915,38.12502909945499],[-3.0588507529966975,38.124748842123836],[-3.0587572394502005,38.12466110370897],[-3.058814144194224,38.12462709916397],[-3.0589265891083524,38.124565849241066],[-3.058990794490474,38.1245318413433],[-3.0590338498150618,38.124583643184394],[-3.0592608686468514,38.12483048018919],[-3.0596123394697807,38.125185227498264]]]},"properties":{"dn_surface":2871.0618152801,"provincia":23,"municipio":48,"agregado":0,"zona":0,"poligono":19,"parcela":66,"recinto":1,"uso_sigpac":"OV","idPanel":"23:48:0:0:19:66:1"},"id":1112039600},{"type":"Feature","geometry":{"type":"Polygon","coordinates":[[[-3.057572275478975,38.12394633100607],[-3.057684294592398,38.12406623665265],[-3.05779642686152,38.12418388924354],[-3.057949319490005,38.12434409508299],[-3.0580177233676746,38.12441577041764],[-3.057893543788406,38.12449874455848],[-3.0574525542342696,38.12475527020578],[-3.0574223014293493,38.12473212190238],[-3.0573446565028815,38.12465365806392],[-3.057216551678124,38.124537094282346],[-3.05704265483723,38.1243673766586],[-3.0568773150817936,38.124196664102925],[-3.0567642356575573,38.124033046828686],[-3.056907243507042,38.123953759887286],[-3.0571567727793316,38.12382449333069],[-3.057365368186853,38.123728231358],[-3.057460040112438,38.12384120600842],[-3.057572275478975,38.12394633100607]]]},"properties":{"dn_surface":6327.1037247993,"provincia":23,"municipio":48,"agregado":0,"zona":0,"poligono":19,"parcela":51,"recinto":2,"uso_sigpac":"OV","idPanel":"23:48:0:0:19:51:2"},"id":1112039618},{"type":"Feature","geometry":{"type":"Polygon","coordinates":[[[-3.057216551678124,38.124537094282346],[-3.05712304483715,38.12459842299512],[-3.056955265947745,38.124662310703116],[-3.05674905938277,38.124754153736205],[-3.0559792578058995,38.12502263113993],[-3.055913039090516,38.12496489072009],[-3.055881513912619,38.12491885059961],[-3.055799326832552,38.1248667042623],[-3.0556873060427483,38.12489009731726],[-3.0553652062484744,38.12442473989276],[-3.055502079382663,38.12437628075489],[-3.055549415345454,38.12436129810209],[-3.055328377001934,38.124009093862554],[-3.0554044486450818,38.12397309945365],[-3.05558257918552,38.1238699148667],[-3.055788311334747,38.123756443169356],[-3.055976720603658,38.12396103454151],[-3.0560092641828516,38.123996349178014],[-3.0561693820123,38.124203026805986],[-3.056235657724628,38.124189297247796],[-3.056556697208088,38.124024939851466],[-3.056676439407553,38.1239568402369],[-3.0567642356575573,38.124033046828686],[-3.0568773150817936,38.124196664102925],[-3.05704265483723,38.1243673766586],[-3.057216551678124,38.124537094282346]]]},"properties":{"dn_surface":12805.8405633649,"provincia":23,"municipio":48,"agregado":0,"zona":0,"poligono":19,"parcela":44,"recinto":1,"uso_sigpac":"OV","idPanel":"23:48:0:0:19:44:1"},"id":1112039625},{"type":"Feature","geometry":{"type":"Polygon","coordinates":[[[-3.0581580003929436,38.124769899980436],[-3.057966753849641,38.124877691261645],[-3.058225294506567,38.12516822648308],[-3.058482812571246,38.12546092507387],[-3.0583461934087386,38.125540932020755],[-3.0582515441142943,38.1256015415662],[-3.05797248455718,38.12533526022122],[-3.0579263606176585,38.12529715776353],[-3.057786630092509,38.12533994402901],[-3.057650168509791,38.12518994734825],[-3.05712304483715,38.12459842299512],[-3.057216551678124,38.124537094282346],[-3.0573446565028815,38.12465365806392],[-3.0574223014293493,38.12473212190238],[-3.0574525542342696,38.12475527020578],[-3.057893543788406,38.12449874455848],[-3.0579478903754285,38.1245470268382],[-3.058014454425243,38.1246061184209],[-3.0581580003929436,38.124769899980436]]]},"properties":{"dn_surface":5438.9961590827,"provincia":23,"municipio":48,"agregado":0,"zona":0,"poligono":19,"parcela":57,"recinto":1,"uso_sigpac":"OV","idPanel":"23:48:0:0:19:57:1"},"id":1112039612},{"type":"Feature","geometry":{"type":"Polygon","coordinates":[[[-3.0570053226764693,38.12505649989808],[-3.056593103168493,38.125199630123376],[-3.0562900411920273,38.12530665865134],[-3.056190926019306,38.12534735027907],[-3.0561236511840617,38.1252529289724],[-3.05609074885939,38.12519760589362],[-3.0559792578058995,38.12502263113993],[-3.05674905938277,38.124754153736205],[-3.056767101430422,38.12477397358563],[-3.0568919230635117,38.124923886447334],[-3.0570053226764693,38.12505649989808]]]},"properties":{"dn_surface":3033.62195851457,"provincia":23,"municipio":48,"agregado":0,"zona":0,"poligono":19,"parcela":572,"recinto":1,"uso_sigpac":"OV","idPanel":"23:48:0:0:19:572:1"},"id":1112039074},{"type":"Feature","geometry":{"type":"Polygon","coordinates":[[[-3.0573629852116397,38.125462262825664],[-3.0573133702092394,38.125482654320905],[-3.0571634816550297,38.12552075677863],[-3.0567615148916256,38.12564666889739],[-3.056650976022391,38.125670152476886],[-3.056686416387493,38.12576089328965],[-3.0567341169630953,38.12591724093883],[-3.0564909319536944,38.12599828556543],[-3.0556873060427483,38.12489009731726],[-3.055799326832552,38.1248667042623],[-3.055881513912619,38.12491885059961],[-3.055913039090516,38.12496489072009],[-3.0559792578058995,38.12502263113993],[-3.05609074885939,38.12519760589362],[-3.0561236511840617,38.1252529289724],[-3.056190926019306,38.12534735027907],[-3.0562900411920273,38.12530665865134],[-3.056593103168493,38.125199630123376],[-3.0570053226764693,38.12505649989808],[-3.0573629852116397,38.125462262825664]]]},"properties":{"dn_surface":6424.83789918987,"provincia":23,"municipio":48,"agregado":0,"zona":0,"poligono":19,"parcela":564,"recinto":1,"uso_sigpac":"OV","idPanel":"23:48:0:0:19:564:1"},"id":1112039081},{"type":"Feature","geometry":{"type":"Polygon","coordinates":[[[-3.057786630092509,38.12533994402901],[-3.0575608920155997,38.12540611161475],[-3.0573629852116397,38.125462262825664],[-3.0570053226764693,38.12505649989808],[-3.0568919230635117,38.124923886447334],[-3.056767101430422,38.12477397358563],[-3.05674905938277,38.124754153736205],[-3.056955265947745,38.124662310703116],[-3.05712304483715,38.12459842299512],[-3.057650168509791,38.12518994734825],[-3.057786630092509,38.12533994402901]]]},"properties":{"dn_surface":3700.18471385525,"provincia":23,"municipio":48,"agregado":0,"zona":0,"poligono":19,"parcela":49,"recinto":2,"uso_sigpac":"OV","idPanel":"23:48:0:0:19:49:2"},"id":1112039620},{"type":"Feature","geometry":{"type":"Polygon","coordinates":[[[-3.05863769087271,38.12426586677603],[-3.0582319271069416,38.124481371386736],[-3.0582076028224887,38.124453443721876],[-3.058112906589383,38.124453488145974],[-3.0580816596906875,38.12447116725721],[-3.0580278738530198,38.12441125927711],[-3.0580177233676746,38.12441577041764],[-3.057949319490005,38.12434409508299],[-3.05779642686152,38.12418388924354],[-3.057684294592398,38.12406623665265],[-3.057572275478975,38.12394633100607],[-3.0577849864011997,38.123860430742695],[-3.0581715002869965,38.12368621538943],[-3.0583393780828643,38.123889100205986],[-3.05863769087271,38.12426586677603]]]},"properties":{"dn_surface":4376.90707869026,"provincia":23,"municipio":48,"agregado":0,"zona":0,"poligono":19,"parcela":55,"recinto":1,"uso_sigpac":"OV","idPanel":"23:48:0:0:19:55:1"},"id":1112039614},{"type":"Feature","geometry":{"type":"Polygon","coordinates":[[[-3.057498321104694,38.12248929295626],[-3.057365659877101,38.12251963712393],[-3.0571947997999067,38.12257586544831],[-3.057101272842363,38.12260907538888],[-3.0570369467608303,38.1226346108584],[-3.056527010181666,38.12210661462959],[-3.0568183458748956,38.12204852971351],[-3.057068624489374,38.12200929905157],[-3.057498321104694,38.12248929295626]]]},"properties":{"dn_surface":2994.96318552601,"provincia":23,"municipio":48,"agregado":0,"zona":0,"poligono":19,"parcela":559,"recinto":1,"uso_sigpac":"OV","idPanel":"23:48:0:0:19:559:1"},"id":1112039086},{"type":"Feature","geometry":{"type":"Polygon","coordinates":[[[-3.0570579677370464,38.12267038147047],[-3.0573677385892117,38.122980272183895],[-3.0573913193988096,38.12322152935545],[-3.0572650300943867,38.12323222298815],[-3.0569617946125147,38.123252100672715],[-3.056582930890198,38.12328985779598],[-3.0562998882524597,38.123309995319545],[-3.0561724422453307,38.12330004935265],[-3.056046258552894,38.12330037708509],[-3.056010391548895,38.12324586705097],[-3.055940138623276,38.12313378172047],[-3.056439006898642,38.12292707559405],[-3.0567491180560955,38.12280273927317],[-3.0570579677370464,38.12267038147047]]]},"properties":{"dn_surface":5342.38771585066,"provincia":23,"municipio":48,"agregado":0,"zona":0,"poligono":19,"parcela":96,"recinto":2,"uso_sigpac":"OV","idPanel":"23:48:0:0:19:96:2"},"id":1112039567},{"type":"Feature","geometry":{"type":"Polygon","coordinates":[[[-3.0570579677370464,38.12267038147047],[-3.0567491180560955,38.12280273927317],[-3.056128815274913,38.12207281879398],[-3.056381895959788,38.12196950931667],[-3.056496411204124,38.12207778842466],[-3.056527010181666,38.12210661462959],[-3.0570369467608303,38.1226346108584],[-3.0570579677370464,38.12267038147047]]]},"properties":{"dn_surface":2776.10202352535,"provincia":23,"municipio":48,"agregado":0,"zona":0,"poligono":19,"parcela":94,"recinto":1,"uso_sigpac":"OV","idPanel":"23:48:0:0:19:94:1"},"id":1112039569},{"type":"Feature","geometry":{"type":"Polygon","coordinates":[[[-3.056046258552894,38.12330037708509],[-3.055960688536506,38.123297532267],[-3.0558678229111624,38.12330271144526],[-3.055804677839856,38.12323397312963],[-3.0556720761237783,38.12304891410761],[-3.0555944152716945,38.12294593403914],[-3.055749416787142,38.12288611071625],[-3.0559337273051574,38.122810591440526],[-3.0560767628149246,38.12276888811701],[-3.0562566275712326,38.122700130522986],[-3.056439006898642,38.12292707559405],[-3.055940138623276,38.12313378172047],[-3.056010391548895,38.12324586705097],[-3.056046258552894,38.12330037708509]]]},"properties":{"dn_surface":2273.65897705546,"provincia":23,"municipio":48,"agregado":0,"zona":0,"poligono":19,"parcela":99,"recinto":1,"uso_sigpac":"OV","idPanel":"23:48:0:0:19:99:1"},"id":1112039564},{"type":"Feature","geometry":{"type":"Polygon","coordinates":[[[-3.057104081618284,38.12341723674788],[-3.0572813152950298,38.123338744410944],[-3.0572651650430362,38.123258810386574],[-3.0573300778578267,38.123253191996554],[-3.0574910590233535,38.12325311739761],[-3.057575144604602,38.123254699901025],[-3.057734433463778,38.12327742743284],[-3.05785903130004,38.12329196919751],[-3.0579109647369958,38.123319794603134],[-3.0579718852510682,38.12345675742367],[-3.058080847484222,38.1236053241517],[-3.0581715002869965,38.12368621538943],[-3.0577849864011997,38.123860430742695],[-3.057572275478975,38.12394633100607],[-3.057460040112438,38.12384120600842],[-3.057365368186853,38.123728231358],[-3.0572302778835763,38.12357607046968],[-3.0571127585649647,38.12342516351421],[-3.057104081618284,38.12341723674788]]]},"properties":{"dn_surface":4294.26032630432,"provincia":23,"municipio":48,"agregado":0,"zona":0,"poligono":19,"parcela":52,"recinto":1,"uso_sigpac":"OV","idPanel":"23:48:0:0:19:52:1"},"id":1112039617},{"type":"Feature","geometry":{"type":"Polygon","coordinates":[[[-3.0572651650430362,38.123258810386574],[-3.0572813152950298,38.123338744410944],[-3.057104081618284,38.12341723674788],[-3.0564212590558086,38.12371956446958],[-3.0563068410415553,38.12359334976409],[-3.0562076143895154,38.123488307747294],[-3.056151769956307,38.12341812439149],[-3.0560720689488683,38.12333371191599],[-3.056182065508936,38.12335159722201],[-3.0562966167954575,38.123356862733914],[-3.0564112695030135,38.12334725707234],[-3.0566129640892425,38.12332562421713],[-3.05708331796651,38.12327457590922],[-3.0572651650430362,38.123258810386574]]]},"properties":{"dn_surface":2510.92189993093,"provincia":23,"municipio":48,"agregado":0,"zona":0,"poligono":19,"parcela":97,"recinto":1,"uso_sigpac":"OV","idPanel":"23:48:0:0:19:97:1"},"id":1112039566},{"type":"Feature","geometry":{"type":"Polygon","coordinates":[[[-3.0560720689488683,38.12333371191599],[-3.056151769956307,38.12341812439149],[-3.0562076143895154,38.123488307747294],[-3.0563068410415553,38.12359334976409],[-3.0564212590558086,38.12371956446958],[-3.0564374738484603,38.123737491685176],[-3.0563193233725023,38.123797569817924],[-3.0561684834722267,38.1236372139424],[-3.0560306522864487,38.12347811367607],[-3.055903786307054,38.12333495998146],[-3.055976233615054,38.123334296134686],[-3.0560720689488683,38.12333371191599]]]},"properties":{"dn_surface":731.560106949948,"provincia":23,"municipio":48,"agregado":0,"zona":0,"poligono":19,"parcela":98,"recinto":1,"uso_sigpac":"OV","idPanel":"23:48:0:0:19:98:1"},"id":1112039565},{"type":"Feature","geometry":{"type":"Polygon","coordinates":[[[-3.0563193233725023,38.123797569817924],[-3.0561370672590766,38.1238766941504],[-3.0557998414814374,38.123470917811744],[-3.055686009362251,38.12336227660552],[-3.05576724258168,38.123363952148054],[-3.055903786307054,38.12333495998146],[-3.0560306522864487,38.12347811367607],[-3.0561684834722267,38.1236372139424],[-3.0563193233725023,38.123797569817924]]]},"properties":{"dn_surface":1102.40221814197,"provincia":23,"municipio":48,"agregado":0,"zona":0,"poligono":19,"parcela":102,"recinto":1,"uso_sigpac":"OV","idPanel":"23:48:0:0:19:102:1"},"id":1112039561},{"type":"Feature","geometry":{"type":"Polygon","coordinates":[[[-3.0561370672590766,38.1238766941504],[-3.056072752912208,38.123918721853585],[-3.0560246231831387,38.123940284300744],[-3.055976720603658,38.12396103454151],[-3.055788311334747,38.123756443169356],[-3.05558257918552,38.1238699148667],[-3.0554176643926003,38.123653235113096],[-3.0553030033031403,38.1235045778605],[-3.0551886875481116,38.12335925576744],[-3.0553278757640943,38.12335666995014],[-3.0555582356226885,38.12337179760988],[-3.055686009362251,38.12336227660552],[-3.0557998414814374,38.123470917811744],[-3.0561370672590766,38.1238766941504]]]},"properties":{"dn_surface":2559.42986181752,"provincia":23,"municipio":48,"agregado":0,"zona":0,"poligono":19,"parcela":103,"recinto":1,"uso_sigpac":"OV","idPanel":"23:48:0:0:19:103:1"},"id":1112039560},{"type":"Feature","geometry":{"type":"Polygon","coordinates":[[[-3.057104081618284,38.12341723674788],[-3.0571127585649647,38.12342516351421],[-3.0572302778835763,38.12357607046968],[-3.057365368186853,38.123728231358],[-3.0571567727793316,38.12382449333069],[-3.056907243507042,38.123953759887286],[-3.0567642356575573,38.124033046828686],[-3.056676439407553,38.1239568402369],[-3.056556697208088,38.124024939851466],[-3.056235657724628,38.124189297247796],[-3.0561693820123,38.124203026805986],[-3.0560092641828516,38.123996349178014],[-3.055976720603658,38.12396103454151],[-3.0560246231831387,38.123940284300744],[-3.056072752912208,38.123918721853585],[-3.0561370672590766,38.1238766941504],[-3.0563193233725023,38.123797569817924],[-3.0564374738484603,38.123737491685176],[-3.0564212590558086,38.12371956446958],[-3.057104081618284,38.12341723674788]]]},"properties":{"dn_surface":4438.08950407494,"provincia":23,"municipio":48,"agregado":0,"zona":0,"poligono":19,"parcela":50,"recinto":1,"uso_sigpac":"OV","idPanel":"23:48:0:0:19:50:1"},"id":1112039619},{"type":"Feature","geometry":{"type":"Polygon","coordinates":[[[-3.0590032558666613,38.124144292292414],[-3.0586605416184987,38.12430506055759],[-3.05863769087271,38.12426586677603],[-3.0583393780828643,38.123889100205986],[-3.0581715002869965,38.12368621538943],[-3.0584848108170815,38.12356646899903],[-3.0590032558666613,38.124144292292414]]]},"properties":{"dn_surface":2558.06293969615,"provincia":23,"municipio":48,"agregado":0,"zona":0,"poligono":19,"parcela":54,"recinto":1,"uso_sigpac":"OV","idPanel":"23:48:0:0:19:54:1"},"id":1112039615},{"type":"Feature","geometry":{"type":"Polygon","coordinates":[[[-3.05830345492011,38.12330496282456],[-3.058304992161243,38.12329025928918],[-3.058327215940637,38.12328585124604],[-3.058370890687906,38.123301532949625],[-3.0584360205940024,38.123344843084055],[-3.0584713964184456,38.12334521524056],[-3.0585365372210163,38.123402019401766],[-3.0584386751428947,38.123427730053095],[-3.05838151642719,38.12336450954464],[-3.0583352080857873,38.12330785541954],[-3.05830345492011,38.12330496282456]]]},"properties":{"dn_surface":109.51491958215921,"provincia":23,"municipio":48,"agregado":0,"zona":0,"poligono":19,"parcela":92,"recinto":5,"uso_sigpac":"PR","idPanel":"23:48:0:0:19:92:5"},"id":1318201213},{"type":"Feature","geometry":{"type":"Polygon","coordinates":[[[-3.0579109647369958,38.123319794603134],[-3.057970090685492,38.12335329371933],[-3.0581167890871637,38.1234676849115],[-3.058213574090664,38.12351288265069],[-3.058304744056895,38.12352725929185],[-3.058348324926843,38.123525256016876],[-3.0583963423384035,38.1235072081019],[-3.0584132218160165,38.12349926876274],[-3.0584848108170815,38.12356646899903],[-3.0581715002869965,38.12368621538943],[-3.058080847484222,38.1236053241517],[-3.0579718852510682,38.12345675742367],[-3.0579109647369958,38.123319794603134]]]},"properties":{"dn_surface":651.092531673667,"provincia":23,"municipio":48,"agregado":0,"zona":0,"poligono":19,"parcela":53,"recinto":1,"uso_sigpac":"OV","idPanel":"23:48:0:0:19:53:1"},"id":1112039616},{"type":"Feature","geometry":{"type":"Polygon","coordinates":[[[-3.057915451570031,38.12294036007319],[-3.0579793954367576,38.12300765418681],[-3.0581750634342466,38.12315338699318],[-3.058392524381281,38.12330064027688],[-3.0584713964184456,38.12334521524056],[-3.0584360205940024,38.123344843084055],[-3.058370890687906,38.123301532949625],[-3.058327215940637,38.12328585124604],[-3.058304992161243,38.12329025928918],[-3.05830345492011,38.12330496282456],[-3.058301840565463,38.12332041151123],[-3.0582828153205104,38.1233549692619],[-3.0582679785128226,38.12336297314167],[-3.0582680220987215,38.12336300666931],[-3.0582763042577388,38.12339209271326],[-3.058273861771009,38.12339995745347],[-3.058270445307073,38.12341095451106],[-3.0582704528507856,38.12342024166034],[-3.0582704553653572,38.12342297332273],[-3.058263238546296,38.123428859095526],[-3.058251581832861,38.12343836585066],[-3.0582368271678284,38.12345006112085],[-3.058231132502474,38.123454241176205],[-3.0582186904046647,38.123460329791044],[-3.058206955739525,38.12346602780917],[-3.0581477836905586,38.12342089461066],[-3.0580571392696876,38.12335045812134],[-3.0578513979003663,38.123163002713085],[-3.057739045187178,38.123053821712205],[-3.057915451570031,38.12294036007319]]]},"properties":{"dn_surface":1269.797534113221,"provincia":23,"municipio":48,"agregado":0,"zona":0,"poligono":19,"parcela":92,"recinto":2,"uso_sigpac":"OV","idPanel":"23:48:0:0:19:92:2"},"id":1318201212},{"type":"Feature","geometry":{"type":"Polygon","coordinates":[[[-3.059875333432128,38.12286362625963],[-3.0592771287017833,38.12296134249263],[-3.0590238242200805,38.12265215082999],[-3.0582665628092927,38.12174286599415],[-3.058569639034994,38.12167458700682],[-3.0586403320105564,38.12176368831925],[-3.0587259539947484,38.121692628216294],[-3.058825404443615,38.12179135949785],[-3.0589654182771095,38.121685393795275],[-3.058972277188884,38.12170269488263],[-3.0591562599744657,38.12193080671463],[-3.059242375652783,38.12204423398788],[-3.059352586789583,38.12218540871504],[-3.0594450182323167,38.122347051212785],[-3.059627738703205,38.12256254492701],[-3.05975106584287,38.122697043467895],[-3.059875333432128,38.12286362625963]]]},"properties":{"dn_surface":8124.0731046706,"provincia":23,"municipio":48,"agregado":0,"zona":0,"poligono":19,"parcela":87,"recinto":1,"uso_sigpac":"OV","idPanel":"23:48:0:0:19:87:1"},"id":1112039578},{"type":"Feature","geometry":{"type":"Polygon","coordinates":[[[-3.0582665628092927,38.12174286599415],[-3.0590238242200805,38.12265215082999],[-3.058766192161512,38.12276916807261],[-3.0579575572249325,38.12181448265551],[-3.0582665628092927,38.12174286599415]]]},"properties":{"dn_surface":3286.12998988954,"provincia":23,"municipio":48,"agregado":0,"zona":0,"poligono":19,"parcela":88,"recinto":1,"uso_sigpac":"OV","idPanel":"23:48:0:0:19:88:1"},"id":1112039577},{"type":"Feature","geometry":{"type":"Polygon","coordinates":[[[-3.058766192161512,38.12276916807261],[-3.0586867685950856,38.1228872716099],[-3.0585871513463347,38.12300745721208],[-3.057577141174056,38.121898928658624],[-3.0579575572249325,38.12181448265551],[-3.058766192161512,38.12276916807261]]]},"properties":{"dn_surface":4244.27751787188,"provincia":23,"municipio":48,"agregado":0,"zona":0,"poligono":19,"parcela":89,"recinto":1,"uso_sigpac":"OV","idPanel":"23:48:0:0:19:89:1"},"id":1112039576},{"type":"Feature","geometry":{"type":"Polygon","coordinates":[[[-3.0585871513463347,38.12300745721208],[-3.0584887980886575,38.12313800703811],[-3.058392524381281,38.12330064027688],[-3.0581750634342466,38.12315338699318],[-3.0579793954367576,38.12300765418681],[-3.057915451570031,38.12294036007319],[-3.057498321104694,38.12248929295626],[-3.057068624489374,38.12200929905157],[-3.057186795920091,38.12197986348227],[-3.057577141174056,38.121898928658624],[-3.0585871513463347,38.12300745721208]]]},"properties":{"dn_surface":7150.89475320399,"provincia":23,"municipio":48,"agregado":0,"zona":0,"poligono":19,"parcela":91,"recinto":1,"uso_sigpac":"OV","idPanel":"23:48:0:0:19:91:1"},"id":1112039574},{"type":"Feature","geometry":{"type":"Polygon","coordinates":[[[-3.057915451570031,38.12294036007319],[-3.057739045187178,38.123053821712205],[-3.0578513979003663,38.123163002713085],[-3.0580571392696876,38.12335045812134],[-3.0579071492944445,38.12325679789154],[-3.057776952346531,38.123231893579344],[-3.0576276002341567,38.12322177913617],[-3.0574913741829324,38.12321868872829],[-3.0573913193988096,38.12322152935545],[-3.0573677385892117,38.122980272183895],[-3.0570579677370464,38.12267038147047],[-3.0570369467608303,38.1226346108584],[-3.057101272842363,38.12260907538888],[-3.0571947997999067,38.12257586544831],[-3.057365659877101,38.12251963712393],[-3.057498321104694,38.12248929295626],[-3.057915451570031,38.12294036007319]]]},"properties":{"dn_surface":3531.36401763824,"provincia":23,"municipio":48,"agregado":0,"zona":0,"poligono":19,"parcela":93,"recinto":1,"uso_sigpac":"OV","idPanel":"23:48:0:0:19:93:1"},"id":1112039570},{"type":"Feature","geometry":{"type":"Polygon","coordinates":[[[-3.0666543950008984,38.12505876301205],[-3.066659761095629,38.12506344598168],[-3.0669261698455315,38.12531132820985],[-3.066938734319134,38.12532601246693],[-3.067133018464328,38.12555365491232],[-3.067221289130079,38.125651950334884],[-3.0671493656910576,38.1256644008146],[-3.0670352351761005,38.12569025395828],[-3.066961840712984,38.12569366036391],[-3.0669530480960336,38.12568342941228],[-3.066491436544295,38.125146273439185],[-3.0665381639808813,38.12509127138728],[-3.066571350452086,38.12507512113527],[-3.0666149237783205,38.12506464207931],[-3.0666543950008984,38.12505876301205]]]},"properties":{"dn_surface":1617.0097536235348,"provincia":23,"municipio":95,"agregado":0,"zona":0,"poligono":10,"parcela":604,"recinto":1,"uso_sigpac":"OV","idPanel":"23:95:0:0:10:604:1"},"id":1155198918},{"type":"Feature","geometry":{"type":"Polygon","coordinates":[[[-3.066491436544295,38.125146273439185],[-3.0669530480960336,38.12568342941228],[-3.0668977409428506,38.12570135578969],[-3.066801074124192,38.12572110104017],[-3.066425856529972,38.12529537828536],[-3.0664115804716396,38.12527952307639],[-3.0664170496637846,38.12527249065923],[-3.066450205960137,38.12522317405259],[-3.0664905245931755,38.1251474460675],[-3.066491436544295,38.125146273439185]]]},"properties":{"dn_surface":904.5906982421875,"provincia":23,"municipio":95,"agregado":0,"zona":0,"poligono":10,"parcela":605,"recinto":1,"uso_sigpac":"OV","idPanel":"23:95:0:0:10:605:1"},"id":1179178946},{"type":"Feature","geometry":{"type":"Polygon","coordinates":[[[-3.066801074124192,38.12572110104017],[-3.0667199314293225,38.12572981905819],[-3.0666798432986333,38.125683392531926],[-3.0664742083794896,38.1254452408557],[-3.066387702942652,38.125496020942705],[-3.0663816503700105,38.12548908575559],[-3.066308720264358,38.125410010038166],[-3.066275553909722,38.12537404915685],[-3.066291422529752,38.12536562031451],[-3.066347740540518,38.12533570865307],[-3.066392550197545,38.12530458999751],[-3.0664115804716396,38.12527952307639],[-3.066425856529972,38.12529537828536],[-3.066801074124192,38.12572110104017]]]},"properties":{"dn_surface":509.498046875,"provincia":23,"municipio":95,"agregado":0,"zona":0,"poligono":10,"parcela":606,"recinto":1,"uso_sigpac":"OV","idPanel":"23:95:0:0:10:606:1"},"id":1179178945},{"type":"Feature","geometry":{"type":"Polygon","coordinates":[[[-3.0666798432986333,38.125683392531926],[-3.0665724744653686,38.12570711499569],[-3.0664915388035197,38.12572662387652],[-3.066256811973113,38.1257504754216],[-3.0660902912074506,38.12573547516678],[-3.0659385133721537,38.12573771145867],[-3.065988690800291,38.125713350293836],[-3.0662192828376167,38.125594892202],[-3.066387702942652,38.125496020942705],[-3.0664742083794896,38.1254452408557],[-3.0666798432986333,38.125683392531926]]]},"properties":{"dn_surface":1027.7630615234375,"provincia":23,"municipio":95,"agregado":0,"zona":0,"poligono":10,"parcela":609,"recinto":1,"uso_sigpac":"OV","idPanel":"23:95:0:0:10:609:1"},"id":1179178949},{"type":"Feature","geometry":{"type":"Polygon","coordinates":[[[-3.068807300369877,38.12490949304237],[-3.069047256669984,38.1251970158076],[-3.0688265024729966,38.12527417458364],[-3.0687891032570067,38.12528728891013],[-3.068666451698777,38.125305248815124],[-3.0685603929570546,38.12531445046898],[-3.068559726595713,38.12531640261432],[-3.0685037824178503,38.1253418148699],[-3.0683097488915765,38.12538161885405],[-3.0681054282549276,38.1254359218552],[-3.068065420590515,38.1254343896432],[-3.0679658041799542,38.12547384326376],[-3.067916275511162,38.12547921271124],[-3.067806548010203,38.125532711887814],[-3.067673474392949,38.12560361189642],[-3.0677146471419716,38.1255156513611],[-3.0677204314936954,38.1255032939205],[-3.067734559192333,38.12547311068539],[-3.068807300369877,38.12490949304237]]]},"properties":{"dn_surface":2630.8430893724267,"provincia":23,"municipio":95,"agregado":0,"zona":0,"poligono":10,"parcela":597,"recinto":1,"uso_sigpac":"OV","idPanel":"23:95:0:0:10:597:1"},"id":1326418891},{"type":"Feature","geometry":{"type":"Polygon","coordinates":[[[-3.069596786009329,38.12595175677998],[-3.069581075807278,38.12597254473923],[-3.0694927473063913,38.126071463775446],[-3.0693760401942454,38.12620221309078],[-3.0692316166412303,38.12634226129009],[-3.069163670415501,38.12639862875412],[-3.0690710872603106,38.12646411237651],[-3.0690104274234438,38.126504342999596],[-3.068939484667151,38.12652970831647],[-3.0688525660024624,38.12655291948411],[-3.0687380323179383,38.126571460255036],[-3.0686247517280134,38.12658900860856],[-3.0685047413076303,38.126607551055855],[-3.068178445532378,38.12662557885429],[-3.0681599609202124,38.126624507646994],[-3.0677303682404977,38.12659915071197],[-3.0676536008993445,38.12658933885555],[-3.0675574881245184,38.12657705433756],[-3.067573567968522,38.1265605017542],[-3.067736443444279,38.12650565979666],[-3.0681436069879595,38.126341181700894],[-3.068265819334436,38.12636043325725],[-3.06867296527612,38.12617985017178],[-3.068819585726087,38.126166883366835],[-3.069177887800508,38.126024972708535],[-3.0693734225257283,38.12605062133375],[-3.069596786009329,38.12595175677998]]]},"properties":{"dn_surface":5108.723594597969,"provincia":23,"municipio":95,"agregado":0,"zona":0,"poligono":10,"parcela":595,"recinto":5,"uso_sigpac":"OV","idPanel":"23:95:0:0:10:595:5"},"id":1155198903},{"type":"Feature","geometry":{"type":"Polygon","coordinates":[[[-3.0694927473063913,38.126071463775446],[-3.0695231819986213,38.12610842964699],[-3.0696477555273627,38.126259738933896],[-3.0696162093947055,38.12631978102445],[-3.0695428291808264,38.126538739817676],[-3.0694440467696817,38.1269195791547],[-3.0694322106835066,38.12695095010554],[-3.0690042558277697,38.12709052724185],[-3.0689996935576014,38.127092061968426],[-3.0689539535092676,38.12710488544286],[-3.0686355627073683,38.12660594927408],[-3.0686247517280134,38.12658900860856],[-3.0687380323179383,38.126571460255036],[-3.0688525660024624,38.12655291948411],[-3.068939484667151,38.12652970831647],[-3.0690104274234438,38.126504342999596],[-3.0690710872603106,38.12646411237651],[-3.069163670415501,38.12639862875412],[-3.0692316166412303,38.12634226129009],[-3.0693760401942454,38.12620221309078],[-3.0694927473063913,38.126071463775446]]]},"properties":{"dn_surface":4914.115634040251,"provincia":23,"municipio":95,"agregado":0,"zona":0,"poligono":10,"parcela":432,"recinto":1,"uso_sigpac":"OV","idPanel":"23:95:0:0:10:432:1"},"id":1155198908},{"type":"Feature","geometry":{"type":"Polygon","coordinates":[[[-3.0675099099247096,38.12657097326641],[-3.0675574881245184,38.12657705433756],[-3.0676536008993445,38.12658933885555],[-3.0677303682404977,38.12659915071197],[-3.0681599609202124,38.126624507646994],[-3.068178445532378,38.12662557885429],[-3.0685047413076303,38.126607551055855],[-3.0686247517280134,38.12658900860856],[-3.0686355627073683,38.12660594927408],[-3.0689539535092676,38.12710488544286],[-3.0684941549632936,38.12723411511908],[-3.0684839910669024,38.12722501740083],[-3.068311040542932,38.12712462398781],[-3.0679448494207766,38.126943403877675],[-3.0678010260120647,38.12687733100742],[-3.0677574082617403,38.12684193506638],[-3.0677267908440102,38.126799593041824],[-3.067700513576001,38.12676184513862],[-3.0676567751262644,38.126719599505975],[-3.0675680426176215,38.126633938965],[-3.0675099099247096,38.12657097326641]]]},"properties":{"dn_surface":5041.6471876270825,"provincia":23,"municipio":95,"agregado":0,"zona":0,"poligono":10,"parcela":437,"recinto":1,"uso_sigpac":"OV","idPanel":"23:95:0:0:10:437:1"},"id":1155198906},{"type":"Feature","geometry":{"type":"Polygon","coordinates":[[[-3.0694322106835066,38.12695095010554],[-3.0693615378245136,38.12713935350715],[-3.0692943803359194,38.127304953939756],[-3.0692404855335043,38.12738123093956],[-3.069198425140883,38.12742406498188],[-3.0690042558277697,38.12709052724185],[-3.0694322106835066,38.12695095010554]]]},"properties":{"dn_surface":920.153294057378,"provincia":23,"municipio":95,"agregado":0,"zona":0,"poligono":10,"parcela":433,"recinto":1,"uso_sigpac":"OV","idPanel":"23:95:0:0:10:433:1"},"id":1112544173},{"type":"Feature","geometry":{"type":"Polygon","coordinates":[[[-3.068737418762589,38.12760466734571],[-3.0687011628382606,38.12751320988022],[-3.068607801004219,38.12736103893363],[-3.0685450850863805,38.12727987025485],[-3.0684941549632936,38.12723411511908],[-3.0689539535092676,38.12710488544286],[-3.0689996935576014,38.127092061968426],[-3.0690042558277697,38.12709052724185],[-3.069198425140883,38.12742406498188],[-3.069171297109651,38.127451748733336],[-3.06905510297001,38.12752526724864],[-3.0688326824505734,38.12759704316613],[-3.068737418762589,38.12760466734571]]]},"properties":{"dn_surface":2062.98130661622,"provincia":23,"municipio":95,"agregado":0,"zona":0,"poligono":10,"parcela":436,"recinto":1,"uso_sigpac":"OV","idPanel":"23:95:0:0:10:436:1"},"id":1112544170},{"type":"Feature","geometry":{"type":"Polygon","coordinates":[[[-3.069047256669984,38.1251970158076],[-3.068807300369877,38.12490949304237],[-3.068513748501316,38.12455771544177],[-3.0684789107950876,38.1245160062509],[-3.0682903330499127,38.12429196802404],[-3.068170859071365,38.1241501755506],[-3.068401553367916,38.124031621066905],[-3.067821273338572,38.123291286072345],[-3.0679014479235676,38.12325789508273],[-3.067918442233261,38.12325229764741],[-3.0680789473066596,38.12347346842503],[-3.068440507427037,38.12396283245985],[-3.0685935869719736,38.12416994762316],[-3.06868372093491,38.124291837266355],[-3.068790420054073,38.12443616023654],[-3.069318063404742,38.125115233573496],[-3.0691493122145124,38.12519660509432],[-3.069047256669984,38.1251970158076]]]},"properties":{"dn_surface":4717.10028992207,"provincia":23,"municipio":95,"agregado":0,"zona":0,"poligono":10,"parcela":596,"recinto":1,"uso_sigpac":"OV","idPanel":"23:95:0:0:10:596:1"},"id":1326418873},{"type":"Feature","geometry":{"type":"Polygon","coordinates":[[[-3.0668609075053572,38.12383257264764],[-3.0667999190978654,38.12376374883661],[-3.0668897756197917,38.12371277848035],[-3.0670492052949494,38.12363797669565],[-3.067526807842511,38.12341393092507],[-3.0675516694069898,38.12340355245195],[-3.067891821307201,38.123818666231244],[-3.068170859071365,38.1241501755506],[-3.0682903330499127,38.12429196802404],[-3.0675803120482152,38.12462817288582],[-3.06757039038884,38.12463313497281],[-3.0672676133970986,38.124291452536966],[-3.0672315360073172,38.124250747498166],[-3.0668609075053572,38.12383257264764]]]},"properties":{"dn_surface":8873.11995598149,"provincia":23,"municipio":95,"agregado":0,"zona":0,"poligono":10,"parcela":626,"recinto":1,"uso_sigpac":"OV","idPanel":"23:95:0:0:10:626:1"},"id":1112543907},{"type":"Feature","geometry":{"type":"Polygon","coordinates":[[[-3.06757039038884,38.12463313497281],[-3.067360786638306,38.1247379775003],[-3.0669059971179666,38.12496543470564],[-3.066720667360465,38.125042594319865],[-3.066669909066403,38.125056500736264],[-3.0666543950008984,38.12505876301205],[-3.0663688243810125,38.12481557716447],[-3.0658587344130113,38.12433520858872],[-3.0659445927668867,38.12427802305092],[-3.066274013315827,38.12406992385209],[-3.0663734771757407,38.12416837769263],[-3.066670642482975,38.12449185966278],[-3.066933999381751,38.12440348254685],[-3.0672676133970986,38.124291452536966],[-3.06757039038884,38.12463313497281]]]},"properties":{"dn_surface":7590.87265940181,"provincia":23,"municipio":95,"agregado":0,"zona":0,"poligono":10,"parcela":601,"recinto":1,"uso_sigpac":"OV","idPanel":"23:95:0:0:10:601:1"},"id":1112543937},{"type":"Feature","geometry":{"type":"Polygon","coordinates":[[[-3.068513748501316,38.12455771544177],[-3.0675836379875916,38.125011477340735],[-3.067360786638306,38.1247379775003],[-3.06757039038884,38.12463313497281],[-3.0675803120482152,38.12462817288582],[-3.0682903330499127,38.12429196802404],[-3.0684789107950876,38.1245160062509],[-3.068513748501316,38.12455771544177]]]},"properties":{"dn_surface":3434.85192211417,"provincia":23,"municipio":95,"agregado":0,"zona":0,"poligono":10,"parcela":599,"recinto":1,"uso_sigpac":"OV","idPanel":"23:95:0:0:10:599:1"},"id":1112543939},{"type":"Feature","geometry":{"type":"Polygon","coordinates":[[[-3.067269097832238,38.12570518967243],[-3.0672626429282213,38.12569800135185],[-3.067221289130079,38.125651950334884],[-3.067133018464328,38.12555365491232],[-3.0669585013625627,38.12534917334315],[-3.066938734319134,38.12532601246693],[-3.0675836379875916,38.125011477340735],[-3.068513748501316,38.12455771544177],[-3.068807300369877,38.12490949304237],[-3.067734559192333,38.12547311068539],[-3.0677204314936954,38.1255032939205],[-3.0677146471419716,38.1255156513611],[-3.0676254838034804,38.12556464442625],[-3.0675522653603413,38.125582431664014],[-3.067448353224149,38.12562078306428],[-3.0673149116413243,38.125660084972395],[-3.0672736014290813,38.125695599098265],[-3.067269097832238,38.12570518967243]]]},"properties":{"dn_surface":8024.799507208822,"provincia":23,"municipio":95,"agregado":0,"zona":0,"poligono":10,"parcela":598,"recinto":1,"uso_sigpac":"OV","idPanel":"23:95:0:0:10:598:1"},"id":1155198912},{"type":"Feature","geometry":{"type":"Polygon","coordinates":[[[-3.0675836379875916,38.125011477340735],[-3.066938734319134,38.12532601246693],[-3.0669261698455315,38.12531132820985],[-3.066659761095629,38.12506344598168],[-3.0666543950008984,38.12505876301205],[-3.066669909066403,38.125056500736264],[-3.066720667360465,38.125042594319865],[-3.0669059971179666,38.12496543470564],[-3.067360786638306,38.1247379775003],[-3.0675836379875916,38.125011477340735]]]},"properties":{"dn_surface":2472.90288403036,"provincia":23,"municipio":95,"agregado":0,"zona":0,"poligono":10,"parcela":600,"recinto":1,"uso_sigpac":"OV","idPanel":"23:95:0:0:10:600:1"},"id":1112543938},{"type":"Feature","geometry":{"type":"Polygon","coordinates":[[[-3.0691425362835845,38.12519987236038],[-3.0691493122145124,38.12519660509432],[-3.069318063404742,38.125115233573496],[-3.068790420054073,38.12443616023654],[-3.06868372093491,38.124291837266355],[-3.0685935869719736,38.12416994762316],[-3.068440507427037,38.12396283245985],[-3.0688153780104446,38.12380841683944],[-3.069455156982997,38.123526139469504],[-3.0694991879611724,38.12363606897438],[-3.069578110289759,38.12374305056366],[-3.0696012041107537,38.12377435445933],[-3.0698620657168063,38.124061077590966],[-3.0698809107508302,38.12408179598043],[-3.0701238862126403,38.124393943940504],[-3.0701066857081165,38.12442180287371],[-3.0700799365389306,38.12448580792832],[-3.070047599154567,38.12455288075972],[-3.0699779027873513,38.124685225989566],[-3.0699486063576398,38.12494687884728],[-3.069948273596064,38.12513151709777],[-3.069946305525083,38.1251390993678],[-3.069940025802852,38.125140292950874],[-3.069855219377888,38.12512207823602],[-3.0696330327135644,38.125122209831915],[-3.0694711680953906,38.12513734838811],[-3.0691442956451653,38.125200218532996],[-3.0691425362835845,38.12519987236038]]]},"properties":{"dn_surface":15244.270459232957,"provincia":23,"municipio":95,"agregado":0,"zona":0,"poligono":10,"parcela":595,"recinto":2,"uso_sigpac":"OV","idPanel":"23:95:0:0:10:595:2"},"id":1326418881},{"type":"Feature","geometry":{"type":"Polygon","coordinates":[[[-3.0702613293162777,38.12412051199351],[-3.070231061423931,38.124203265690255],[-3.0701826676648953,38.12430099030516],[-3.0701390365035253,38.12436924079398],[-3.0701238862126403,38.124393943940504],[-3.0698809107508302,38.12408179598043],[-3.0698620657168063,38.124061077590966],[-3.0696012041107537,38.12377435445933],[-3.06991988408833,38.12368080151788],[-3.0700992409012757,38.12392205701303],[-3.0701644646846926,38.124001871176176],[-3.0702613293162777,38.12412051199351]]]},"properties":{"dn_surface":1888.28395209138,"provincia":23,"municipio":95,"agregado":0,"zona":0,"poligono":10,"parcela":592,"recinto":1,"uso_sigpac":"OV","idPanel":"23:95:0:0:10:592:1"},"id":1112543948},{"type":"Feature","geometry":{"type":"Polygon","coordinates":[[[-3.0704546654681657,38.123836953868675],[-3.0704451084216,38.12386345660988],[-3.0703630579665635,38.123961020292256],[-3.0703048288817594,38.12403522780002],[-3.0702613293162777,38.12412051199351],[-3.0701644646846926,38.124001871176176],[-3.0700992409012757,38.12392205701303],[-3.0702223090401177,38.12388512466907],[-3.0704466431481627,38.12379973654001],[-3.0704546654681657,38.123836953868675]]]},"properties":{"dn_surface":454.768963967584,"provincia":23,"municipio":95,"agregado":0,"zona":0,"poligono":10,"parcela":591,"recinto":1,"uso_sigpac":"OV","idPanel":"23:95:0:0:10:591:1"},"id":1112543949},{"type":"Feature","geometry":{"type":"Polygon","coordinates":[[[-3.0666543950008984,38.12505876301205],[-3.0666149237783205,38.12506464207931],[-3.066571350452086,38.12507512113527],[-3.0665381639808813,38.12509127138728],[-3.066491436544295,38.125146273439185],[-3.066487553208324,38.125141769842344],[-3.066385698829483,38.12505142800816],[-3.0657481326795,38.12440881176124],[-3.0658587344130113,38.12433520858872],[-3.0663688243810125,38.12481557716447],[-3.0666543950008984,38.12505876301205]]]},"properties":{"dn_surface":1518.17330269853,"provincia":23,"municipio":95,"agregado":0,"zona":0,"poligono":10,"parcela":627,"recinto":1,"uso_sigpac":"OV","idPanel":"23:95:0:0:10:627:1"},"id":1112543906},{"type":"Feature","geometry":{"type":"Polygon","coordinates":[[[-3.0655013107620963,38.12461524296123],[-3.065474590929573,38.124590922867725],[-3.0657481326795,38.12440881176124],[-3.066385698829483,38.12505142800816],[-3.066487553208324,38.125141769842344],[-3.066491436544295,38.125146273439185],[-3.0664905245931755,38.1251474460675],[-3.066450205960137,38.12522317405259],[-3.0664170496637846,38.12527249065923],[-3.0664115804716396,38.12527952307639],[-3.066392550197545,38.12530458999751],[-3.066347740540518,38.12533570865307],[-3.066291422529752,38.12536562031451],[-3.066275553909722,38.12537404915685],[-3.065965824967076,38.12503813598531],[-3.0655013107620963,38.12461524296123]]]},"properties":{"dn_surface":3248.62744140625,"provincia":23,"municipio":95,"agregado":0,"zona":0,"poligono":10,"parcela":643,"recinto":1,"uso_sigpac":"OV","idPanel":"23:95:0:0:10:643:1"},"id":1179178947},{"type":"Feature","geometry":{"type":"Polygon","coordinates":[[[-3.0644693358112476,38.12281713938367],[-3.0648110903314403,38.12313393343294],[-3.065293147860803,38.12354240036262],[-3.065757140711376,38.123902837307924],[-3.065805424667473,38.123960985088274],[-3.0658023074374974,38.12396286598744],[-3.0657537066454412,38.12400109165915],[-3.0656696495626656,38.124060253649816],[-3.065630441531863,38.12406659120717],[-3.0656288238244547,38.12406756686076],[-3.0648934048164427,38.123449331895216],[-3.0642960340855145,38.12294557026448],[-3.0644693358112476,38.12281713938367]]]},"properties":{"dn_surface":3327.2663318270006,"provincia":23,"municipio":95,"agregado":0,"zona":0,"poligono":20,"parcela":83,"recinto":2,"uso_sigpac":"OV","idPanel":"23:95:0:0:20:83:2"},"id":1155197044},{"type":"Feature","geometry":{"type":"Polygon","coordinates":[[[-3.0639751555346044,38.12339357547202],[-3.064230412161672,38.123178671005576],[-3.064117487802654,38.123077879452154],[-3.0642960340855145,38.12294557026448],[-3.0648934048164427,38.123449331895216],[-3.0656288238244547,38.12406756686076],[-3.0651022282117437,38.12437625980013],[-3.065079048895332,38.124351766201215],[-3.0650538076306164,38.12432509414555],[-3.0645962763895853,38.12391769507039],[-3.0639751555346044,38.12339357547202]]]},"properties":{"dn_surface":8682.43171046263,"provincia":23,"municipio":95,"agregado":0,"zona":0,"poligono":20,"parcela":84,"recinto":1,"uso_sigpac":"OV","idPanel":"23:95:0:0:20:84:1"},"id":1112549851},{"type":"Feature","geometry":{"type":"Polygon","coordinates":[[[-3.0655013107620963,38.12461524296123],[-3.065965824967076,38.12503813598531],[-3.066275553909722,38.12537404915685],[-3.066308720264358,38.125410010038166],[-3.0663816503700105,38.12548908575559],[-3.066387702942652,38.125496020942705],[-3.0662192828376167,38.125594892202],[-3.065988690800291,38.125713350293836],[-3.0659385133721537,38.12573771145867],[-3.065923752001599,38.12572435238059],[-3.0651084836264544,38.12498650178233],[-3.065147751168772,38.12488202470581],[-3.0651532211991075,38.124874361131305],[-3.0652018764735383,38.12480601927973],[-3.0655013107620963,38.12461524296123]]]},"properties":{"dn_surface":6274.91650390625,"provincia":23,"municipio":95,"agregado":0,"zona":0,"poligono":10,"parcela":610,"recinto":2,"uso_sigpac":"OV","idPanel":"23:95:0:0:10:610:2"},"id":1179178948},{"type":"Feature","geometry":{"type":"Polygon","coordinates":[[[-3.0651084836264544,38.12498650178233],[-3.065923752001599,38.12572435238059],[-3.065618298668015,38.125707752858574],[-3.064966078435843,38.12509346744602],[-3.065008035731049,38.125061990883154],[-3.0651084836264544,38.12498650178233]]]},"properties":{"dn_surface":1794.6416199228495,"provincia":23,"municipio":95,"agregado":0,"zona":0,"poligono":10,"parcela":611,"recinto":1,"uso_sigpac":"OV","idPanel":"23:95:0:0:10:611:1"},"id":1155198941},{"type":"Feature","geometry":{"type":"Polygon","coordinates":[[[-3.064837258634702,38.125083711748374],[-3.064928533374729,38.125084114079726],[-3.064960605890936,38.12509761565016],[-3.064966078435843,38.12509346744602],[-3.0655476568220648,38.1256412198218],[-3.065218739187344,38.125661473853825],[-3.0652103908112873,38.12566198766453],[-3.0652097655212738,38.125661379138336],[-3.065066067841117,38.12552160418909],[-3.06466845966762,38.125149142564794],[-3.0647044951478835,38.12512938557964],[-3.064837258634702,38.125083711748374]]]},"properties":{"dn_surface":1892.6688367600127,"provincia":23,"municipio":95,"agregado":0,"zona":0,"poligono":10,"parcela":612,"recinto":1,"uso_sigpac":"OV","idPanel":"23:95:0:0:10:612:1"},"id":1210244046},{"type":"Feature","geometry":{"type":"Polygon","coordinates":[[[-3.0646318072792478,38.12511743717593],[-3.06466845966762,38.125149142564794],[-3.065066067841117,38.12552160418909],[-3.0652097655212738,38.125661379138336],[-3.065083746114149,38.12566004557743],[-3.0648593332162095,38.12566505376489],[-3.064450057432804,38.125245331614934],[-3.0646318072792478,38.12511743717593]]]},"properties":{"dn_surface":1575.9341537877704,"provincia":23,"municipio":95,"agregado":0,"zona":0,"poligono":10,"parcela":463,"recinto":4,"uso_sigpac":"OV","idPanel":"23:95:0:0:10:463:4"},"id":1155196726},{"type":"Feature","geometry":{"type":"Polygon","coordinates":[[[-3.064450057432804,38.125245331614934],[-3.0648593332162095,38.12566505376489],[-3.064885372438155,38.1256917576718],[-3.0648791430073468,38.12569202756907],[-3.064643150509485,38.12569486149073],[-3.064592626908726,38.125709610288425],[-3.064330114905841,38.125445463814344],[-3.0642680871422936,38.12538305048321],[-3.064315853096744,38.12533967413171],[-3.064450057432804,38.125245331614934]]]},"properties":{"dn_surface":1169.5394268740836,"provincia":23,"municipio":95,"agregado":0,"zona":0,"poligono":10,"parcela":462,"recinto":1,"uso_sigpac":"OV","idPanel":"23:95:0:0:10:462:1"},"id":1155198840},{"type":"Feature","geometry":{"type":"Polygon","coordinates":[[[-3.0672851894109066,38.12209479530719],[-3.0670064148385174,38.12226369066619],[-3.0667097071832243,38.122443448134135],[-3.0665728776349352,38.12252643903878],[-3.066565808337378,38.12253076913021],[-3.066383672085176,38.122352778567546],[-3.0659759075590007,38.121841261161364],[-3.0655335257706655,38.1213951033254],[-3.065742326534827,38.12129359931015],[-3.066019516089231,38.1216210593318],[-3.0663674103538634,38.12141835724074],[-3.0663712936898344,38.12142259094031],[-3.066605318954904,38.12158126708235],[-3.067272857954225,38.12208479821069],[-3.0672851894109066,38.12209479530719]]]},"properties":{"dn_surface":8360.46632243083,"provincia":23,"municipio":95,"agregado":0,"zona":0,"poligono":20,"parcela":72,"recinto":1,"uso_sigpac":"OV","idPanel":"23:95:0:0:20:72:1"},"id":1112549868},{"type":"Feature","geometry":{"type":"Polygon","coordinates":[[[-3.0655335257706655,38.1213951033254],[-3.0659759075590007,38.121841261161364],[-3.066383672085176,38.122352778567546],[-3.066565808337378,38.12253076913021],[-3.066394882881336,38.12263333513266],[-3.0662796166184316,38.12271802588734],[-3.065020231400891,38.12163096674195],[-3.0654044360722263,38.1214578997095],[-3.0655335257706655,38.1213951033254]]]},"properties":{"dn_surface":6759.90653622442,"provincia":23,"municipio":95,"agregado":0,"zona":0,"poligono":20,"parcela":75,"recinto":1,"uso_sigpac":"OV","idPanel":"23:95:0:0:20:75:1"},"id":1112549861},{"type":"Feature","geometry":{"type":"Polygon","coordinates":[[[-3.0662796166184316,38.12271802588734],[-3.066172216772122,38.12279685433862],[-3.066389186539601,38.12301367155544],[-3.0665167322913836,38.12313049601423],[-3.066704911896134,38.123302985533485],[-3.066765779604213,38.12335878889539],[-3.0667823305112014,38.12337396265559],[-3.066720640538373,38.12340950611812],[-3.0666584945899844,38.12344514010519],[-3.066588938200559,38.12348762713671],[-3.0665151682281597,38.123538227850986],[-3.066460896240079,38.12357638060013],[-3.066201270964817,38.12337608076268],[-3.0654850431634513,38.122782803753466],[-3.0650269763187747,38.122404967652585],[-3.065016243291124,38.12239605098341],[-3.0644860032266976,38.121935785565455],[-3.0644383914992743,38.121893811506425],[-3.064474316338409,38.12188000315828],[-3.064918506941557,38.1216771652804],[-3.065020231400891,38.12163096674195],[-3.0662796166184316,38.12271802588734]]]},"properties":{"dn_surface":12864.405307116,"provincia":23,"municipio":95,"agregado":0,"zona":0,"poligono":20,"parcela":76,"recinto":1,"uso_sigpac":"OV","idPanel":"23:95:0:0:20:76:1"},"id":1112549860},{"type":"Feature","geometry":{"type":"Polygon","coordinates":[[[-3.066460896240079,38.12357638060013],[-3.06638632914864,38.12362887478645],[-3.065757140711376,38.123902837307924],[-3.065293147860803,38.12354240036262],[-3.0648110903314403,38.12313393343294],[-3.0644693358112476,38.12281713938367],[-3.064565928030963,38.12277067346247],[-3.0647119726441483,38.12265469389959],[-3.0650269763187747,38.122404967652585],[-3.0654850431634513,38.122782803753466],[-3.066201270964817,38.12337608076268],[-3.066460896240079,38.12357638060013]]]},"properties":{"dn_surface":11983.4702941764,"provincia":23,"municipio":95,"agregado":0,"zona":0,"poligono":20,"parcela":77,"recinto":1,"uso_sigpac":"OV","idPanel":"23:95:0:0:20:77:1"},"id":1112549859},{"type":"Feature","geometry":{"type":"Polygon","coordinates":[[[-3.06710804625872,38.1228260552146],[-3.0670207168807515,38.12288397500717],[-3.066952085853492,38.12295091959544],[-3.066858604996419,38.12301369670118],[-3.0667446513396293,38.12306602995491],[-3.0667085001890957,38.123090101944086],[-3.066693570342277,38.1231008291044],[-3.0666895126627094,38.12310374433048],[-3.0667012297258514,38.123130478412236],[-3.0667195073049967,38.12313938167031],[-3.0667502186000477,38.12315928869154],[-3.0667538848447133,38.12317239463613],[-3.066775961102603,38.12317206858009],[-3.066797722200913,38.12316240927427],[-3.0668939003545885,38.12324889794732],[-3.066765779604213,38.12335878889539],[-3.066704911896134,38.123302985533485],[-3.0665167322913836,38.12313049601423],[-3.066389186539601,38.12301367155544],[-3.066172216772122,38.12279685433862],[-3.0662796166184316,38.12271802588734],[-3.066394882881336,38.12263333513266],[-3.066565808337378,38.12253076913021],[-3.0665728776349352,38.12252643903878],[-3.0667097071832243,38.122443448134135],[-3.066922431516494,38.122633228682446],[-3.0670158335836732,38.12271654396679],[-3.06710804625872,38.1228260552146]]]},"properties":{"dn_surface":3888.20659508255,"provincia":23,"municipio":95,"agregado":0,"zona":0,"poligono":20,"parcela":74,"recinto":1,"uso_sigpac":"OV","idPanel":"23:95:0:0:20:74:1"},"id":1112549863},{"type":"Feature","geometry":{"type":"Polygon","coordinates":[[[-3.0681672271925042,38.122238148491135],[-3.0681633505620565,38.12224031437506],[-3.06822278831737,38.12229341038204],[-3.068270227377577,38.12233578844882],[-3.0682995732605205,38.122362088347955],[-3.0683564570497843,38.12241298075247],[-3.0684561220753857,38.122502147443726],[-3.0686594762785413,38.122683878849955],[-3.0687129260018726,38.12273164564263],[-3.0685307562220547,38.12277350822231],[-3.0684586215590604,38.122798178679375],[-3.067792527599932,38.12220338789842],[-3.067722646830836,38.122140968699966],[-3.067647520666422,38.122080536012675],[-3.0668018393919962,38.121400997480066],[-3.0667874535307265,38.12138919827427],[-3.067033306500066,38.12126180591133],[-3.0678027401113646,38.12190118841983],[-3.0678785535918807,38.1219641448983],[-3.0678949972105025,38.121979818219984],[-3.0681672271925042,38.122238148491135]]]},"properties":{"dn_surface":5031.32470703125,"provincia":23,"municipio":95,"agregado":0,"zona":0,"poligono":20,"parcela":69,"recinto":2,"uso_sigpac":"OV","idPanel":"23:95:0:0:20:69:2"},"id":1373003336},{"type":"Feature","geometry":{"type":"Polygon","coordinates":[[[-3.068041895939672,38.122777083942424],[-3.0678637377389513,38.12258728663025],[-3.067835504134625,38.122556300408746],[-3.0678132585622824,38.12253188643797],[-3.067747491631507,38.12247739652037],[-3.067689032882543,38.12242912178439],[-3.067574399453365,38.122334191696126],[-3.0674891085543696,38.12226358002505],[-3.0674765474335284,38.12225151008374],[-3.067449773118631,38.12222958302377],[-3.0672851894109066,38.12209479530719],[-3.067272857954225,38.12208479821069],[-3.066605318954904,38.12158126708235],[-3.0663712936898344,38.12142259094031],[-3.0663674103538634,38.12141835724074],[-3.0663016283356623,38.121344039091866],[-3.0663722048027635,38.12129668468887],[-3.0665764600605643,38.121215550375894],[-3.0667874535307265,38.12138919827427],[-3.0668018393919962,38.121400997480066],[-3.067647520666422,38.122080536012675],[-3.067722646830836,38.122140968699966],[-3.067792527599932,38.12220338789842],[-3.0684586215590604,38.122798178679375],[-3.0683629790090308,38.12283060491194],[-3.068322978888332,38.1228415265324],[-3.068274697446805,38.12284809459214],[-3.0682388363101376,38.12285901369805],[-3.0681974665863794,38.12288083598423],[-3.0681680469426835,38.12289927449595],[-3.068041895939672,38.122777083942424]]]},"properties":{"dn_surface":6000.22219261408,"provincia":23,"municipio":95,"agregado":0,"zona":0,"poligono":20,"parcela":71,"recinto":2,"uso_sigpac":"OV","idPanel":"23:95:0:0:20:71:2"},"id":1112549870},{"type":"Feature","geometry":{"type":"Polygon","coordinates":[[[-3.067574399453365,38.122334191696126],[-3.0673778077700917,38.122417916017355],[-3.06728412407095,38.12246036533031],[-3.067140677847902,38.122532520948056],[-3.0671114032111406,38.12254737619594],[-3.0670792963291285,38.12266610753781],[-3.0671232745013106,38.12271484076393],[-3.067152630442538,38.12278690166619],[-3.06710804625872,38.1228260552146],[-3.0670158335836732,38.12271654396679],[-3.066922431516494,38.122633228682446],[-3.0667097071832243,38.122443448134135],[-3.0670064148385174,38.12226369066619],[-3.066996963403938,38.12231637009256],[-3.0668477034925044,38.122435165975105],[-3.067011869781427,38.12259830799542],[-3.067038116874583,38.12247745938464],[-3.0671288702602006,38.12243289196465],[-3.0670731842449714,38.122392644577786],[-3.067175654693732,38.12235019107388],[-3.067245915163064,38.12231623346756],[-3.067414566608642,38.12226890421027],[-3.067449773118631,38.12222958302377],[-3.0674765474335284,38.12225151008374],[-3.0674891085543696,38.12226358002505],[-3.067574399453365,38.122334191696126]]]},"properties":{"dn_surface":1319.60654185581,"provincia":23,"municipio":95,"agregado":0,"zona":0,"poligono":20,"parcela":73,"recinto":2,"uso_sigpac":"OV","idPanel":"23:95:0:0:20:73:2"},"id":1112549866},{"type":"Feature","geometry":{"type":"Polygon","coordinates":[[[-3.0622140496798775,38.122195891123795],[-3.0619493240162323,38.122282185336644],[-3.0617718623517067,38.12235203257811],[-3.061462807314116,38.12209767113836],[-3.0617031902531195,38.12196299154837],[-3.061891692561161,38.12186366766625],[-3.0622140496798775,38.122195891123795]]]},"properties":{"dn_surface":1833.15290321556,"provincia":23,"municipio":95,"agregado":0,"zona":0,"poligono":20,"parcela":122,"recinto":1,"uso_sigpac":"OV","idPanel":"23:95:0:0:20:122:1"},"id":1112549799},{"type":"Feature","geometry":{"type":"Polygon","coordinates":[[[-3.061891692561161,38.12186366766625],[-3.0617031902531195,38.12196299154837],[-3.061462807314116,38.12209767113836],[-3.061389994555115,38.122069678094675],[-3.06076966411365,38.12243707118182],[-3.0605888237037555,38.12228953291341],[-3.060570902355516,38.12227818633039],[-3.0605518393919966,38.12226602837913],[-3.060519648690948,38.12224549522969],[-3.0611682412352104,38.12184122847191],[-3.061145595007872,38.12177391507993],[-3.0615452475276728,38.12150973591639],[-3.061891692561161,38.12186366766625]]]},"properties":{"dn_surface":4450.64073877231,"provincia":23,"municipio":95,"agregado":0,"zona":0,"poligono":20,"parcela":124,"recinto":1,"uso_sigpac":"OV","idPanel":"23:95:0:0:20:124:1"},"id":1112549796},{"type":"Feature","geometry":{"type":"Polygon","coordinates":[[[-3.061145595007872,38.12177391507993],[-3.0611682412352104,38.12184122847191],[-3.060519648690948,38.12224549522969],[-3.0604423692154805,38.12219614425726],[-3.0603611066593888,38.122158330975225],[-3.060290686933886,38.12212546972191],[-3.060281667167345,38.12211817327474],[-3.060267168988566,38.12210655427987],[-3.0606110977745713,38.12191432621563],[-3.061048410187567,38.12166040398765],[-3.0610896315516305,38.12170220202668],[-3.061145595007872,38.12177391507993]]]},"properties":{"dn_surface":1885.39251924495,"provincia":23,"municipio":95,"agregado":0,"zona":0,"poligono":20,"parcela":125,"recinto":1,"uso_sigpac":"OV","idPanel":"23:95:0:0:20:125:1"},"id":1112549795},{"type":"Feature","geometry":{"type":"Polygon","coordinates":[[[-3.061048410187567,38.12166040398765],[-3.0606110977745713,38.12191432621563],[-3.060267168988566,38.12210655427987],[-3.060207459659574,38.122058276191126],[-3.0601902214364842,38.12204440497871],[-3.0601199961711467,38.121971166419],[-3.060046916029418,38.1218948651117],[-3.060042005910248,38.12188964067116],[-3.0604089245816426,38.1216319700558],[-3.0603750189431023,38.12160602974032],[-3.060755536415013,38.12137710234907],[-3.060866512819619,38.12147609598421],[-3.061048410187567,38.12166040398765]]]},"properties":{"dn_surface":3131.71149818043,"provincia":23,"municipio":95,"agregado":0,"zona":0,"poligono":20,"parcela":126,"recinto":1,"uso_sigpac":"OV","idPanel":"23:95:0:0:20:126:1"},"id":1112549794},{"type":"Feature","geometry":{"type":"Polygon","coordinates":[[[-3.060570902355516,38.12227818633039],[-3.0605888237037555,38.12228953291341],[-3.06076966411365,38.12243707118182],[-3.060813618816501,38.122472739534686],[-3.0608251498013823,38.122482196836614],[-3.0608332559404223,38.12248976318102],[-3.0607027153344584,38.12259797942477],[-3.060517989074021,38.12271451386971],[-3.060352411272521,38.12281030897037],[-3.0602656267182904,38.12271851287596],[-3.0601607917345035,38.12259689396825],[-3.060148458601443,38.12258374108498],[-3.0603113935887145,38.122465866373716],[-3.0604905182229287,38.12233626705549],[-3.060570902355516,38.12227818633039]]]},"properties":{"dn_surface":1738.47433974824,"provincia":23,"municipio":48,"agregado":0,"zona":0,"poligono":19,"parcela":83,"recinto":2,"uso_sigpac":"OV","idPanel":"23:48:0:0:19:83:2"},"id":1112039582},{"type":"Feature","geometry":{"type":"Polygon","coordinates":[[[-3.0606037803726656,38.1230693114702],[-3.0605072987940787,38.123151967098664],[-3.0604379477612937,38.12320843514553],[-3.060378789123373,38.12324877389514],[-3.060303602609254,38.12327571165716],[-3.060093671964477,38.1228286410319],[-3.0602656267182904,38.12271851287596],[-3.060352411272521,38.12281030897037],[-3.060376391898923,38.12283571284405],[-3.0606037803726656,38.1230693114702]]]},"properties":{"dn_surface":1378.92664124027,"provincia":23,"municipio":48,"agregado":0,"zona":0,"poligono":19,"parcela":81,"recinto":1,"uso_sigpac":"OV","idPanel":"23:48:0:0:19:81:1"},"id":1112039586},{"type":"Feature","geometry":{"type":"Polygon","coordinates":[[[-3.0593378555938813,38.12452248127147],[-3.059497046384784,38.12442371646233],[-3.0595731029405058,38.12437140667791],[-3.0594549398916926,38.12427773219886],[-3.059356878324263,38.12420838200424],[-3.059309487040906,38.12415640246684],[-3.059302925686713,38.12408529542523],[-3.0592735135867306,38.1239750851266],[-3.058873440295365,38.12361134738768],[-3.0587784473428696,38.12352586286673],[-3.058608722175433,38.1234374396503],[-3.0586727171717714,38.12342524230408],[-3.0588161348963463,38.12343301484336],[-3.0589986986256363,38.12345581948867],[-3.0591333430116374,38.12347729476406],[-3.0591971167257195,38.1234742898516],[-3.059652513095886,38.12396129270411],[-3.059797551880631,38.12413300354456],[-3.06011078110625,38.12446406527022],[-3.060284380389564,38.124678480233456],[-3.0603818107996474,38.12480983723685],[-3.060149840777357,38.12492197788785],[-3.0599868680715185,38.1250013679267],[-3.0599438722584464,38.125022298378354],[-3.059840660011212,38.12507254872904],[-3.0593378555938813,38.12452248127147]]]},"properties":{"dn_surface":8236.2864826035,"provincia":23,"municipio":48,"agregado":0,"zona":0,"poligono":19,"parcela":76,"recinto":2,"uso_sigpac":"OV","idPanel":"23:48:0:0:19:76:2"},"id":1112039591},{"type":"Feature","geometry":{"type":"Polygon","coordinates":[[[-3.0603182583678223,38.123306921675464],[-3.0602588189361284,38.12330884364599],[-3.0601471258787583,38.12331052086492],[-3.0599180316876193,38.123309100132246],[-3.0596901034192805,38.123338682384855],[-3.0595069085326436,38.123379959069496],[-3.0592715798815537,38.123427749331455],[-3.0591742701708835,38.123439692706],[-3.0591038093740526,38.12335816192902],[-3.0590420313912348,38.123290056447075],[-3.0589237166299648,38.12314708212523],[-3.0589970465524225,38.1231100952989],[-3.0592771287017833,38.12296134249263],[-3.059875333432128,38.12286362625963],[-3.060007663574526,38.12284697896075],[-3.0600382374063573,38.12284398997389],[-3.060093671964477,38.1228286410319],[-3.060303602609254,38.12327571165716],[-3.0603182583678223,38.123306921675464]]]},"properties":{"dn_surface":5109.53679571314,"provincia":23,"municipio":48,"agregado":0,"zona":0,"poligono":19,"parcela":80,"recinto":1,"uso_sigpac":"OV","idPanel":"23:48:0:0:19:80:1"},"id":1112039587},{"type":"Feature","geometry":{"type":"Polygon","coordinates":[[[-3.0593378555938813,38.12452248127147],[-3.059840660011212,38.12507254872904],[-3.0596123394697807,38.125185227498264],[-3.0592608686468514,38.12483048018919],[-3.0590338498150618,38.124583643184394],[-3.058990794490474,38.1245318413433],[-3.0589265891083524,38.124565849241066],[-3.0588229234001294,38.124480368911065],[-3.0587294056626804,38.12438686290827],[-3.0586605416184987,38.12430506055759],[-3.0590032558666613,38.124144292292414],[-3.0593378555938813,38.12452248127147]]]},"properties":{"dn_surface":3508.84398314507,"provincia":23,"municipio":48,"agregado":0,"zona":0,"poligono":19,"parcela":65,"recinto":2,"uso_sigpac":"OV","idPanel":"23:48:0:0:19:65:2"},"id":1112039601},{"type":"Feature","geometry":{"type":"Polygon","coordinates":[[[-3.058608722175433,38.1234374396503],[-3.0587784473428696,38.12352586286673],[-3.058873440295365,38.12361134738768],[-3.0592735135867306,38.1239750851266],[-3.059302925686713,38.12408529542523],[-3.059309487040906,38.12415640246684],[-3.059356878324263,38.12420838200424],[-3.0594549398916926,38.12427773219886],[-3.0595731029405058,38.12437140667791],[-3.059497046384784,38.12442371646233],[-3.0593378555938813,38.12452248127147],[-3.0590032558666613,38.124144292292414],[-3.0584848108170815,38.12356646899903],[-3.0584132218160165,38.12349926876274],[-3.058507082373326,38.123455152289125],[-3.058608722175433,38.1234374396503]]]},"properties":{"dn_surface":3434.94362220129,"provincia":23,"municipio":48,"agregado":0,"zona":0,"poligono":19,"parcela":77,"recinto":1,"uso_sigpac":"OV","idPanel":"23:48:0:0:19:77:1"},"id":1112039590},{"type":"Feature","geometry":{"type":"Polygon","coordinates":[[[-3.0590238242200805,38.12265215082999],[-3.0592771287017833,38.12296134249263],[-3.0589970465524225,38.1231100952989],[-3.0589237166299648,38.12314708212523],[-3.0584713964184456,38.12334521524056],[-3.058392524381281,38.12330064027688],[-3.0584887980886575,38.12313800703811],[-3.0585871513463347,38.12300745721208],[-3.0586867685950856,38.1228872716099],[-3.058766192161512,38.12276916807261],[-3.0590238242200805,38.12265215082999]]]},"properties":{"dn_surface":2629.26274020335,"provincia":23,"municipio":48,"agregado":0,"zona":0,"poligono":19,"parcela":90,"recinto":1,"uso_sigpac":"OV","idPanel":"23:48:0:0:19:90:1"},"id":1112039575},{"type":"Feature","geometry":{"type":"Polygon","coordinates":[[[-3.0589237166299648,38.12314708212523],[-3.0590420313912348,38.123290056447075],[-3.0591038093740526,38.12335816192902],[-3.0591742701708835,38.123439692706],[-3.0591075275865207,38.12343936413538],[-3.0590208025438073,38.123419397602646],[-3.058831046302977,38.12339064851125],[-3.0586483886963656,38.12339190663499],[-3.0585451513034196,38.12340953042565],[-3.0585365372210163,38.123402019401766],[-3.0584713964184456,38.12334521524056],[-3.0589237166299648,38.12314708212523]]]},"properties":{"dn_surface":960.568987405584,"provincia":23,"municipio":48,"agregado":0,"zona":0,"poligono":19,"parcela":79,"recinto":1,"uso_sigpac":"OV","idPanel":"23:48:0:0:19:79:1"},"id":1112039588},{"type":"Feature","geometry":{"type":"Polygon","coordinates":[[[-3.060290686933886,38.12212546972191],[-3.0603611066593888,38.122158330975225],[-3.0604423692154805,38.12219614425726],[-3.0605518393919966,38.12226602837913],[-3.060570902355516,38.12227818633039],[-3.0604905182229287,38.12233626705549],[-3.0603113935887145,38.122465866373716],[-3.060148458601443,38.12258374108498],[-3.059943599846578,38.12236375299403],[-3.060290686933886,38.12212546972191]]]},"properties":{"dn_surface":1354.89117117573,"provincia":23,"municipio":48,"agregado":0,"zona":0,"poligono":19,"parcela":576,"recinto":1,"uso_sigpac":"OV","idPanel":"23:48:0:0:19:576:1"},"id":1112039070},{"type":"Feature","geometry":{"type":"Polygon","coordinates":[[[-3.0603750189431023,38.12160602974032],[-3.0604089245816426,38.1216319700558],[-3.060042005910248,38.12188964067116],[-3.060020994992315,38.121867209020564],[-3.060011859555504,38.12185748014494],[-3.0599430030550367,38.12178397001156],[-3.0598745555914673,38.12165305054356],[-3.0598381672330595,38.12152220483631],[-3.059915710738492,38.121478996122875],[-3.0600896184758617,38.12138860483549],[-3.0603750189431023,38.12160602974032]]]},"properties":{"dn_surface":1511.14783666692,"provincia":23,"municipio":95,"agregado":0,"zona":0,"poligono":20,"parcela":141,"recinto":1,"uso_sigpac":"OV","idPanel":"23:95:0:0:20:141:1"},"id":1112549778},{"type":"Feature","geometry":{"type":"Polygon","coordinates":[[[-3.0598366802833485,38.12151706756754],[-3.0598372519291788,38.12151896020137],[-3.0598381672330595,38.12152220483631],[-3.0598745555914673,38.12165305054356],[-3.0599430030550367,38.12178397001156],[-3.060011859555504,38.12185748014494],[-3.060020994992315,38.121867209020564],[-3.060046916029418,38.1218948651117],[-3.0601199961711467,38.121971166419],[-3.0601902214364842,38.12204440497871],[-3.060207459659574,38.122058276191126],[-3.060281667167345,38.12211817327474],[-3.060290686933886,38.12212546972191],[-3.059943599846578,38.12236375299403],[-3.0597591795256247,38.12216205002588],[-3.0596713631590515,38.12206349392616],[-3.0594340882299296,38.121820899002756],[-3.0593830441129533,38.12176414345663],[-3.059541440299388,38.121677906240706],[-3.0598366802833485,38.12151706756754]]]},"properties":{"dn_surface":3204.50424835767,"provincia":23,"municipio":48,"agregado":0,"zona":0,"poligono":19,"parcela":84,"recinto":1,"uso_sigpac":"OV","idPanel":"23:48:0:0:19:84:1"},"id":1112039581},{"type":"Feature","geometry":{"type":"Polygon","coordinates":[[[-3.0602656267182904,38.12271851287596],[-3.060093671964477,38.1228286410319],[-3.0600382374063573,38.12284398997389],[-3.060007663574526,38.12284697896075],[-3.059875333432128,38.12286362625963],[-3.05975106584287,38.122697043467895],[-3.059627738703205,38.12256254492701],[-3.059943599846578,38.12236375299403],[-3.060148458601443,38.12258374108498],[-3.0601607917345035,38.12259689396825],[-3.0602656267182904,38.12271851287596]]]},"properties":{"dn_surface":1687.15047265824,"provincia":23,"municipio":48,"agregado":0,"zona":0,"poligono":19,"parcela":578,"recinto":1,"uso_sigpac":"OV","idPanel":"23:48:0:0:19:578:1"},"id":1112039068},{"type":"Feature","geometry":{"type":"Polygon","coordinates":[[[-3.0637783132324103,38.12322406069035],[-3.063532834095974,38.12340191714256],[-3.063515047696385,38.123414814377725],[-3.06305958846194,38.12301137323746],[-3.0629975891968657,38.122956517868886],[-3.0626136108369297,38.12261639781991],[-3.06236513349355,38.12236371946642],[-3.0626596258117034,38.12226560257841],[-3.0634285908745884,38.12292276897193],[-3.0637783132324103,38.12322406069035]]]},"properties":{"dn_surface":4470.30042679967,"provincia":23,"municipio":95,"agregado":0,"zona":0,"poligono":20,"parcela":86,"recinto":1,"uso_sigpac":"OV","idPanel":"23:95:0:0:20:86:1"},"id":1112549849},{"type":"Feature","geometry":{"type":"Polygon","coordinates":[[[-3.061462807314116,38.12209767113836],[-3.0617718623517067,38.12235203257811],[-3.061713485745399,38.12237400406224],[-3.0616177996094702,38.12242010201783],[-3.061346546957436,38.122566717438644],[-3.0612187204118797,38.12265601321121],[-3.061130737245425,38.12271904428866],[-3.0610807106915536,38.12275326005761],[-3.0610662946554292,38.122705950916924],[-3.060976550451014,38.12262271861346],[-3.0608681950676857,38.122522191089985],[-3.0608332559404223,38.12248976318102],[-3.0608251498013823,38.122482196836614],[-3.060813618816501,38.122472739534686],[-3.06076966411365,38.12243707118182],[-3.061389994555115,38.122069678094675],[-3.061462807314116,38.12209767113836]]]},"properties":{"dn_surface":3063.61067069825,"provincia":23,"municipio":95,"agregado":0,"zona":0,"poligono":20,"parcela":123,"recinto":1,"uso_sigpac":"OV","idPanel":"23:95:0:0:20:123:1"},"id":1112549798},{"type":"Feature","geometry":{"type":"Polygon","coordinates":[[[-3.0610807106915536,38.12275326005761],[-3.0606037803726656,38.1230693114702],[-3.060376391898923,38.12283571284405],[-3.060352411272521,38.12281030897037],[-3.060517989074021,38.12271451386971],[-3.0607027153344584,38.12259797942477],[-3.0608332559404223,38.12248976318102],[-3.0608681950676857,38.122522191089985],[-3.060976550451014,38.12262271861346],[-3.0610662946554292,38.122705950916924],[-3.0610807106915536,38.12275326005761]]]},"properties":{"dn_surface":1970.72067155318,"provincia":23,"municipio":48,"agregado":0,"zona":0,"poligono":19,"parcela":82,"recinto":1,"uso_sigpac":"OV","idPanel":"23:48:0:0:19:82:1"},"id":1112039584},{"type":"Feature","geometry":{"type":"Polygon","coordinates":[[[-3.06087941676032,38.122975792056366],[-3.060827561275069,38.123041159170356],[-3.0607955356975216,38.123081551564155],[-3.060717467484919,38.1231800976056],[-3.060666181130927,38.12324492408678],[-3.0605642764606644,38.12335357618949],[-3.0605024942868932,38.123419399279044],[-3.060426379057847,38.12353488850056],[-3.060416716399295,38.12357662199895],[-3.060396140502163,38.12366603679456],[-3.0604004177876063,38.12373299898479],[-3.0604009961389598,38.12374183099669],[-3.060455398046547,38.123855182832784],[-3.0605139171452174,38.123979078265506],[-3.0605199244555785,38.12406748890908],[-3.060608276425795,38.12425716133086],[-3.060637288708972,38.124296171548764],[-3.0606904014797744,38.12436770522925],[-3.0607320570264487,38.124382285550695],[-3.060830027231129,38.12447605893618],[-3.060916578768436,38.124559022180534],[-3.0608441582825274,38.12459132268452],[-3.060603410730714,38.12471257195028],[-3.0603818107996474,38.12480983723685],[-3.060284380389564,38.124678480233456],[-3.06011078110625,38.12446406527022],[-3.059797551880631,38.12413300354456],[-3.059652513095886,38.12396129270411],[-3.0591971167257195,38.1234742898516],[-3.0593190667186123,38.123458909896556],[-3.0594702100438007,38.12342666219857],[-3.059624311342794,38.1233840477621],[-3.059925015489758,38.12333892881284],[-3.06014532628404,38.12334143500203],[-3.0602744763321863,38.12334101087771],[-3.060391983916132,38.12333491471918],[-3.060467922287012,38.12328035104085],[-3.060612496714294,38.123171317561486],[-3.06087941676032,38.122975792056366]]]},"properties":{"dn_surface":11548.2507568376,"provincia":23,"municipio":48,"agregado":0,"zona":0,"poligono":19,"parcela":78,"recinto":1,"uso_sigpac":"OV","idPanel":"23:48:0:0:19:78:1"},"id":1112039589},{"type":"Feature","geometry":{"type":"Polygon","coordinates":[[[-3.0644061890635603,38.121860842126495],[-3.0642814227510344,38.12191228019293],[-3.0642039764756843,38.12193458192405],[-3.063411453234342,38.12120947684852],[-3.063501427941109,38.12116328585378],[-3.0635916289592755,38.121116913809914],[-3.0638323329251906,38.121352830032436],[-3.0644061890635603,38.121860842126495]]]},"properties":{"dn_surface":1957.71146716905,"provincia":23,"municipio":95,"agregado":0,"zona":0,"poligono":20,"parcela":113,"recinto":1,"uso_sigpac":"OV","idPanel":"23:95:0:0:20:113:1"},"id":1112549809},{"type":"Feature","geometry":{"type":"Polygon","coordinates":[[[-3.0641975475555685,38.122145390154145],[-3.0640475248909005,38.12202172522376],[-3.064198311146993,38.121978656488125],[-3.0642501314282495,38.12200530675085],[-3.064306881107055,38.122058811794744],[-3.0641975475555685,38.122145390154145]]]},"properties":{"dn_surface":216.544384761763,"provincia":23,"municipio":95,"agregado":0,"zona":0,"poligono":20,"parcela":80,"recinto":1,"uso_sigpac":"OV","idPanel":"23:95:0:0:20:80:1"},"id":1112549856},{"type":"Feature","geometry":{"type":"Polygon","coordinates":[[[-3.0642039764756843,38.12193458192405],[-3.063975630788543,38.12200058354816],[-3.063917420143927,38.12194243241501],[-3.0636682345296875,38.12169350244886],[-3.0632462157381304,38.121294460969835],[-3.063411453234342,38.12120947684852],[-3.0642039764756843,38.12193458192405]]]},"properties":{"dn_surface":1894.58866779175,"provincia":23,"municipio":95,"agregado":0,"zona":0,"poligono":20,"parcela":114,"recinto":1,"uso_sigpac":"OV","idPanel":"23:95:0:0:20:114:1"},"id":1112549808},{"type":"Feature","geometry":{"type":"Polygon","coordinates":[[[-3.0632462157381304,38.121294460969835],[-3.0636682345296875,38.12169350244886],[-3.063917420143927,38.12194243241501],[-3.063875466201482,38.12196458494827],[-3.0638081796315717,38.12199051855819],[-3.063722571058427,38.12202586169323],[-3.063629557911578,38.12206447041791],[-3.063545831913997,38.122079304711036],[-3.0634935464370874,38.122103076628065],[-3.0634365947544033,38.12209348437747],[-3.063404798841017,38.122077808541235],[-3.0633710281511264,38.122074687958474],[-3.0633250073090195,38.12209674577619],[-3.063301535464169,38.12210924570914],[-3.0632620860345408,38.12212567926949],[-3.0631783742861973,38.12210146311156],[-3.063073083326851,38.1220858258321],[-3.06304476925625,38.12206639155025],[-3.0629677940438857,38.122071756806776],[-3.0629493437975257,38.12207768113629],[-3.062898590532606,38.12208894725305],[-3.0628366918503755,38.12206868567728],[-3.0627604928022913,38.12206333215542],[-3.0627237289345994,38.122061378333655],[-3.062421236089393,38.121671160484624],[-3.0626595906077076,38.121568475459156],[-3.062735544066015,38.121535811180536],[-3.063134689480644,38.12135174876687],[-3.0631917073803674,38.12132242802963],[-3.0632462157381304,38.121294460969835]]]},"properties":{"dn_surface":6996.078797757865,"provincia":23,"municipio":95,"agregado":0,"zona":0,"poligono":20,"parcela":115,"recinto":1,"uso_sigpac":"OV","idPanel":"23:95:0:0:20:115:1"},"id":1155197052},{"type":"Feature","geometry":{"type":"Polygon","coordinates":[[[-3.0644860032266976,38.121935785565455],[-3.0643522557043883,38.12202273775773],[-3.064306881107055,38.122058811794744],[-3.0642501314282495,38.12200530675085],[-3.064198311146993,38.121978656488125],[-3.0643015359670835,38.121949761551605],[-3.0644383914992743,38.121893811506425],[-3.0644860032266976,38.121935785565455]]]},"properties":{"dn_surface":184.15270057102,"provincia":23,"municipio":95,"agregado":0,"zona":0,"poligono":20,"parcela":79,"recinto":1,"uso_sigpac":"OV","idPanel":"23:95:0:0:20:79:1"},"id":1112549857},{"type":"Feature","geometry":{"type":"Polygon","coordinates":[[[-3.0639751555346044,38.12339357547202],[-3.0645962763895853,38.12391769507039],[-3.0650538076306164,38.12432509414555],[-3.0646685175027555,38.124577832010544],[-3.064621084309881,38.12460985172078],[-3.063711949510094,38.1237815260161],[-3.0628746568448633,38.12302093112223],[-3.062962348321071,38.12297104622252],[-3.0629975891968657,38.122956517868886],[-3.06305958846194,38.12301137323746],[-3.063515047696385,38.123414814377725],[-3.063532834095974,38.12340191714256],[-3.0637783132324103,38.12322406069035],[-3.0639751555346044,38.12339357547202]]]},"properties":{"dn_surface":8735.16644938906,"provincia":23,"municipio":95,"agregado":0,"zona":0,"poligono":20,"parcela":258,"recinto":2,"uso_sigpac":"OV","idPanel":"23:95:0:0:20:258:2"},"id":1112549646},{"type":"Feature","geometry":{"type":"Polygon","coordinates":[[[-3.0650269763187747,38.122404967652585],[-3.0647119726441483,38.12265469389959],[-3.06423111372701,38.1221732222653],[-3.0641975475555685,38.122145390154145],[-3.064306881107055,38.122058811794744],[-3.0643522557043883,38.12202273775773],[-3.0644860032266976,38.121935785565455],[-3.065016243291124,38.12239605098341],[-3.0650269763187747,38.122404967652585]]]},"properties":{"dn_surface":2614.03357998125,"provincia":23,"municipio":95,"agregado":0,"zona":0,"poligono":20,"parcela":78,"recinto":1,"uso_sigpac":"OV","idPanel":"23:95:0:0:20:78:1"},"id":1112549858},{"type":"Feature","geometry":{"type":"Polygon","coordinates":[[[-3.0641975475555685,38.122145390154145],[-3.06423111372701,38.1221732222653],[-3.0647119726441483,38.12265469389959],[-3.064565928030963,38.12277067346247],[-3.0644693358112476,38.12281713938367],[-3.0638898260788516,38.12237519261615],[-3.063577076298122,38.122597516743696],[-3.063128247149482,38.122203265522614],[-3.063216217743082,38.12221250321866],[-3.0632952892695537,38.12222201584112],[-3.0633525544354345,38.122213514076236],[-3.063422595298892,38.122203203496525],[-3.06352275318043,38.12218936245898],[-3.063968139881232,38.122044748636796],[-3.0640475248909005,38.12202172522376],[-3.0641975475555685,38.122145390154145]]]},"properties":{"dn_surface":4903.16132686004,"provincia":23,"municipio":95,"agregado":0,"zona":0,"poligono":20,"parcela":81,"recinto":1,"uso_sigpac":"OV","idPanel":"23:95:0:0:20:81:1"},"id":1112549855},{"type":"Feature","geometry":{"type":"Polygon","coordinates":[[[-3.0629975891968657,38.122956517868886],[-3.062962348321071,38.12297104622252],[-3.0628746568448633,38.12302093112223],[-3.063711949510094,38.1237815260161],[-3.064621084309881,38.12460985172078],[-3.0642502789497543,38.12486041699637],[-3.0637855987830815,38.12514005155208],[-3.0635478251306907,38.12526499975189],[-3.063686288312004,38.12513995432198],[-3.0636910165438658,38.12512447965142],[-3.0636400319384056,38.125112472574415],[-3.0636411961848258,38.12508840477622],[-3.063696897287482,38.12507204497663],[-3.063692127146103,38.12504024403407],[-3.0636743256590857,38.12501704543928],[-3.063656523333879,38.12499384684452],[-3.063644066986833,38.124982679634286],[-3.063631609801597,38.12497151158581],[-3.0636102594165653,38.12495691114779],[-3.0635889090315347,38.124942309871614],[-3.0635687371421603,38.12492083124346],[-3.0635461906594745,38.12489419774454],[-3.063526022122861,38.12487572738161],[-3.063505853586247,38.12485725785689],[-3.063480946759489,38.124842336391964],[-3.0634560390945396,38.12482741492701],[-3.063437056597296,38.12480872914918],[-3.0634216313799696,38.12479283538343],[-3.063413319884289,38.124777368256616],[-3.0633897105762182,38.12476074777979],[-3.063370618276037,38.12474730655907],[-3.0633457030673745,38.12472325217195],[-3.063320787858712,38.124699197784764],[-3.063272138451614,38.124645071641794],[-3.0632602747051583,38.12463476273848],[-3.0632484117968923,38.12462445467335],[-3.06322616790093,38.124606561823555],[-3.0632039248431577,38.12458866813563],[-3.063181275263058,38.12456202793118],[-3.0631061231147427,38.12448707778677],[-3.0630538896056336,38.12443498425546],[-3.062858583706384,38.12426082170819],[-3.06280480625062,38.124215746344845],[-3.0627227231061585,38.12414403329157],[-3.06262365738667,38.12405797796296],[-3.062534481475323,38.123960640592],[-3.0625189120892533,38.12394527320984],[-3.0624679534676944,38.12388789488824],[-3.0624452334796026,38.12386467282414],[-3.0624311502050547,38.123846910732055],[-3.062557712759537,38.123753253855],[-3.062307636987128,38.12350695329201],[-3.062462767583892,38.12341253617632],[-3.0624539531739923,38.12339367605483],[-3.0624212444712957,38.12335894228423],[-3.0624048813189493,38.123331150406216],[-3.0623973158126954,38.1233033534991],[-3.0623796962129886,38.12327655487667],[-3.062355802758383,38.123260681227464],[-3.062315567944381,38.12324382270464],[-3.0622627736859185,38.123236900090404],[-3.0622112450949097,38.12324089742026],[-3.062167251835301,38.12323694786724],[-3.0621320537072148,38.12323001603292],[-3.062090569151376,38.12322110104017],[-3.0620566316616014,38.12321913213097],[-3.062026478601335,38.12323205535009],[-3.061988788533287,38.123250938940856],[-3.061941046886358,38.12327379890672],[-3.0618664890150127,38.123317226387854],[-3.0616388356731137,38.12350422665875],[-3.061616387258702,38.12352266684684],[-3.0616218204086607,38.12366047121051],[-3.061626731366022,38.12378501624076],[-3.0616268042885837,38.12387008334295],[-3.0616268529036255,38.12392704927487],[-3.0616298284794286,38.123982165320626],[-3.0616305157955295,38.124006990004744],[-3.061635873508356,38.124200510558495],[-3.0616183067146427,38.124208998912366],[-3.0615950075370075,38.12436376321995],[-3.061583645866581,38.12439474105955],[-3.061637761113063,38.124476129344174],[-3.0615746554367034,38.124539724523714],[-3.0614517314666054,38.12464578075085],[-3.061343440623935,38.12473910989547],[-3.0612899045669977,38.124794540262656],[-3.0612600482261203,38.12482186443043],[-3.061169812003959,38.124766907640804],[-3.060916578768436,38.124559022180534],[-3.060830027231129,38.12447605893618],[-3.0607320570264487,38.124382285550695],[-3.0606904014797744,38.12436770522925],[-3.060637288708972,38.124296171548764],[-3.060608276425795,38.12425716133086],[-3.0605199244555785,38.12406748890908],[-3.0605139171452174,38.123979078265506],[-3.060455398046547,38.123855182832784],[-3.0604009961389598,38.12374183099669],[-3.0604004177876063,38.12373299898479],[-3.060396140502163,38.12366603679456],[-3.060416716399295,38.12357662199895],[-3.060426379057847,38.12353488850056],[-3.0605024942868932,38.123419399279044],[-3.0605642764606644,38.12335357618949],[-3.060666181130927,38.12324492408678],[-3.060717467484919,38.1231800976056],[-3.0607955356975216,38.123081551564155],[-3.0609368043019956,38.122976844823484],[-3.061072679989646,38.12283600034334],[-3.0613658211449275,38.12262072288223],[-3.0616475956006406,38.122457813040654],[-3.0618023473353593,38.12237905499737],[-3.061971143787869,38.12231516058384],[-3.0622254943311513,38.12223788446116],[-3.0623589677652103,38.12235750428485],[-3.06236513349355,38.12236371946642],[-3.0626136108369297,38.12261639781991],[-3.0629975891968657,38.122956517868886]],[[-3.0627654926078316,38.12403463687585],[-3.0627634725690465,38.124024312046885],[-3.0627564259026303,38.12401478349881],[-3.062747373446666,38.124010817181954],[-3.0627383226670815,38.12401002760666],[-3.0627292735638783,38.12401082640204],[-3.0627152028621847,38.12401798203322],[-3.0627061621408855,38.12402751812505],[-3.062705163856158,38.124036256259615],[-3.0627112097232763,38.12405054991993],[-3.062720262179241,38.12405451707494],[-3.0627313246157066,38.12405610041654],[-3.0627423845376005,38.12405529994476],[-3.0627554536018047,38.12405291026403],[-3.0627614785141635,38.1240433758486],[-3.0627654926078316,38.12403463687585]]]},"properties":{"dn_surface":48955.0614368253,"provincia":23,"municipio":95,"agregado":0,"zona":0,"poligono":20,"parcela":89,"recinto":2,"uso_sigpac":"OV","idPanel":"23:95:0:0:20:89:2"},"id":1112549845},{"type":"Feature","geometry":{"type":"Polygon","coordinates":[[[-3.0644693358112476,38.12281713938367],[-3.0642960340855145,38.12294557026448],[-3.064117487802654,38.123077879452154],[-3.0637217395735825,38.12272460987268],[-3.063577076298122,38.122597516743696],[-3.0638898260788516,38.12237519261615],[-3.0644693358112476,38.12281713938367]]]},"properties":{"dn_surface":2801.70870700699,"provincia":23,"municipio":95,"agregado":0,"zona":0,"poligono":20,"parcela":82,"recinto":1,"uso_sigpac":"OV","idPanel":"23:95:0:0:20:82:1"},"id":1112549854},{"type":"Feature","geometry":{"type":"Polygon","coordinates":[[[-3.064117487802654,38.123077879452154],[-3.064230412161672,38.123178671005576],[-3.0639751555346044,38.12339357547202],[-3.0637783132324103,38.12322406069035],[-3.0634285908745884,38.12292276897193],[-3.0626596258117034,38.12226560257841],[-3.06269475520818,38.12225386791326],[-3.062927427633996,38.122176331113366],[-3.063039132426031,38.12218961223974],[-3.0631237971968224,38.122202727404414],[-3.063128247149482,38.122203265522614],[-3.063577076298122,38.122597516743696],[-3.0637217395735825,38.12272460987268],[-3.064117487802654,38.123077879452154]]]},"properties":{"dn_surface":5462.58386634851,"provincia":23,"municipio":95,"agregado":0,"zona":0,"poligono":20,"parcela":85,"recinto":1,"uso_sigpac":"OV","idPanel":"23:95:0:0:20:85:1"},"id":1112549850},{"type":"Feature","geometry":{"type":"Polygon","coordinates":[[[-3.0566308577771992,38.11967631015861],[-3.0571635227263583,38.120112275599695],[-3.0571039760062972,38.120119873795375],[-3.056986157453725,38.120159314004866],[-3.0567925002749265,38.12023483914791],[-3.0565508315518986,38.12033535074579],[-3.0562514400110503,38.120440687805626],[-3.055994860719583,38.11981877988987],[-3.0566308577771992,38.11967631015861]]]},"properties":{"dn_surface":4831.153700316678,"provincia":23,"municipio":48,"agregado":0,"zona":0,"poligono":19,"parcela":610,"recinto":1,"uso_sigpac":"OV","idPanel":"23:48:0:0:19:610:1"},"id":1368227180},{"type":"Feature","geometry":{"type":"Polygon","coordinates":[[[-3.055994860719583,38.11981877988987],[-3.0562514400110503,38.120440687805626],[-3.0562117483444062,38.12045465289532],[-3.055981709512723,38.12054722683041],[-3.0556992125369136,38.12066803353164],[-3.055556434351589,38.12074281268522],[-3.055262420640136,38.119982998984796],[-3.0557987551867214,38.119862709447005],[-3.055994860719583,38.11981877988987]]]},"properties":{"dn_surface":5362.644970161427,"provincia":23,"municipio":48,"agregado":0,"zona":0,"poligono":19,"parcela":217,"recinto":1,"uso_sigpac":"OV","idPanel":"23:48:0:0:19:217:1"},"id":1368227181},{"type":"Feature","geometry":{"type":"Polygon","coordinates":[[[-3.05699715115858,38.12021203282623],[-3.0566667180756757,38.12102900021324],[-3.056626433808442,38.12101360684716],[-3.0562764884919815,38.12183608030668],[-3.0560428789693335,38.12159735111729],[-3.0555119406923317,38.12103925798695],[-3.055529884671711,38.12078500383555],[-3.055620103291875,38.120754590936286],[-3.055784784229683,38.12067772887963],[-3.056024974384902,38.12058073432851],[-3.056122592549628,38.12053093995337],[-3.0563437406960867,38.12044864390859],[-3.05687066320304,38.12025363891965],[-3.05699715115858,38.12021203282623]]]},"properties":{"dn_surface":10832.6079652237,"provincia":23,"municipio":48,"agregado":0,"zona":0,"poligono":19,"parcela":199,"recinto":1,"uso_sigpac":"OV","idPanel":"23:48:0:0:19:199:1"},"id":1112039457},{"type":"Feature","geometry":{"type":"Polygon","coordinates":[[[-3.0569134259991895,38.1210954896641],[-3.056496411204124,38.12207778842466],[-3.056381895959788,38.12196950931667],[-3.0562915599929723,38.12185148456925],[-3.0562764884919815,38.12183608030668],[-3.056626433808442,38.12101360684716],[-3.0566667180756757,38.12102900021324],[-3.0568290613005495,38.1210727529122],[-3.0569134259991895,38.1210954896641]]]},"properties":{"dn_surface":2839.25608505587,"provincia":23,"municipio":48,"agregado":0,"zona":0,"poligono":19,"parcela":556,"recinto":1,"uso_sigpac":"OV","idPanel":"23:48:0:0:19:556:1"},"id":1112039089},{"type":"Feature","geometry":{"type":"Polygon","coordinates":[[[-3.0562764884919815,38.12183608030668],[-3.0562915599929723,38.12185148456925],[-3.056381895959788,38.12196950931667],[-3.056128815274913,38.12207281879398],[-3.0558317153465278,38.12220192441805],[-3.0555805105316938,38.121930487364125],[-3.0555057062323807,38.12183102098962],[-3.0560428789693335,38.12159735111729],[-3.0562764884919815,38.12183608030668]]]},"properties":{"dn_surface":2762.28809602901,"provincia":23,"municipio":48,"agregado":0,"zona":0,"poligono":19,"parcela":198,"recinto":1,"uso_sigpac":"OV","idPanel":"23:48:0:0:19:198:1"},"id":1112039458},{"type":"Feature","geometry":{"type":"Polygon","coordinates":[[[-3.0581566307898838,38.12053134982847],[-3.057577141174056,38.121898928658624],[-3.057186795920091,38.12197986348227],[-3.0579068492222934,38.12032994441793],[-3.0581566307898838,38.12053134982847]]]},"properties":{"dn_surface":5077.00011470766,"provincia":23,"municipio":48,"agregado":0,"zona":0,"poligono":19,"parcela":201,"recinto":1,"uso_sigpac":"OV","idPanel":"23:48:0:0:19:201:1"},"id":1112039455},{"type":"Feature","geometry":{"type":"Polygon","coordinates":[[[-3.0579068492222934,38.12032994441793],[-3.057186795920091,38.12197986348227],[-3.057068624489374,38.12200929905157],[-3.0568183458748956,38.12204852971351],[-3.0572358191600935,38.12107524233758],[-3.0576355035311282,38.120124674111594],[-3.0579068492222934,38.12032994441793]]]},"properties":{"dn_surface":6045.08060077589,"provincia":23,"municipio":48,"agregado":0,"zona":0,"poligono":19,"parcela":553,"recinto":1,"uso_sigpac":"OV","idPanel":"23:48:0:0:19:553:1"},"id":1112039092},{"type":"Feature","geometry":{"type":"Polygon","coordinates":[[[-3.057649604407674,38.120068247974274],[-3.0576355035311282,38.120124674111594],[-3.0572358191600935,38.12107524233758],[-3.0569892218777075,38.121004426986275],[-3.0573651075096495,38.120107766135476],[-3.0575219530439055,38.12008011423529],[-3.057649604407674,38.120068247974274]]]},"properties":{"dn_surface":2570.87197291794,"provincia":23,"municipio":48,"agregado":0,"zona":0,"poligono":19,"parcela":557,"recinto":1,"uso_sigpac":"OV","idPanel":"23:48:0:0:19:557:1"},"id":1112039088},{"type":"Feature","geometry":{"type":"Polygon","coordinates":[[[-3.0569134259991895,38.1210954896641],[-3.0568290613005495,38.1210727529122],[-3.0566667180756757,38.12102900021324],[-3.05699715115858,38.12021203282623],[-3.0571049307051257,38.12017259764582],[-3.0571899693088214,38.12014922051648],[-3.0572517263368795,38.12013224297061],[-3.0573651075096495,38.120107766135476],[-3.0569892218777075,38.121004426986275],[-3.056948002190024,38.121104847221346],[-3.0569134259991895,38.1210954896641]]]},"properties":{"dn_surface":2828.73615197016,"provincia":23,"municipio":48,"agregado":0,"zona":0,"poligono":19,"parcela":558,"recinto":1,"uso_sigpac":"OV","idPanel":"23:48:0:0:19:558:1"},"id":1112039087},{"type":"Feature","geometry":{"type":"Polygon","coordinates":[[[-3.0572358191600935,38.12107524233758],[-3.0568183458748956,38.12204852971351],[-3.056527010181666,38.12210661462959],[-3.056496411204124,38.12207778842466],[-3.0569134259991895,38.1210954896641],[-3.056948002190024,38.121104847221346],[-3.0569892218777075,38.121004426986275],[-3.0572358191600935,38.12107524233758]]]},"properties":{"dn_surface":3129.16771830837,"provincia":23,"municipio":48,"agregado":0,"zona":0,"poligono":19,"parcela":200,"recinto":2,"uso_sigpac":"OV","idPanel":"23:48:0:0:19:200:2"},"id":1112039456},{"type":"Feature","geometry":{"type":"Polygon","coordinates":[[[-3.0554332505424764,38.11900342853389],[-3.0557084317927616,38.1190191672344],[-3.0558256032623707,38.11902947865232],[-3.05589455280197,38.11908469528092],[-3.0561955813286055,38.11932807977962],[-3.0566165850716285,38.11966126547969],[-3.0566308577771992,38.11967631015861],[-3.0557987551867214,38.119862709447005],[-3.0554332505424764,38.11900342853389]]]},"properties":{"dn_surface":4948.15945453758,"provincia":23,"municipio":48,"agregado":0,"zona":0,"poligono":19,"parcela":540,"recinto":1,"uso_sigpac":"OV","idPanel":"23:48:0:0:19:540:1"},"id":1112039106},{"type":"Feature","geometry":{"type":"Polygon","coordinates":[[[-3.0558256032623707,38.11902947865232],[-3.0559329595227807,38.11903393698688],[-3.0560657682718797,38.11905370403031],[-3.0562431955705995,38.1190882316061],[-3.056472181635182,38.11911435464705],[-3.056414735420182,38.11918080386479],[-3.0561955813286055,38.11932807977962],[-3.05589455280197,38.11908469528092],[-3.0558256032623707,38.11902947865232]]]},"properties":{"dn_surface":829.549454443999,"provincia":23,"municipio":48,"agregado":0,"zona":0,"poligono":19,"parcela":216,"recinto":1,"uso_sigpac":"OV","idPanel":"23:48:0:0:19:216:1"},"id":1112039440},{"type":"Feature","geometry":{"type":"Polygon","coordinates":[[[-3.0569703173321674,38.11946066137912],[-3.0566165850716285,38.11966126547969],[-3.0561955813286055,38.11932807977962],[-3.056414735420182,38.11918080386479],[-3.056472181635182,38.11911435464705],[-3.056606831888517,38.119153768034494],[-3.0567260326170045,38.119277636645165],[-3.0569703173321674,38.11946066137912]]]},"properties":{"dn_surface":2027.8979180053,"provincia":23,"municipio":48,"agregado":0,"zona":0,"poligono":19,"parcela":215,"recinto":1,"uso_sigpac":"OV","idPanel":"23:48:0:0:19:215:1"},"id":1112039441},{"type":"Feature","geometry":{"type":"Polygon","coordinates":[[[-3.056606831888517,38.119153768034494],[-3.0567444577176546,38.11920579786337],[-3.056808715067578,38.11924145867252],[-3.0569441557344295,38.11927041647334],[-3.0571274009124876,38.11930385859259],[-3.057373050201568,38.11933745242433],[-3.0573983828290334,38.11934438006767],[-3.0574771727235417,38.11943519045025],[-3.0577722785970436,38.11968190927027],[-3.057559172048966,38.11982927487145],[-3.0574212939245284,38.11989278874651],[-3.057208127026744,38.11967811645883],[-3.0569703173321674,38.11946066137912],[-3.0567260326170045,38.119277636645165],[-3.056606831888517,38.119153768034494]]]},"properties":{"dn_surface":2811.9442051568,"provincia":23,"municipio":48,"agregado":0,"zona":0,"poligono":19,"parcela":307,"recinto":1,"uso_sigpac":"OV","idPanel":"23:48:0:0:19:307:1"},"id":1112039344},{"type":"Feature","geometry":{"type":"Polygon","coordinates":[[[-3.0575673259648575,38.12003908565501],[-3.0574845119183958,38.12005354443886],[-3.0573276638695703,38.120077771493186],[-3.057262295917409,38.12008194735765],[-3.0571635227263583,38.120112275599695],[-3.0566308577771992,38.11967631015861],[-3.0566165850716285,38.11966126547969],[-3.0569703173321674,38.11946066137912],[-3.057208127026744,38.11967811645883],[-3.0574212939245284,38.11989278874651],[-3.05753100633806,38.11998818151582],[-3.0575673259648575,38.12003908565501]]]},"properties":{"dn_surface":2697.75598990703,"provincia":23,"municipio":48,"agregado":0,"zona":0,"poligono":19,"parcela":214,"recinto":1,"uso_sigpac":"OV","idPanel":"23:48:0:0:19:214:1"},"id":1112039442},{"type":"Feature","geometry":{"type":"Polygon","coordinates":[[[-3.0573983828290334,38.11934438006767],[-3.057565780341821,38.11939053669664],[-3.057646233206018,38.11941961016771],[-3.0577532868797053,38.11947327530595],[-3.0578632733814883,38.11948466966584],[-3.057992749485686,38.11947226193382],[-3.0580051832015926,38.119470993751804],[-3.0582160232829168,38.119626993551975],[-3.0581976669138773,38.11964088152817],[-3.058121510613502,38.119705718905806],[-3.057949231480016,38.11983296793824],[-3.0577722785970436,38.11968190927027],[-3.0574771727235417,38.11943519045025],[-3.0573983828290334,38.11934438006767]]]},"properties":{"dn_surface":1428.59766086214,"provincia":23,"municipio":48,"agregado":0,"zona":0,"poligono":19,"parcela":210,"recinto":1,"uso_sigpac":"OV","idPanel":"23:48:0:0:19:210:1"},"id":1112039446},{"type":"Feature","geometry":{"type":"Polygon","coordinates":[[[-3.057949231480016,38.11983296793824],[-3.0579110477178424,38.11987624622148],[-3.057731678332041,38.11998394194896],[-3.0576297216939756,38.12002806093713],[-3.0575673259648575,38.12003908565501],[-3.05753100633806,38.11998818151582],[-3.0574212939245284,38.11989278874651],[-3.057559172048966,38.11982927487145],[-3.0577722785970436,38.11968190927027],[-3.057949231480016,38.11983296793824]]]},"properties":{"dn_surface":902.044334548432,"provincia":23,"municipio":48,"agregado":0,"zona":0,"poligono":19,"parcela":213,"recinto":1,"uso_sigpac":"OV","idPanel":"23:48:0:0:19:213:1"},"id":1112039443},{"type":"Feature","geometry":{"type":"Polygon","coordinates":[[[-3.0582597399397033,38.119655002521284],[-3.0583884029992463,38.11976543661672],[-3.0582663985239806,38.11984759938929],[-3.0580971921963807,38.11996565431153],[-3.0580441707883277,38.12000055823478],[-3.0579987291357655,38.119956417453665],[-3.057932631957986,38.11990390482717],[-3.0580157536203116,38.11984708641677],[-3.0582597399397033,38.119655002521284]]]},"properties":{"dn_surface":607.660614736654,"provincia":23,"municipio":48,"agregado":0,"zona":0,"poligono":19,"parcela":209,"recinto":1,"uso_sigpac":"OV","idPanel":"23:48:0:0:19:209:1"},"id":1112039447},{"type":"Feature","geometry":{"type":"Polygon","coordinates":[[[-3.059364412817473,38.11923034007731],[-3.05939817512546,38.11936001567079],[-3.05939840395143,38.119361187460925],[-3.0594242755353016,38.119469146380226],[-3.059426336645415,38.11947752660751],[-3.0594364334865767,38.11954782060445],[-3.0594513515987307,38.119652630442545],[-3.059459613641179,38.119710847792675],[-3.0594606454535214,38.1197173370625],[-3.059465233707591,38.11974707605674],[-3.0594970044752654,38.119952368994205],[-3.0593541491764276,38.1200655464867],[-3.058733734077736,38.119481104003995],[-3.058611121914454,38.11937661519286],[-3.058735078535084,38.11931139476221],[-3.058874672435204,38.11925689227178],[-3.059006296821314,38.11922167989442],[-3.059150264398769,38.119214130313765],[-3.0592602475477904,38.119222008465044],[-3.059364412817473,38.11923034007731]]]},"properties":{"dn_surface":3998.84073285136,"provincia":23,"municipio":48,"agregado":0,"zona":0,"poligono":19,"parcela":206,"recinto":2,"uso_sigpac":"OV","idPanel":"23:48:0:0:19:206:2"},"id":1112039450},{"type":"Feature","geometry":{"type":"Polygon","coordinates":[[[-3.0593541491764276,38.1200655464867],[-3.059279354935399,38.12012137080336],[-3.05898736126273,38.12033925587474],[-3.0583884029992463,38.11976543661672],[-3.0582597399397033,38.119655002521284],[-3.058530066391383,38.119448214252174],[-3.058611121914454,38.11937661519286],[-3.058733734077736,38.119481104003995],[-3.0593541491764276,38.1200655464867]]]},"properties":{"dn_surface":4355.22915365781,"provincia":23,"municipio":48,"agregado":0,"zona":0,"poligono":19,"parcela":207,"recinto":1,"uso_sigpac":"OV","idPanel":"23:48:0:0:19:207:1"},"id":1112039449},{"type":"Feature","geometry":{"type":"Polygon","coordinates":[[[-3.0583884029992463,38.11976543661672],[-3.05898736126273,38.12033925587474],[-3.058712117148167,38.120533970011564],[-3.058514144965359,38.120352640098474],[-3.0582378581419802,38.12010609478392],[-3.0580971921963807,38.11996565431153],[-3.0582663985239806,38.11984759938929],[-3.0583884029992463,38.11976543661672]]]},"properties":{"dn_surface":2766.01555118125,"provincia":23,"municipio":48,"agregado":0,"zona":0,"poligono":19,"parcela":208,"recinto":1,"uso_sigpac":"OV","idPanel":"23:48:0:0:19:208:1"},"id":1112039448},{"type":"Feature","geometry":{"type":"Polygon","coordinates":[[[-3.0585072148074035,38.11940523520292],[-3.0584166885713753,38.11947503550573],[-3.0582160232829168,38.119626993551975],[-3.0580051832015926,38.119470993751804],[-3.0580859487107963,38.11946266465415],[-3.0583232244781096,38.11943866894029],[-3.0584837178168423,38.11941083431458],[-3.0585072148074035,38.11940523520292]]]},"properties":{"dn_surface":425.690409056199,"provincia":23,"municipio":48,"agregado":0,"zona":0,"poligono":19,"parcela":211,"recinto":1,"uso_sigpac":"OV","idPanel":"23:48:0:0:19:211:1"},"id":1112039445},{"type":"Feature","geometry":{"type":"Polygon","coordinates":[[[-3.059680667072127,38.12103704097342],[-3.0597133497909215,38.12110191606965],[-3.0597234315446573,38.121152651732615],[-3.0597384393431803,38.12122853143015],[-3.059797546851488,38.121378653001244],[-3.0598088749943004,38.1214187537048],[-3.0598366802833485,38.12151706756754],[-3.059541440299388,38.121677906240706],[-3.059283475479243,38.12138466953172],[-3.059680667072127,38.12103704097342]]]},"properties":{"dn_surface":1826.62669420935,"provincia":23,"municipio":48,"agregado":0,"zona":0,"poligono":19,"parcela":85,"recinto":1,"uso_sigpac":"OV","idPanel":"23:48:0:0:19:85:1"},"id":1112039580},{"type":"Feature","geometry":{"type":"Polygon","coordinates":[[[-3.0595143181354887,38.12061037273992],[-3.0595192408275147,38.120630378667585],[-3.059542477140872,38.1207236483007],[-3.059606513208539,38.120902607811416],[-3.0596087989536698,38.12090666297641],[-3.0596714117740933,38.12102019167065],[-3.0590845729051273,38.121464977388996],[-3.059114688246827,38.12148944668036],[-3.0591458789867683,38.121514788527946],[-3.0589654182771095,38.121685393795275],[-3.058825404443615,38.12179135949785],[-3.0587259539947484,38.121692628216294],[-3.0586403320105564,38.12176368831925],[-3.058932007170886,38.121427197634574],[-3.0589937843155135,38.12135587853081],[-3.05882502474338,38.12118616090709],[-3.0595143181354887,38.12061037273992]]]},"properties":{"dn_surface":3909.47644677595,"provincia":23,"municipio":48,"agregado":0,"zona":0,"poligono":19,"parcela":585,"recinto":1,"uso_sigpac":"OV","idPanel":"23:48:0:0:19:585:1"},"id":1112039059},{"type":"Feature","geometry":{"type":"Polygon","coordinates":[[[-3.0589654182771095,38.121685393795275],[-3.0591458789867683,38.121514788527946],[-3.059224251462474,38.121440674897485],[-3.059283475479243,38.12138466953172],[-3.059541440299388,38.121677906240706],[-3.0593830441129533,38.12176414345663],[-3.059203782015519,38.12158884432324],[-3.058972277188884,38.12170269488263],[-3.0589654182771095,38.121685393795275]]]},"properties":{"dn_surface":802.431383740352,"provincia":23,"municipio":48,"agregado":0,"zona":0,"poligono":19,"parcela":548,"recinto":1,"uso_sigpac":"OV","idPanel":"23:48:0:0:19:548:1"},"id":1112039097},{"type":"Feature","geometry":{"type":"Polygon","coordinates":[[[-3.0594711597134863,38.12029260806622],[-3.0594692494776394,38.120327848942026],[-3.0594922259519826,38.1205208883745],[-3.0588120646439227,38.121102439938625],[-3.058569639034994,38.12167458700682],[-3.0582665628092927,38.12174286599415],[-3.0579575572249325,38.12181448265551],[-3.057577141174056,38.121898928658624],[-3.0581566307898838,38.12053134982847],[-3.058418975992887,38.1207478896043],[-3.058712117148167,38.120533970011564],[-3.05898736126273,38.12033925587474],[-3.059279354935399,38.12012137080336],[-3.0594711597134863,38.12029260806622]]]},"properties":{"dn_surface":13288.4735138018,"provincia":23,"municipio":48,"agregado":0,"zona":0,"poligono":19,"parcela":202,"recinto":2,"uso_sigpac":"OV","idPanel":"23:48:0:0:19:202:2"},"id":1112039454},{"type":"Feature","geometry":{"type":"Polygon","coordinates":[[[-3.057932631957986,38.11990390482717],[-3.0579987291357655,38.119956417453665],[-3.0580441707883277,38.12000055823478],[-3.0580971921963807,38.11996565431153],[-3.0582378581419802,38.12010609478392],[-3.058514144965359,38.120352640098474],[-3.058712117148167,38.120533970011564],[-3.058418975992887,38.1207478896043],[-3.0581566307898838,38.12053134982847],[-3.0579068492222934,38.12032994441793],[-3.0576355035311282,38.120124674111594],[-3.057649604407674,38.120068247974274],[-3.057681658483694,38.12006273519623],[-3.0577487053311585,38.120019623712864],[-3.057823055331293,38.11997767982871],[-3.057932631957986,38.11990390482717]]]},"properties":{"dn_surface":3653.00686554638,"provincia":23,"municipio":48,"agregado":0,"zona":0,"poligono":19,"parcela":212,"recinto":1,"uso_sigpac":"OV","idPanel":"23:48:0:0:19:212:1"},"id":1112039444},{"type":"Feature","geometry":{"type":"Polygon","coordinates":[[[-3.0678136214987113,38.1183044213536],[-3.0673626868158688,38.11846212100389],[-3.0671697144386,38.118031152853746],[-3.067079033137354,38.117800388987376],[-3.0672040341431814,38.117765531164565],[-3.067548895835065,38.11763700137732],[-3.067697147403487,38.11794398021735],[-3.0678136214987113,38.1183044213536]]]},"properties":{"dn_surface":3496.76304437951,"provincia":23,"municipio":95,"agregado":0,"zona":0,"poligono":20,"parcela":101,"recinto":1,"uso_sigpac":"OV","idPanel":"23:95:0:0:20:101:1"},"id":1112549828},{"type":"Feature","geometry":{"type":"Polygon","coordinates":[[[-3.0673626868158688,38.11846212100389],[-3.067325166062275,38.118475299870994],[-3.0671340150726745,38.118530742811004],[-3.066975579491292,38.118434935137486],[-3.0667923594589452,38.11855472259924],[-3.066530252302006,38.118367222766864],[-3.066380352851322,38.11824851740889],[-3.0661475287130493,38.118019000769806],[-3.066822976876674,38.117862355563034],[-3.0670388863333393,38.11781158637248],[-3.067079033137354,38.117800388987376],[-3.0671697144386,38.118031152853746],[-3.0673626868158688,38.11846212100389]]]},"properties":{"dn_surface":5078.0387446418,"provincia":23,"municipio":95,"agregado":0,"zona":0,"poligono":20,"parcela":102,"recinto":1,"uso_sigpac":"OV","idPanel":"23:95:0:0:20:102:1"},"id":1112549827},{"type":"Feature","geometry":{"type":"Polygon","coordinates":[[[-3.0667923594589452,38.11855472259924],[-3.0666979557542775,38.11861651064035],[-3.066382418152387,38.11838595883614],[-3.0660641530790422,38.11803932437164],[-3.0661475287130493,38.118019000769806],[-3.066380352851322,38.11824851740889],[-3.066530252302006,38.118367222766864],[-3.0667923594589452,38.11855472259924]]]},"properties":{"dn_surface":783.626195878263,"provincia":23,"municipio":95,"agregado":0,"zona":0,"poligono":20,"parcela":103,"recinto":1,"uso_sigpac":"OV","idPanel":"23:95:0:0:20:103:1"},"id":1112549826},{"type":"Feature","geometry":{"type":"Polygon","coordinates":[[[-3.0660641530790422,38.11803932437164],[-3.066382418152387,38.11838595883614],[-3.0666979557542775,38.11861651064035],[-3.0666574812178298,38.11864303014539],[-3.066593637933948,38.11869065109289],[-3.066497760690615,38.11876217387689],[-3.0664953073074104,38.11875996692166],[-3.06654147148007,38.118723954910735],[-3.066551920361186,38.1187158043476],[-3.066422672244767,38.118617249924256],[-3.066130757361993,38.118391231891735],[-3.065803853060535,38.11807758776189],[-3.0658525569500066,38.118067377765016],[-3.0660641530790422,38.11803932437164]]]},"properties":{"dn_surface":1625.3904687736162,"provincia":23,"municipio":95,"agregado":0,"zona":0,"poligono":20,"parcela":104,"recinto":1,"uso_sigpac":"OV","idPanel":"23:95:0:0:20:104:1"},"id":1155200232},{"type":"Feature","geometry":{"type":"Polygon","coordinates":[[[-3.0653177269551293,38.11817951003414],[-3.066054319429655,38.11876277402121],[-3.0663327821952264,38.118994698781194],[-3.0662234486437403,38.119074069541625],[-3.0663148264811824,38.11919469938471],[-3.065885730010165,38.1194144779281],[-3.0657025937968547,38.11925568360127],[-3.0654115782923443,38.11939526492853],[-3.0653090516848303,38.11930798751834],[-3.0652299139413186,38.11936731798528],[-3.0646783804888056,38.118909241920534],[-3.064234137917855,38.11846302289669],[-3.0642241500414396,38.11845299059618],[-3.064667593816971,38.118330636595545],[-3.0650333717112757,38.118236351075694],[-3.0653177269551293,38.11817951003414]],[[-3.0651284878777556,38.11876158127629],[-3.06510041520598,38.118761596363726],[-3.065091724848253,38.11878578067041],[-3.0650907575765696,38.11878578150859],[-3.0650646286682566,38.11879432937394],[-3.0650220603322715,38.11882137526251],[-3.065016273465978,38.11884484710737],[-3.0650746106773386,38.118880506240146],[-3.0651759545982453,38.11879995949866],[-3.0651459255901528,38.118776506932164],[-3.0651284878777556,38.11876158127629]]]},"properties":{"dn_surface":14035.236698147342,"provincia":23,"municipio":95,"agregado":0,"zona":0,"poligono":20,"parcela":109,"recinto":3,"uso_sigpac":"OV","idPanel":"23:95:0:0:20:109:3"},"id":1155200230},{"type":"Feature","geometry":{"type":"Polygon","coordinates":[[[-3.0642241500414396,38.11845299059618],[-3.064234137917855,38.11846302289669],[-3.0646783804888056,38.118909241920534],[-3.0652299139413186,38.11936731798528],[-3.0649931385736546,38.119545187010345],[-3.0651049405957718,38.11967013353379],[-3.0645565713118956,38.12009257477328],[-3.0645440294694315,38.12010078317155],[-3.064192851174942,38.12033006847011],[-3.0635991391449657,38.11980115526103],[-3.0635866936943943,38.11978944574162],[-3.062452360612294,38.11871387818613],[-3.0624386293777004,38.11870085773697],[-3.0625490601203773,38.11869917967985],[-3.0631207352874115,38.11870456505298],[-3.0635385597743725,38.11863531208846],[-3.0639842934859876,38.11851917829853],[-3.0642241500414396,38.11845299059618]]]},"properties":{"dn_surface":25381.6798866926,"provincia":23,"municipio":95,"agregado":0,"zona":0,"poligono":20,"parcela":111,"recinto":2,"uso_sigpac":"OV","idPanel":"23:95:0:0:20:111:2"},"id":1112549812},{"type":"Feature","geometry":{"type":"Polygon","coordinates":[[[-3.066402553999576,38.1189441005815],[-3.066385657758156,38.11893122178654],[-3.0663211673913096,38.11889466495185],[-3.0663726968205087,38.11885561198625],[-3.066497760690615,38.11876217387689],[-3.066593637933948,38.11869065109289],[-3.0678627461597467,38.11983365776888],[-3.067689121730722,38.119968853684156],[-3.0676878460049832,38.119967714583424],[-3.067450027928503,38.11975538587603],[-3.067215206382585,38.1195946394038],[-3.0669736022002154,38.11937765790165],[-3.066402553999576,38.1189441005815]]]},"properties":{"dn_surface":4353.52550385878,"provincia":23,"municipio":95,"agregado":0,"zona":0,"poligono":20,"parcela":106,"recinto":1,"uso_sigpac":"OV","idPanel":"23:95:0:0:20:106:1"},"id":1112549820},{"type":"Feature","geometry":{"type":"Polygon","coordinates":[[[-3.067689121730722,38.119968853684156],[-3.0676526327894704,38.119997404962646],[-3.067637023170264,38.12000961907265],[-3.0674216593755275,38.12016322332477],[-3.067170023730845,38.120324507077015],[-3.06703845382711,38.120416148106216],[-3.0668254939623467,38.1205802942786],[-3.0666435161281234,38.12069565190424],[-3.066571477857022,38.120689409900564],[-3.0665657647514797,38.12068891536825],[-3.066430563807074,38.120754171002915],[-3.066354166107873,38.12076636834914],[-3.0662750593774057,38.1208225463821],[-3.0662740644454396,38.12082325297658],[-3.066250957213399,38.1208396622294],[-3.0662289899202575,38.12085526262851],[-3.065810866199337,38.12051351900479],[-3.0659322504137307,38.12038565474069],[-3.065937274526791,38.12038961770472],[-3.0661742795586155,38.12056748924434],[-3.066391930774863,38.12041686056804],[-3.0665162981087737,38.12030837107423],[-3.0663793839032576,38.120171813937844],[-3.0656795309889033,38.11961187511233],[-3.0655622765384485,38.11951325028096],[-3.065190590240246,38.11976589175407],[-3.0651049405957718,38.11967013353379],[-3.0649931385736546,38.119545187010345],[-3.0652299139413186,38.11936731798528],[-3.0653090516848303,38.11930798751834],[-3.0654115782923443,38.11939526492853],[-3.0657025937968547,38.11925568360127],[-3.065885730010165,38.1194144779281],[-3.0663148264811824,38.11919469938471],[-3.0662234486437403,38.119074069541625],[-3.0663327821952264,38.118994698781194],[-3.066402553999576,38.1189441005815],[-3.0669736022002154,38.11937765790165],[-3.067215206382585,38.1195946394038],[-3.067450027928503,38.11975538587603],[-3.0676878460049832,38.119967714583424],[-3.067689121730722,38.119968853684156]]]},"properties":{"dn_surface":19493.0378069644,"provincia":23,"municipio":95,"agregado":0,"zona":0,"poligono":20,"parcela":107,"recinto":3,"uso_sigpac":"OV","idPanel":"23:95:0:0:20:107:3"},"id":1112549819},{"type":"Feature","geometry":{"type":"Polygon","coordinates":[[[-3.065190590240246,38.11976589175407],[-3.0655622765384485,38.11951325028096],[-3.0656795309889033,38.11961187511233],[-3.0663793839032576,38.120171813937844],[-3.0665162981087737,38.12030837107423],[-3.066391930774863,38.12041686056804],[-3.0661742795586155,38.12056748924434],[-3.065937274526791,38.12038961770472],[-3.0659322504137307,38.12038565474069],[-3.0652872034147203,38.119873812116595],[-3.065190590240246,38.11976589175407]]]},"properties":{"dn_surface":5465.25619263757,"provincia":23,"municipio":95,"agregado":0,"zona":0,"poligono":20,"parcela":108,"recinto":1,"uso_sigpac":"OV","idPanel":"23:95:0:0:20:108:1"},"id":1112549817},{"type":"Feature","geometry":{"type":"Polygon","coordinates":[[[-3.0635866936943943,38.11978944574162],[-3.063334444494363,38.11991007474646],[-3.0626564708631614,38.11929215577868],[-3.0620672045948925,38.11873574489641],[-3.0620865927762737,38.11872861441097],[-3.06220978496729,38.11870845425628],[-3.0624386293777004,38.11870085773697],[-3.062452360612294,38.11871387818613],[-3.0635866936943943,38.11978944574162]]]},"properties":{"dn_surface":4436.02808799826,"provincia":23,"municipio":95,"agregado":0,"zona":0,"poligono":20,"parcela":127,"recinto":1,"uso_sigpac":"OV","idPanel":"23:95:0:0:20:127:1"},"id":1112549793},{"type":"Feature","geometry":{"type":"Polygon","coordinates":[[[-3.0630859570927,38.120028899127476],[-3.0629600282101346,38.119921894068824],[-3.062648242348327,38.11966771703095],[-3.062131875172667,38.11924672921356],[-3.0616982792957588,38.118889955998355],[-3.0619863452083678,38.11876516621649],[-3.0620672045948925,38.11873574489641],[-3.0626564708631614,38.11929215577868],[-3.063334444494363,38.11991007474646],[-3.0630859570927,38.120028899127476]]]},"properties":{"dn_surface":5167.87568518935,"provincia":23,"municipio":95,"agregado":0,"zona":0,"poligono":20,"parcela":128,"recinto":1,"uso_sigpac":"OV","idPanel":"23:95:0:0:20:128:1"},"id":1112549792},{"type":"Feature","geometry":{"type":"Polygon","coordinates":[[[-3.0622499317713037,38.119934196188865],[-3.0621795229422766,38.11986506057099],[-3.061368581305806,38.11902675453359],[-3.061450916745568,38.11899030163454],[-3.0615487704417865,38.11895194939609],[-3.0616982792957588,38.118889955998355],[-3.062131875172667,38.11924672921356],[-3.062648242348327,38.11966771703095],[-3.0625301027688447,38.119748481701976],[-3.062383721203132,38.11984855492628],[-3.0623791606093436,38.11985144081572],[-3.0623340064560773,38.11988039526378],[-3.0622499317713037,38.119934196188865]]]},"properties":{"dn_surface":4794.38619235455,"provincia":23,"municipio":95,"agregado":0,"zona":0,"poligono":20,"parcela":130,"recinto":1,"uso_sigpac":"OV","idPanel":"23:95:0:0:20:130:1"},"id":1112549791},{"type":"Feature","geometry":{"type":"Polygon","coordinates":[[[-3.0616682502876666,38.119660641027906],[-3.061992993734359,38.11999376470186],[-3.0620559099796956,38.12005835313698],[-3.061561515126318,38.12038630266184],[-3.0613301041770042,38.1201992261156],[-3.061152922468062,38.12005628364497],[-3.061451274652855,38.11981126132227],[-3.0616682502876666,38.119660641027906]]]},"properties":{"dn_surface":3227.23745365175,"provincia":23,"municipio":95,"agregado":0,"zona":0,"poligono":20,"parcela":132,"recinto":1,"uso_sigpac":"OV","idPanel":"23:95:0:0:20:132:1"},"id":1112549789},{"type":"Feature","geometry":{"type":"Polygon","coordinates":[[[-3.0665764600605643,38.121215550375894],[-3.0663722048027635,38.12129668468887],[-3.0663016283356623,38.121344039091866],[-3.0663674103538634,38.12141835724074],[-3.066019516089231,38.1216210593318],[-3.065742326534827,38.12129359931015],[-3.065913723892047,38.12121023038168],[-3.066169378659539,38.121070487283646],[-3.0662987851939376,38.12098164245751],[-3.0663799672837535,38.12105378969335],[-3.0665764600605643,38.121215550375894]]]},"properties":{"dn_surface":2403.00120904991,"provincia":23,"municipio":95,"agregado":0,"zona":0,"poligono":20,"parcela":70,"recinto":1,"uso_sigpac":"OV","idPanel":"23:95:0:0:20:70:1"},"id":1112549871},{"type":"Feature","geometry":{"type":"Polygon","coordinates":[[[-3.0662289899202575,38.12085526262851],[-3.066184643782505,38.120886755955155],[-3.0661736232555574,38.12089458130046],[-3.0661460819964756,38.12091100647888],[-3.0660877581961605,38.12095949746799],[-3.0660835345549002,38.120966835824646],[-3.066078766089902,38.12097353883303],[-3.0660726255072723,38.12097950423387],[-3.06606529134156,38.12098455852177],[-3.0660426677453616,38.12099764434981],[-3.06595658810923,38.1210731284215],[-3.0658628616623798,38.12112874319055],[-3.0645440294694315,38.12010078317155],[-3.0645565713118956,38.12009257477328],[-3.0651049405957718,38.11967013353379],[-3.065190590240246,38.11976589175407],[-3.0652872034147203,38.119873812116595],[-3.0659322504137307,38.12038565474069],[-3.065810866199337,38.12051351900479],[-3.0662289899202575,38.12085526262851]]]},"properties":{"dn_surface":9388.94338729678,"provincia":23,"municipio":95,"agregado":0,"zona":0,"poligono":20,"parcela":110,"recinto":2,"uso_sigpac":"OV","idPanel":"23:95:0:0:20:110:2"},"id":1112549813},{"type":"Feature","geometry":{"type":"Polygon","coordinates":[[[-3.0637867211199827,38.12099171750569],[-3.0638156940082126,38.12098575378124],[-3.0640544726508536,38.12085215210405],[-3.0630859570927,38.120028899127476],[-3.063334444494363,38.11991007474646],[-3.0635866936943943,38.11978944574162],[-3.0635991391449657,38.11980115526103],[-3.064192851174942,38.12033006847011],[-3.0645440294694315,38.12010078317155],[-3.0658628616623798,38.12112874319055],[-3.065734054434094,38.12119730883896],[-3.065510581147556,38.12130919468012],[-3.0653325101186337,38.121408638423446],[-3.0651614027752823,38.1214832407189],[-3.064997290130543,38.12156611762964],[-3.0648454016541176,38.121647608173504],[-3.0644061890635603,38.121860842126495],[-3.0638323329251906,38.121352830032436],[-3.0635916289592755,38.121116913809914],[-3.0636617611854824,38.12108082720002],[-3.063667803699839,38.121076497946774],[-3.0637867211199827,38.12099171750569]]]},"properties":{"dn_surface":24294.6217186792,"provincia":23,"municipio":95,"agregado":0,"zona":0,"poligono":20,"parcela":112,"recinto":1,"uso_sigpac":"OV","idPanel":"23:95:0:0:20:112:1"},"id":1112549811},{"type":"Feature","geometry":{"type":"Polygon","coordinates":[[[-3.0630859570927,38.120028899127476],[-3.0640544726508536,38.12085215210405],[-3.0638156940082126,38.12098575378124],[-3.0637867211199827,38.12099171750569],[-3.063154630867668,38.1204127123639],[-3.062719525409908,38.12003945194422],[-3.0626545346434138,38.12008310573671],[-3.0623791606093436,38.11985144081572],[-3.062383721203132,38.11984855492628],[-3.0625301027688447,38.119748481701976],[-3.062648242348327,38.11966771703095],[-3.0629600282101346,38.119921894068824],[-3.0630859570927,38.120028899127476]]]},"properties":{"dn_surface":4768.99177901556,"provincia":23,"municipio":95,"agregado":0,"zona":0,"poligono":20,"parcela":116,"recinto":1,"uso_sigpac":"OV","idPanel":"23:95:0:0:20:116:1"},"id":1112549805},{"type":"Feature","geometry":{"type":"Polygon","coordinates":[[[-3.0637867211199827,38.12099171750569],[-3.063667803699839,38.121076497946774],[-3.0625903418341482,38.12012639910736],[-3.0626545346434138,38.12008310573671],[-3.062719525409908,38.12003945194422],[-3.063154630867668,38.1204127123639],[-3.0637867211199827,38.12099171750569]]]},"properties":{"dn_surface":2120.88468360282,"provincia":23,"municipio":95,"agregado":0,"zona":0,"poligono":20,"parcela":117,"recinto":1,"uso_sigpac":"OV","idPanel":"23:95:0:0:20:117:1"},"id":1112549804},{"type":"Feature","geometry":{"type":"Polygon","coordinates":[[[-3.0625903418341482,38.12012639910736],[-3.063667803699839,38.121076497946774],[-3.0636617611854824,38.12108082720002],[-3.0635916289592755,38.121116913809914],[-3.063501427941109,38.12116328585378],[-3.062443143871018,38.120225432975616],[-3.0625903418341482,38.12012639910736]]]},"properties":{"dn_surface":2405.30901440384,"provincia":23,"municipio":95,"agregado":0,"zona":0,"poligono":20,"parcela":118,"recinto":1,"uso_sigpac":"OV","idPanel":"23:95:0:0:20:118:1"},"id":1112549803},{"type":"Feature","geometry":{"type":"Polygon","coordinates":[[[-3.0610263808683382,38.12043550778915],[-3.0616512769327326,38.12089213713733],[-3.0612171303647537,38.12123970115496],[-3.060866512819619,38.12147609598421],[-3.060755536415013,38.12137710234907],[-3.060268362571648,38.12094257188991],[-3.0600626237168975,38.12075674173275],[-3.060365750234022,38.12062005216225],[-3.060518406492824,38.12076661310073],[-3.0610263808683382,38.12043550778915]]]},"properties":{"dn_surface":7803.53805747693,"provincia":23,"municipio":95,"agregado":0,"zona":0,"poligono":20,"parcela":139,"recinto":1,"uso_sigpac":"OV","idPanel":"23:95:0:0:20:139:1"},"id":1112549780},{"type":"Feature","geometry":{"type":"Polygon","coordinates":[[[-3.0610263808683382,38.12043550778915],[-3.060518406492824,38.12076661310073],[-3.060365750234022,38.12062005216225],[-3.059688662570039,38.11994659805353],[-3.059731312210489,38.11992521749363],[-3.060180960271117,38.11969905110146],[-3.060460342531522,38.12009393850903],[-3.060683738704546,38.11997873678678],[-3.0610263808683382,38.12043550778915]]]},"properties":{"dn_surface":6224.75293453936,"provincia":23,"municipio":95,"agregado":0,"zona":0,"poligono":20,"parcela":137,"recinto":1,"uso_sigpac":"OV","idPanel":"23:95:0:0:20:137:1"},"id":1112549782},{"type":"Feature","geometry":{"type":"Polygon","coordinates":[[[-3.0600626237168975,38.12075674173275],[-3.060268362571648,38.12094257188991],[-3.060755536415013,38.12137710234907],[-3.0603750189431023,38.12160602974032],[-3.0600896184758617,38.12138860483549],[-3.0597133497909215,38.12110191606965],[-3.059680667072127,38.12103704097342],[-3.0596714117740933,38.12102019167065],[-3.0596555305812076,38.12099153897117],[-3.0600626237168975,38.12075674173275]]]},"properties":{"dn_surface":4164.39985462638,"provincia":23,"municipio":95,"agregado":0,"zona":0,"poligono":20,"parcela":140,"recinto":1,"uso_sigpac":"OV","idPanel":"23:95:0:0:20:140:1"},"id":1112549779},{"type":"Feature","geometry":{"type":"Polygon","coordinates":[[[-3.059461103943652,38.11972022043736],[-3.059688662570039,38.11994659805353],[-3.060365750234022,38.12062005216225],[-3.0600626237168975,38.12075674173275],[-3.0594746415562715,38.120225642523195],[-3.0594803672346695,38.12011370303787],[-3.059483663837383,38.120099371658995],[-3.0594971905535275,38.12003952067582],[-3.0594970044752654,38.119952368994205],[-3.059465233707591,38.11974707605674],[-3.059461103943652,38.11972022043736]]]},"properties":{"dn_surface":3262.14097470138,"provincia":23,"municipio":95,"agregado":0,"zona":0,"poligono":20,"parcela":144,"recinto":3,"uso_sigpac":"OV","idPanel":"23:95:0:0:20:144:3"},"id":1112549775},{"type":"Feature","geometry":{"type":"Polygon","coordinates":[[[-3.0597133497909215,38.12110191606965],[-3.0600896184758617,38.12138860483549],[-3.059915710738492,38.121478996122875],[-3.0598381672330595,38.12152220483631],[-3.0598372519291788,38.12151896020137],[-3.0598366802833485,38.12151706756754],[-3.0598088749943004,38.1214187537048],[-3.059797546851488,38.121378653001244],[-3.0597384393431803,38.12122853143015],[-3.0597234315446573,38.121152651732615],[-3.0597133497909215,38.12110191606965]]]},"properties":{"dn_surface":606.511068386351,"provincia":23,"municipio":95,"agregado":0,"zona":0,"poligono":20,"parcela":142,"recinto":1,"uso_sigpac":"OV","idPanel":"23:95:0:0:20:142:1"},"id":1112549777},{"type":"Feature","geometry":{"type":"Polygon","coordinates":[[[-3.0594746415562715,38.120225642523195],[-3.0600626237168975,38.12075674173275],[-3.0596555305812076,38.12099153897117],[-3.0596087989536698,38.12090666297641],[-3.059606513208539,38.120902607811416],[-3.059542477140872,38.1207236483007],[-3.0595192408275147,38.120630378667585],[-3.0595143181354887,38.12061037273992],[-3.0595135168254974,38.120606948732274],[-3.0594922259519826,38.1205208883745],[-3.0594692494776394,38.120327848942026],[-3.0594711597134863,38.12029260806622],[-3.0594746415562715,38.120225642523195]]]},"properties":{"dn_surface":1994.40438361651,"provincia":23,"municipio":95,"agregado":0,"zona":0,"poligono":20,"parcela":143,"recinto":2,"uso_sigpac":"OV","idPanel":"23:95:0:0:20:143:2"},"id":1112549776},{"type":"Feature","geometry":{"type":"Polygon","coordinates":[[[-3.0616682502876666,38.119660641027906],[-3.061451274652855,38.11981126132227],[-3.061152922468062,38.12005628364497],[-3.0613301041770042,38.1201992261156],[-3.0610286607461368,38.120433974738944],[-3.0610263808683382,38.12043550778915],[-3.060683738704546,38.11997873678678],[-3.0605874524243144,38.1198450370413],[-3.060848597338712,38.1197156665491],[-3.061423229641362,38.1194311227124],[-3.0616682502876666,38.119660641027906]]]},"properties":{"dn_surface":4600.17502580366,"provincia":23,"municipio":95,"agregado":0,"zona":0,"poligono":20,"parcela":133,"recinto":1,"uso_sigpac":"OV","idPanel":"23:95:0:0:20:133:1"},"id":1112549788},{"type":"Feature","geometry":{"type":"Polygon","coordinates":[[[-3.061423229641362,38.1194311227124],[-3.060848597338712,38.1197156665491],[-3.0607471872007657,38.119261151955186],[-3.060741409554566,38.1192352560638],[-3.0607754040412845,38.1192322654006],[-3.0609024829210334,38.1192194042076],[-3.0609760525659353,38.11920278456901],[-3.0610353612399317,38.119185000683984],[-3.0610986563473137,38.11915928332712],[-3.061119979910253,38.11914737515659],[-3.061423229641362,38.1194311227124]]]},"properties":{"dn_surface":2090.04937046394,"provincia":23,"municipio":95,"agregado":0,"zona":0,"poligono":20,"parcela":134,"recinto":1,"uso_sigpac":"OV","idPanel":"23:95:0:0:20:134:1"},"id":1112549787},{"type":"Feature","geometry":{"type":"Polygon","coordinates":[[[-3.0607471872007657,38.119261151955186],[-3.060848597338712,38.1197156665491],[-3.0605874524243144,38.1198450370413],[-3.0602339280349864,38.119354893489486],[-3.060266687029104,38.11935272928193],[-3.060323352888873,38.119339597353445],[-3.060385549966875,38.119328646396326],[-3.0604657178463475,38.11931877838114],[-3.060550029738995,38.119304540041384],[-3.0606301967802763,38.11929248770207],[-3.0606965353568807,38.11927498209624],[-3.0607471872007657,38.119261151955186]]]},"properties":{"dn_surface":2001.64677473942,"provincia":23,"municipio":95,"agregado":0,"zona":0,"poligono":20,"parcela":135,"recinto":1,"uso_sigpac":"OV","idPanel":"23:95:0:0:20:135:1"},"id":1112549786},{"type":"Feature","geometry":{"type":"Polygon","coordinates":[[[-3.0599377794526688,38.11934479329554],[-3.0599833007333155,38.11935816159374],[-3.0600323139150323,38.11936283031409],[-3.0601050864408963,38.119365141204895],[-3.060171911167914,38.11935924202109],[-3.0602339280349864,38.119354893489486],[-3.0605874524243144,38.1198450370413],[-3.060683738704546,38.11997873678678],[-3.060460342531522,38.12009393850903],[-3.060180960271117,38.11969905110146],[-3.0600340749529935,38.119491381894306],[-3.059944779180425,38.11935544837149],[-3.0599377794526688,38.11934479329554]]]},"properties":{"dn_surface":1976.81510026609,"provincia":23,"municipio":95,"agregado":0,"zona":0,"poligono":20,"parcela":136,"recinto":1,"uso_sigpac":"OV","idPanel":"23:95:0:0:20:136:1"},"id":1112549784},{"type":"Feature","geometry":{"type":"Polygon","coordinates":[[[-3.0594375885129024,38.11955593177265],[-3.0595168997618196,38.11955304504505],[-3.0595148654737985,38.119504967283774],[-3.059584329662283,38.119486341855605],[-3.0596050740356784,38.11947781578317],[-3.0596211396304454,38.11946159847599],[-3.0596286590362287,38.119443606719756],[-3.059605141090908,38.11932796913851],[-3.0596064025674106,38.119308800563005],[-3.059622707884622,38.11929812034134],[-3.059646299590695,38.119296925920054],[-3.0597127203099563,38.119316060967975],[-3.0597523180992794,38.119328146834874],[-3.059825119123615,38.11934122511917],[-3.0598876992546136,38.11934926420298],[-3.059944779180425,38.11935544837149],[-3.0600340749529935,38.119491381894306],[-3.060180960271117,38.11969905110146],[-3.059731312210489,38.11992521749363],[-3.059688662570039,38.11994659805353],[-3.059461103943652,38.11972022043736],[-3.0594606454535214,38.1197173370625],[-3.059459613641179,38.11971093831724],[-3.0594513515987307,38.119652630442545],[-3.0594375885129024,38.11955593177265]]]},"properties":{"dn_surface":2759.61880950739,"provincia":23,"municipio":95,"agregado":0,"zona":0,"poligono":20,"parcela":145,"recinto":1,"uso_sigpac":"OV","idPanel":"23:95:0:0:20:145:1"},"id":1112549774},{"type":"Feature","geometry":{"type":"Polygon","coordinates":[[[-3.0631917073803674,38.12132242802963],[-3.0621682534727896,38.12042177739272],[-3.062423418737109,38.12023869147086],[-3.062443143871018,38.120225432975616],[-3.063501427941109,38.12116328585378],[-3.063411453234342,38.12120947684852],[-3.0632462157381304,38.121294460969835],[-3.0631917073803674,38.12132242802963]]]},"properties":{"dn_surface":4413.65744934509,"provincia":23,"municipio":95,"agregado":0,"zona":0,"poligono":20,"parcela":119,"recinto":1,"uso_sigpac":"OV","idPanel":"23:95:0:0:20:119:1"},"id":1112549802},{"type":"Feature","geometry":{"type":"Polygon","coordinates":[[[-3.0631917073803674,38.12132242802963],[-3.063134689480644,38.12135174876687],[-3.062735544066015,38.121535811180536],[-3.0626595906077076,38.121568475459156],[-3.0616512769327326,38.12089213713733],[-3.0616605112760067,38.120884741783726],[-3.0621490983083306,38.12043548599618],[-3.0621682534727896,38.12042177739272],[-3.0631917073803674,38.12132242802963]]]},"properties":{"dn_surface":7580.47741875285,"provincia":23,"municipio":95,"agregado":0,"zona":0,"poligono":20,"parcela":120,"recinto":1,"uso_sigpac":"OV","idPanel":"23:95:0:0:20:120:1"},"id":1112549801},{"type":"Feature","geometry":{"type":"Polygon","coordinates":[[[-3.0626595906077076,38.121568475459156],[-3.062421236089393,38.121671160484624],[-3.0627237289345994,38.122061378333655],[-3.062774963320789,38.12212747048227],[-3.062758875933073,38.122126487285016],[-3.062577821784635,38.12213135633283],[-3.0623098648971236,38.1221740319572],[-3.0622140496798775,38.122195891123795],[-3.061891692561161,38.12186366766625],[-3.0615452475276728,38.12150973591639],[-3.061145595007872,38.12177391507993],[-3.0610896315516305,38.12170220202668],[-3.061048410187567,38.12166040398765],[-3.060866512819619,38.12147609598421],[-3.0612171303647537,38.12123970115496],[-3.0616512769327326,38.12089213713733],[-3.0626595906077076,38.121568475459156]]]},"properties":{"dn_surface":10574.9478333428,"provincia":23,"municipio":95,"agregado":0,"zona":0,"poligono":20,"parcela":121,"recinto":1,"uso_sigpac":"OV","idPanel":"23:95:0:0:20:121:1"},"id":1112549800},{"type":"Feature","geometry":{"type":"Polygon","coordinates":[[[-3.0626545346434138,38.12008310573671],[-3.0625903418341482,38.12012639910736],[-3.062443143871018,38.120225432975616],[-3.062423418737109,38.12023869147086],[-3.0621682534727896,38.12042177739272],[-3.0621490983083306,38.12043548599618],[-3.0616605112760067,38.120884741783726],[-3.0616512769327326,38.12089213713733],[-3.0610263808683382,38.12043550778915],[-3.0610286607461368,38.120433974738944],[-3.0613301041770042,38.1201992261156],[-3.061561515126318,38.12038630266184],[-3.0620559099796956,38.12005835313698],[-3.0622435782883213,38.11993826225034],[-3.0622499317713037,38.119934196188865],[-3.0623340064560773,38.11988039526378],[-3.0623791606093436,38.11985144081572],[-3.0626545346434138,38.12008310573671]]]},"properties":{"dn_surface":6075.62685455027,"provincia":23,"municipio":95,"agregado":0,"zona":0,"poligono":20,"parcela":138,"recinto":1,"uso_sigpac":"OV","idPanel":"23:95:0:0:20:138:1"},"id":1112549781},{"type":"Feature","geometry":{"type":"Polygon","coordinates":[[[-3.069210527771594,38.1199360972046],[-3.0681893503890545,38.12065750166968],[-3.0679443372864625,38.120461883125444],[-3.0679436524849324,38.12046134249266],[-3.0677264983155723,38.120287879834365],[-3.0673052397626783,38.12059607405044],[-3.0675927072073637,38.12080825272176],[-3.067513153721431,38.120892114506205],[-3.066994043986889,38.120506118622046],[-3.067072136507013,38.12044578065027],[-3.0672018816703193,38.12035540361214],[-3.0674546589302816,38.1201939379726],[-3.067536059787784,38.12013386905991],[-3.0676733302242054,38.12003943098941],[-3.0679044109265154,38.11985941116791],[-3.068049508384586,38.119718823174026],[-3.068070597254222,38.11970105689099],[-3.0680790286111246,38.119706031550834],[-3.068113631624051,38.11972644819181],[-3.0681683352801694,38.11966684447478],[-3.0682196090613076,38.11971908888037],[-3.068714437259104,38.11940472223043],[-3.068732594977027,38.11942453956527],[-3.0690862945481414,38.11980312500839],[-3.069210527771594,38.1199360972046]]]},"properties":{"dn_surface":11925.7172435357,"provincia":23,"municipio":95,"agregado":0,"zona":0,"poligono":20,"parcela":65,"recinto":1,"uso_sigpac":"OV","idPanel":"23:95:0:0:20:65:1"},"id":1112549878},{"type":"Feature","geometry":{"type":"Polygon","coordinates":[[[-3.0688845161428757,38.121189628500616],[-3.068621578339284,38.1214084171412],[-3.0686685488510754,38.121453406170986],[-3.068738952650961,38.12146660431645],[-3.0688321501996905,38.12153569299568],[-3.0686055764469837,38.121662538858516],[-3.068399197214794,38.121783690894176],[-3.0684136970699543,38.12179720336107],[-3.0683981897099724,38.121806675750435],[-3.0683767555059047,38.12182092750123],[-3.0683636219010424,38.12180714513701],[-3.0681706352745373,38.1216182580996],[-3.0680951537174077,38.12154430623988],[-3.0682710756262286,38.12130221925986],[-3.0680295016187134,38.1211263375842],[-3.0675927072073637,38.12080825272176],[-3.0673052397626783,38.12059607405044],[-3.0677264983155723,38.120287879834365],[-3.0679436524849324,38.12046134249266],[-3.0679443372864625,38.120461883125444],[-3.0681893503890545,38.12065750166968],[-3.0683422262537317,38.12077863610335],[-3.068462217395736,38.12086959652197],[-3.0688845161428757,38.121189628500616]]]},"properties":{"dn_surface":8587.843139648438,"provincia":23,"municipio":95,"agregado":0,"zona":0,"poligono":20,"parcela":68,"recinto":2,"uso_sigpac":"OV","idPanel":"23:95:0:0:20:68:2"},"id":1373003334},{"type":"Feature","geometry":{"type":"Polygon","coordinates":[[[-3.0681706352745373,38.1216182580996],[-3.068011144411483,38.121743892777346],[-3.0679979202820613,38.121753814436744],[-3.0679298575478704,38.12180522400473],[-3.0678027401113646,38.12190118841983],[-3.067033306500066,38.12126180591133],[-3.067431547507289,38.12097813965997],[-3.067435316011179,38.12098138261848],[-3.0680332609025096,38.12148377632252],[-3.0680951537174077,38.12154430623988],[-3.0681706352745373,38.1216182580996]]]},"properties":{"dn_surface":4522.34653778112,"provincia":23,"municipio":95,"agregado":0,"zona":0,"poligono":20,"parcela":249,"recinto":1,"uso_sigpac":"OV","idPanel":"23:95:0:0:20:249:1"},"id":1112549654},{"type":"Feature","geometry":{"type":"Polygon","coordinates":[[[-3.067513153721431,38.120892114506205],[-3.067431547507289,38.12097813965997],[-3.067033306500066,38.12126180591133],[-3.0667874535307265,38.12138919827427],[-3.0665764600605643,38.121215550375894],[-3.0663799672837535,38.12105378969335],[-3.0662987851939376,38.12098164245751],[-3.0665371858127224,38.120814148552824],[-3.0668584926789104,38.120610739029104],[-3.066936700031113,38.12055040189554],[-3.066994043986889,38.120506118622046],[-3.067513153721431,38.120892114506205]]]},"properties":{"dn_surface":5319.73674607962,"provincia":23,"municipio":95,"agregado":0,"zona":0,"poligono":20,"parcela":257,"recinto":1,"uso_sigpac":"OV","idPanel":"23:95:0:0:20:257:1"},"id":1112549647},{"type":"Feature","geometry":{"type":"Polygon","coordinates":[[[-3.0701234612501236,38.11808230928824],[-3.0702477414122367,38.11848041618498],[-3.0695284827145026,38.11875147689145],[-3.0693452249635893,38.11882809838747],[-3.069449657615999,38.11899513296382],[-3.069405627476015,38.119001106746566],[-3.069144882378422,38.11905370822126],[-3.0688024036617527,38.119173137775704],[-3.068593268459634,38.11927320597084],[-3.0684098128957933,38.11938398372436],[-3.068150449974117,38.119572762635215],[-3.068010238327696,38.11969189714668],[-3.0678650260375457,38.119831853983214],[-3.0678627461597467,38.11983365776888],[-3.066593637933948,38.11869065109289],[-3.0666574812178298,38.11864303014539],[-3.0666979557542775,38.11861651064035],[-3.0667923594589452,38.11855472259924],[-3.066975579491292,38.118434935137486],[-3.0671340150726745,38.118530742811004],[-3.067325166062275,38.118475299870994],[-3.0673626868158688,38.11846212100389],[-3.0678136214987113,38.1183044213536],[-3.0678493175118753,38.11829187364381],[-3.0679140350283105,38.118326626692806],[-3.0679278458909893,38.118334009473585],[-3.068259807833124,38.118676935783895],[-3.0684039464014137,38.11885197088728],[-3.068825249378398,38.11860559991632],[-3.068943378061406,38.118541723943025],[-3.0694335006584823,38.11832775657345],[-3.0694592741740805,38.11831854905225],[-3.0701234612501236,38.11808230928824]]]},"properties":{"dn_surface":24361.3712577605,"provincia":23,"municipio":95,"agregado":0,"zona":0,"poligono":20,"parcela":96,"recinto":1,"uso_sigpac":"OV","idPanel":"23:95:0:0:20:96:1"},"id":1112549833},{"type":"Feature","geometry":{"type":"Polygon","coordinates":[[[-3.0701234612501236,38.11808230928824],[-3.0694592741740805,38.11831854905225],[-3.0690959136207945,38.117714457710974],[-3.06941180493902,38.117595042405725],[-3.0694211557907556,38.117591522006194],[-3.0697036645012297,38.11751754751535],[-3.069814459018526,38.1176581715514],[-3.0701234612501236,38.11808230928824]]]},"properties":{"dn_surface":4508.83076986347,"provincia":23,"municipio":95,"agregado":0,"zona":0,"poligono":20,"parcela":95,"recinto":1,"uso_sigpac":"OV","idPanel":"23:95:0:0:20:95:1"},"id":1112549834},{"type":"Feature","geometry":{"type":"Polygon","coordinates":[[[-3.0694592741740805,38.11831854905225],[-3.0694335006584823,38.11832775657345],[-3.068943378061406,38.118541723943025],[-3.068825249378398,38.11860559991632],[-3.0685394993857744,38.11827409478792],[-3.0684172166313064,38.11816790445036],[-3.068402370603524,38.11815214060408],[-3.0682804088759665,38.1180227877139],[-3.068595389919453,38.11790373450688],[-3.0686131805099945,38.11789696528149],[-3.068963741058185,38.11776446247188],[-3.0690959136207945,38.117714457710974],[-3.0694592741740805,38.11831854905225]]]},"properties":{"dn_surface":5408.09660419452,"provincia":23,"municipio":95,"agregado":0,"zona":0,"poligono":20,"parcela":97,"recinto":1,"uso_sigpac":"OV","idPanel":"23:95:0:0:20:97:1"},"id":1112549832},{"type":"Feature","geometry":{"type":"Polygon","coordinates":[[[-3.0693265626550654,38.11721412595523],[-3.069327933934506,38.117220254803186],[-3.069338887406223,38.117269200929655],[-3.06941180493902,38.117595042405725],[-3.0690959136207945,38.117714457710974],[-3.068963741058185,38.11776446247188],[-3.0686131805099945,38.11789696528149],[-3.068595389919453,38.11790373450688],[-3.068384414051289,38.117399961979686],[-3.0683693492558213,38.117363989363724],[-3.068363393075072,38.11734976778774],[-3.068533551586929,38.1172961370153],[-3.0687421796838743,38.117269072686526],[-3.0690764005490476,38.117231932471384],[-3.0693265626550654,38.11721412595523]]]},"properties":{"dn_surface":4564.256001312303,"provincia":23,"municipio":95,"agregado":0,"zona":0,"poligono":20,"parcela":99,"recinto":1,"uso_sigpac":"OV","idPanel":"23:95:0:0:20:99:1"},"id":1179153522},{"type":"Feature","geometry":{"type":"Polygon","coordinates":[[[-3.068825249378398,38.11860559991632],[-3.0684039464014137,38.11885197088728],[-3.068259807833124,38.118676935783895],[-3.0679278458909893,38.118334009473585],[-3.0679140350283105,38.118326626692806],[-3.068402370603524,38.11815214060408],[-3.0684172166313064,38.11816790445036],[-3.0685394993857744,38.11827409478792],[-3.068825249378398,38.11860559991632]]]},"properties":{"dn_surface":3088.91921250086,"provincia":23,"municipio":95,"agregado":0,"zona":0,"poligono":20,"parcela":98,"recinto":1,"uso_sigpac":"OV","idPanel":"23:95:0:0:20:98:1"},"id":1112549831},{"type":"Feature","geometry":{"type":"Polygon","coordinates":[[[-3.068363393075072,38.11734976778774],[-3.068384414051289,38.117399961979686],[-3.068595389919453,38.11790373450688],[-3.0682804088759665,38.1180227877139],[-3.068402370603524,38.11815214060408],[-3.0679140350283105,38.118326626692806],[-3.0678493175118753,38.11829187364381],[-3.0678136214987113,38.1183044213536],[-3.067697147403487,38.11794398021735],[-3.067548895835065,38.11763700137732],[-3.067735582622771,38.11756759167119],[-3.0680382456206234,38.11745260284934],[-3.068363393075072,38.11734976778774]]]},"properties":{"dn_surface":5957.49824696722,"provincia":23,"municipio":95,"agregado":0,"zona":0,"poligono":20,"parcela":100,"recinto":1,"uso_sigpac":"OV","idPanel":"23:95:0:0:20:100:1"},"id":1155200224},{"type":"Feature","geometry":{"type":"Polygon","coordinates":[[[-3.0695927241388095,38.11904095012568],[-3.06951580424701,38.11909080987965],[-3.06907994441792,38.11926626240188],[-3.068732594977027,38.11942453956527],[-3.068714437259104,38.11940472223043],[-3.0682196090613076,38.11971908888037],[-3.0681683352801694,38.11966684447478],[-3.068113631624051,38.11972644819181],[-3.0680790286111246,38.119706031550834],[-3.068195019908697,38.11960672778528],[-3.068361119902797,38.119489150631495],[-3.0684709505011702,38.11941954814162],[-3.068697178919445,38.11928725068864],[-3.068851295305865,38.1192180547211],[-3.0689928556005865,38.11916916726793],[-3.0692005625263192,38.11910944368972],[-3.069327377376102,38.11907827222814],[-3.069457480446695,38.119054874982226],[-3.0695927241388095,38.11904095012568]]]},"properties":{"dn_surface":1629.41703157663,"provincia":23,"municipio":95,"agregado":0,"zona":0,"poligono":20,"parcela":67,"recinto":1,"uso_sigpac":"OV","idPanel":"23:95:0:0:20:67:1"},"id":1112549877}]}