{"type":"FeatureCollection","features":[{"type":"Feature","geometry":{"type":"Polygon","coordinates":[[[-3.032588547268572,38.14281507994997],[-3.032454020229222,38.142861529107336],[-3.0323457251956,38.142623893756365],[-3.032262445953485,38.14243483069896],[-3.0322290943587773,38.14237148027101],[-3.0323576920394717,38.14233692922588],[-3.0323717325663107,38.142346749464224],[-3.032506528664769,38.142639805124105],[-3.032588547268572,38.14281507994997]]]},"properties":{"dn_surface":721.732572216508,"provincia":23,"municipio":48,"agregado":0,"zona":0,"poligono":12,"parcela":130,"recinto":1,"uso_sigpac":"OV","idPanel":"23:48:0:0:12:130:1"},"id":1112036637},{"type":"Feature","geometry":{"type":"Polygon","coordinates":[[[-3.0320959419516282,38.14268679659065],[-3.0321473288884655,38.14279230128852],[-3.0322375860653863,38.142769124486676],[-3.032258901246422,38.14279950637294],[-3.032299483909427,38.142805372867315],[-3.032357455669788,38.142807315792595],[-3.0323446757812604,38.14270204914075],[-3.032289085319733,38.14270661308731],[-3.032292349233022,38.14273681811537],[-3.032277692636263,38.14274108701889],[-3.032239889412516,38.14274414306098],[-3.0321573444251624,38.14276244243308],[-3.0321216173989542,38.14268033079014],[-3.0323457251956,38.142623893756365],[-3.032454020229222,38.142861529107336],[-3.0325034390950756,38.14296123855701],[-3.032338388515316,38.1429759119176],[-3.032335174055259,38.14297591275579],[-3.0321928593892067,38.14299696474504],[-3.0321603149718226,38.14295407286755],[-3.0320693201873783,38.14269620276295],[-3.032068444278446,38.14269372171947],[-3.0320959419516282,38.14268679659065]]]},"properties":{"dn_surface":865.6438081210861,"provincia":23,"municipio":48,"agregado":0,"zona":0,"poligono":12,"parcela":132,"recinto":2,"uso_sigpac":"OV","idPanel":"23:48:0:0:12:132:2"},"id":1318201315},{"type":"Feature","geometry":{"type":"Polygon","coordinates":[[[-3.0324491545341403,38.143453028314724],[-3.0321975582844054,38.14354502054573],[-3.0321762070611835,38.14352294512602],[-3.0319796204070517,38.143623665433296],[-3.032024282542573,38.143712518641365],[-3.031229968926607,38.144177405002836],[-3.031212500201166,38.14415857337988],[-3.031115104995078,38.14404945440512],[-3.030912759134934,38.14377191448719],[-3.03187545681375,38.143435778357],[-3.031853639556685,38.14339045069832],[-3.0318426743503015,38.14336945402965],[-3.032313470792083,38.14321630156215],[-3.0323229507251352,38.14323360348769],[-3.0324491545341403,38.143453028314724]]]},"properties":{"dn_surface":5163.90291370881,"provincia":23,"municipio":48,"agregado":0,"zona":0,"poligono":12,"parcela":134,"recinto":1,"uso_sigpac":"OV","idPanel":"23:48:0:0:12:134:1"},"id":1112036630},{"type":"Feature","geometry":{"type":"Polygon","coordinates":[[[-3.0322290943587773,38.14237148027101],[-3.032262445953485,38.14243483069896],[-3.0323457251956,38.142623893756365],[-3.0321216173989542,38.14268033079014],[-3.0320077333119646,38.142411988335084],[-3.0322290943587773,38.14237148027101]]]},"properties":{"dn_surface":623.191444776869,"provincia":23,"municipio":48,"agregado":0,"zona":0,"poligono":12,"parcela":129,"recinto":2,"uso_sigpac":"OV","idPanel":"23:48:0:0:12:129:2"},"id":1112036640},{"type":"Feature","geometry":{"type":"Polygon","coordinates":[[[-3.0321928593892067,38.14299696474504],[-3.032313470792083,38.14321630156215],[-3.0318426743503015,38.14336945402965],[-3.031853639556685,38.14339045069832],[-3.03187545681375,38.143435778357],[-3.030912759134934,38.14377191448719],[-3.030873478181569,38.143717939218476],[-3.0306738874531614,38.14347662840271],[-3.0321603149718226,38.14295407286755],[-3.0321928593892067,38.14299696474504]]]},"properties":{"dn_surface":5078.39415170755,"provincia":23,"municipio":48,"agregado":0,"zona":0,"poligono":12,"parcela":133,"recinto":1,"uso_sigpac":"OV","idPanel":"23:48:0:0:12:133:1"},"id":1112036631},{"type":"Feature","geometry":{"type":"Polygon","coordinates":[[[-3.0321603149718226,38.14295407286755],[-3.0306738874531614,38.14347662840271],[-3.030601732673599,38.14340724887148],[-3.030472930474456,38.14323414831142],[-3.0304294258798317,38.14316911982638],[-3.030389795401084,38.143109882398534],[-3.0304864454559346,38.14308525552738],[-3.0307853986232223,38.14298253026874],[-3.0308939107481483,38.14294311939585],[-3.030951637756922,38.14290272867845],[-3.031257779244797,38.14280009059161],[-3.031347236788108,38.14277059802535],[-3.031341032503011,38.142676507803884],[-3.03168768708409,38.14257908577571],[-3.0317027434976542,38.14256096661455],[-3.0317076175746394,38.142487692850835],[-3.031982501267344,38.14241660508759],[-3.032068444278446,38.14269372171947],[-3.0320693201873783,38.14269620276295],[-3.0321603149718226,38.14295407286755]],[[-3.0312694443401362,38.14321823694368],[-3.0312470881266647,38.14316658932964],[-3.0311514212691133,38.14319431918156],[-3.0311779768163247,38.14324380929358],[-3.0312694443401362,38.14321823694368]]]},"properties":{"dn_surface":7748.31192497237,"provincia":23,"municipio":48,"agregado":0,"zona":0,"poligono":12,"parcela":128,"recinto":1,"uso_sigpac":"OV","idPanel":"23:48:0:0:12:128:1"},"id":1112036642},{"type":"Feature","geometry":{"type":"Polygon","coordinates":[[[-3.0331366818591468,38.14235322280845],[-3.033040822217812,38.142355410485294],[-3.032820928842331,38.14238926415604],[-3.0326343585630866,38.14242473218141],[-3.0325904633717515,38.142265129839046],[-3.033090028183313,38.14215306462518],[-3.0331366818591468,38.14235322280845]]]},"properties":{"dn_surface":881.321758075504,"provincia":23,"municipio":48,"agregado":0,"zona":0,"poligono":12,"parcela":170,"recinto":1,"uso_sigpac":"OV","idPanel":"23:48:0:0:12:170:1"},"id":1112036591},{"type":"Feature","geometry":{"type":"Polygon","coordinates":[[[-3.032588547268572,38.14281507994997],[-3.0327387643934043,38.14313463080731],[-3.032846471855579,38.143335492232325],[-3.0328024073497892,38.14334732412755],[-3.0327077178222073,38.14337274979417],[-3.0326859416364695,38.14332889399776],[-3.0327310153234612,38.14333089643455],[-3.0327736146724886,38.14333002136382],[-3.0327003744364003,38.143204098348576],[-3.032666475503383,38.143116981870946],[-3.03267014342443,38.143087420573096],[-3.0326087945950797,38.1429436105754],[-3.0326069086667538,38.142939189959435],[-3.0325981018005663,38.142913511997506],[-3.0325677660148007,38.14282506028266],[-3.032534210739833,38.14283581845601],[-3.032454020229222,38.142861529107336],[-3.032588547268572,38.14281507994997]]]},"properties":{"dn_surface":302.0766767580662,"provincia":23,"municipio":48,"agregado":0,"zona":0,"poligono":12,"parcela":131,"recinto":2,"uso_sigpac":"OV","idPanel":"23:48:0:0:12:131:2"},"id":1318201699},{"type":"Feature","geometry":{"type":"Polygon","coordinates":[[[-3.0326343585630866,38.14242473218141],[-3.032521260698662,38.142414036034154],[-3.0323717325663107,38.142346749464224],[-3.0323576920394717,38.14233692922588],[-3.0325904633717515,38.142265129839046],[-3.0326343585630866,38.14242473218141]]]},"properties":{"dn_surface":232.358311859716,"provincia":23,"municipio":48,"agregado":0,"zona":0,"poligono":12,"parcela":169,"recinto":1,"uso_sigpac":"OV","idPanel":"23:48:0:0:12:169:1"},"id":1112036592},{"type":"Feature","geometry":{"type":"Polygon","coordinates":[[[-3.0325034390950756,38.14296123855701],[-3.032454020229222,38.142861529107336],[-3.032534210739833,38.14283581845601],[-3.0325677660148007,38.14282506028266],[-3.0325981018005663,38.142913511997506],[-3.0326069086667538,38.142939189959435],[-3.0326087945950797,38.1429436105754],[-3.0325034390950756,38.14296123855701]]]},"properties":{"dn_surface":127.92394358892882,"provincia":23,"municipio":48,"agregado":0,"zona":0,"poligono":12,"parcela":131,"recinto":3,"uso_sigpac":"OV","idPanel":"23:48:0:0:12:131:3"},"id":1318201698},{"type":"Feature","geometry":{"type":"Polygon","coordinates":[[[-3.032846471855579,38.143335492232325],[-3.033120633866378,38.143912318079174],[-3.033142429330494,38.143907989664115],[-3.0331127733171153,38.143919223091416],[-3.033092019723625,38.14388298057813],[-3.033069844559273,38.143846910732066],[-3.0330177602480504,38.14375967439321],[-3.0328659153575246,38.14350584771893],[-3.032774806579191,38.1433547354068],[-3.0328024073497892,38.14334732412755],[-3.032846471855579,38.143335492232325]]]},"properties":{"dn_surface":257.432373046875,"provincia":23,"municipio":48,"agregado":0,"zona":0,"poligono":12,"parcela":140,"recinto":2,"uso_sigpac":"OV","idPanel":"23:48:0:0:12:140:2"},"id":1389861996},{"type":"Feature","geometry":{"type":"Polygon","coordinates":[[[-3.032774806579191,38.1433547354068],[-3.0328659153575246,38.14350584771893],[-3.0330177602480504,38.14375967439321],[-3.033069844559273,38.143846910732066],[-3.033092019723625,38.14388298057813],[-3.0331127733171153,38.143919223091416],[-3.0331034937115606,38.14392273846181],[-3.032990328791906,38.14396561692823],[-3.0327077178222073,38.14337274979417],[-3.032774806579191,38.1433547354068]]]},"properties":{"dn_surface":632.9798583984375,"provincia":23,"municipio":48,"agregado":0,"zona":0,"poligono":12,"parcela":140,"recinto":3,"uso_sigpac":"OV","idPanel":"23:48:0:0:12:140:3"},"id":1389861995},{"type":"Feature","geometry":{"type":"Polygon","coordinates":[[[-3.032990328791906,38.14396561692823],[-3.0327954470169805,38.14405029594826],[-3.0324491545341403,38.143453028314724],[-3.0327077178222073,38.14337274979417],[-3.032990328791906,38.14396561692823]]]},"properties":{"dn_surface":1563.87180656448,"provincia":23,"municipio":48,"agregado":0,"zona":0,"poligono":12,"parcela":139,"recinto":1,"uso_sigpac":"OV","idPanel":"23:48:0:0:12:139:1"},"id":1112036624},{"type":"Feature","geometry":{"type":"Polygon","coordinates":[[[-3.0324491545341403,38.143453028314724],[-3.0327954470169805,38.14405029594826],[-3.0325072235245836,38.144160143310444],[-3.0322699779321236,38.14369154711835],[-3.0321975582844054,38.14354502054573],[-3.0324491545341403,38.143453028314724]]]},"properties":{"dn_surface":1916.60336220757,"provincia":23,"municipio":48,"agregado":0,"zona":0,"poligono":12,"parcela":138,"recinto":1,"uso_sigpac":"OV","idPanel":"23:48:0:0:12:138:1"},"id":1112036625},{"type":"Feature","geometry":{"type":"Polygon","coordinates":[[[-3.0315162184806894,38.14450250970961],[-3.031684783592658,38.14443995975347],[-3.0317424879702917,38.14441854650414],[-3.0322763833829094,38.14422707532583],[-3.0322893644371245,38.14416416410961],[-3.032024282542573,38.143712518641365],[-3.0319796204070517,38.143623665433296],[-3.0321762070611835,38.14352294512602],[-3.0321975582844054,38.14354502054573],[-3.0322699779321236,38.14369154711835],[-3.0325072235245836,38.144160143310444],[-3.0327954470169805,38.14405029594826],[-3.032990328791906,38.14396561692823],[-3.0331034937115606,38.14392273846181],[-3.033142429330494,38.143907989664115],[-3.0332023993366892,38.14403153389509],[-3.0324695125017764,38.144299487429834],[-3.032467800917047,38.14430011858718],[-3.031551876775287,38.1446176820952],[-3.0315162184806894,38.14450250970961]]]},"properties":{"dn_surface":3601.81447990502,"provincia":23,"municipio":48,"agregado":0,"zona":0,"poligono":12,"parcela":137,"recinto":1,"uso_sigpac":"OV","idPanel":"23:48:0:0:12:137:1"},"id":1112036626},{"type":"Feature","geometry":{"type":"Polygon","coordinates":[[[-3.032024282542573,38.143712518641365],[-3.0322893644371245,38.14416416410961],[-3.0322763833829094,38.14422707532583],[-3.0317424879702917,38.14441854650414],[-3.031669063332323,38.144321318936136],[-3.031628054030421,38.14433984378144],[-3.031453071733002,38.1444188884858],[-3.031442794680911,38.14440654361806],[-3.031434670101683,38.144397846554824],[-3.0313556782032953,38.144313284881434],[-3.0312543183567717,38.14420372501854],[-3.031229968926607,38.144177405002836],[-3.032024282542573,38.143712518641365]]]},"properties":{"dn_surface":3971.49762520673,"provincia":23,"municipio":48,"agregado":0,"zona":0,"poligono":12,"parcela":135,"recinto":1,"uso_sigpac":"OV","idPanel":"23:48:0:0:12:135:1"},"id":1112036629},{"type":"Feature","geometry":{"type":"Polygon","coordinates":[[[-3.0341082308282394,38.14530657902324],[-3.0339271406376147,38.14536043275436],[-3.033732815421093,38.14542104900531],[-3.033716693667572,38.14535778491097],[-3.0336151351699305,38.1451420497979],[-3.0335705819991574,38.14504742900192],[-3.0336593647992234,38.145034877939395],[-3.0337105975090317,38.145016028714366],[-3.033903693938475,38.1450139039018],[-3.0341082308282394,38.14530657902324]]]},"properties":{"dn_surface":1279.28643563933,"provincia":23,"municipio":48,"agregado":0,"zona":0,"poligono":12,"parcela":147,"recinto":3,"uso_sigpac":"OV","idPanel":"23:48:0:0:12:147:3"},"id":1112036615},{"type":"Feature","geometry":{"type":"Polygon","coordinates":[[[-3.0332023993366892,38.14403153389509],[-3.033596139261641,38.14479209526135],[-3.0336910651589073,38.14498025307316],[-3.0337105975090317,38.145016028714366],[-3.0336593647992234,38.145034877939395],[-3.0335705819991574,38.14504742900192],[-3.032952427499886,38.14517025238919],[-3.032919995400011,38.14512393566588],[-3.032875221785171,38.14504544751989],[-3.032467917425508,38.144306337959705],[-3.032467800917047,38.14430011858718],[-3.0324695125017764,38.144299487429834],[-3.0332023993366892,38.14403153389509]]]},"properties":{"dn_surface":7816.08094066673,"provincia":23,"municipio":48,"agregado":0,"zona":0,"poligono":12,"parcela":141,"recinto":1,"uso_sigpac":"OV","idPanel":"23:48:0:0:12:141:1"},"id":1112036622},{"type":"Feature","geometry":{"type":"Polygon","coordinates":[[[-3.032952427499886,38.14517025238919],[-3.032792098446465,38.14520373055066],[-3.032666464606909,38.14524107528425],[-3.0324939340163137,38.14529618630087],[-3.032391468596695,38.1453373095967],[-3.0322172331268926,38.14540954484252],[-3.032057492483109,38.145484389374985],[-3.0319502409964945,38.145543719841925],[-3.0318866986229533,38.14559907309555],[-3.031804223205401,38.145680837727724],[-3.031817303166079,38.14558205783112],[-3.031827531603129,38.145487960065935],[-3.0318219006402427,38.145399640785115],[-3.03176922037567,38.14530718922583],[-3.03176079572429,38.145292405224154],[-3.0317506519444675,38.145269183159996],[-3.031646555406395,38.145030888991414],[-3.031617293342488,38.14491761091605],[-3.0316158022018254,38.14491183829901],[-3.0316143454269673,38.144905242579],[-3.0315892726385156,38.14479170801741],[-3.031551876775287,38.1446176820952],[-3.032467800917047,38.14430011858718],[-3.032467917425508,38.144306337959705],[-3.032875221785171,38.14504544751989],[-3.032919995400011,38.14512393566588],[-3.032952427499886,38.14517025238919]]]},"properties":{"dn_surface":10199.3557744228,"provincia":23,"municipio":48,"agregado":0,"zona":0,"poligono":12,"parcela":142,"recinto":1,"uso_sigpac":"OV","idPanel":"23:48:0:0:12:142:1"},"id":1112036621},{"type":"Feature","geometry":{"type":"Polygon","coordinates":[[[-3.0317424879702917,38.14441854650414],[-3.031684783592658,38.14443995975347],[-3.031628054030421,38.14433984378144],[-3.031669063332323,38.144321318936136],[-3.0317424879702917,38.14441854650414]]]},"properties":{"dn_surface":59.983891840827,"provincia":23,"municipio":48,"agregado":0,"zona":0,"poligono":12,"parcela":136,"recinto":2,"uso_sigpac":"OV","idPanel":"23:48:0:0:12:136:2"},"id":1112036627},{"type":"Feature","geometry":{"type":"Polygon","coordinates":[[[-3.0342759258986067,38.14563945962203],[-3.0338209653874317,38.145757736664734],[-3.0339915673019924,38.146203995921724],[-3.0336364469982056,38.14628826758124],[-3.0335831791621843,38.14610839025204],[-3.0334672825801245,38.145740616626455],[-3.03344624400191,38.1456558135543],[-3.0334440596778123,38.14562255751329],[-3.033282134709933,38.145661804100826],[-3.033001987181722,38.14572469520047],[-3.03299602261907,38.14566151827793],[-3.032792098446465,38.14520373055066],[-3.032952427499886,38.14517025238919],[-3.0335705819991574,38.14504742900192],[-3.0336151351699305,38.1451420497979],[-3.033716693667572,38.14535778491097],[-3.033732815421093,38.14542104900531],[-3.0339271406376147,38.14536043275436],[-3.0341082308282394,38.14530657902324],[-3.0342189121898357,38.14550410528878],[-3.0342759258986067,38.14563945962203]]]},"properties":{"dn_surface":8008.3442363511,"provincia":23,"municipio":48,"agregado":0,"zona":0,"poligono":12,"parcela":146,"recinto":1,"uso_sigpac":"OV","idPanel":"23:48:0:0:12:146:1"},"id":1112036616},{"type":"Feature","geometry":{"type":"Polygon","coordinates":[[[-3.0331623028240973,38.146395191335415],[-3.033076949899015,38.14642432431796],[-3.032794859445534,38.14648955899787],[-3.032391468596695,38.1453373095967],[-3.0324939340163137,38.14529618630087],[-3.032666464606909,38.14524107528425],[-3.032792098446465,38.14520373055066],[-3.03299602261907,38.14566151827793],[-3.033001987181722,38.14572469520047],[-3.033072778225558,38.146043092707885],[-3.0331623028240973,38.146395191335415]]]},"properties":{"dn_surface":5142.78793748115,"provincia":23,"municipio":48,"agregado":0,"zona":0,"poligono":12,"parcela":144,"recinto":1,"uso_sigpac":"OV","idPanel":"23:48:0:0:12:144:1"},"id":1112036618},{"type":"Feature","geometry":{"type":"Polygon","coordinates":[[[-3.032794859445534,38.14648955899787],[-3.031912172066401,38.146687028266484],[-3.031878102142548,38.146653981773056],[-3.031829782144265,38.14658725762888],[-3.0318117535076583,38.14657080562836],[-3.031767997455925,38.14654766989784],[-3.031761840109488,38.14651100493663],[-3.0317655943641424,38.14646929406939],[-3.0317572778393194,38.14643294845871],[-3.031733243568733,38.14640623616984],[-3.0317507877313066,38.14639239680869],[-3.031757033087733,38.1463211950516],[-3.031748222030593,38.146244093272486],[-3.031746950495806,38.146232964618974],[-3.031744167703787,38.14619394937196],[-3.0317342024585123,38.14605424734526],[-3.03171200382483,38.145923660638886],[-3.0317572761629386,38.14584406775799],[-3.0317765327484336,38.145775116541984],[-3.031804223205401,38.145680837727724],[-3.0318866986229533,38.14559907309555],[-3.0319502409964945,38.145543719841925],[-3.032057492483109,38.145484389374985],[-3.0322172331268926,38.14540954484252],[-3.032391468596695,38.1453373095967],[-3.032794859445534,38.14648955899787]]]},"properties":{"dn_surface":9482.61368239947,"provincia":23,"municipio":48,"agregado":0,"zona":0,"poligono":12,"parcela":143,"recinto":1,"uso_sigpac":"OV","idPanel":"23:48:0:0:12:143:1"},"id":1112036620},{"type":"Feature","geometry":{"type":"Polygon","coordinates":[[[-3.0336364469982056,38.14628826758124],[-3.0331623028240973,38.146395191335415],[-3.033072778225558,38.146043092707885],[-3.033001987181722,38.14572469520047],[-3.033282134709933,38.145661804100826],[-3.0334440596778123,38.14562255751329],[-3.03344624400191,38.1456558135543],[-3.0334672825801245,38.145740616626455],[-3.0335831791621843,38.14610839025204],[-3.0336364469982056,38.14628826758124]]]},"properties":{"dn_surface":3136.63398446372,"provincia":23,"municipio":48,"agregado":0,"zona":0,"poligono":12,"parcela":145,"recinto":1,"uso_sigpac":"OV","idPanel":"23:48:0:0:12:145:1"},"id":1112036617},{"type":"Feature","geometry":{"type":"Polygon","coordinates":[[[-3.0344727673626104,38.14606029488877],[-3.034233021448285,38.146127413820636],[-3.034063114393539,38.14618216609179],[-3.0339915673019924,38.146203995921724],[-3.0338209653874317,38.145757736664734],[-3.0342759258986067,38.14563945962203],[-3.034311105586505,38.14569947405232],[-3.0344727673626104,38.14606029488877]]]},"properties":{"dn_surface":2212.0285022701,"provincia":23,"municipio":48,"agregado":0,"zona":0,"poligono":12,"parcela":148,"recinto":1,"uso_sigpac":"OV","idPanel":"23:48:0:0:12:148:1"},"id":1112036614},{"type":"Feature","geometry":{"type":"Polygon","coordinates":[[[-3.03008488940581,38.146938061252285],[-3.0299137535639855,38.14706761279359],[-3.029847579272692,38.14711386246168],[-3.029828187738549,38.14709401159925],[-3.0297749626502375,38.147039525034415],[-3.0295839281690973,38.14679974391609],[-3.0292000411719107,38.14633387938642],[-3.0289650503115384,38.14604300553606],[-3.028857154256532,38.14592703770785],[-3.0290672399665253,38.1458781418728],[-3.029194245085522,38.14583962953998],[-3.03008488940581,38.146938061252285]]]},"properties":{"dn_surface":4374.83302373934,"provincia":23,"municipio":48,"agregado":0,"zona":0,"poligono":12,"parcela":85,"recinto":1,"uso_sigpac":"OV","idPanel":"23:48:0:0:12:85:1"},"id":1112036715},{"type":"Feature","geometry":{"type":"Polygon","coordinates":[[[-3.028006851200422,38.14604447907476],[-3.0282895208434475,38.14599421698938],[-3.0283341511277344,38.14601313410779],[-3.0283744429386816,38.14602628363829],[-3.0284109612165966,38.146019876511104],[-3.028610665100703,38.14597999625164],[-3.028857154256532,38.14592703770785],[-3.0289650503115384,38.14604300553606],[-3.0282230062468654,38.14633274531488],[-3.028006851200422,38.14604447907476]]]},"properties":{"dn_surface":1808.30668267081,"provincia":23,"municipio":48,"agregado":0,"zona":0,"poligono":12,"parcela":81,"recinto":1,"uso_sigpac":"OV","idPanel":"23:48:0:0:12:81:1"},"id":1112036719},{"type":"Feature","geometry":{"type":"Polygon","coordinates":[[[-3.0292000411719107,38.14633387938642],[-3.0288043256322634,38.146516834550624],[-3.0285273892113502,38.14663703440203],[-3.0284775269427913,38.14666390259424],[-3.0282230062468654,38.14633274531488],[-3.0289650503115384,38.14604300553606],[-3.0292000411719107,38.14633387938642]]]},"properties":{"dn_surface":2952.30299837501,"provincia":23,"municipio":48,"agregado":0,"zona":0,"poligono":12,"parcela":83,"recinto":1,"uso_sigpac":"OV","idPanel":"23:48:0:0:12:83:1"},"id":1112036717},{"type":"Feature","geometry":{"type":"Polygon","coordinates":[[[-3.0282230062468654,38.14633274531488],[-3.027896094401693,38.146484498842625],[-3.0277175187821697,38.14627463273854],[-3.0275581360456725,38.14611433302176],[-3.028006851200422,38.14604447907476],[-3.0282230062468654,38.14633274531488]]]},"properties":{"dn_surface":1516.28406443766,"provincia":23,"municipio":48,"agregado":0,"zona":0,"poligono":12,"parcela":82,"recinto":1,"uso_sigpac":"OV","idPanel":"23:48:0:0:12:82:1"},"id":1112036718},{"type":"Feature","geometry":{"type":"Polygon","coordinates":[[[-3.0282230062468654,38.14633274531488],[-3.0284775269427913,38.14666390259424],[-3.0285273892113502,38.14663703440203],[-3.0288043256322634,38.146516834550624],[-3.0292000411719107,38.14633387938642],[-3.0295839281690973,38.14679974391609],[-3.029151918148363,38.14698099587744],[-3.028781520986945,38.14712987776505],[-3.0284759595268036,38.14673960878639],[-3.028335153603414,38.14680660366605],[-3.028214999014288,38.14686007518233],[-3.028154699599278,38.14675842616015],[-3.027896094401693,38.146484498842625],[-3.0282230062468654,38.14633274531488]]]},"properties":{"dn_surface":6233.44370169335,"provincia":23,"municipio":48,"agregado":0,"zona":0,"poligono":12,"parcela":86,"recinto":1,"uso_sigpac":"OV","idPanel":"23:48:0:0:12:86:1"},"id":1112036714},{"type":"Feature","geometry":{"type":"Polygon","coordinates":[[[-3.028781520986945,38.14712987776505],[-3.0284842668315335,38.14724881949269],[-3.0283447223846442,38.147047418273075],[-3.028214999014288,38.14686007518233],[-3.028335153603414,38.14680660366605],[-3.0284759595268036,38.14673960878639],[-3.028781520986945,38.14712987776505]]]},"properties":{"dn_surface":1388.95816799754,"provincia":23,"municipio":48,"agregado":0,"zona":0,"poligono":12,"parcela":87,"recinto":1,"uso_sigpac":"OV","idPanel":"23:48:0:0:12:87:1"},"id":1112036713},{"type":"Feature","geometry":{"type":"Polygon","coordinates":[[[-3.0295839281690973,38.14679974391609],[-3.0297749626502375,38.147039525034415],[-3.0297624283514875,38.14708639412518],[-3.0297568392981193,38.1470974867365],[-3.029741218782438,38.14712848804538],[-3.0297097388668197,38.147176261543564],[-3.029671182109933,38.14721935123396],[-3.0295713419025443,38.14727083623907],[-3.029463052736255,38.14731412122782],[-3.029410109279907,38.147342072361994],[-3.029151918148363,38.14698099587744],[-3.0295839281690973,38.14679974391609]]]},"properties":{"dn_surface":1880.48924863886,"provincia":23,"municipio":48,"agregado":0,"zona":0,"poligono":12,"parcela":89,"recinto":1,"uso_sigpac":"OV","idPanel":"23:48:0:0:12:89:1"},"id":1112036710},{"type":"Feature","geometry":{"type":"Polygon","coordinates":[[[-3.029410109279907,38.147342072361994],[-3.0293980519114756,38.14737192870288],[-3.029300951748399,38.14740003071131],[-3.0291996765591,38.14743228679117],[-3.0290772395776058,38.1474717110751],[-3.0289820127699976,38.14750635348298],[-3.028897371468536,38.14754935097244],[-3.028820291482377,38.14760070270529],[-3.0287471509909425,38.147654708987005],[-3.0284842668315335,38.14724881949269],[-3.028781520986945,38.14712987776505],[-3.029151918148363,38.14698099587744],[-3.029410109279907,38.147342072361994]]]},"properties":{"dn_surface":3120.65906848739,"provincia":23,"municipio":48,"agregado":0,"zona":0,"poligono":12,"parcela":88,"recinto":1,"uso_sigpac":"OV","idPanel":"23:48:0:0:12:88:1"},"id":1112036712},{"type":"Feature","geometry":{"type":"Polygon","coordinates":[[[-3.0305854826769525,38.14713070673531],[-3.030569117010034,38.14721160132581],[-3.0305495041936337,38.14725879144348],[-3.030495815586049,38.14736372030461],[-3.0304228041759314,38.14743439651633],[-3.0303525277809813,38.14749578893162],[-3.030090386258238,38.147250437200086],[-3.0301477721235317,38.1472029268937],[-3.0302050414803645,38.147150820789534],[-3.03024781684937,38.147096554668764],[-3.0302964117740934,38.14704210749895],[-3.0303079611991626,38.14702489106878],[-3.0303375116005546,38.147006657075536],[-3.030402397593254,38.14698208971589],[-3.0305854826769525,38.14713070673531]]]},"properties":{"dn_surface":1372.19505570035,"provincia":23,"municipio":48,"agregado":0,"zona":0,"poligono":12,"parcela":93,"recinto":1,"uso_sigpac":"OV","idPanel":"23:48:0:0:12:93:1"},"id":1112036704},{"type":"Feature","geometry":{"type":"Polygon","coordinates":[[[-3.0303525277809813,38.14749578893162],[-3.0302634206012433,38.147558537538856],[-3.0300302033516884,38.14770063092266],[-3.0299465653640967,38.14774490246148],[-3.0296678251575124,38.147490712850725],[-3.0296477773203123,38.14747243024246],[-3.0297517288514513,38.1474256307215],[-3.0298959579443006,38.14735773227261],[-3.030002646166989,38.147307417381285],[-3.030090386258238,38.147250437200086],[-3.0303525277809813,38.14749578893162]]]},"properties":{"dn_surface":1703.141845703125,"provincia":23,"municipio":48,"agregado":0,"zona":0,"poligono":12,"parcela":94,"recinto":1,"uso_sigpac":"OV","idPanel":"23:48:0:0:12:94:1"},"id":1179158397},{"type":"Feature","geometry":{"type":"Polygon","coordinates":[[[-3.0296678251575124,38.147490712850725],[-3.0299465653640967,38.14774490246148],[-3.029806906923318,38.14782649861735],[-3.0297039628970004,38.147905664021096],[-3.029687681049119,38.14791818490883],[-3.0295887678802766,38.14800508932427],[-3.02956471014036,38.148039877577276],[-3.029530482636719,38.14808937020385],[-3.029464774379269,38.14816103548026],[-3.028998758975342,38.14779861202382],[-3.0290416902477557,38.147751669172294],[-3.029085825161536,38.147721158204746],[-3.0291112105949947,38.14770896002034],[-3.029186231147422,38.147670591018084],[-3.0292248482540156,38.147654023347286],[-3.029312015023053,38.147620885491136],[-3.029409116862512,38.14758600922812],[-3.029544831617613,38.147536302024804],[-3.0296678251575124,38.147490712850725]]]},"properties":{"dn_surface":3047.8504638671875,"provincia":23,"municipio":48,"agregado":0,"zona":0,"poligono":12,"parcela":95,"recinto":2,"uso_sigpac":"OV","idPanel":"23:48:0:0:12:95:2"},"id":1179158395},{"type":"Feature","geometry":{"type":"Polygon","coordinates":[[[-3.0289240871101075,38.1477405396806],[-3.028971554668787,38.14777745526072],[-3.028998758975342,38.14779861202382],[-3.029464774379269,38.14816103548026],[-3.0293953194108787,38.14827983806833],[-3.0293117224946156,38.14842514004482],[-3.0293033548401804,38.14844841575314],[-3.029280158759961,38.148391927589756],[-3.029216575315092,38.148469498755446],[-3.0291482058032275,38.14858301068594],[-3.029124965298919,38.14860216752675],[-3.0288120503946874,38.14839379843065],[-3.028765684218149,38.148037720913436],[-3.028762408570195,38.14803186447733],[-3.0287300493928817,38.14797401006365],[-3.028771225494666,38.14791388666859],[-3.028824039869698,38.14784691106735],[-3.0288654498265952,38.14780066726661],[-3.0289240871101075,38.1477405396806]]]},"properties":{"dn_surface":3473.9990234375,"provincia":23,"municipio":48,"agregado":0,"zona":0,"poligono":12,"parcela":68,"recinto":1,"uso_sigpac":"OV","idPanel":"23:48:0:0:12:68:1"},"id":1179158398},{"type":"Feature","geometry":{"type":"Polygon","coordinates":[[[-3.030355525987924,38.147834121120525],[-3.0304103302268883,38.14788683239814],[-3.0305896996126886,38.14805685763773],[-3.0306061407167397,38.14807244546401],[-3.030242556366625,38.14841131493296],[-3.0300998427219596,38.14855807368431],[-3.030069495201527,38.148583406311786],[-3.029908756273017,38.14847952854137],[-3.0298255331896566,38.14842511238456],[-3.029766968828706,38.14838691185858],[-3.029623240135505,38.14829294401292],[-3.029648696815145,38.148276090519204],[-3.030170678189884,38.14793050966],[-3.030355525987924,38.147834121120525]]]},"properties":{"dn_surface":3328.45836462533,"provincia":23,"municipio":48,"agregado":0,"zona":0,"poligono":12,"parcela":97,"recinto":1,"uso_sigpac":"OV","idPanel":"23:48:0:0:12:97:1"},"id":1112036697},{"type":"Feature","geometry":{"type":"Polygon","coordinates":[[[-3.0287300493928817,38.14797401006365],[-3.028762408570195,38.14803186447733],[-3.028765684218149,38.148037720913436],[-3.028790341264179,38.14822708069025],[-3.0288120503946874,38.14839379843065],[-3.0286934028718413,38.14831308405104],[-3.028692383632355,38.1483123908676],[-3.0285696876500356,38.14822892219448],[-3.0286250040233136,38.148138873726936],[-3.0287300493928817,38.14797401006365]]]},"properties":{"dn_surface":477.80858877258476,"provincia":23,"municipio":48,"agregado":0,"zona":0,"poligono":12,"parcela":69,"recinto":2,"uso_sigpac":"OV","idPanel":"23:48:0:0:12:69:2"},"id":1156719917},{"type":"Feature","geometry":{"type":"Polygon","coordinates":[[[-3.031372043032023,38.1446188815456],[-3.0305911463292627,38.14505845204346],[-3.030307967904685,38.14470621595271],[-3.0311210150753567,38.14422621115156],[-3.031219789104598,38.14431116258348],[-3.0312693923723333,38.144382168204004],[-3.0313013131760838,38.14445876790711],[-3.0313380418397813,38.144524949742106],[-3.031350534229012,38.14455103003539],[-3.031372043032023,38.1446188815456]]]},"properties":{"dn_surface":4192.20910911206,"provincia":23,"municipio":48,"agregado":0,"zona":0,"poligono":12,"parcela":122,"recinto":2,"uso_sigpac":"OV","idPanel":"23:48:0:0:12:122:2"},"id":1112036655},{"type":"Feature","geometry":{"type":"Polygon","coordinates":[[[-3.0311210150753567,38.14422621115156],[-3.030307967904685,38.14470621595271],[-3.030159300593841,38.144522033677816],[-3.0300902270020673,38.14445445457949],[-3.0301116771317527,38.14444237290351],[-3.029978552384886,38.144306404176746],[-3.030863665486941,38.14398615594499],[-3.0309196792346045,38.14395218660397],[-3.0309450747263478,38.14398539067716],[-3.03100323256497,38.144085989446836],[-3.031066098518884,38.144170667628714],[-3.0311210150753567,38.14422621115156]]]},"properties":{"dn_surface":3853.04164321441,"provincia":23,"municipio":48,"agregado":0,"zona":0,"poligono":12,"parcela":123,"recinto":1,"uso_sigpac":"OV","idPanel":"23:48:0:0:12:123:1"},"id":1112036651},{"type":"Feature","geometry":{"type":"Polygon","coordinates":[[[-3.0309196792346045,38.14395218660397],[-3.030863665486941,38.14398615594499],[-3.029978552384886,38.144306404176746],[-3.0298855015194714,38.14421125196807],[-3.029970380866997,38.14417304054561],[-3.030020971522985,38.14415026523696],[-3.030813991811215,38.14379324810838],[-3.0308428674693624,38.143825967707556],[-3.0309196792346045,38.14395218660397]]]},"properties":{"dn_surface":1592.14743281309,"provincia":23,"municipio":48,"agregado":0,"zona":0,"poligono":12,"parcela":124,"recinto":1,"uso_sigpac":"OV","idPanel":"23:48:0:0:12:124:1"},"id":1112036648},{"type":"Feature","geometry":{"type":"Polygon","coordinates":[[[-3.029695167765478,38.14562825888416],[-3.029362101926631,38.14523529596167],[-3.029628285203325,38.145070123844306],[-3.029409190623265,38.144852879988605],[-3.029490308172423,38.144793197481675],[-3.0300902270020673,38.14445445457949],[-3.030159300593841,38.144522033677816],[-3.030307967904685,38.14470621595271],[-3.0305911463292627,38.14505845204346],[-3.030623576752757,38.145103597814796],[-3.029695167765478,38.14562825888416]]]},"properties":{"dn_surface":7757.40071343836,"provincia":23,"municipio":48,"agregado":0,"zona":0,"poligono":12,"parcela":121,"recinto":1,"uso_sigpac":"OV","idPanel":"23:48:0:0:12:121:1"},"id":1112036657},{"type":"Feature","geometry":{"type":"Polygon","coordinates":[[[-3.0298855015194714,38.14421125196807],[-3.029978552384886,38.144306404176746],[-3.0301116771317527,38.14444237290351],[-3.0300902270020673,38.14445445457949],[-3.029490308172423,38.144793197481675],[-3.029409190623265,38.144852879988605],[-3.029628285203325,38.145070123844306],[-3.029362101926631,38.14523529596167],[-3.02894114931322,38.144767097910034],[-3.0288427147510775,38.14465761432248],[-3.028848380079769,38.14464486125601],[-3.028969176722715,38.144559898089454],[-3.02907802747655,38.14447587956343],[-3.029051782059776,38.14444335777719],[-3.0290076446314234,38.144388665017544],[-3.0287504593283208,38.14455083557522],[-3.028582854782513,38.1443729640356],[-3.028665785337435,38.14428272948982],[-3.028872510742248,38.144121447413966],[-3.0292216161919603,38.14385531610506],[-3.0294065545145603,38.14372540246549],[-3.0294444625121035,38.14377216929702],[-3.0294552684623164,38.14378246562748],[-3.0296822738830604,38.14399878160651],[-3.0298855015194714,38.14421125196807]]]},"properties":{"dn_surface":10204.1966659843,"provincia":23,"municipio":48,"agregado":0,"zona":0,"poligono":12,"parcela":126,"recinto":2,"uso_sigpac":"OV","idPanel":"23:48:0:0:12:126:2"},"id":1112036644},{"type":"Feature","geometry":{"type":"Polygon","coordinates":[[[-3.028367905053819,38.14517636028236],[-3.0284566501353174,38.14510989346266],[-3.0286080625196132,38.14501862291357],[-3.028549458763716,38.144961704758515],[-3.0287592561362238,38.1448488667331],[-3.028915337240865,38.144761924599095],[-3.02894114931322,38.144767097910034],[-3.029362101926631,38.14523529596167],[-3.029695167765478,38.14562825888416],[-3.0297250819414905,38.14566069768955],[-3.02966950908196,38.14567603238231],[-3.029583355685076,38.14570137758264],[-3.0294296542028882,38.14576350928178],[-3.0293682626258285,38.1457821799722],[-3.0293212535572795,38.14580688479509],[-3.029194245085522,38.14583962953998],[-3.0290672399665253,38.1458781418728],[-3.028857154256532,38.14592703770785],[-3.028610665100703,38.14597999625164],[-3.0284109612165966,38.146019876511104],[-3.0283744429386816,38.14602628363829],[-3.0283341511277344,38.14601313410779],[-3.0282895208434475,38.14599421698938],[-3.028137665894637,38.14582364105874],[-3.0280007550418824,38.14563503732964],[-3.027975759366945,38.14558614736191],[-3.027954726656063,38.145545011493255],[-3.0279345120189785,38.14552237364782],[-3.027866698227328,38.14544643192417],[-3.0277556547674926,38.14531024526789],[-3.0279170441317285,38.14523414009716],[-3.02807543277445,38.14514215876267],[-3.028259832978835,38.14523409148214],[-3.0283001926832016,38.1452485125474],[-3.028367905053819,38.14517636028236]]]},"properties":{"dn_surface":13056.4770456182,"provincia":23,"municipio":48,"agregado":0,"zona":0,"poligono":12,"parcela":80,"recinto":1,"uso_sigpac":"OV","idPanel":"23:48:0:0:12:80:1"},"id":1112036723},{"type":"Feature","geometry":{"type":"Polygon","coordinates":[[[-3.027341899694764,38.145312075875665],[-3.027372695647043,38.14531857939474],[-3.0274178598585935,38.1453313743707],[-3.027427616394467,38.14533413872252],[-3.0275240543871558,38.14536474440558],[-3.0276467109745275,38.145417588117255],[-3.02775911984647,38.145468821665304],[-3.0278409783559126,38.14551364054239],[-3.027912211126072,38.14555494237277],[-3.0280007550418824,38.14563503732964],[-3.028137665894637,38.14582364105874],[-3.0282895208434475,38.14599421698938],[-3.028006851200422,38.14604447907476],[-3.0275581360456725,38.14611433302176],[-3.0274078837168448,38.14565724518343],[-3.02732896725559,38.145447878640766],[-3.027293070076738,38.14535264261306],[-3.027341899694764,38.145312075875665]]]},"properties":{"dn_surface":4077.07083309908,"provincia":23,"municipio":48,"agregado":0,"zona":0,"poligono":12,"parcela":79,"recinto":1,"uso_sigpac":"OV","idPanel":"23:48:0:0:12:79:1"},"id":1318201147},{"type":"Feature","geometry":{"type":"Polygon","coordinates":[[[-3.027293070076738,38.14535264261306],[-3.02732896725559,38.145447878640766],[-3.0274078837168448,38.14565724518343],[-3.0275581360456725,38.14611433302176],[-3.0269149607257515,38.14621279524417],[-3.0269024985113737,38.14615448653129],[-3.0268731216153877,38.146033182783185],[-3.0268199920807777,38.14587078675231],[-3.0267819432672525,38.14575218868268],[-3.02682598011276,38.14571776504252],[-3.027293070076738,38.14535264261306]]]},"properties":{"dn_surface":3920.9092042219954,"provincia":23,"municipio":48,"agregado":0,"zona":0,"poligono":12,"parcela":78,"recinto":1,"uso_sigpac":"OV","idPanel":"23:48:0:0:12:78:1"},"id":1179152411},{"type":"Feature","geometry":{"type":"Polygon","coordinates":[[[-3.0315927083808303,38.14537546569858],[-3.031609509068549,38.14544174560186],[-3.0316531896831505,38.145493056263376],[-3.0316342625064703,38.14553912739686],[-3.0316269442663755,38.14554352705812],[-3.031517622449554,38.1456092587849],[-3.0314550540532204,38.14554654621983],[-3.0312356594010086,38.145699634146666],[-3.030994646981039,38.145483299727516],[-3.030933340061208,38.145434376232146],[-3.0315255341284297,38.14509804061268],[-3.0315293437036477,38.145122862782216],[-3.031555779389637,38.14522824845707],[-3.031573465206383,38.145298754516176],[-3.0315927083808303,38.14537546569858]]]},"properties":{"dn_surface":2130.60110456198,"provincia":23,"municipio":48,"agregado":0,"zona":0,"poligono":12,"parcela":117,"recinto":1,"uso_sigpac":"OV","idPanel":"23:48:0:0:12:117:1"},"id":1112036666},{"type":"Feature","geometry":{"type":"Polygon","coordinates":[[[-3.0314816883903255,38.14615795496303],[-3.0314197888699046,38.146059732463044],[-3.031351369904808,38.145929336864015],[-3.0313101233950324,38.145822097112074],[-3.0312877344921367,38.14577712987523],[-3.0312356594010086,38.145699634146666],[-3.0314550540532204,38.14554654621983],[-3.031517622449554,38.1456092587849],[-3.0316269442663755,38.14554352705812],[-3.0316305686015226,38.14571104359396],[-3.03160409938792,38.14576350760541],[-3.031586609707719,38.14593191513757],[-3.0316144904339004,38.14595662247504],[-3.031579310746002,38.146002193208915],[-3.0315254779696748,38.14607944418589],[-3.0314816883903255,38.14615795496303]]]},"properties":{"dn_surface":1346.49139157824,"provincia":23,"municipio":48,"agregado":0,"zona":0,"poligono":12,"parcela":116,"recinto":1,"uso_sigpac":"OV","idPanel":"23:48:0:0:12:116:1"},"id":1112036669},{"type":"Feature","geometry":{"type":"Polygon","coordinates":[[[-3.0315255341284297,38.14509804061268],[-3.030933340061208,38.145434376232146],[-3.030623576752757,38.145103597814796],[-3.0305911463292627,38.14505845204346],[-3.031372043032023,38.1446188815456],[-3.0313768358045423,38.144630503055055],[-3.031392763936088,38.14467709554296],[-3.0314121613375633,38.14469096926993],[-3.0314389582836005,38.14473259715632],[-3.031455603906101,38.14479029818119],[-3.03147041892084,38.14488379077295],[-3.031496648411998,38.14499252418011],[-3.0315255341284297,38.14509804061268]]]},"properties":{"dn_surface":3864.0957711347396,"provincia":23,"municipio":48,"agregado":0,"zona":0,"poligono":12,"parcela":118,"recinto":2,"uso_sigpac":"OV","idPanel":"23:48:0:0:12:118:2"},"id":1318201152},{"type":"Feature","geometry":{"type":"Polygon","coordinates":[[[-3.031482278476344,38.14620157606612],[-3.03087306914467,38.146453987036864],[-3.0308699862804995,38.14645536753642],[-3.0305595105102365,38.14659438895251],[-3.0297250819414905,38.14566069768955],[-3.029695167765478,38.14562825888416],[-3.030623576752757,38.145103597814796],[-3.030933340061208,38.145434376232146],[-3.030994646981039,38.145483299727516],[-3.0312356594010086,38.145699634146666],[-3.0312877344921367,38.14577712987523],[-3.0313101233950324,38.145822097112074],[-3.031351369904808,38.145929336864015],[-3.0314197888699046,38.146059732463044],[-3.0314816883903255,38.14615795496303],[-3.031482278476344,38.14620157606612]]]},"properties":{"dn_surface":13838.280549753032,"provincia":23,"municipio":48,"agregado":0,"zona":0,"poligono":12,"parcela":119,"recinto":1,"uso_sigpac":"OV","idPanel":"23:48:0:0:12:119:1"},"id":1205953891},{"type":"Feature","geometry":{"type":"Polygon","coordinates":[[[-3.0316650525914164,38.14658889293827],[-3.031481679170231,38.14665337827597],[-3.0313279785262335,38.14671668427985],[-3.0312878644116443,38.146736924900836],[-3.03121056817237,38.14677592589862],[-3.0311762057200795,38.146751419726854],[-3.030881075539057,38.1464618433952],[-3.03087306914467,38.146453987036864],[-3.031482278476344,38.14620157606612],[-3.031501587029641,38.14624996898698],[-3.031538052501562,38.14638451781926],[-3.031586836857309,38.14650049905853],[-3.031600550489905,38.146542854494186],[-3.031644621701218,38.14658258890856],[-3.0316639344454663,38.14658854760384],[-3.0316650525914164,38.14658889293827]]]},"properties":{"dn_surface":2281.128261606704,"provincia":23,"municipio":48,"agregado":0,"zona":0,"poligono":12,"parcela":114,"recinto":1,"uso_sigpac":"OV","idPanel":"23:48:0:0:12:114:1"},"id":1205953892},{"type":"Feature","geometry":{"type":"Polygon","coordinates":[[[-3.03087306914467,38.146453987036864],[-3.030881075539057,38.1464618433952],[-3.0311762057200795,38.146751419726854],[-3.03121056817237,38.14677592589862],[-3.0312878644116443,38.146736924900836],[-3.0313279785262335,38.14671668427985],[-3.031481679170231,38.14665337827597],[-3.0316650525914164,38.14658889293827],[-3.0317161880711434,38.1466048319663],[-3.031729821237464,38.14661393722827],[-3.0317704147969433,38.14664104933388],[-3.0317971589369868,38.14668990242123],[-3.0318316362213573,38.146752880692674],[-3.0318770979904888,38.14692431912118],[-3.0318807944100086,38.14693825906522],[-3.0319347571058426,38.14714986022335],[-3.031981062932674,38.147336411224245],[-3.0316438446987477,38.1475239621862],[-3.031380898513251,38.14767020545051],[-3.031188411448205,38.14777894472505],[-3.0309012767650945,38.147488842009835],[-3.0306905942635587,38.147275981051536],[-3.0307057227614957,38.14724660080279],[-3.030713143260815,38.1472321897958],[-3.030715988078921,38.147226665283085],[-3.030717415517117,38.14722389338755],[-3.0307293186585196,38.147200777773605],[-3.030731531481089,38.14719647953339],[-3.0307350468514884,38.14714366515838],[-3.030738675377587,38.14708967899321],[-3.0307512130290997,38.14705173243891],[-3.0307078081791285,38.14696846660783],[-3.030652996396452,38.146896648780796],[-3.0306015063622005,38.146853580883345],[-3.030559803038675,38.14684068448639],[-3.0305476316763538,38.14683692101161],[-3.030501676213096,38.14683788241598],[-3.0304561021264553,38.146838835438416],[-3.03039540205645,38.14685687664789],[-3.0303447284196148,38.146871938090584],[-3.0303399314561448,38.14686679160175],[-3.0302793043087006,38.14680174467648],[-3.0303941975768924,38.14672646260868],[-3.0305595105102365,38.14659438895251],[-3.0308699862804995,38.14645536753642],[-3.03087306914467,38.146453987036864]]]},"properties":{"dn_surface":11619.072585784215,"provincia":23,"municipio":48,"agregado":0,"zona":0,"poligono":12,"parcela":113,"recinto":5,"uso_sigpac":"OV","idPanel":"23:48:0:0:12:113:5"},"id":1237840387},{"type":"Feature","geometry":{"type":"Polygon","coordinates":[[[-3.0306905942635587,38.147275981051536],[-3.0309012767650945,38.147488842009835],[-3.031188411448205,38.14777894472505],[-3.0311747204467485,38.147789132090764],[-3.0311747455924594,38.147845460997985],[-3.0307562622878703,38.14816974511635],[-3.030721001295506,38.148180929090415],[-3.0306061407167397,38.14807244546401],[-3.0305896996126886,38.14805685763773],[-3.0304103302268883,38.14788683239814],[-3.030355525987924,38.147834121120525],[-3.0302439527917775,38.14772666260089],[-3.0302213694287157,38.147704912399064],[-3.0302490967660605,38.147689944833644],[-3.0302521771156594,38.14768823157257],[-3.0304094132466255,38.147611136498966],[-3.0304910982506628,38.14754036808628],[-3.0305380922317857,38.14747807964554],[-3.030592037325623,38.14739154571021],[-3.0306406322503467,38.14733601643658],[-3.0306905942635587,38.147275981051536]]]},"properties":{"dn_surface":4198.6607070526925,"provincia":23,"municipio":48,"agregado":0,"zona":0,"poligono":12,"parcela":98,"recinto":1,"uso_sigpac":"OV","idPanel":"23:48:0:0:12:98:1"},"id":1205953893},{"type":"Feature","geometry":{"type":"Polygon","coordinates":[[[-3.0318030086675587,38.148322253015465],[-3.031614736861868,38.14815935155582],[-3.031577631012507,38.14812907863433],[-3.0313664556550353,38.148303975436335],[-3.0311249160133245,38.14846833367085],[-3.0311551646272936,38.148477879820945],[-3.031143642862507,38.14848968908504],[-3.0309826725934546,38.14838049551133],[-3.030721001295506,38.148180929090415],[-3.0307562622878703,38.14816974511635],[-3.0311747455924594,38.147845460997985],[-3.0311747204467485,38.147789132090764],[-3.031188411448205,38.14777894472505],[-3.031380898513251,38.14767020545051],[-3.0316438446987477,38.1475239621862],[-3.031981062932674,38.147336411224245],[-3.031984565730218,38.14734957668034],[-3.03200724213241,38.14743482064068],[-3.032026523863615,38.14748704241512],[-3.032054091944789,38.14756170673664],[-3.0321243423558375,38.14769642907436],[-3.032124498259246,38.14769671825002],[-3.032216863484941,38.14786872497166],[-3.032295438802715,38.147987359921615],[-3.032266261396036,38.14800417234403],[-3.032188722919745,38.148087417220296],[-3.0318030086675587,38.148322253015465]]]},"properties":{"dn_surface":8195.527605576723,"provincia":23,"municipio":48,"agregado":0,"zona":0,"poligono":12,"parcela":99,"recinto":1,"uso_sigpac":"OV","idPanel":"23:48:0:0:12:99:1"},"id":1205953889},{"type":"Feature","geometry":{"type":"Polygon","coordinates":[[[-3.032720428979124,38.15165334977752],[-3.032600778980599,38.15182263657141],[-3.032265769378291,38.15227218069643],[-3.0322134512119563,38.152174046206426],[-3.032101670144598,38.15208106491082],[-3.032074826259901,38.152030781032494],[-3.032043402503037,38.15201504233198],[-3.031854743453397,38.15186987111315],[-3.0318341357050316,38.1518214790305],[-3.0319311151686974,38.151743135053266],[-3.0320041274170055,38.1516690331575],[-3.0320802267204363,38.151605294647396],[-3.0321500345669707,38.15151172661851],[-3.0321994131996877,38.15141951478162],[-3.032247772592918,38.15134568948869],[-3.032283242294684,38.15128917198862],[-3.032324296858864,38.15121543805839],[-3.032720428979124,38.15165334977752]]]},"properties":{"dn_surface":4227.43596748203,"provincia":23,"municipio":48,"agregado":0,"zona":0,"poligono":12,"parcela":43,"recinto":1,"uso_sigpac":"OV","idPanel":"23:48:0:0:12:43:1"},"id":1112036775},{"type":"Feature","geometry":{"type":"Polygon","coordinates":[[[-3.031861567161177,38.151654287712546],[-3.031805801517862,38.15172311990551],[-3.031737374170862,38.151656617043585],[-3.0317229497528344,38.15164286736879],[-3.0317181796114547,38.15166044086803],[-3.0317157320955825,38.15166793009894],[-3.0317124447129635,38.15167384017923],[-3.031682991541653,38.151701065440534],[-3.0316639025942327,38.15171885100196],[-3.0315224973647297,38.15170781706394],[-3.0312798437680204,38.151700937197404],[-3.0311373975060825,38.15168619091429],[-3.0310045267308965,38.15164494524271],[-3.0307109212181516,38.151524878663594],[-3.0306391134494017,38.151484338748276],[-3.0307006659590097,38.151300557128394],[-3.031861567161177,38.151654287712546]]]},"properties":{"dn_surface":2180.65113564769,"provincia":23,"municipio":48,"agregado":0,"zona":0,"poligono":12,"parcela":45,"recinto":1,"uso_sigpac":"OV","idPanel":"23:48:0:0:12:45:1"},"id":1112036773},{"type":"Feature","geometry":{"type":"Polygon","coordinates":[[[-3.0328459060770814,38.15150010343271],[-3.0328043410549665,38.15170469983397],[-3.0327535802463332,38.15201465592622],[-3.0327347008465053,38.1521599444917],[-3.0327335625839873,38.15216823587079],[-3.0327304906162906,38.15218914620587],[-3.032727304654706,38.152209966016414],[-3.032723890705341,38.15223096603785],[-3.032720361923895,38.15225196605931],[-3.0327168331424494,38.15227278670807],[-3.0327129623793336,38.15229360651858],[-3.0327092047719186,38.15231352527445],[-3.0326902935208553,38.15238932618212],[-3.0326855074538592,38.1524072626178],[-3.0326833432463314,38.152415644521454],[-3.032668530746163,38.15247152667325],[-3.0326596442518916,38.15250496543973],[-3.032647679922591,38.15254949095021],[-3.0326252315081788,38.152629348699264],[-3.0326170273008657,38.15265891167351],[-3.0326056329410154,38.15269929149446],[-3.0325851215845416,38.152772298713614],[-3.0325779458368087,38.15280456568999],[-3.032574528534682,38.1528201577072],[-3.0323912070813,38.152779467755806],[-3.032365389979802,38.152730085770344],[-3.032325605274027,38.152587065348],[-3.0322990681670046,38.152459994850176],[-3.032287615133828,38.15237293620768],[-3.032265769378291,38.15227218069643],[-3.032600778980599,38.15182263657141],[-3.032720428979124,38.15165334977752],[-3.0328459060770814,38.15150010343271]]]},"properties":{"dn_surface":3375.02021359263,"provincia":23,"municipio":48,"agregado":0,"zona":0,"poligono":12,"parcela":42,"recinto":2,"uso_sigpac":"OV","idPanel":"23:48:0:0:12:42:2"},"id":1112036776},{"type":"Feature","geometry":{"type":"Polygon","coordinates":[[[-3.0322972073843903,38.15263547000353],[-3.0317743140585307,38.15325326743368],[-3.03167446714562,38.15337123518415],[-3.0313749188631727,38.15325270333159],[-3.031504955716726,38.153073230010165],[-3.031908724589421,38.15253010612159],[-3.0321395454527167,38.1522196169403],[-3.032183141410091,38.152298331397674],[-3.0322122978620105,38.1523679238293],[-3.0322550464089244,38.15253616204703],[-3.0322972073843903,38.15263547000353]]]},"properties":{"dn_surface":3804.5067138671875,"provincia":23,"municipio":48,"agregado":0,"zona":0,"poligono":10,"parcela":3,"recinto":1,"uso_sigpac":"OV","idPanel":"23:48:0:0:10:3:1"},"id":1287709843},{"type":"Feature","geometry":{"type":"Polygon","coordinates":[[[-3.0310328533743536,38.15169279585439],[-3.031110366704932,38.1517288271437],[-3.0312051090385084,38.15175322854165],[-3.0312866062879023,38.15176510486097],[-3.031375173673044,38.15176192895768],[-3.0314492462321674,38.15176127936013],[-3.0315495742663487,38.15176837464159],[-3.0316325559508828,38.15178142275104],[-3.0317177144158003,38.151813305836214],[-3.0317000302754358,38.151828992568966],[-3.0315436097036956,38.1519588123312],[-3.0312871368624057,38.152192842625425],[-3.031039883276963,38.15237063118417],[-3.0309106083384516,38.15246466440871],[-3.0308025471599422,38.15252300162004],[-3.030637098439758,38.15263461756393],[-3.030561699025285,38.152737378864714],[-3.0304933722611285,38.152833199111114],[-3.030441141266593,38.15293460338171],[-3.030375915806795,38.152920799224574],[-3.030042997489452,38.15285033926594],[-3.0298102529792637,38.152800373899964],[-3.0299152187207463,38.15270760969565],[-3.0310328533743536,38.15169279585439]]]},"properties":{"dn_surface":8100.3940342476835,"provincia":23,"municipio":48,"agregado":0,"zona":0,"poligono":10,"parcela":6,"recinto":1,"uso_sigpac":"OV","idPanel":"23:48:0:0:10:6:1"},"id":1156719737},{"type":"Feature","geometry":{"type":"Polygon","coordinates":[[[-3.030241199336421,38.15138700724464],[-3.030398961012748,38.151453212549],[-3.0305962182191735,38.15152941243528],[-3.0307393668846405,38.15158543624122],[-3.030886970531909,38.15164948069079],[-3.0310328533743536,38.15169279585439],[-3.0299152187207463,38.15270760969565],[-3.0298102529792637,38.152800373899964],[-3.0293319748502654,38.15268638420099],[-3.029386599716491,38.152574706231036],[-3.029518175487558,38.15224616662019],[-3.029928971748291,38.15175966165276],[-3.030241199336421,38.15138700724464]]]},"properties":{"dn_surface":10320.5801670149,"provincia":23,"municipio":48,"agregado":0,"zona":0,"poligono":10,"parcela":7,"recinto":2,"uso_sigpac":"OV","idPanel":"23:48:0:0:10:7:2"},"id":1112036078},{"type":"Feature","geometry":{"type":"Polygon","coordinates":[[[-3.029748740702792,38.15118505952495],[-3.029991433694448,38.15129180222999],[-3.030241199336421,38.15138700724464],[-3.029928971748291,38.15175966165276],[-3.029518175487558,38.15224616662019],[-3.0291009620413756,38.15212729530049],[-3.029748740702792,38.15118505952495]]]},"properties":{"dn_surface":5039.87324623664,"provincia":23,"municipio":48,"agregado":0,"zona":0,"poligono":10,"parcela":8,"recinto":1,"uso_sigpac":"OV","idPanel":"23:48:0:0:10:8:1"},"id":1112036077},{"type":"Feature","geometry":{"type":"Polygon","coordinates":[[[-3.029142635190047,38.15105064061214],[-3.0294719400687184,38.151122215363955],[-3.0296261436269365,38.151143719976005],[-3.029748740702792,38.15118505952495],[-3.0291009620413756,38.15212729530049],[-3.0287543979848564,38.15200615332313],[-3.028806162945548,38.15187834354137],[-3.028867066695813,38.151768826426206],[-3.02892512059883,38.15166967521131],[-3.028983291010308,38.15157511979416],[-3.0290282171757945,38.15147146498242],[-3.0291010726825043,38.151286149474146],[-3.0291351375772138,38.151136712704584],[-3.029142635190047,38.15105064061214]]]},"properties":{"dn_surface":4760.80476428603,"provincia":23,"municipio":48,"agregado":0,"zona":0,"poligono":10,"parcela":9,"recinto":1,"uso_sigpac":"OV","idPanel":"23:48:0:0:10:9:1"},"id":1112036076},{"type":"Feature","geometry":{"type":"Polygon","coordinates":[[[-3.0291009620413756,38.15212729530049],[-3.029518175487558,38.15224616662019],[-3.029386599716491,38.152574706231036],[-3.0293319748502654,38.15268638420099],[-3.029274103672749,38.15267648349638],[-3.0292612584053726,38.152803564052505],[-3.0292530600653915,38.1528504314669],[-3.028855956482497,38.15279311098044],[-3.0291009620413756,38.15212729530049]]]},"properties":{"dn_surface":2720.39360172686,"provincia":23,"municipio":48,"agregado":0,"zona":0,"poligono":10,"parcela":11,"recinto":1,"uso_sigpac":"OV","idPanel":"23:48:0:0:10:11:1"},"id":1112036074},{"type":"Feature","geometry":{"type":"Polygon","coordinates":[[[-3.0291009620413756,38.15212729530049],[-3.028855956482497,38.15279311098044],[-3.028806804161179,38.15261350103401],[-3.0287815235015167,38.152473811580165],[-3.028765621353872,38.152380985349765],[-3.028743896297747,38.15228374437072],[-3.0287421360979754,38.1521655897038],[-3.0287485013156235,38.152100156372796],[-3.0287543979848564,38.15200615332313],[-3.0291009620413756,38.15212729530049]]]},"properties":{"dn_surface":1469.82085139683,"provincia":23,"municipio":48,"agregado":0,"zona":0,"poligono":10,"parcela":10,"recinto":1,"uso_sigpac":"OV","idPanel":"23:48:0:0:10:10:1"},"id":1112036075},{"type":"Feature","geometry":{"type":"Polygon","coordinates":[[[-3.0326967995544845,38.150240663732774],[-3.032702443928417,38.15027037087577],[-3.032804517074943,38.150601827389124],[-3.032855699493331,38.150711678104074],[-3.032837198117357,38.150741653467975],[-3.0328307675208603,38.15077218874305],[-3.032839406748974,38.15087735732658],[-3.032834674326162,38.15099729733899],[-3.0325823974658483,38.15081232884154],[-3.032512757257387,38.15086337128213],[-3.032534748019859,38.15079250899211],[-3.0326060268904884,38.15061188818808],[-3.0326527115793653,38.150458461632326],[-3.0326575521287347,38.1502778592685],[-3.0326967995544845,38.150240663732774]]]},"properties":{"dn_surface":1141.9198808093,"provincia":23,"municipio":48,"agregado":0,"zona":0,"poligono":12,"parcela":40,"recinto":2,"uso_sigpac":"OV","idPanel":"23:48:0:0:12:40:2"},"id":1156719325},{"type":"Feature","geometry":{"type":"Polygon","coordinates":[[[-3.030937883891188,38.15036228850781],[-3.031282499155104,38.150474501243195],[-3.0317076628369186,38.150773524818476],[-3.031754405360931,38.15080594853646],[-3.031812114767707,38.15084597967021],[-3.0318434454854395,38.15086771227004],[-3.031864217519117,38.15088212076245],[-3.032228616590268,38.1511348896405],[-3.032162601555145,38.15128568763126],[-3.0320883378886183,38.151370064064565],[-3.0308583136414473,38.15084051634537],[-3.0308853938958276,38.1506494424693],[-3.030937883891188,38.15036228850781]]]},"properties":{"dn_surface":5684.4643513117035,"provincia":23,"municipio":48,"agregado":0,"zona":0,"poligono":12,"parcela":54,"recinto":2,"uso_sigpac":"OV","idPanel":"23:48:0:0:12:54:2"},"id":1204495210},{"type":"Feature","geometry":{"type":"Polygon","coordinates":[[[-3.031849353889338,38.15037972873478],[-3.0323507166192365,38.15064684491736],[-3.0323578764413517,38.150650659521716],[-3.0323474049290957,38.15070423832637],[-3.0323344045965017,38.15076287393347],[-3.032325315260161,38.15082973805542],[-3.0323149216996086,38.150891459041304],[-3.0323143534065395,38.15093451771867],[-3.031742410018587,38.15063174827063],[-3.0317979242047928,38.150477708997755],[-3.031849353889338,38.15037972873478]]]},"properties":{"dn_surface":1617.7458900836168,"provincia":23,"municipio":48,"agregado":0,"zona":0,"poligono":12,"parcela":56,"recinto":1,"uso_sigpac":"OV","idPanel":"23:48:0:0:12:56:1"},"id":1204495211},{"type":"Feature","geometry":{"type":"Polygon","coordinates":[[[-3.031742410018587,38.15063174827063],[-3.0323143534065395,38.15093451771867],[-3.0322784595804486,38.15106097382298],[-3.032228616590268,38.1511348896405],[-3.031754405360931,38.15080594853646],[-3.0317269378626013,38.15078689479307],[-3.0317076628369186,38.150773524818476],[-3.031742410018587,38.15063174827063]]]},"properties":{"dn_surface":1121.017671043865,"provincia":23,"municipio":48,"agregado":0,"zona":0,"poligono":12,"parcela":55,"recinto":1,"uso_sigpac":"OV","idPanel":"23:48:0:0:12:55:1"},"id":1204495209},{"type":"Feature","geometry":{"type":"Polygon","coordinates":[[[-3.0325823974658483,38.15081232884154],[-3.032834674326162,38.15099729733899],[-3.032829379477613,38.151065569620755],[-3.0328278807932363,38.151089559467266],[-3.0328356700963184,38.15123979419408],[-3.0328410035016233,38.151342659430526],[-3.032845947148409,38.151438001070204],[-3.0328459060770814,38.15150010343271],[-3.032720428979124,38.15165334977752],[-3.032324296858864,38.15121543805839],[-3.0323694543648925,38.15112791422027],[-3.032401248601898,38.151020926763636],[-3.032437496144324,38.150918534266566],[-3.032512757257387,38.15086337128213],[-3.0325823974658483,38.15081232884154]]]},"properties":{"dn_surface":2668.274463069069,"provincia":23,"municipio":48,"agregado":0,"zona":0,"poligono":12,"parcela":41,"recinto":2,"uso_sigpac":"OV","idPanel":"23:48:0:0:12:41:2"},"id":1156719319},{"type":"Feature","geometry":{"type":"Polygon","coordinates":[[[-3.0308583136414473,38.15084051634537],[-3.0317856539360077,38.15123975479915],[-3.0320883378886183,38.151370064064565],[-3.0319847786305707,38.15153511045338],[-3.031861567161177,38.151654287712546],[-3.0307006659590097,38.151300557128394],[-3.0307675677995425,38.151082526211894],[-3.0308583136414473,38.15084051634537]]]},"properties":{"dn_surface":5206.35998184371,"provincia":23,"municipio":48,"agregado":0,"zona":0,"poligono":12,"parcela":46,"recinto":1,"uso_sigpac":"OV","idPanel":"23:48:0:0:12:46:1"},"id":1112036771},{"type":"Feature","geometry":{"type":"Polygon","coordinates":[[[-3.030937883891188,38.15036228850781],[-3.0308853938958276,38.1506494424693],[-3.02984709647504,38.15030702913148],[-3.0297708421063922,38.15027388037882],[-3.0296519950942393,38.15018981994331],[-3.029875353548696,38.149922094396345],[-3.030937883891188,38.15036228850781]]]},"properties":{"dn_surface":3978.34041284761,"provincia":23,"municipio":48,"agregado":0,"zona":0,"poligono":12,"parcela":53,"recinto":1,"uso_sigpac":"OV","idPanel":"23:48:0:0:12:53:1"},"id":1112036760},{"type":"Feature","geometry":{"type":"Polygon","coordinates":[[[-3.02984709647504,38.15030702913148],[-3.0308853938958276,38.1506494424693],[-3.0308583136414473,38.15084051634537],[-3.0307675677995425,38.151082526211894],[-3.0297394485243823,38.15052804316744],[-3.02984709647504,38.15030702913148]]]},"properties":{"dn_surface":3828.93825362114,"provincia":23,"municipio":48,"agregado":0,"zona":0,"poligono":12,"parcela":48,"recinto":1,"uso_sigpac":"OV","idPanel":"23:48:0:0:12:48:1"},"id":1112036769},{"type":"Feature","geometry":{"type":"Polygon","coordinates":[[[-3.0307675677995425,38.151082526211894],[-3.0307006659590097,38.151300557128394],[-3.0306391134494017,38.151484338748276],[-3.0304931140984954,38.151435164633995],[-3.0303177730555992,38.15136220435349],[-3.029955332835337,38.151208354511596],[-3.029734791538703,38.15112666112569],[-3.0295887930259875,38.151075233117496],[-3.029447480835615,38.15103984555839],[-3.0297394485243823,38.15052804316744],[-3.0307675677995425,38.151082526211894]]]},"properties":{"dn_surface":5837.57276572922,"provincia":23,"municipio":48,"agregado":0,"zona":0,"poligono":12,"parcela":47,"recinto":1,"uso_sigpac":"OV","idPanel":"23:48:0:0:12:47:1"},"id":1112036770},{"type":"Feature","geometry":{"type":"Polygon","coordinates":[[[-3.02984709647504,38.15030702913148],[-3.0297394485243823,38.15052804316744],[-3.029447480835615,38.15103984555839],[-3.0292598376727002,38.1510197910157],[-3.029147517648936,38.1509909757072],[-3.029143180013786,38.15098917443612],[-3.0291445730861764,38.15048978564457],[-3.0291347587151676,38.150214632892755],[-3.0291165825570574,38.14986729099556],[-3.0296519950942393,38.15018981994331],[-3.0297708421063922,38.15027388037882],[-3.02984709647504,38.15030702913148]]]},"properties":{"dn_surface":5079.24778195158,"provincia":23,"municipio":48,"agregado":0,"zona":0,"poligono":12,"parcela":49,"recinto":1,"uso_sigpac":"OV","idPanel":"23:48:0:0:12:49:1"},"id":1112036768},{"type":"Feature","geometry":{"type":"Polygon","coordinates":[[[-3.032110569211725,38.14904057126361],[-3.0326698173683777,38.149756376617034],[-3.032530583890115,38.14996495358437],[-3.0325145526611537,38.14995488691807],[-3.0325071313236425,38.14995029279666],[-3.032405784888165,38.149887156945425],[-3.0324597802734248,38.149803025263736],[-3.032430205564511,38.14969198767122],[-3.032367139283099,38.14972775995972],[-3.0322796523253404,38.14977939751546],[-3.0322540472860062,38.14979316060132],[-3.0320304943713836,38.14964740935474],[-3.0318651764088975,38.14952199595925],[-3.0318134558722942,38.14947919879728],[-3.0316158130982997,38.14929674235637],[-3.031698308632422,38.14924958576631],[-3.0320124372363044,38.149086289519005],[-3.032110569211725,38.14904057126361]]]},"properties":{"dn_surface":3875.1045757612064,"provincia":23,"municipio":48,"agregado":0,"zona":0,"poligono":12,"parcela":103,"recinto":1,"uso_sigpac":"OV","idPanel":"23:48:0:0:12:103:1"},"id":1204495204},{"type":"Feature","geometry":{"type":"Polygon","coordinates":[[[-3.0322777756171098,38.149807411513905],[-3.0325071313236425,38.14995029279666],[-3.0325145526611537,38.14995488691807],[-3.032530583890115,38.14996495442256],[-3.0325924775432043,38.150003819633525],[-3.0325107288366993,38.15006827982549],[-3.0324779857681974,38.15014761705831],[-3.032428884576493,38.15029521986742],[-3.0323891786606114,38.150512923889636],[-3.0323507166192365,38.15064684491736],[-3.031849353889338,38.15037972873478],[-3.031890289430487,38.15029545120794],[-3.0319207308282397,38.15022361326433],[-3.031942165032307,38.15017340733772],[-3.0319525334471478,38.150080182128704],[-3.0319528502831066,38.15007733060506],[-3.0319539667526763,38.15002226317435],[-3.0321739338889078,38.149847363019575],[-3.0322777756171098,38.149807411513905]]]},"properties":{"dn_surface":3380.0609422550933,"provincia":23,"municipio":48,"agregado":0,"zona":0,"poligono":12,"parcela":104,"recinto":1,"uso_sigpac":"OV","idPanel":"23:48:0:0:12:104:1"},"id":1204495205},{"type":"Feature","geometry":{"type":"Polygon","coordinates":[[[-3.0316158130982997,38.14929674235637],[-3.0318134558722942,38.14947919879728],[-3.0318651764088975,38.14952199595925],[-3.0320304943713836,38.14964740935474],[-3.0322540472860062,38.14979316060132],[-3.0322649898612486,38.1498002944395],[-3.0322777756171098,38.149807411513905],[-3.0321739338889078,38.149847363019575],[-3.0322129256665957,38.149819432001976],[-3.0320566199269368,38.149757768013075],[-3.0319434566836625,38.14965570995395],[-3.031814128100969,38.14954089547567],[-3.03171714193178,38.14947711589423],[-3.03165245794296,38.149375045262275],[-3.0315949128214963,38.14930867902541],[-3.0316158130982997,38.14929674235637]]]},"properties":{"dn_surface":438.07259717507645,"provincia":23,"municipio":48,"agregado":0,"zona":0,"poligono":12,"parcela":57,"recinto":1,"uso_sigpac":"OV","idPanel":"23:48:0:0:12:57:1"},"id":1204495198},{"type":"Feature","geometry":{"type":"Polygon","coordinates":[[[-3.0323764255941765,38.14889368846005],[-3.0324398824722993,38.14889680066088],[-3.032488969414768,38.148957483128925],[-3.032533148752639,38.14901429315742],[-3.0325789617235337,38.14906722739369],[-3.032631331019481,38.149152445370106],[-3.032650961437878,38.14916664599133],[-3.0326918416584636,38.14915888602491],[-3.0327261898615174,38.14917179080376],[-3.0327883643083786,38.1492428006153],[-3.032793274427549,38.14925183882204],[-3.0327965517518845,38.14926604279597],[-3.0327867524683025,38.149294456611244],[-3.0327916827040426,38.14934869423351],[-3.0328391469099603,38.14943649635083],[-3.0328469186110447,38.1494463341912],[-3.032895138026484,38.149507368699176],[-3.032916689577203,38.14951180859353],[-3.032937011502654,38.14953404913675],[-3.0329409359099526,38.14957544903535],[-3.032966757202402,38.149666277858074],[-3.032979278928296,38.149714472966025],[-3.0329722657894944,38.14975464072481],[-3.03291211641056,38.14976701576737],[-3.032810557074729,38.149767044265815],[-3.0327808666955454,38.14975840168498],[-3.0327542927081454,38.149731220009556],[-3.0327324226450867,38.149739876839675],[-3.032717584161018,38.14975224014759],[-3.0327082249273785,38.149786228767],[-3.032698160775641,38.14979265349612],[-3.032669818206568,38.149756376617034],[-3.032110569211725,38.14904057126361],[-3.03232051829669,38.148929753276974],[-3.0323764255941765,38.14889368846005]]]},"properties":{"dn_surface":3372.0317315179973,"provincia":23,"municipio":48,"agregado":0,"zona":0,"poligono":12,"parcela":105,"recinto":2,"uso_sigpac":"OV","idPanel":"23:48:0:0:12:105:2"},"id":1318201688},{"type":"Feature","geometry":{"type":"Polygon","coordinates":[[[-3.0305944898706367,38.1488432964552],[-3.0307208613177155,38.14891257288903],[-3.031477883844249,38.149363423752845],[-3.0314882472299485,38.149369596186716],[-3.0315949128214963,38.14930867902541],[-3.03165245794296,38.149375045262275],[-3.03171714193178,38.14947711589423],[-3.031814128100969,38.14954089547567],[-3.0319434566836625,38.14965570995395],[-3.0320566199269368,38.149757768013075],[-3.0322129256665957,38.149819432001976],[-3.0321739338889078,38.149847363019575],[-3.0319539667526763,38.15002226317435],[-3.0319528502831066,38.15007733060506],[-3.0319525334471478,38.150080182128704],[-3.031942165032307,38.15017340733772],[-3.0319207308282397,38.15022361326433],[-3.031890289430487,38.15029545120794],[-3.031849353889338,38.15037972873478],[-3.0317979242047928,38.150477708997755],[-3.031742410018587,38.15063174827063],[-3.0317076628369186,38.150773524818476],[-3.031282499155104,38.150474501243195],[-3.031336245597824,38.15019203360407],[-3.0313931796785103,38.1498935221631],[-3.0314272303239833,38.14972425716218],[-3.0310161013016756,38.149661629254325],[-3.031014018398614,38.149664230997246],[-3.030999789278941,38.149682001471206],[-3.030988797250467,38.14986198608875],[-3.0309818067428056,38.15005792230713],[-3.0309719881808452,38.15005215639559],[-3.0309563483867854,38.15004287679005],[-3.0305930875781524,38.14982702265394],[-3.0301174832764257,38.14951592997559],[-3.030045565704737,38.149481698280994],[-3.0300460124602027,38.14945763467375],[-3.0305944898706367,38.1488432964552]]]},"properties":{"dn_surface":15210.92703564668,"provincia":23,"municipio":48,"agregado":0,"zona":0,"poligono":12,"parcela":57,"recinto":2,"uso_sigpac":"OV","idPanel":"23:48:0:0:12:57:2"},"id":1318201142},{"type":"Feature","geometry":{"type":"Polygon","coordinates":[[[-3.0297256049722794,38.149086660837355],[-3.029262186282109,38.14952216611189],[-3.029156813180107,38.149449458126696],[-3.0291773203456294,38.149359868149304],[-3.029183684725087,38.14929443481827],[-3.0292574806813883,38.14918257160829],[-3.0293485014497343,38.149047542492895],[-3.0293997140429743,38.14897137361967],[-3.02944249108836,38.14891818960271],[-3.0295124296925917,38.148862566451754],[-3.0297256049722794,38.149086660837355]]]},"properties":{"dn_surface":1640.69725821735,"provincia":23,"municipio":48,"agregado":0,"zona":0,"poligono":12,"parcela":62,"recinto":1,"uso_sigpac":"OV","idPanel":"23:48:0:0:12:62:1"},"id":1112036750},{"type":"Feature","geometry":{"type":"Polygon","coordinates":[[[-3.0297256049722794,38.149086660837355],[-3.0298643455946057,38.14925813782261],[-3.0300460124602027,38.14945763467375],[-3.030045565704737,38.149481698280994],[-3.0301174832764257,38.14951592997559],[-3.0305930875781524,38.14982702265394],[-3.0309563483867854,38.15004287679005],[-3.0309719881808452,38.15005215639559],[-3.030955846310755,38.150199426443095],[-3.030937883891188,38.15036228850781],[-3.029875353548696,38.149922094396345],[-3.029262186282109,38.14952216611189],[-3.0297256049722794,38.149086660837355]]]},"properties":{"dn_surface":7354.863500327402,"provincia":23,"municipio":48,"agregado":0,"zona":0,"poligono":12,"parcela":59,"recinto":1,"uso_sigpac":"OV","idPanel":"23:48:0:0:12:59:1"},"id":1204495212},{"type":"Feature","geometry":{"type":"Polygon","coordinates":[[[-3.0291165825570574,38.14986729099556],[-3.0291795893269526,38.14963696131181],[-3.0292187495809046,38.14956039513635],[-3.0292228625810367,38.149529445795224],[-3.029152811659295,38.14947897583866],[-3.029156813180107,38.149449458126696],[-3.029262186282109,38.14952216611189],[-3.029875353548696,38.149922094396345],[-3.0296519950942393,38.15018981994331],[-3.0291165825570574,38.14986729099556]]]},"properties":{"dn_surface":2459.27971652349,"provincia":23,"municipio":48,"agregado":0,"zona":0,"poligono":12,"parcela":52,"recinto":1,"uso_sigpac":"OV","idPanel":"23:48:0:0:12:52:1"},"id":1112036762},{"type":"Feature","geometry":{"type":"Polygon","coordinates":[[[-3.0309719881808452,38.15005215639559],[-3.0309818067428056,38.15005792230713],[-3.030988797250467,38.14986198608875],[-3.030999789278941,38.149682001471206],[-3.031014018398614,38.149664230997246],[-3.0310161013016756,38.149661629254325],[-3.0314272303239833,38.14972425716218],[-3.0313931796785103,38.1498935221631],[-3.031336245597824,38.15019203360407],[-3.031282499155104,38.150474501243195],[-3.030937883891188,38.15036228850781],[-3.030955846310755,38.150199426443095],[-3.0309719881808452,38.15005215639559]]]},"properties":{"dn_surface":2768.6233518613276,"provincia":23,"municipio":48,"agregado":0,"zona":0,"poligono":12,"parcela":58,"recinto":1,"uso_sigpac":"OV","idPanel":"23:48:0:0:12:58:1"},"id":1204495215},{"type":"Feature","geometry":{"type":"Polygon","coordinates":[[[-3.0233780764939233,38.14963240909992],[-3.0229700118955978,38.15019414668197],[-3.0228138452955386,38.1504432820048],[-3.0223566736381753,38.15022065864329],[-3.0225065269883884,38.149857965289556],[-3.022262358781687,38.14972984789193],[-3.02270366014264,38.14923723335488],[-3.0229291224549186,38.14940104425111],[-3.022987798295188,38.149439697399885],[-3.0233780764939233,38.14963240909992]]]},"properties":{"dn_surface":6867.79874570098,"provincia":23,"municipio":48,"agregado":0,"zona":0,"poligono":10,"parcela":155,"recinto":1,"uso_sigpac":"OV","idPanel":"23:48:0:0:10:155:1"},"id":1112035896},{"type":"Feature","geometry":{"type":"Polygon","coordinates":[[[-3.023671672786574,38.15046277831274],[-3.0229700118955978,38.15019414668197],[-3.0233780764939233,38.14963240909992],[-3.0234926856155804,38.149697098956125],[-3.0236546692567865,38.14978971982981],[-3.0236557547133125,38.149964023193064],[-3.023668167474458,38.15022079023919],[-3.023671672786574,38.15046277831274]]]},"properties":{"dn_surface":3340.67251477476,"provincia":23,"municipio":48,"agregado":0,"zona":0,"poligono":10,"parcela":156,"recinto":1,"uso_sigpac":"OV","idPanel":"23:48:0:0:10:156:1"},"id":1112035895},{"type":"Feature","geometry":{"type":"Polygon","coordinates":[[[-3.0228138452955386,38.1504432820048],[-3.02260621380694,38.15072261816471],[-3.0224207206023164,38.1506376608655],[-3.022263295878518,38.15052439871576],[-3.022110252375766,38.150553354840184],[-3.021840348372033,38.15061522586211],[-3.021223898751968,38.15018001646877],[-3.021457639870503,38.14980334209969],[-3.0223566736381753,38.15022065864329],[-3.0228138452955386,38.1504432820048]]]},"properties":{"dn_surface":6448.78616720822,"provincia":23,"municipio":48,"agregado":0,"zona":0,"poligono":10,"parcela":150,"recinto":1,"uso_sigpac":"OV","idPanel":"23:48:0:0:10:150:1"},"id":1112035900},{"type":"Feature","geometry":{"type":"Polygon","coordinates":[[[-3.021840348372033,38.15061522586211],[-3.0215275835038775,38.15085537243144],[-3.0210501837983834,38.150540548129584],[-3.0210996663667067,38.150372816178844],[-3.021223898751968,38.15018001646877],[-3.021840348372033,38.15061522586211]]]},"properties":{"dn_surface":2538.6062207566,"provincia":23,"municipio":48,"agregado":0,"zona":0,"poligono":10,"parcela":148,"recinto":1,"uso_sigpac":"OV","idPanel":"23:48:0:0:10:148:1"},"id":1112035902},{"type":"Feature","geometry":{"type":"Polygon","coordinates":[[[-3.0236817486729772,38.15055785927524],[-3.0236062319118515,38.15067368461109],[-3.0233959970039725,38.15101142503761],[-3.023039747657761,38.150893332396805],[-3.0226478794118985,38.1507437908534],[-3.02260621380694,38.15072261816471],[-3.0228138452955386,38.1504432820048],[-3.0229700118955978,38.15019414668197],[-3.023671672786574,38.15046277831274],[-3.0236817486729772,38.15055785927524]]]},"properties":{"dn_surface":4936.76724810492,"provincia":23,"municipio":48,"agregado":0,"zona":0,"poligono":10,"parcela":266,"recinto":1,"uso_sigpac":"OV","idPanel":"23:48:0:0:10:266:1"},"id":1112035757},{"type":"Feature","geometry":{"type":"Polygon","coordinates":[[[-3.023039747657761,38.150893332396805],[-3.0229846215536966,38.15124456265909],[-3.0229652492979318,38.151338387174235],[-3.0229305817443475,38.15142662682695],[-3.022728453813699,38.15143855846679],[-3.0225611384435673,38.15145444971796],[-3.022401352537504,38.15146006391706],[-3.022322830025722,38.15146692701978],[-3.022071038477631,38.15143001730695],[-3.022032566377972,38.151402986505815],[-3.0224207206023164,38.1506376608655],[-3.02260621380694,38.15072261816471],[-3.0226478794118985,38.1507437908534],[-3.023039747657761,38.150893332396805]]]},"properties":{"dn_surface":5414.07180697725,"provincia":23,"municipio":48,"agregado":0,"zona":0,"poligono":10,"parcela":159,"recinto":1,"uso_sigpac":"OV","idPanel":"23:48:0:0:10:159:1"},"id":1112035892},{"type":"Feature","geometry":{"type":"Polygon","coordinates":[[[-3.0224207206023164,38.1506376608655],[-3.022032566377972,38.151402986505815],[-3.021933934002902,38.151336218775725],[-3.021790239675506,38.15133750455976],[-3.021667423831965,38.151311658121614],[-3.021561036519619,38.15126535061839],[-3.02167136332669,38.15113365917705],[-3.0217507642619768,38.15101648184012],[-3.0215275835038775,38.15085537243144],[-3.021840348372033,38.15061522586211],[-3.022110252375766,38.150553354840184],[-3.022263295878518,38.15052439871576],[-3.0224207206023164,38.1506376608655]]]},"properties":{"dn_surface":4399.52390246093,"provincia":23,"municipio":48,"agregado":0,"zona":0,"poligono":10,"parcela":149,"recinto":1,"uso_sigpac":"OV","idPanel":"23:48:0:0:10:149:1"},"id":1112035901},{"type":"Feature","geometry":{"type":"Polygon","coordinates":[[[-3.0210501837983834,38.150540548129584],[-3.0215275835038775,38.15085537243144],[-3.0217507642619768,38.15101648184012],[-3.02167136332669,38.15113365917705],[-3.021561036519619,38.15126535061839],[-3.0215105850032318,38.151250849086836],[-3.021456829340418,38.15125581452659],[-3.02139644442999,38.15122968729466],[-3.021351474678604,38.15122672093895],[-3.0212979436508083,38.1512190682609],[-3.0212277393402305,38.15118014521482],[-3.021185805514354,38.15115365001731],[-3.021084702992272,38.1510897715294],[-3.0210671554769366,38.151075499662056],[-3.021066667650143,38.15099671982583],[-3.021065167289386,38.15098815268209],[-3.0210473155109474,38.15086785392421],[-3.0210552104260153,38.15078504658328],[-3.0210650868231106,38.15070848878969],[-3.021063089415466,38.15064599415413],[-3.0210398547784894,38.15061123691419],[-3.0210501837983834,38.150540548129584]]]},"properties":{"dn_surface":2745.589386113305,"provincia":23,"municipio":48,"agregado":0,"zona":0,"poligono":10,"parcela":147,"recinto":1,"uso_sigpac":"OV","idPanel":"23:48:0:0:10:147:1"},"id":1318201649},{"type":"Feature","geometry":{"type":"Polygon","coordinates":[[[-3.0242004485324285,38.15145668181893],[-3.0241894489602417,38.15166388415406],[-3.0241712292162317,38.15178600765233],[-3.0240496664672887,38.15176034477787],[-3.0238644113087294,38.15171693741334],[-3.023647651927033,38.1516642529578],[-3.0235266608239204,38.151638047774185],[-3.0236653930643427,38.151473723067284],[-3.023740230891271,38.15137213774753],[-3.023891572867576,38.151372290298184],[-3.0240274024547578,38.15140110644481],[-3.0242004485324285,38.15145668181893]]]},"properties":{"dn_surface":1816.24703144852,"provincia":23,"municipio":48,"agregado":0,"zona":0,"poligono":10,"parcela":168,"recinto":1,"uso_sigpac":"OV","idPanel":"23:48:0:0:10:168:1"},"id":1112035882},{"type":"Feature","geometry":{"type":"Polygon","coordinates":[[[-3.025238236333473,38.151678556676416],[-3.025184971012024,38.15177941779967],[-3.0251202970814877,38.15189271850619],[-3.0250600622071366,38.15197177075427],[-3.025000509619743,38.152044784678935],[-3.0249423216062676,38.1521048192258],[-3.0246645017327074,38.15206215282157],[-3.0246360795355485,38.15205575910542],[-3.0245172559927256,38.152029374549045],[-3.02445470603658,38.152017399323256],[-3.024393710923565,38.15200579373948],[-3.024397089668935,38.15174084679356],[-3.0243865544542103,38.151533454189206],[-3.0243717637469927,38.15145110198563],[-3.0244820109259787,38.151437072355264],[-3.0245353122896135,38.15143841429807],[-3.024608249100789,38.151454443012454],[-3.0252075635951794,38.15166764511423],[-3.025238236333473,38.151678556676416]]]},"properties":{"dn_surface":3904.63659197819,"provincia":23,"municipio":48,"agregado":0,"zona":0,"poligono":10,"parcela":220,"recinto":3,"uso_sigpac":"OV","idPanel":"23:48:0:0:10:220:3"},"id":1112035816},{"type":"Feature","geometry":{"type":"Polygon","coordinates":[[[-3.024393710923565,38.15200579373948],[-3.02445470603658,38.152017399323256],[-3.0245172559927256,38.152029374549045],[-3.0244357000700055,38.15217458264826],[-3.0244001825913895,38.152118305708825],[-3.024393710923565,38.15200579373948]]]},"properties":{"dn_surface":114.223252892541,"provincia":23,"municipio":48,"agregado":0,"zona":0,"poligono":10,"parcela":219,"recinto":1,"uso_sigpac":"OV","idPanel":"23:48:0:0:10:219:1"},"id":1112035818},{"type":"Feature","geometry":{"type":"Polygon","coordinates":[[[-3.0249423216062676,38.1521048192258],[-3.0249054697285875,38.152142048289164],[-3.0248497870661195,38.152186761554276],[-3.0247752669133403,38.15221633710141],[-3.0246619444138974,38.15225484272867],[-3.0245788504118534,38.15224665612337],[-3.0246645017327074,38.15206215282157],[-3.0249423216062676,38.1521048192258]]]},"properties":{"dn_surface":387.272135878458,"provincia":23,"municipio":48,"agregado":0,"zona":0,"poligono":10,"parcela":217,"recinto":1,"uso_sigpac":"OV","idPanel":"23:48:0:0:10:217:1"},"id":1112035820},{"type":"Feature","geometry":{"type":"Polygon","coordinates":[[[-3.0275685916323125,38.15039459823191],[-3.027657856391839,38.15042900762285],[-3.0275273685918664,38.15063488310261],[-3.0272469159623627,38.150857103294555],[-3.0272021968298968,38.15091272057819],[-3.0270654368514083,38.15113563060078],[-3.0269093943035243,38.15138017515497],[-3.0268291417668247,38.15133521881464],[-3.0267602819135946,38.151237896531086],[-3.026699648060628,38.151162473647304],[-3.0266472410461156,38.15111021163972],[-3.0265987198821436,38.15107272944289],[-3.026537188327293,38.15103515923607],[-3.026741060532097,38.1508127764352],[-3.0269076223690883,38.15062221553163],[-3.026989755804971,38.15051098264078],[-3.0270461148870655,38.150453200311404],[-3.027076813609261,38.1504455333841],[-3.0272231691910725,38.15024569287496],[-3.0275685916323125,38.15039459823191]]]},"properties":{"dn_surface":4947.60149580247,"provincia":23,"municipio":48,"agregado":0,"zona":0,"poligono":10,"parcela":198,"recinto":2,"uso_sigpac":"OV","idPanel":"23:48:0:0:10:198:2"},"id":1112035844},{"type":"Feature","geometry":{"type":"Polygon","coordinates":[[[-3.0270461148870655,38.150453200311404],[-3.026989755804971,38.15051098264078],[-3.0269076223690883,38.15062221553163],[-3.026741060532097,38.1508127764352],[-3.026537188327293,38.15103515923607],[-3.026412526788564,38.15096218219173],[-3.0263055535811514,38.150881541572915],[-3.026689976181982,38.150333946776954],[-3.0270461148870655,38.150453200311404]]]},"properties":{"dn_surface":2244.6985706176,"provincia":23,"municipio":48,"agregado":0,"zona":0,"poligono":10,"parcela":197,"recinto":1,"uso_sigpac":"OV","idPanel":"23:48:0:0:10:197:1"},"id":1112035845},{"type":"Feature","geometry":{"type":"Polygon","coordinates":[[[-3.0279614774412797,38.150789626455435],[-3.027724111149407,38.1511579323319],[-3.0272021968298968,38.15091272057819],[-3.0272469159623627,38.150857103294555],[-3.0275273685918664,38.15063488310261],[-3.0279614774412797,38.150789626455435]]]},"properties":{"dn_surface":2075.64812368797,"provincia":23,"municipio":48,"agregado":0,"zona":0,"poligono":10,"parcela":199,"recinto":1,"uso_sigpac":"OV","idPanel":"23:48:0:0:10:199:1"},"id":1112035843},{"type":"Feature","geometry":{"type":"Polygon","coordinates":[[[-3.027724111149407,38.1511579323319],[-3.0274296649317245,38.15162627790505],[-3.027420930149909,38.15164017174857],[-3.0269093943035243,38.15138017515497],[-3.0270654368514083,38.15113563060078],[-3.0272021968298968,38.15091272057819],[-3.027724111149407,38.1511579323319]]]},"properties":{"dn_surface":3110.58597021201,"provincia":23,"municipio":48,"agregado":0,"zona":0,"poligono":10,"parcela":201,"recinto":1,"uso_sigpac":"OV","idPanel":"23:48:0:0:10:201:1"},"id":1112035840},{"type":"Feature","geometry":{"type":"Polygon","coordinates":[[[-3.023786284422801,38.14985278443487],[-3.024069377351962,38.14998873304506],[-3.023796615957267,38.150366410728026],[-3.0237744298964393,38.150237083821736],[-3.0237710762967804,38.15010748282717],[-3.02376760451228,38.14996418328741],[-3.023786284422801,38.14985278443487]]]},"properties":{"dn_surface":777.477612783377,"provincia":23,"municipio":48,"agregado":0,"zona":0,"poligono":10,"parcela":226,"recinto":1,"uso_sigpac":"OV","idPanel":"23:48:0:0:10:226:1"},"id":1112035804},{"type":"Feature","geometry":{"type":"Polygon","coordinates":[[[-3.0245673060159266,38.150233423444405],[-3.0240191554997358,38.150982561952304],[-3.023955438782599,38.15089145652675],[-3.0239077046793814,38.150813866920856],[-3.0238660197960447,38.15073852869426],[-3.023828557715777,38.15065976562184],[-3.023807426098432,38.15060830743886],[-3.0238077085685853,38.15043057839159],[-3.023796615957267,38.150366410728026],[-3.024069377351962,38.14998873304506],[-3.0245673060159266,38.150233423444405]]]},"properties":{"dn_surface":3948.44830434705,"provincia":23,"municipio":48,"agregado":0,"zona":0,"poligono":10,"parcela":225,"recinto":1,"uso_sigpac":"OV","idPanel":"23:48:0:0:10:225:1"},"id":1112035805},{"type":"Feature","geometry":{"type":"Polygon","coordinates":[[[-3.025102614617504,38.15048092261961],[-3.0249301770660386,38.150682722817805],[-3.0246176829333713,38.151014626086635],[-3.0243803862112992,38.151306228324415],[-3.0243342756828238,38.151353474600825],[-3.0243219702100443,38.15136608266033],[-3.024289305093247,38.15130029728937],[-3.0242411175290416,38.15123271148548],[-3.024179685718845,38.15115287133844],[-3.0241159773836115,38.15108889310591],[-3.0240191554997358,38.150982561952304],[-3.0245673060159266,38.150233423444405],[-3.02482985657557,38.150364507197736],[-3.0249491436376656,38.15041675747062],[-3.025013672561268,38.150451186139975],[-3.025102614617504,38.15048092261961]]]},"properties":{"dn_surface":5256.24187556535,"provincia":23,"municipio":48,"agregado":0,"zona":0,"poligono":10,"parcela":224,"recinto":1,"uso_sigpac":"OV","idPanel":"23:48:0:0:10:224:1"},"id":1112035807},{"type":"Feature","geometry":{"type":"Polygon","coordinates":[[[-3.025369273148136,38.15053940567611],[-3.0250714414795596,38.150912967844334],[-3.024608249100789,38.151454443012454],[-3.0245353122896135,38.15143841429807],[-3.0244820109259787,38.151437072355264],[-3.0245446304519255,38.15132133922032],[-3.0249540696824533,38.15079077980536],[-3.0250324564073954,38.15072650485345],[-3.025179387825989,38.15049767888323],[-3.025369273148136,38.15053940567611]]]},"properties":{"dn_surface":1750.58270908023,"provincia":23,"municipio":48,"agregado":0,"zona":0,"poligono":10,"parcela":222,"recinto":1,"uso_sigpac":"OV","idPanel":"23:48:0:0:10:222:1"},"id":1112035812},{"type":"Feature","geometry":{"type":"Polygon","coordinates":[[[-3.02556488331049,38.1507162169049],[-3.025457669542442,38.15079993787333],[-3.025385277555005,38.15090554231588],[-3.025342601092464,38.151014074557395],[-3.025329628420152,38.15109033730792],[-3.0253315369796177,38.151234057619234],[-3.025327869058571,38.15136311379004],[-3.025298197957766,38.151486308495635],[-3.0252369547404023,38.1516109767399],[-3.0252075635951794,38.15166764511423],[-3.024608249100789,38.151454443012454],[-3.0250714414795596,38.150912967844334],[-3.025369273148136,38.15053940567611],[-3.025376154691049,38.15053077482989],[-3.0255523892448775,38.150568953562924],[-3.0256635693297422,38.150608677918996],[-3.02556488331049,38.1507162169049]]]},"properties":{"dn_surface":4430.83111667471,"provincia":23,"municipio":48,"agregado":0,"zona":0,"poligono":10,"parcela":221,"recinto":1,"uso_sigpac":"OV","idPanel":"23:48:0:0:10:221:1"},"id":1112035814},{"type":"Feature","geometry":{"type":"Polygon","coordinates":[[[-3.0234378989786146,38.15139859857925],[-3.0234509009875894,38.151372189715346],[-3.0229846215536966,38.15124456265909],[-3.023039747657761,38.150893332396805],[-3.0233959970039725,38.15101142503761],[-3.024058050047341,38.15124265912877],[-3.024107606376416,38.151308081563286],[-3.0241610468796516,38.15138242569611],[-3.0241998676665043,38.15142685062375],[-3.0240991892687488,38.15139081849625],[-3.0239894919426438,38.15134974130092],[-3.023804132848479,38.15133202028019],[-3.0237007303320307,38.15134222273332],[-3.0236000703744628,38.15135936456454],[-3.0234947333146467,38.151386872296],[-3.0234378989786146,38.15139859857925]]]},"properties":{"dn_surface":2885.22646658083,"provincia":23,"municipio":48,"agregado":0,"zona":0,"poligono":10,"parcela":158,"recinto":1,"uso_sigpac":"OV","idPanel":"23:48:0:0:10:158:1"},"id":1112035893},{"type":"Feature","geometry":{"type":"Polygon","coordinates":[[[-3.025518962213037,38.14903014752821],[-3.0251179350610333,38.149747268840486],[-3.0248266437918927,38.150316379983224],[-3.024703244567856,38.150253766324596],[-3.0250700391870757,38.14953683360514],[-3.025368752631918,38.148991512819634],[-3.025518962213037,38.14903014752821]]]},"properties":{"dn_surface":2003.55844532688,"provincia":23,"municipio":48,"agregado":0,"zona":0,"poligono":10,"parcela":239,"recinto":1,"uso_sigpac":"OV","idPanel":"23:48:0:0:10:239:1"},"id":1112035789},{"type":"Feature","geometry":{"type":"Polygon","coordinates":[[[-3.0257525038422646,38.14911454994541],[-3.025485350779316,38.149818487361415],[-3.0251179350610333,38.149747268840486],[-3.025518962213037,38.14903014752821],[-3.0255464707826953,38.149038524402755],[-3.0257525038422646,38.14911454994541]]]},"properties":{"dn_surface":2330.079833984375,"provincia":23,"municipio":48,"agregado":0,"zona":0,"poligono":10,"parcela":240,"recinto":2,"uso_sigpac":"OV","idPanel":"23:48:0:0:10:240:2"},"id":1367431970},{"type":"Feature","geometry":{"type":"Polygon","coordinates":[[[-3.026033866746507,38.14919732040602],[-3.025554433591183,38.15054038384426],[-3.0252384844378217,38.15045888072754],[-3.025347349440893,38.15017647595266],[-3.025485350779316,38.149818487361415],[-3.0257525038422646,38.14911454994541],[-3.026033866746507,38.14919732040602]]]},"properties":{"dn_surface":4284.89990234375,"provincia":23,"municipio":48,"agregado":0,"zona":0,"poligono":10,"parcela":242,"recinto":1,"uso_sigpac":"OV","idPanel":"23:48:0:0:10:242:1"},"id":1367431969},{"type":"Feature","geometry":{"type":"Polygon","coordinates":[[[-3.0251179350610333,38.149747268840486],[-3.025485350779316,38.149818487361415],[-3.025347349440893,38.15017647595266],[-3.0252733682445205,38.15015443489875],[-3.025229627280212,38.150247506718955],[-3.0251625284649446,38.150227505820396],[-3.025223678643177,38.15015949421581],[-3.0252660541953773,38.15013032267649],[-3.025310593955105,38.15007627699978],[-3.025252982616602,38.15004541147772],[-3.0251986670426225,38.15011575576608],[-3.0251682499523906,38.15015350199289],[-3.025140007966161,38.150196393870345],[-3.025124980051069,38.15021631430264],[-3.0250780908437425,38.15020233747822],[-3.025054539370808,38.150255520657055],[-3.0251028074012876,38.15027234984322],[-3.0250803832943967,38.15034060033204],[-3.0251645719730598,38.15037160331738],[-3.0251455031422085,38.15040351490103],[-3.025120135310747,38.15042355687089],[-3.024971728677108,38.15037926102454],[-3.0248266437918927,38.150316379983224],[-3.0251179350610333,38.149747268840486]]]},"properties":{"dn_surface":2059.482933180308,"provincia":23,"municipio":48,"agregado":0,"zona":0,"poligono":10,"parcela":241,"recinto":1,"uso_sigpac":"OV","idPanel":"23:48:0:0:10:241:1"},"id":1156718976},{"type":"Feature","geometry":{"type":"Polygon","coordinates":[[[-3.0262080334846995,38.14873871292852],[-3.026215566301528,38.1487445433807],[-3.0262608939602007,38.14879338221883],[-3.02637961608199,38.148869152113434],[-3.026486700768721,38.14895537927109],[-3.026500947490391,38.148943912826866],[-3.0269101847170403,38.14925671457539],[-3.026182316966046,38.150030505938446],[-3.0257049818012107,38.15056126316628],[-3.025695398770744,38.150572260223896],[-3.025554433591183,38.15054038384426],[-3.026033866746507,38.14919732040602],[-3.026065303076225,38.14911555661206],[-3.026207704075885,38.14873959554299],[-3.026207947989281,38.14873893840172],[-3.0262080334846995,38.14873871292852]]]},"properties":{"dn_surface":8864.963134765625,"provincia":23,"municipio":48,"agregado":0,"zona":0,"poligono":10,"parcela":243,"recinto":1,"uso_sigpac":"OV","idPanel":"23:48:0:0:10:243:1"},"id":1367408279},{"type":"Feature","geometry":{"type":"Polygon","coordinates":[[[-3.027765287251191,38.14903731070311],[-3.027754944820251,38.14904548389737],[-3.0277585825664453,38.149060363452776],[-3.027757995833188,38.149075336047275],[-3.027763334267636,38.14909124406228],[-3.0277692669790546,38.149109490628376],[-3.027781686445724,38.14912251526846],[-3.0277935694705587,38.149132879492385],[-3.0278049059952736,38.1491408724757],[-3.027839861048154,38.14920231350598],[-3.027864843312045,38.1493115322254],[-3.02785964820815,38.149350508077475],[-3.0278532779613596,38.149372972417524],[-3.0278567153800555,38.14940323192795],[-3.0278790070528694,38.14941283926592],[-3.0275661407636782,38.149671067277865],[-3.0270096091820067,38.149301577038386],[-3.0271173166441816,38.14921809830696],[-3.0272437367063003,38.14912172653132],[-3.027432469516693,38.14902137670421],[-3.0275924465301594,38.14893509171142],[-3.027699371122531,38.14889514355852],[-3.027765287251191,38.14903731070311]]]},"properties":{"dn_surface":3576.92216738214,"provincia":23,"municipio":48,"agregado":0,"zona":0,"poligono":10,"parcela":192,"recinto":1,"uso_sigpac":"OV","idPanel":"23:48:0:0:10:192:1"},"id":1112035853},{"type":"Feature","geometry":{"type":"Polygon","coordinates":[[[-3.0272231691910725,38.15024569287496],[-3.027309751741424,38.1501332873558],[-3.0265549814324064,38.1497897935906],[-3.0267237158588296,38.14961383312502],[-3.0268551382410602,38.1494647374989],[-3.0269409287015154,38.14936990715532],[-3.0270096091820067,38.149301577038386],[-3.0275661407636782,38.149671067277865],[-3.0278790070528694,38.14941283926592],[-3.027941281244384,38.149457938098635],[-3.02797702754897,38.149485267295574],[-3.0280065083805625,38.14950214174402],[-3.0280328770113214,38.14951964734985],[-3.0280732308483556,38.14953994580597],[-3.028115394338393,38.14956836129761],[-3.028159710301292,38.14958231213808],[-3.0280325031784177,38.14972522275747],[-3.027935653634259,38.14984664301406],[-3.0277851867286976,38.15003170455063],[-3.0276488776966257,38.15023280485988],[-3.0275685916323125,38.15039459823191],[-3.0272231691910725,38.15024569287496]]]},"properties":{"dn_surface":7860.56028869464,"provincia":23,"municipio":48,"agregado":0,"zona":0,"poligono":10,"parcela":193,"recinto":1,"uso_sigpac":"OV","idPanel":"23:48:0:0:10:193:1"},"id":1112035851},{"type":"Feature","geometry":{"type":"Polygon","coordinates":[[[-3.0265549814324064,38.1497897935906],[-3.027309751741424,38.1501332873558],[-3.0272231691910725,38.15024569287496],[-3.027076813609261,38.1504455333841],[-3.0270461148870655,38.150453200311404],[-3.026689976181982,38.150333946776954],[-3.02669453677577,38.1503214183455],[-3.026391680994134,38.150154657019215],[-3.026444480281739,38.15003658114222],[-3.0265549814324064,38.1497897935906]]]},"properties":{"dn_surface":3160.69719965464,"provincia":23,"municipio":48,"agregado":0,"zona":0,"poligono":10,"parcela":194,"recinto":1,"uso_sigpac":"OV","idPanel":"23:48:0:0:10:194:1"},"id":1112035848},{"type":"Feature","geometry":{"type":"Polygon","coordinates":[[[-3.0265549814324064,38.1497897935906],[-3.026444480281739,38.15003658114222],[-3.026391680994134,38.150154657019215],[-3.026286312083084,38.15008807536739],[-3.0265549814324064,38.1497897935906]]]},"properties":{"dn_surface":239.642380818537,"provincia":23,"municipio":48,"agregado":0,"zona":0,"poligono":10,"parcela":259,"recinto":1,"uso_sigpac":"OV","idPanel":"23:48:0:0:10:259:1"},"id":1112035766},{"type":"Feature","geometry":{"type":"Polygon","coordinates":[[[-3.026391680994134,38.150154657019215],[-3.026313908662731,38.15033141041289],[-3.0262122965209066,38.15054566025259],[-3.026099608531571,38.150750089015816],[-3.02585062492121,38.15058637954064],[-3.0258759424612487,38.15053220897363],[-3.026286312083084,38.15008807536739],[-3.026391680994134,38.150154657019215]]]},"properties":{"dn_surface":1444.90018684682,"provincia":23,"municipio":48,"agregado":0,"zona":0,"poligono":10,"parcela":195,"recinto":1,"uso_sigpac":"OV","idPanel":"23:48:0:0:10:195:1"},"id":1112035847},{"type":"Feature","geometry":{"type":"Polygon","coordinates":[[[-3.0251918240564653,38.14891584099328],[-3.024852475980817,38.14945377899804],[-3.024455078193103,38.15012970912113],[-3.0242570255440193,38.15003394168073],[-3.0249509801127603,38.14883360278358],[-3.0251918240564653,38.14891584099328]]]},"properties":{"dn_surface":3118.37546742044,"provincia":23,"municipio":48,"agregado":0,"zona":0,"poligono":10,"parcela":237,"recinto":1,"uso_sigpac":"OV","idPanel":"23:48:0:0:10:237:1"},"id":1112035791},{"type":"Feature","geometry":{"type":"Polygon","coordinates":[[[-3.0250700391870757,38.14953683360514],[-3.024703244567856,38.150253766324596],[-3.024455078193103,38.15012970912113],[-3.024852475980817,38.14945377899804],[-3.0250700391870757,38.14953683360514]]]},"properties":{"dn_surface":1961.27983172213,"provincia":23,"municipio":48,"agregado":0,"zona":0,"poligono":10,"parcela":238,"recinto":1,"uso_sigpac":"OV","idPanel":"23:48:0:0:10:238:1"},"id":1112035790},{"type":"Feature","geometry":{"type":"Polygon","coordinates":[[[-3.0249509801127603,38.14883360278358],[-3.0242570255440193,38.15003394168073],[-3.024102121258654,38.14995483914123],[-3.024380546305659,38.14946026659146],[-3.0247738277404794,38.14876937644672],[-3.0249509801127603,38.14883360278358]]]},"properties":{"dn_surface":2411.62028562167,"provincia":23,"municipio":48,"agregado":0,"zona":0,"poligono":10,"parcela":236,"recinto":1,"uso_sigpac":"OV","idPanel":"23:48:0:0:10:236:1"},"id":1112035792},{"type":"Feature","geometry":{"type":"Polygon","coordinates":[[[-3.0239572828014065,38.14851709204268],[-3.024662878157966,38.14872667735301],[-3.0247738277404794,38.14876937644672],[-3.024380546305659,38.14946026659146],[-3.0239484801261707,38.14926049229939],[-3.0239520256714236,38.14916608021281],[-3.0239638852269284,38.14908158308009],[-3.023968923589225,38.14891393494838],[-3.023963741896375,38.148659112503935],[-3.0239572828014065,38.14851709204268]]]},"properties":{"dn_surface":4760.16295134107,"provincia":23,"municipio":48,"agregado":0,"zona":0,"poligono":10,"parcela":234,"recinto":1,"uso_sigpac":"OV","idPanel":"23:48:0:0:10:234:1"},"id":1112035796},{"type":"Feature","geometry":{"type":"Polygon","coordinates":[[[-3.0239484801261707,38.14926049229939],[-3.024380546305659,38.14946026659146],[-3.024102121258654,38.14995483914123],[-3.023995621628798,38.14991204952298],[-3.0237985940865335,38.149803302704754],[-3.0238355616344843,38.14960683591184],[-3.02388749507144,38.14948213413996],[-3.0239230804434762,38.14938954763201],[-3.023939377378784,38.14930985500649],[-3.0239484801261707,38.14926049229939]]]},"properties":{"dn_surface":2251.00535036339,"provincia":23,"municipio":48,"agregado":0,"zona":0,"poligono":10,"parcela":235,"recinto":1,"uso_sigpac":"OV","idPanel":"23:48:0:0:10:235:1"},"id":1112035794},{"type":"Feature","geometry":{"type":"Polygon","coordinates":[[[-3.0237767106124283,38.14820365913681],[-3.0238276499556096,38.14831441425915],[-3.023832414229656,38.14848541850512],[-3.0238359681568125,38.14861300113728],[-3.0238423157724634,38.148820289806],[-3.0238334896278976,38.149044795743094],[-3.023795319276769,38.149232985406115],[-3.0237699212704547,38.1493899893583],[-3.023677480607627,38.14974528316753],[-3.0230313950907517,38.14943581490212],[-3.0229172369155135,38.14935381976764],[-3.0226149443978034,38.14912359988682],[-3.023181456312177,38.148679089933154],[-3.023214087063168,38.148647539609556],[-3.0236344236066595,38.1483159162963],[-3.023639638827124,38.148311801619826],[-3.0237767106124283,38.14820365913681]]]},"properties":{"dn_surface":9701.552389775274,"provincia":23,"municipio":48,"agregado":0,"zona":0,"poligono":10,"parcela":227,"recinto":1,"uso_sigpac":"OV","idPanel":"23:48:0:0:10:227:1"},"id":1179152407},{"type":"Feature","geometry":{"type":"Polygon","coordinates":[[[-3.0226149443978034,38.14912359988682],[-3.0222655061865153,38.14885814751213],[-3.0223445768747967,38.148789638022464],[-3.0224162279019486,38.14871752515239],[-3.022443023171605,38.14863992213549],[-3.022476783803212,38.14857060965943],[-3.0225149943874765,38.148500214241466],[-3.0225665548297194,38.14841728955386],[-3.022666500649094,38.14832155899384],[-3.02273804522607,38.148275942997714],[-3.022838852705142,38.148372540246584],[-3.022912378764145,38.148453911767405],[-3.0229661528671476,38.14851203356383],[-3.023041951260236,38.14856357305132],[-3.023181456312177,38.148679089933154],[-3.0226149443978034,38.14912359988682]]]},"properties":{"dn_surface":3696.42544342686,"provincia":23,"municipio":48,"agregado":0,"zona":0,"poligono":10,"parcela":228,"recinto":1,"uso_sigpac":"OV","idPanel":"23:48:0:0:10:228:1"},"id":1112035802},{"type":"Feature","geometry":{"type":"Polygon","coordinates":[[[-3.0222386958294325,38.148888704580145],[-3.022536649035611,38.14911784487174],[-3.021960772858457,38.149567670628755],[-3.0217961665195925,38.1494753188141],[-3.021889261809096,38.14936102317563],[-3.0219774394357164,38.14921464412447],[-3.022087979143141,38.14904681075271],[-3.022146150392809,38.14893315213894],[-3.0222386958294325,38.148888704580145]]]},"properties":{"dn_surface":2064.09885431718,"provincia":23,"municipio":48,"agregado":0,"zona":0,"poligono":10,"parcela":153,"recinto":1,"uso_sigpac":"OV","idPanel":"23:48:0:0:10:153:1"},"id":1112035898},{"type":"Feature","geometry":{"type":"Polygon","coordinates":[[[-3.02270366014264,38.14923723335488],[-3.022262358781687,38.14972984789193],[-3.021960772858457,38.149567670628755],[-3.022536649035611,38.14911784487174],[-3.02270366014264,38.14923723335488]]]},"properties":{"dn_surface":1769.42273677368,"provincia":23,"municipio":48,"agregado":0,"zona":0,"poligono":10,"parcela":154,"recinto":1,"uso_sigpac":"OV","idPanel":"23:48:0:0:10:154:1"},"id":1112035897},{"type":"Feature","geometry":{"type":"Polygon","coordinates":[[[-3.0241712292162317,38.15178600765233],[-3.0241623653530993,38.15189884735415],[-3.0241613930522737,38.152059722907666],[-3.0241726365378585,38.15222852690388],[-3.0241904908308674,38.15237218435095],[-3.023787954936204,38.15310840718351],[-3.023711059351924,38.15308389849716],[-3.0236596514603287,38.15306751271365],[-3.02352917036588,38.152999130628956],[-3.0233603286510897,38.152898039841546],[-3.0240496664672887,38.15176034477787],[-3.0241712292162317,38.15178600765233]]]},"properties":{"dn_surface":5101.96813293919,"provincia":23,"municipio":48,"agregado":0,"zona":0,"poligono":10,"parcela":169,"recinto":1,"uso_sigpac":"OV","idPanel":"23:48:0:0:10:169:1"},"id":1112035881},{"type":"Feature","geometry":{"type":"Polygon","coordinates":[[[-3.0240496664672887,38.15176034477787],[-3.0233603286510897,38.152898039841546],[-3.0231501582838693,38.15275964287727],[-3.0238644113087294,38.15171693741334],[-3.0240496664672887,38.15176034477787]]]},"properties":{"dn_surface":2715.58105388351,"provincia":23,"municipio":48,"agregado":0,"zona":0,"poligono":10,"parcela":167,"recinto":1,"uso_sigpac":"OV","idPanel":"23:48:0:0:10:167:1"},"id":1112035883},{"type":"Feature","geometry":{"type":"Polygon","coordinates":[[[-3.0238644113087294,38.15171693741334],[-3.0231501582838693,38.15275964287727],[-3.0230289148854563,38.15266728519529],[-3.022926845091691,38.15256717257603],[-3.023647651927033,38.1516642529578],[-3.0238644113087294,38.15171693741334]]]},"properties":{"dn_surface":2949.10683766371,"provincia":23,"municipio":48,"agregado":0,"zona":0,"poligono":10,"parcela":166,"recinto":1,"uso_sigpac":"OV","idPanel":"23:48:0:0:10:166:1"},"id":1112035884},{"type":"Feature","geometry":{"type":"Polygon","coordinates":[[[-3.023740230891271,38.15137213774753],[-3.0236653930643427,38.151473723067284],[-3.0235266608239204,38.151638047774185],[-3.0230395925925424,38.15216257724762],[-3.0229478099091533,38.15210869753264],[-3.022545183489929,38.15188408263083],[-3.022513994426369,38.151789545653884],[-3.0224087336418766,38.1517020511524],[-3.02222391769507,38.15159960920212],[-3.02214822994311,38.15154572697256],[-3.0221006123483547,38.15147056979512],[-3.022197741848095,38.15147659135471],[-3.0222742183371905,38.15149595606675],[-3.0222789574655264,38.151496578004014],[-3.0222951186139952,38.15152886593515],[-3.0223268374138677,38.15153164118345],[-3.022421992137104,38.15153440469709],[-3.0224819009554027,38.1515218771039],[-3.0225682446215,38.15152464229388],[-3.0227162547910957,38.15149958291647],[-3.0227185665201284,38.151473041618516],[-3.0227321167056034,38.1514718145078],[-3.022905252469644,38.151453759049105],[-3.02281654175395,38.151717122653395],[-3.023083415699506,38.15180080338871],[-3.023386016671271,38.151467607630366],[-3.023416681027661,38.151433841969606],[-3.0235884429976903,38.15140190691659],[-3.0236878465078973,38.15138124971503],[-3.023740230891271,38.15137213774753]]]},"properties":{"dn_surface":4439.848358081647,"provincia":23,"municipio":48,"agregado":0,"zona":0,"poligono":10,"parcela":162,"recinto":1,"uso_sigpac":"OV","idPanel":"23:48:0:0:10:162:1"},"id":1156719753},{"type":"Feature","geometry":{"type":"Polygon","coordinates":[[[-3.0235266608239204,38.151638047774185],[-3.023647651927033,38.1516642529578],[-3.022926845091691,38.15256717257603],[-3.0228600555686684,38.15250662002754],[-3.022808099500572,38.152432455267444],[-3.0230395925925424,38.15216257724762],[-3.0235266608239204,38.151638047774185]]]},"properties":{"dn_surface":1609.39091865803,"provincia":23,"municipio":48,"agregado":0,"zona":0,"poligono":10,"parcela":165,"recinto":2,"uso_sigpac":"OV","idPanel":"23:48:0:0:10:165:2"},"id":1112035885},{"type":"Feature","geometry":{"type":"Polygon","coordinates":[[[-3.0229478099091533,38.15210869753264],[-3.0230395925925424,38.15216257724762],[-3.022808099500572,38.152432455267444],[-3.0227463223559448,38.152340987743656],[-3.0229478099091533,38.15210869753264]]]},"properties":{"dn_surface":340.358608496916,"provincia":23,"municipio":48,"agregado":0,"zona":0,"poligono":10,"parcela":164,"recinto":1,"uso_sigpac":"OV","idPanel":"23:48:0:0:10:164:1"},"id":1112035886},{"type":"Feature","geometry":{"type":"Polygon","coordinates":[[[-3.022545183489929,38.15188408263083],[-3.0229478099091533,38.15210869753264],[-3.0227463223559448,38.152340987743656],[-3.0226932221579985,38.15225654844605],[-3.0225818752732496,38.15205423443717],[-3.022545183489929,38.15188408263083]]]},"properties":{"dn_surface":765.965766426364,"provincia":23,"municipio":48,"agregado":0,"zona":0,"poligono":10,"parcela":163,"recinto":1,"uso_sigpac":"OV","idPanel":"23:48:0:0:10:163:1"},"id":1112035887},{"type":"Feature","geometry":{"type":"Polygon","coordinates":[[[-3.0233419219906286,38.15144192463933],[-3.023347866436712,38.151469901757366],[-3.023386016671271,38.151467607630366],[-3.023083415699506,38.15180080338871],[-3.02281654175395,38.151717122653395],[-3.022905252469644,38.151453759049105],[-3.0231174252736523,38.15144543078961],[-3.02325804092783,38.15145099385907],[-3.0233419219906286,38.15144192463933]]]},"properties":{"dn_surface":1225.52300277329,"provincia":23,"municipio":48,"agregado":0,"zona":0,"poligono":10,"parcela":161,"recinto":1,"uso_sigpac":"OV","idPanel":"23:48:0:0:10:161:1"},"id":1112035890},{"type":"Feature","geometry":{"type":"Polygon","coordinates":[[[-3.0299342330692247,38.15421910832637],[-3.0298865727267605,38.15433763514983],[-3.029842663286189,38.15441839814443],[-3.029792810237724,38.15447960531964],[-3.029735536689939,38.15453747984989],[-3.029686818551232,38.15458147227136],[-3.029606714374227,38.154633222982795],[-3.0295186079937877,38.15465469322905],[-3.0294434918876587,38.15462614027419],[-3.029386411961848,38.15460028796869],[-3.0293335498099654,38.15456289713461],[-3.0294191902343446,38.15437523553149],[-3.029473925741698,38.154250939443784],[-3.029534469070105,38.15409771153912],[-3.029665157197574,38.15409659926053],[-3.0297833051589604,38.15413217205972],[-3.029845074759875,38.154182087134245],[-3.0299342330692247,38.15421910832637]]]},"properties":{"dn_surface":2004.56782624208,"provincia":23,"municipio":48,"agregado":0,"zona":0,"poligono":10,"parcela":16,"recinto":1,"uso_sigpac":"OV","idPanel":"23:48:0:0:10:16:1"},"id":1112036068},{"type":"Feature","geometry":{"type":"Polygon","coordinates":[[[-3.029534469070105,38.15409771153912],[-3.029473925741698,38.154250939443784],[-3.0294191902343446,38.15437523553149],[-3.0293335498099654,38.15456289713461],[-3.0292908456871426,38.154524332834],[-3.029247320137758,38.15442953098889],[-3.0291915042030215,38.154203879245614],[-3.0292935983043074,38.15416286575274],[-3.0293364910199636,38.15420299411659],[-3.029432824238856,38.15413805280335],[-3.029411945755001,38.15412078524355],[-3.029424620869733,38.15410873038971],[-3.029534469070105,38.15409771153912]]]},"properties":{"dn_surface":742.955081563681,"provincia":23,"municipio":48,"agregado":0,"zona":0,"poligono":10,"parcela":15,"recinto":1,"uso_sigpac":"OV","idPanel":"23:48:0:0:10:15:1"},"id":1112036070},{"type":"Feature","geometry":{"type":"Polygon","coordinates":[[[-3.0284592854058308,38.154378875792275],[-3.0284251995563625,38.154482798824915],[-3.0283492972276687,38.15476797465715],[-3.0281779510000617,38.154711592943926],[-3.0280054815973623,38.15469874264741],[-3.027765879851781,38.154639040862094],[-3.0276454494980243,38.15460337670018],[-3.027755190410029,38.15415840155086],[-3.027853360104016,38.154185327578205],[-3.0284592854058308,38.154378875792275]]]},"properties":{"dn_surface":3071.95058616391,"provincia":23,"municipio":48,"agregado":0,"zona":0,"poligono":10,"parcela":272,"recinto":1,"uso_sigpac":"OV","idPanel":"23:48:0:0:10:272:1"},"id":1112035752},{"type":"Feature","geometry":{"type":"Polygon","coordinates":[[[-3.030581576709841,38.15472620176382],[-3.0306310182068357,38.15476167314196],[-3.030677708763046,38.15480487766442],[-3.030708462805805,38.15484988681078],[-3.0307471922299083,38.15490929942038],[-3.030787071651194,38.15499752230926],[-3.0308212572453166,38.15508214600874],[-3.0308656955840103,38.15518207171155],[-3.030937376786016,38.15533676393477],[-3.030787982764124,38.15552041479694],[-3.030568133812734,38.15548739177288],[-3.030194982357769,38.15542574370957],[-3.0301155336456316,38.15540963033794],[-3.0299148549461274,38.155363081435894],[-3.029626838486751,38.15526491174191],[-3.0291342549627576,38.15509711944148],[-3.028700332191606,38.15490849308122],[-3.0283492972276687,38.15476797465715],[-3.0284251995563625,38.154482798824915],[-3.0284592854058308,38.154378875792275],[-3.0290661545100006,38.15455968015996],[-3.029110656551161,38.15457293865521],[-3.029115826509346,38.154574479249106],[-3.0291575683896284,38.1546286179649],[-3.02920426481317,38.15466552767771],[-3.0292379164800294,38.15466469535468],[-3.0293084275682824,38.15470389751815],[-3.029396560770813,38.15473803449726],[-3.02950231022029,38.154753191493654],[-3.0295888257154124,38.15475064171858],[-3.029699362070075,38.15471772346828],[-3.0297746399469463,38.15466204248219],[-3.0298627195052936,38.15456714005424],[-3.029973190481108,38.15438241044106],[-3.0299949800778916,38.15432250246093],[-3.0300344395658034,38.15428121487983],[-3.0300721531031822,38.154316502694286],[-3.0300915362554215,38.15434087140284],[-3.030133654483178,38.154447498437605],[-3.0301780827635874,38.154527467665986],[-3.0302274345742126,38.15458402623736],[-3.030280632002242,38.15461954874513],[-3.0302997695647043,38.15463629830322],[-3.0303929570551484,38.154676739312094],[-3.030484969402698,38.154694189597336],[-3.0305356363340104,38.15470751179501],[-3.030581576709841,38.15472620176382]]]},"properties":{"dn_surface":14903.960824038622,"provincia":23,"municipio":48,"agregado":0,"zona":0,"poligono":10,"parcela":28,"recinto":1,"uso_sigpac":"OV","idPanel":"23:48:0:0:10:28:1"},"id":1318201616},{"type":"Feature","geometry":{"type":"Polygon","coordinates":[[[-3.030330613293833,38.15389852733301],[-3.0303472379615743,38.15390148363048],[-3.0307198538128945,38.153967741740786],[-3.030776354549161,38.15397421676141],[-3.030829776612209,38.153986371359935],[-3.030833110095299,38.15404026532411],[-3.030762832862158,38.15437455995007],[-3.0307300277675706,38.15453084641135],[-3.0307183165717615,38.15463097998537],[-3.0307096739908856,38.15470515648008],[-3.0306175417821133,38.15465903170238],[-3.0305461992090166,38.15464589055381],[-3.030412191009503,38.15462645543377],[-3.030343581775193,38.15459952437726],[-3.0302893508584408,38.15456447796163],[-3.0302434431720338,38.154508791108185],[-3.030202648446867,38.15439677367115],[-3.030256321967025,38.15419569012573],[-3.030330613293833,38.15389852733301]],[[-3.0307565975640167,38.1543705106524],[-3.0307489398568235,38.15441902008172],[-3.030684581924055,38.154417303467824],[-3.0306911399254877,38.154360998029915],[-3.0307562295984463,38.15436386967011],[-3.0307565975640167,38.1543705106524]]]},"properties":{"dn_surface":3489.79931640625,"provincia":23,"municipio":48,"agregado":0,"zona":0,"poligono":10,"parcela":26,"recinto":1,"uso_sigpac":"OV","idPanel":"23:48:0:0:10:26:1"},"id":1352381520},{"type":"Feature","geometry":{"type":"Polygon","coordinates":[[[-3.0300624971501526,38.154189670242516],[-3.0301226230597567,38.154095862491175],[-3.03020099050632,38.153988413191655],[-3.030274789815383,38.15387654998162],[-3.030330613293833,38.15389852733301],[-3.030256321967025,38.15419569012573],[-3.030202648446867,38.15439677367115],[-3.0301964718220518,38.154388181381705],[-3.0301467428257607,38.15427664758053],[-3.030110469299433,38.154238420232446],[-3.0300624971501526,38.154189670242516]]]},"properties":{"dn_surface":557.3988996031525,"provincia":23,"municipio":48,"agregado":0,"zona":0,"poligono":10,"parcela":25,"recinto":1,"uso_sigpac":"OV","idPanel":"23:48:0:0:10:25:1"},"id":1318201605},{"type":"Feature","geometry":{"type":"Polygon","coordinates":[[[-3.028790219726575,38.15333468924595],[-3.028819481790481,38.15334734005316],[-3.028875977497606,38.153545435449956],[-3.0288907103696894,38.15359757424355],[-3.02889075814654,38.15360517663018],[-3.028889412851001,38.153766395841785],[-3.028880966406671,38.15386482788935],[-3.0288353646597486,38.153902854909916],[-3.0287154204564044,38.153835720052484],[-3.028790219726575,38.15333468924595]]]},"properties":{"dn_surface":631.5173772117139,"provincia":23,"municipio":48,"agregado":0,"zona":0,"poligono":10,"parcela":183,"recinto":2,"uso_sigpac":"OV","idPanel":"23:48:0:0:10:183:2"},"id":1318201135},{"type":"Feature","geometry":{"type":"Polygon","coordinates":[[[-3.0275106718397535,38.15348268851906],[-3.028094732945844,38.15353492621915],[-3.0282270429716727,38.15357568909309],[-3.028359509739101,38.153604621748144],[-3.028404354600123,38.15363840165816],[-3.0284471668495034,38.15368827398498],[-3.0285572522577495,38.15380249334811],[-3.028669365248493,38.153890966855926],[-3.0288120051324077,38.15394987319854],[-3.0288120897896347,38.15394990840255],[-3.0288139514104397,38.15395297031199],[-3.028819718998355,38.153967092981446],[-3.0289048405828973,38.15415316537565],[-3.0289098303301527,38.15417353759247],[-3.0289571553964705,38.154297585575875],[-3.0289963190031832,38.1543890271158],[-3.0290511500642388,38.15452248294787],[-3.0290661545100006,38.15455968015996],[-3.0284592854058308,38.154378875792275],[-3.027853360104016,38.154185327578205],[-3.027755190410029,38.15415840155086],[-3.0277263105609302,38.15415047646093],[-3.0277207139638485,38.15414119434084],[-3.027757320251752,38.15405800059412],[-3.0272305100623074,38.153897508093564],[-3.0273716135432784,38.153678111764975],[-3.0275106718397535,38.15348268851906]]]},"properties":{"dn_surface":9482.516479492188,"provincia":23,"municipio":48,"agregado":0,"zona":0,"poligono":10,"parcela":182,"recinto":1,"uso_sigpac":"OV","idPanel":"23:48:0:0:10:182:1"},"id":1179156546},{"type":"Feature","geometry":{"type":"Polygon","coordinates":[[[-3.0272305100623074,38.153897508093564],[-3.027757320251752,38.15405800059412],[-3.0277207139638485,38.15414119434084],[-3.0277263105609302,38.15415047646093],[-3.027755190410029,38.15415840155086],[-3.0276454494980243,38.15460337670018],[-3.02743575187017,38.15454132462912],[-3.027215208897156,38.15447386706839],[-3.0271202318702777,38.15443927830472],[-3.0271617776140136,38.15413860936172],[-3.027189680971335,38.15398187446857],[-3.0272305100623074,38.153897508093564]]]},"properties":{"dn_surface":3071.83333209156,"provincia":23,"municipio":48,"agregado":0,"zona":0,"poligono":10,"parcela":181,"recinto":1,"uso_sigpac":"OV","idPanel":"23:48:0:0:10:181:1"},"id":1112035868},{"type":"Feature","geometry":{"type":"Polygon","coordinates":[[[-3.0271617776140136,38.15413860936172],[-3.0271202318702777,38.15443927830472],[-3.02705379690178,38.154423340114846],[-3.026939536467316,38.154403265455585],[-3.026669237675919,38.154355735032624],[-3.0265294015387836,38.154311331059716],[-3.0263658119248333,38.15423322596675],[-3.026348767323719,38.154131566886264],[-3.02637543937939,38.1540355773254],[-3.0263953941774595,38.15398312001946],[-3.0265257436760207,38.15399390836771],[-3.0266456023839474,38.1540287628377],[-3.0267277919785847,38.15405614400245],[-3.0268374918192613,38.154089738672354],[-3.0269415925482868,38.15410819227148],[-3.0270300543214415,38.15411853889336],[-3.0271617776140136,38.15413860936172]]]},"properties":{"dn_surface":2271.98828370209,"provincia":23,"municipio":48,"agregado":0,"zona":0,"poligono":10,"parcela":180,"recinto":1,"uso_sigpac":"OV","idPanel":"23:48:0:0:10:180:1"},"id":1112035869},{"type":"Feature","geometry":{"type":"Polygon","coordinates":[[[-3.0263953941774595,38.15398312001946],[-3.026412942530986,38.153906509419926],[-3.026409501759529,38.153860636099324],[-3.0263826662567355,38.15382585287546],[-3.026433878849976,38.15373256144943],[-3.0264847578434506,38.15366207299229],[-3.0267588947085375,38.1536037047679],[-3.0273124289214572,38.153517969627984],[-3.0275106718397535,38.15348268851906],[-3.0273716135432784,38.153678111764975],[-3.0272305100623074,38.153897508093564],[-3.027189680971335,38.15398187446857],[-3.0271617776140136,38.15413860936172],[-3.0270300543214415,38.15411853889336],[-3.0269415925482868,38.15410819227148],[-3.0268374918192613,38.154089738672354],[-3.0267277919785847,38.15405614400245],[-3.0266456023839474,38.1540287628377],[-3.0265257436760207,38.15399390836771],[-3.0263953941774595,38.15398312001946]]]},"properties":{"dn_surface":4135.422337975889,"provincia":23,"municipio":48,"agregado":0,"zona":0,"poligono":10,"parcela":206,"recinto":1,"uso_sigpac":"OV","idPanel":"23:48:0:0:10:206:1"},"id":1400391008},{"type":"Feature","geometry":{"type":"Polygon","coordinates":[[[-3.0263826662567355,38.15382585287546],[-3.026409501759529,38.153860636099324],[-3.026412942530986,38.153906509419926],[-3.0263953941774595,38.15398312001946],[-3.02637543937939,38.1540355773254],[-3.0262842375619248,38.15401946311562],[-3.0261221508233045,38.153993359352995],[-3.025993051904771,38.15396977183789],[-3.025778199406159,38.153847334018195],[-3.0256961254817916,38.153822114546415],[-3.0255866536288947,38.15378491398158],[-3.0254440782856387,38.15373816642838],[-3.0252273147129904,38.15369368618019],[-3.025106539024802,38.15364143674546],[-3.0249913590955053,38.153600812172954],[-3.0248083762710314,38.15354298625769],[-3.024861529274972,38.153441583663465],[-3.0258266459711876,38.15367653512891],[-3.0263826662567355,38.15382585287546]]]},"properties":{"dn_surface":2755.55312986702,"provincia":23,"municipio":48,"agregado":0,"zona":0,"poligono":10,"parcela":178,"recinto":1,"uso_sigpac":"OV","idPanel":"23:48:0:0:10:178:1"},"id":1112035871},{"type":"Feature","geometry":{"type":"Polygon","coordinates":[[[-3.025993051904771,38.15396977183789],[-3.0261221508233045,38.153993359352995],[-3.0262842375619248,38.15401946311562],[-3.02637543937939,38.1540355773254],[-3.026348767323719,38.154131566886264],[-3.0263658119248333,38.15423322596675],[-3.026216941771921,38.154143941090666],[-3.0261258304790153,38.15406572954748],[-3.025993051904771,38.15396977183789]]]},"properties":{"dn_surface":368.761715312129,"provincia":23,"municipio":48,"agregado":0,"zona":0,"poligono":10,"parcela":179,"recinto":1,"uso_sigpac":"OV","idPanel":"23:48:0:0:10:179:1"},"id":1112035870},{"type":"Feature","geometry":{"type":"Polygon","coordinates":[[[-3.0298102529792637,38.152800373899964],[-3.030042997489452,38.15285033926594],[-3.030375915806795,38.152920799224574],[-3.0303362828134763,38.15302060338976],[-3.0303053217376954,38.15317339292085],[-3.0302143395261076,38.15353856396533],[-3.0301891954914746,38.153692879002875],[-3.0301058793689832,38.153844153923956],[-3.0300361142701577,38.15394195229956],[-3.029993490613609,38.15402599261856],[-3.029945036504867,38.154081006405136],[-3.029927594601518,38.15410392839709],[-3.0298093083387205,38.15409020805896],[-3.0297647073910956,38.15408410770948],[-3.029749112859315,38.15409054920244],[-3.0297009822920544,38.15406297441575],[-3.0296109271190126,38.154062634948644],[-3.0296539447250335,38.15375908011626],[-3.0297090708290972,38.153481209113096],[-3.0297206839566337,38.15341253030897],[-3.0297162046673116,38.153345928540574],[-3.0298102529792637,38.152800373899964]]]},"properties":{"dn_surface":6083.922598347173,"provincia":23,"municipio":48,"agregado":0,"zona":0,"poligono":10,"parcela":17,"recinto":1,"uso_sigpac":"OV","idPanel":"23:48:0:0:10:17:1"},"id":1156719734},{"type":"Feature","geometry":{"type":"Polygon","coordinates":[[[-3.029350028632583,38.15328851250044],[-3.029361641760119,38.153218752430774],[-3.0293969010761024,38.15291997612164],[-3.029247603446102,38.15290423825931],[-3.0292530600653915,38.1528504314669],[-3.0292612584053726,38.152803564052505],[-3.029274103672749,38.15267648349638],[-3.0293319748502654,38.15268638420099],[-3.0298102529792637,38.152800373899964],[-3.0297162046673116,38.153345928540574],[-3.029350028632583,38.15328851250044]]]},"properties":{"dn_surface":2441.24645502405,"provincia":23,"municipio":48,"agregado":0,"zona":0,"poligono":10,"parcela":13,"recinto":2,"uso_sigpac":"OV","idPanel":"23:48:0:0:10:13:2"},"id":1112036072},{"type":"Feature","geometry":{"type":"Polygon","coordinates":[[[-3.028961826631387,38.15323380381517],[-3.029350028632583,38.15328851250044],[-3.0297162046673116,38.153345928540574],[-3.0297206839566337,38.15341253030897],[-3.0297090708290972,38.153481209113096],[-3.0296539447250335,38.15375908011626],[-3.0296109271190126,38.154062634948644],[-3.0292853991261355,38.154049550797026],[-3.029148772419916,38.1540404790627],[-3.0290539797949183,38.15362159510309],[-3.028961826631387,38.15323380381517]]]},"properties":{"dn_surface":4511.35433108819,"provincia":23,"municipio":48,"agregado":0,"zona":0,"poligono":10,"parcela":14,"recinto":1,"uso_sigpac":"OV","idPanel":"23:48:0:0:10:14:1"},"id":1112036071},{"type":"Feature","geometry":{"type":"Polygon","coordinates":[[[-3.028855956482497,38.15279311098044],[-3.0292530600653915,38.1528504314669],[-3.029247603446102,38.15290423825931],[-3.0293969010761024,38.15291997612164],[-3.029361641760119,38.153218752430774],[-3.029350028632583,38.15328851250044],[-3.028961826631387,38.15323380381517],[-3.028958053098354,38.153217672003365],[-3.028855956482497,38.15279311098044]]]},"properties":{"dn_surface":1860.68835558382,"provincia":23,"municipio":48,"agregado":0,"zona":0,"poligono":10,"parcela":12,"recinto":1,"uso_sigpac":"OV","idPanel":"23:48:0:0:10:12:1"},"id":1112036073},{"type":"Feature","geometry":{"type":"Polygon","coordinates":[[[-3.026755510095835,38.15250182557861],[-3.0267039605500674,38.15260773428429],[-3.0265683430250485,38.15284794790881],[-3.0260116580545398,38.15273414093534],[-3.0261951630716126,38.15235692677169],[-3.026755510095835,38.15250182557861]]]},"properties":{"dn_surface":2206.365285685717,"provincia":23,"municipio":48,"agregado":0,"zona":0,"poligono":10,"parcela":175,"recinto":1,"uso_sigpac":"OV","idPanel":"23:48:0:0:10:175:1"},"id":1400391007},{"type":"Feature","geometry":{"type":"Polygon","coordinates":[[[-3.0265683430250485,38.15284794790881],[-3.0266762566820535,38.15294802448588],[-3.026598046815279,38.15319104856272],[-3.0266002847835596,38.153333680064776],[-3.0265283387133985,38.15353819097061],[-3.0264384075925292,38.153461131939224],[-3.026404285700875,38.15334115085548],[-3.0263744570202795,38.153237511969394],[-3.026365979562907,38.15315378680995],[-3.0263601323469063,38.1530849311477],[-3.0263571408454863,38.15302058159682],[-3.0263858815549836,38.15296253523755],[-3.026421480338066,38.15293089355117],[-3.026475797588425,38.15289951840933],[-3.0265432417381244,38.1528705740196],[-3.0265683430250485,38.15284794790881]]]},"properties":{"dn_surface":1312.5870168425056,"provincia":23,"municipio":48,"agregado":0,"zona":0,"poligono":10,"parcela":208,"recinto":2,"uso_sigpac":"OV","idPanel":"23:48:0:0:10:208:2"},"id":1400391000},{"type":"Feature","geometry":{"type":"Polygon","coordinates":[[[-3.0265683430250485,38.15284794790881],[-3.0265432417381244,38.1528705740196],[-3.026475797588425,38.15289951840933],[-3.026421480338066,38.15293089355117],[-3.0263858815549836,38.15296253523755],[-3.0263571408454863,38.15302058159682],[-3.0263601323469063,38.1530849311477],[-3.026365979562907,38.15315378680995],[-3.0263744570202795,38.153237511969394],[-3.026404285700875,38.15334115085548],[-3.0264384075925292,38.153461131939224],[-3.0264448574674048,38.153483811694144],[-3.0259043713639304,38.153359907041335],[-3.025733723348899,38.15332443147224],[-3.025958737229331,38.15283779658529],[-3.0260116580545398,38.15273414093534],[-3.0265683430250485,38.15284794790881]]]},"properties":{"dn_surface":3401.334459647517,"provincia":23,"municipio":48,"agregado":0,"zona":0,"poligono":10,"parcela":176,"recinto":2,"uso_sigpac":"OV","idPanel":"23:48:0:0:10:176:2"},"id":1400391009},{"type":"Feature","geometry":{"type":"Polygon","coordinates":[[[-3.0264847578434506,38.15366207299229],[-3.026433878849976,38.15373256144943],[-3.0263826662567355,38.15382585287546],[-3.0258266459711876,38.15367653512891],[-3.0259043713639304,38.153359907041335],[-3.0264448574674048,38.153483811694144],[-3.0264847578434506,38.15366207299229]]]},"properties":{"dn_surface":1962.8506660897233,"provincia":23,"municipio":48,"agregado":0,"zona":0,"poligono":10,"parcela":177,"recinto":2,"uso_sigpac":"OV","idPanel":"23:48:0:0:10:177:2"},"id":1400391010},{"type":"Feature","geometry":{"type":"Polygon","coordinates":[[[-3.0287383994453183,38.15280215002534],[-3.0288604994742867,38.153299888420094],[-3.0287916857215276,38.15332486900763],[-3.0287902188883855,38.15333468924595],[-3.0287154204564044,38.153835720052484],[-3.028648737383558,38.15377048369618],[-3.0285822781075407,38.15369389153685],[-3.028525642422625,38.15363568256862],[-3.0285131911047216,38.15360918820926],[-3.0284630731881004,38.15357981801881],[-3.028388710615111,38.15343320008341],[-3.028290124340512,38.153217549627584],[-3.028216106263763,38.153074446224394],[-3.0283561402138255,38.152759785369625],[-3.0287383994453183,38.15280215002534]]]},"properties":{"dn_surface":4013.08395853313,"provincia":23,"municipio":48,"agregado":0,"zona":0,"poligono":10,"parcela":184,"recinto":1,"uso_sigpac":"OV","idPanel":"23:48:0:0:10:184:1"},"id":1112035862},{"type":"Feature","geometry":{"type":"Polygon","coordinates":[[[-3.0274980797058686,38.15250608610026],[-3.027589772702889,38.15261421768676],[-3.0278541169899174,38.15291797536122],[-3.028275950541404,38.153452061043055],[-3.028326780919836,38.15355028689581],[-3.028094732945844,38.15353492621915],[-3.0275106718397535,38.15348268851906],[-3.0273124289214572,38.153517969627984],[-3.027335408748561,38.153322211105944],[-3.0273597053727324,38.15299000189768],[-3.027381787497955,38.15283434994649],[-3.027410976639299,38.152755573463054],[-3.0274509943619967,38.15264263653114],[-3.0274980797058686,38.15250608610026]]]},"properties":{"dn_surface":5322.11874099593,"provincia":23,"municipio":48,"agregado":0,"zona":0,"poligono":10,"parcela":205,"recinto":1,"uso_sigpac":"OV","idPanel":"23:48:0:0:10:205:1"},"id":1112035838},{"type":"Feature","geometry":{"type":"Polygon","coordinates":[[[-3.0274980797058686,38.15250608610026],[-3.0274509943619967,38.15264263653114],[-3.027410976639299,38.152755573463054],[-3.027381787497955,38.15283434994649],[-3.0273597053727324,38.15299000189768],[-3.027335408748561,38.153322211105944],[-3.0273124289214572,38.153517969627984],[-3.0267588947085375,38.1536037047679],[-3.0268193190139123,38.15342217871827],[-3.0270337758866717,38.15280801568153],[-3.0272289736593643,38.15227911504533],[-3.027302149354795,38.15231749410586],[-3.027392005876721,38.152400480819495],[-3.0274980797058686,38.15250608610026]]]},"properties":{"dn_surface":4707.4123992709165,"provincia":23,"municipio":48,"agregado":0,"zona":0,"poligono":10,"parcela":207,"recinto":1,"uso_sigpac":"OV","idPanel":"23:48:0:0:10:207:1"},"id":1400391006},{"type":"Feature","geometry":{"type":"Polygon","coordinates":[[[-3.027024568365488,38.15200923115816],[-3.0270841871699203,38.15211421533982],[-3.0271146981374737,38.152210282852394],[-3.027166189009916,38.15225344295075],[-3.0272289736593643,38.15227911504533],[-3.0270337758866717,38.15280801568153],[-3.0268193190139123,38.15342217871827],[-3.0267588947085375,38.1536037047679],[-3.0264847578434506,38.15366207299229],[-3.0264448574674048,38.153483811694144],[-3.0264384075925292,38.153461131939224],[-3.0265283387133985,38.15353819097061],[-3.0266002847835596,38.153333680064776],[-3.026598046815279,38.15319104856272],[-3.0266762566820535,38.15294802448588],[-3.0265683430250485,38.15284794790881],[-3.0267039605500674,38.15260773428429],[-3.026755510095835,38.15250182557861],[-3.026868879533939,38.152287662072496],[-3.026962518808992,38.15211469143196],[-3.0269979533067612,38.15205446661588],[-3.027024568365488,38.15200923115816]]]},"properties":{"dn_surface":4884.292248792019,"provincia":23,"municipio":48,"agregado":0,"zona":0,"poligono":10,"parcela":208,"recinto":1,"uso_sigpac":"OV","idPanel":"23:48:0:0:10:208:1"},"id":1400390999},{"type":"Feature","geometry":{"type":"Polygon","coordinates":[[[-3.026962518808992,38.15211469143196],[-3.026868879533939,38.152287662072496],[-3.026755510095835,38.15250182557861],[-3.0261951630716126,38.15235692677169],[-3.026350036343934,38.15202757495433],[-3.02669325853546,38.15207328901877],[-3.026962518808992,38.15211469143196]]]},"properties":{"dn_surface":2253.3949663695576,"provincia":23,"municipio":48,"agregado":0,"zona":0,"poligono":10,"parcela":209,"recinto":1,"uso_sigpac":"OV","idPanel":"23:48:0:0:10:209:1"},"id":1400391005},{"type":"Feature","geometry":{"type":"Polygon","coordinates":[[[-3.0259043713639304,38.153359907041335],[-3.0258266459711876,38.15367653512891],[-3.024861529274972,38.153441583663465],[-3.025020076335673,38.15315017672407],[-3.0252930020156796,38.15321907010488],[-3.0253225306241234,38.15312767634185],[-3.025382484704702,38.152898023915924],[-3.025446548432651,38.1526752203435],[-3.024640811120171,38.15253072219153],[-3.0246525533290236,38.152489532678715],[-3.024751944266375,38.1524301209073],[-3.024820867822073,38.1523881091297],[-3.024944023970903,38.1523034368152],[-3.0250075470660653,38.15226328833484],[-3.0250837679070988,38.15219733364938],[-3.025135201782596,38.1521501116805],[-3.02558346682912,38.15223673027302],[-3.0261951630716126,38.15235692677169],[-3.0260116580545398,38.15273414093534],[-3.025958737229331,38.15283779658529],[-3.025733723348899,38.15332443147224],[-3.0259043713639304,38.153359907041335]]]},"properties":{"dn_surface":11224.8906362739,"provincia":23,"municipio":48,"agregado":0,"zona":0,"poligono":10,"parcela":174,"recinto":1,"uso_sigpac":"OV","idPanel":"23:48:0:0:10:174:1"},"id":1112035876},{"type":"Feature","geometry":{"type":"Polygon","coordinates":[[[-3.024640811120171,38.15253072219153],[-3.025446548432651,38.1526752203435],[-3.025382484704702,38.152898023915924],[-3.0253225306241234,38.15312767634185],[-3.0252930020156796,38.15321907010488],[-3.025020076335673,38.15315017672407],[-3.024905675085227,38.15311699612019],[-3.0246579118800407,38.153045137221824],[-3.024556748170063,38.15301579636804],[-3.024640811120171,38.15253072219153]]]},"properties":{"dn_surface":4083.13327483127,"provincia":23,"municipio":48,"agregado":0,"zona":0,"poligono":10,"parcela":173,"recinto":1,"uso_sigpac":"OV","idPanel":"23:48:0:0:10:173:1"},"id":1112035877},{"type":"Feature","geometry":{"type":"Polygon","coordinates":[[[-3.025020076335673,38.15315017672407],[-3.024861529274972,38.153441583663465],[-3.0248083762710314,38.15354298625769],[-3.0247508437224226,38.153521547024496],[-3.0246515307367763,38.15348344205222],[-3.024364561177168,38.153402382338186],[-3.0245058683383985,38.15308844735628],[-3.024556748170063,38.15301579636804],[-3.0246579118800407,38.153045137221824],[-3.024905675085227,38.15311699612019],[-3.025020076335673,38.15315017672407]]]},"properties":{"dn_surface":1992.13339422448,"provincia":23,"municipio":48,"agregado":0,"zona":0,"poligono":10,"parcela":172,"recinto":2,"uso_sigpac":"OV","idPanel":"23:48:0:0:10:172:2"},"id":1112035878},{"type":"Feature","geometry":{"type":"Polygon","coordinates":[[[-3.024394035303237,38.15248840866542],[-3.024245504617423,38.15279833374461],[-3.024054380449914,38.153197132986605],[-3.023989656227955,38.153171008269254],[-3.0239234492472375,38.153148217873195],[-3.023787954936204,38.15310840718351],[-3.0241904908308674,38.15237218435095],[-3.0243123025223495,38.15245588855552],[-3.024394035303237,38.15248840866542]]]},"properties":{"dn_surface":1997.95362539852,"provincia":23,"municipio":48,"agregado":0,"zona":0,"poligono":10,"parcela":170,"recinto":1,"uso_sigpac":"OV","idPanel":"23:48:0:0:10:170:1"},"id":1112035880},{"type":"Feature","geometry":{"type":"Polygon","coordinates":[[[-3.0348742488137925,38.14533250676587],[-3.03467820782159,38.14491266643108],[-3.0351485910355205,38.14484304801559],[-3.03516541686895,38.14494416562508],[-3.035180511001081,38.14500688908663],[-3.0353087834639125,38.14522558804083],[-3.0353225775627837,38.145249106824366],[-3.035224143000641,38.14527952559095],[-3.0351987743309894,38.14524418413231],[-3.0350728018625253,38.145283425690764],[-3.0348742488137925,38.14533250676587]]]},"properties":{"dn_surface":1871.56342371917,"provincia":23,"municipio":48,"agregado":0,"zona":0,"poligono":12,"parcela":157,"recinto":1,"uso_sigpac":"OV","idPanel":"23:48:0:0:12:157:1"},"id":1112036604},{"type":"Feature","geometry":{"type":"Polygon","coordinates":[[[-3.03467820782159,38.14491266643108],[-3.0348742488137925,38.14533250676587],[-3.0349828573306117,38.14548983761236],[-3.0352058964345394,38.14579998984112],[-3.035090532941552,38.14583517120542],[-3.034935238897665,38.14589740097284],[-3.03481976476355,38.14593952171518],[-3.0347042671601034,38.145699728024],[-3.0345630656108593,38.145406856766016],[-3.0342922597142907,38.14495765126989],[-3.0343711141494585,38.14494654440935],[-3.034415478727399,38.14494045327996],[-3.0344934471953473,38.144929747912556],[-3.03467820782159,38.14491266643108]]]},"properties":{"dn_surface":3601.36885482012,"provincia":23,"municipio":48,"agregado":0,"zona":0,"poligono":12,"parcela":158,"recinto":1,"uso_sigpac":"OV","idPanel":"23:48:0:0:12:158:1"},"id":1400390973},{"type":"Feature","geometry":{"type":"Polygon","coordinates":[[[-3.03481976476355,38.14593952171518],[-3.0346510060296055,38.14600698179049],[-3.0344727673626104,38.14606029488877],[-3.034311105586505,38.14569947405232],[-3.0342759258986067,38.14563945962203],[-3.0342189121898357,38.14550410528878],[-3.0345630656108593,38.145406856766016],[-3.0347042671601034,38.145699728024],[-3.03481976476355,38.14593952171518]]]},"properties":{"dn_surface":2112.91294814939,"provincia":23,"municipio":48,"agregado":0,"zona":0,"poligono":12,"parcela":159,"recinto":1,"uso_sigpac":"OV","idPanel":"23:48:0:0:12:159:1"},"id":1112036602},{"type":"Feature","geometry":{"type":"Polygon","coordinates":[[[-3.0345630656108593,38.145406856766016],[-3.0342189121898357,38.14550410528878],[-3.0341082308282394,38.14530657902324],[-3.033903693938475,38.1450139039018],[-3.0342139760867637,38.144968577919514],[-3.0342922597142907,38.14495765126989],[-3.0345630656108593,38.145406856766016]]]},"properties":{"dn_surface":1853.500242536299,"provincia":23,"municipio":48,"agregado":0,"zona":0,"poligono":12,"parcela":160,"recinto":3,"uso_sigpac":"OV","idPanel":"23:48:0:0:12:160:3"},"id":1400390974},{"type":"Feature","geometry":{"type":"Polygon","coordinates":[[[-3.035774942198392,38.14560470824938],[-3.035773618695802,38.145661996046414],[-3.0357727075828733,38.14570141446302],[-3.035774454371599,38.14572715277464],[-3.0357829418872555,38.145852190660804],[-3.0357723086042587,38.14604317149781],[-3.035224143000641,38.14527952559095],[-3.0353225775627837,38.145249106824366],[-3.0353087834639125,38.14522558804083],[-3.035180511001081,38.14500688908663],[-3.03516541686895,38.14494416562508],[-3.0351485910355205,38.14484304801559],[-3.035347305854994,38.14479211118697],[-3.035448401671553,38.1447588090455],[-3.0355347570723152,38.14473715691193],[-3.0356168938609596,38.144703860637776],[-3.035705337193926,38.14464228214425],[-3.0357516480498994,38.144577389446056],[-3.03586336541479,38.14472873896608],[-3.036014028456899,38.14493285005514],[-3.036093747904524,38.145033768175324],[-3.036067991152733,38.145037049690615],[-3.0360173585872263,38.145079118465134],[-3.035919997746944,38.1451786384838],[-3.0358226218192352,38.145249438747726],[-3.0357109606130988,38.14532332103764],[-3.0357460967150987,38.14545767708614],[-3.035774942198392,38.14560470824938]]]},"properties":{"dn_surface":5955.24974076793,"provincia":23,"municipio":48,"agregado":0,"zona":0,"poligono":12,"parcela":156,"recinto":1,"uso_sigpac":"OV","idPanel":"23:48:0:0:12:156:1"},"id":1112036606},{"type":"Feature","geometry":{"type":"Polygon","coordinates":[[[-3.031839781755344,38.148372083432804],[-3.0320811386715554,38.14856660562407],[-3.032190865334324,38.14867535998599],[-3.0318427841532394,38.14896204791364],[-3.031719140177616,38.14887150239926],[-3.0311551646272936,38.148477879820945],[-3.0311249160133245,38.14846833367085],[-3.0313664556550353,38.148303975436335],[-3.031577631012507,38.14812907863433],[-3.031614736861868,38.14815935155582],[-3.0318030086675587,38.148322253015465],[-3.0318105163386773,38.148332427808356],[-3.031839781755344,38.148372083432804]]]},"properties":{"dn_surface":3978.97217639939,"provincia":23,"municipio":48,"agregado":0,"zona":0,"poligono":12,"parcela":223,"recinto":1,"uso_sigpac":"OV","idPanel":"23:48:0:0:12:223:1"},"id":1112036534},{"type":"Feature","geometry":{"type":"Polygon","coordinates":[[[-3.0311551646272936,38.148477879820945],[-3.031719140177616,38.14887150239926],[-3.0318427841532394,38.14896204791364],[-3.03190780844735,38.1490096671848],[-3.0320124372363044,38.149086289519005],[-3.031698308632422,38.14924958576631],[-3.0316158130982997,38.14929674235637],[-3.0315949128214963,38.14930867902541],[-3.0314882472299485,38.149369596186716],[-3.031477883844249,38.149363423752845],[-3.0307208613177155,38.14891257288903],[-3.031017243755146,38.148619411617204],[-3.031143642862507,38.14848968908504],[-3.0311551646272936,38.148477879820945]]]},"properties":{"dn_surface":5320.944702594687,"provincia":23,"municipio":48,"agregado":0,"zona":0,"poligono":12,"parcela":101,"recinto":1,"uso_sigpac":"OV","idPanel":"23:48:0:0:12:101:1"},"id":1204495213},{"type":"Feature","geometry":{"type":"Polygon","coordinates":[[[-3.031143642862507,38.14848968908504],[-3.031017243755146,38.148619411617204],[-3.0307208613177155,38.14891257288903],[-3.0305944898706367,38.1488432964552],[-3.0300998427219596,38.14855807368431],[-3.030242556366625,38.14841131493296],[-3.0306061407167397,38.14807244546401],[-3.030721001295506,38.148180929090415],[-3.0309826725934546,38.14838049551133],[-3.031143642862507,38.14848968908504]]]},"properties":{"dn_surface":4272.761898966564,"provincia":23,"municipio":48,"agregado":0,"zona":0,"poligono":12,"parcela":100,"recinto":2,"uso_sigpac":"OV","idPanel":"23:48:0:0:12:100:2"},"id":1204495214},{"type":"Feature","geometry":{"type":"Polygon","coordinates":[[[-3.0305944898706367,38.1488432964552],[-3.0300460124602027,38.14945763467375],[-3.0298643455946057,38.14925813782261],[-3.0297256049722794,38.149086660837355],[-3.0295124296925917,38.148862566451754],[-3.02944249108836,38.14891818960271],[-3.0294703047593114,38.14883643921982],[-3.0298255331896566,38.14842511238456],[-3.029908756273017,38.14847952854137],[-3.030069495201527,38.148583406311786],[-3.0300998427219596,38.14855807368431],[-3.0305944898706367,38.1488432964552]]]},"properties":{"dn_surface":5589.344321517552,"provincia":23,"municipio":48,"agregado":0,"zona":0,"poligono":12,"parcela":60,"recinto":1,"uso_sigpac":"OV","idPanel":"23:48:0:0:12:60:1"},"id":1204495216},{"type":"Feature","geometry":{"type":"Polygon","coordinates":[[[-3.029584199742776,38.148271412578765],[-3.029623240135505,38.14829294401292],[-3.029766968828706,38.14838691185858],[-3.0298255331896566,38.14842511238456],[-3.0294703047593114,38.14883643921982],[-3.029477120923377,38.14876001050757],[-3.0294853008231697,38.14866898135733],[-3.029511938513036,38.14850467592879],[-3.029584199742776,38.148271412578765]]]},"properties":{"dn_surface":830.834636821808,"provincia":23,"municipio":48,"agregado":0,"zona":0,"poligono":12,"parcela":61,"recinto":1,"uso_sigpac":"OV","idPanel":"23:48:0:0:12:61:1"},"id":1112036751},{"type":"Feature","geometry":{"type":"Polygon","coordinates":[[[-3.033679074007515,38.14737580784788],[-3.033830418498392,38.147397578166306],[-3.033752845656296,38.14771141759451],[-3.0336081974682623,38.14833512845772],[-3.033522745636716,38.148643652082626],[-3.033459765688912,38.1489273862274],[-3.0333586195809317,38.14886982182756],[-3.033295248198226,38.14880846293994],[-3.033268285290496,38.14874790536226],[-3.033259448249456,38.14864363112784],[-3.033309501625419,38.148293478778356],[-3.033337876045726,38.147955768526714],[-3.0333663770327792,38.14764599851273],[-3.03337644705185,38.14747781813011],[-3.033424907027924,38.14744806237212],[-3.0335244371048775,38.14740979143812],[-3.033679074007515,38.14737580784788]]]},"properties":{"dn_surface":4705.1818762093,"provincia":23,"municipio":48,"agregado":0,"zona":0,"poligono":21,"parcela":778,"recinto":1,"uso_sigpac":"OV","idPanel":"23:48:0:0:21:778:1"},"id":1112040336},{"type":"Feature","geometry":{"type":"Polygon","coordinates":[[[-3.034288965626148,38.147596273707364],[-3.0342516871095713,38.147682894814466],[-3.0342105403444495,38.147794120999805],[-3.034065698534441,38.14776649173078],[-3.0338569396797985,38.14773022658633],[-3.033752845656296,38.14771141759451],[-3.033830418498392,38.147397578166306],[-3.0339608736089385,38.147412774557665],[-3.034055504463196,38.147452405036375],[-3.0341833603454145,38.147519784645425],[-3.034288965626148,38.147596273707364]]]},"properties":{"dn_surface":1367.12748668668,"provincia":23,"municipio":48,"agregado":0,"zona":0,"poligono":21,"parcela":777,"recinto":1,"uso_sigpac":"OV","idPanel":"23:48:0:0:21:777:1"},"id":1112040337},{"type":"Feature","geometry":{"type":"Polygon","coordinates":[[[-3.034556036546441,38.14809018157217],[-3.0345289076770197,38.14815949656273],[-3.03448571153645,38.14828027644188],[-3.03442630395599,38.14839204912735],[-3.0344135785498363,38.14850921640601],[-3.0336081974682623,38.14833512845772],[-3.033752845656296,38.14771141759451],[-3.0338569396797985,38.14773022658633],[-3.034065698534441,38.14776649173078],[-3.0342105403444495,38.147794120999805],[-3.0342516871095713,38.147682894814466],[-3.034288965626148,38.147596273707364],[-3.0343380668178535,38.14764997488783],[-3.0343949472543565,38.147742248750774],[-3.0344493449709917,38.14789283467934],[-3.034493800073493,38.14801440245745],[-3.034556036546441,38.14809018157217]]]},"properties":{"dn_surface":5418.66749365036,"provincia":23,"municipio":48,"agregado":0,"zona":0,"poligono":21,"parcela":786,"recinto":1,"uso_sigpac":"OV","idPanel":"23:48:0:0:21:786:1"},"id":1112040327},{"type":"Feature","geometry":{"type":"Polygon","coordinates":[[[-3.0336081974682623,38.14833512845772],[-3.0344135785498363,38.14850921640601],[-3.0344154695073047,38.14864449530211],[-3.034397631139912,38.14880979147165],[-3.0343605127176945,38.14880274312887],[-3.033522745636716,38.148643652082626],[-3.0336081974682623,38.14833512845772]]]},"properties":{"dn_surface":2584.5540203985584,"provincia":23,"municipio":48,"agregado":0,"zona":0,"poligono":21,"parcela":780,"recinto":1,"uso_sigpac":"OV","idPanel":"23:48:0:0:21:780:1"},"id":1156720501},{"type":"Feature","geometry":{"type":"Polygon","coordinates":[[[-3.033522745636716,38.148643652082626],[-3.0343605127176945,38.14880274312887],[-3.0343136637435055,38.149084880521],[-3.034270089579081,38.14927896014774],[-3.034244526449265,38.14937424227591],[-3.0341513397970097,38.14928806624792],[-3.034081316535551,38.14916100748468],[-3.0336124093748578,38.149037209282056],[-3.033459765688912,38.1489273862274],[-3.033522745636716,38.148643652082626]]]},"properties":{"dn_surface":3396.797268520997,"provincia":23,"municipio":48,"agregado":0,"zona":0,"poligono":21,"parcela":779,"recinto":1,"uso_sigpac":"OV","idPanel":"23:48:0:0:21:779:1"},"id":1156720503},{"type":"Feature","geometry":{"type":"Polygon","coordinates":[[[-3.034274442301657,38.14679429064955],[-3.0344876695491467,38.14687657328329],[-3.035325280726718,38.147199794576295],[-3.0352427131082247,38.14732256934852],[-3.035193225510759,38.14741135717773],[-3.035176344356766,38.14743001780988],[-3.034425417988772,38.14726754634188],[-3.0344596278904157,38.14720940610522],[-3.0344790043371326,38.147156857436556],[-3.0342134010881723,38.147097085243274],[-3.0339838676852806,38.14704838889753],[-3.034011238791718,38.14693246716976],[-3.03401277268009,38.14692597203262],[-3.0340159167321574,38.14691265737861],[-3.034049780461179,38.14690136443983],[-3.034198168654631,38.14682332724024],[-3.034274442301657,38.14679429064955]]]},"properties":{"dn_surface":3785.16997180147,"provincia":23,"municipio":48,"agregado":0,"zona":0,"poligono":21,"parcela":775,"recinto":1,"uso_sigpac":"OV","idPanel":"23:48:0:0:21:775:1"},"id":1112040341},{"type":"Feature","geometry":{"type":"Polygon","coordinates":[[[-3.035176344356766,38.14743001780988],[-3.0351546712684434,38.14745417780901],[-3.0350351000598135,38.147524058578114],[-3.0349488477564655,38.147582213902155],[-3.034873886715554,38.147625314489034],[-3.0348251736059884,38.1476658845792],[-3.0347535359898834,38.1477365633055],[-3.0346561609003637,38.147923240873126],[-3.0345876220740453,38.14803195164916],[-3.034548253948883,38.14794837568766],[-3.0345113534561605,38.14786259612367],[-3.0344904791632583,38.14778606766677],[-3.03445822308336,38.14769532014847],[-3.034408365005753,38.14764004233194],[-3.0343710177575653,38.14758471506221],[-3.0343111885673513,38.147530114503525],[-3.0343150677123703,38.147521198672564],[-3.034425417988772,38.14726754634188],[-3.035176344356766,38.14743001780988]]]},"properties":{"dn_surface":2781.139305333,"provincia":23,"municipio":48,"agregado":0,"zona":0,"poligono":21,"parcela":787,"recinto":1,"uso_sigpac":"OV","idPanel":"23:48:0:0:21:787:1"},"id":1112040326},{"type":"Feature","geometry":{"type":"Polygon","coordinates":[[[-3.034654785429972,38.14650339584446],[-3.0343884772629126,38.14663523229271],[-3.0341610804072667,38.14675416982945],[-3.034109085782413,38.146615479498536],[-3.0344003058053732,38.14655033031406],[-3.034654785429972,38.14650339584446]]]},"properties":{"dn_surface":402.141013281773,"provincia":23,"municipio":48,"agregado":0,"zona":0,"poligono":12,"parcela":150,"recinto":1,"uso_sigpac":"OV","idPanel":"23:48:0:0:12:150:1"},"id":1112036612},{"type":"Feature","geometry":{"type":"Polygon","coordinates":[[[-3.034011238791718,38.14693246716976],[-3.0339838676852806,38.14704838889753],[-3.0342134010881723,38.147097085243274],[-3.0344790043371326,38.147156857436556],[-3.0344596278904157,38.14720940610522],[-3.034425417988772,38.14726754634188],[-3.0343150677123703,38.147521198672564],[-3.0343111885673513,38.147530114503525],[-3.034226937862601,38.147480478546356],[-3.034135156855592,38.14743327669402],[-3.0339818526756375,38.14737013916641],[-3.033846599763429,38.147346472861386],[-3.0336841886451356,38.147330563170044],[-3.033542029044302,38.14733664005021],[-3.0334932564232204,38.14733872546785],[-3.0334264157705846,38.14735707513137],[-3.0334503217980457,38.14730021229687],[-3.033549248377934,38.147223454175816],[-3.034011238791718,38.14693246716976]]]},"properties":{"dn_surface":2658.82329625808,"provincia":23,"municipio":48,"agregado":0,"zona":0,"poligono":21,"parcela":776,"recinto":1,"uso_sigpac":"OV","idPanel":"23:48:0:0:21:776:1"},"id":1112040339},{"type":"Feature","geometry":{"type":"Polygon","coordinates":[[[-3.0341610804072667,38.14675416982945],[-3.03369145994657,38.14701953670871],[-3.033413405379707,38.147177240549894],[-3.0333840905098075,38.14720978329092],[-3.033339955596027,38.1472802734244],[-3.033290000288337,38.14734986417966],[-3.03327781551497,38.14740754760254],[-3.0332879182234658,38.14753345133937],[-3.0323273881049384,38.14797090037737],[-3.0322381317273157,38.14780694698882],[-3.0322199019250213,38.147773461283634],[-3.0321968483371644,38.14773098514863],[-3.0321109338245353,38.147572688706845],[-3.032069580864583,38.14746810350377],[-3.032049004967451,38.14741606445483],[-3.0320342670662264,38.147359015542065],[-3.032010591541117,38.14726736529275],[-3.0332296598019997,38.14693160467189],[-3.033076949899015,38.14642432431796],[-3.0331623028240973,38.146395191335415],[-3.0336364469982056,38.14628826758124],[-3.0339915673019924,38.146203995921724],[-3.034109085782413,38.146615479498536],[-3.0341610804072667,38.14675416982945]]]},"properties":{"dn_surface":14438.5621192044,"provincia":23,"municipio":48,"agregado":0,"zona":0,"poligono":12,"parcela":111,"recinto":1,"uso_sigpac":"OV","idPanel":"23:48:0:0:12:111:1"},"id":1112036675},{"type":"Feature","geometry":{"type":"Polygon","coordinates":[[[-3.033076949899015,38.14642432431796],[-3.0332296598019997,38.14693160467189],[-3.032010591541117,38.14726736529275],[-3.0319857785916793,38.14716318661203],[-3.0319261094958248,38.14695275724398],[-3.0318490764483252,38.14670114339222],[-3.031912172066401,38.146687028266484],[-3.032794859445534,38.14648955899787],[-3.033076949899015,38.14642432431796]]]},"properties":{"dn_surface":6823.24785539032,"provincia":23,"municipio":48,"agregado":0,"zona":0,"poligono":12,"parcela":112,"recinto":1,"uso_sigpac":"OV","idPanel":"23:48:0:0:12:112:1"},"id":1112036674},{"type":"Feature","geometry":{"type":"Polygon","coordinates":[[[-3.0357723086042587,38.14604317149781],[-3.035770939001199,38.14626947870596],[-3.0350728018625253,38.145283425690764],[-3.0351987743309894,38.14524418413231],[-3.035224143000641,38.14527952559095],[-3.0357723086042587,38.14604317149781]]]},"properties":{"dn_surface":1373.27689874367,"provincia":23,"municipio":48,"agregado":0,"zona":0,"poligono":12,"parcela":155,"recinto":1,"uso_sigpac":"OV","idPanel":"23:48:0:0:12:155:1"},"id":1112036607},{"type":"Feature","geometry":{"type":"Polygon","coordinates":[[[-3.035770939001199,38.14626947870596],[-3.0357503270618813,38.14635888931059],[-3.035721503371537,38.14646037991483],[-3.035676776695357,38.14648139167093],[-3.0352058964345394,38.14579998984112],[-3.0349828573306117,38.14548983761236],[-3.0348742488137925,38.14533250676587],[-3.0350728018625253,38.145283425690764],[-3.035770939001199,38.14626947870596]]]},"properties":{"dn_surface":2488.05303629165,"provincia":23,"municipio":48,"agregado":0,"zona":0,"poligono":12,"parcela":154,"recinto":1,"uso_sigpac":"OV","idPanel":"23:48:0:0:12:154:1"},"id":1112036608},{"type":"Feature","geometry":{"type":"Polygon","coordinates":[[[-3.035676776695357,38.14648139167093],[-3.0356189231198387,38.146499162983105],[-3.035553880385541,38.14651693597162],[-3.035476606777406,38.146498121112444],[-3.035432890958809,38.14648587598941],[-3.035335183945905,38.146455891405395],[-3.0353188258227,38.146379289187735],[-3.0351849710120242,38.1461803279403],[-3.035073396977686,38.14603210151762],[-3.034935238897665,38.14589740097284],[-3.035090532941552,38.14583517120542],[-3.0352058964345394,38.14579998984112],[-3.035676776695357,38.14648139167093]]]},"properties":{"dn_surface":1895.53854051888,"provincia":23,"municipio":48,"agregado":0,"zona":0,"poligono":12,"parcela":153,"recinto":1,"uso_sigpac":"OV","idPanel":"23:48:0:0:12:153:1"},"id":1112036609},{"type":"Feature","geometry":{"type":"Polygon","coordinates":[[[-3.0356393481427038,38.14662573978683],[-3.035575027928503,38.14681380539767],[-3.0355279199534904,38.14686816455756],[-3.035518341113975,38.146883127932],[-3.034742870855651,38.14657129094056],[-3.0348754407204948,38.146531286628914],[-3.035003154948542,38.14651602402057],[-3.0351453355041342,38.14651598127284],[-3.0353670653547087,38.146567298639866],[-3.035555070615862,38.146615083034476],[-3.0356056336115675,38.146624892376366],[-3.0356393481427038,38.14662573978683]]]},"properties":{"dn_surface":1567.46660381775,"provincia":23,"municipio":48,"agregado":0,"zona":0,"poligono":21,"parcela":773,"recinto":1,"uso_sigpac":"OV","idPanel":"23:48:0:0:21:773:1"},"id":1112040347},{"type":"Feature","geometry":{"type":"Polygon","coordinates":[[[-3.035518341113975,38.146883127932],[-3.035458356858543,38.14697660543632],[-3.035335088392203,38.147185282148286],[-3.035325280726718,38.147199794576295],[-3.0344876695491467,38.14687657328329],[-3.034274442301657,38.14679429064955],[-3.0342738874196344,38.14679407607284],[-3.034467225247903,38.14669308503005],[-3.0346259768270536,38.14662364598726],[-3.034742870855651,38.14657129094056],[-3.035518341113975,38.146883127932]]]},"properties":{"dn_surface":3566.47969854869,"provincia":23,"municipio":48,"agregado":0,"zona":0,"poligono":21,"parcela":774,"recinto":1,"uso_sigpac":"OV","idPanel":"23:48:0:0:21:774:1"},"id":1112040343},{"type":"Feature","geometry":{"type":"Polygon","coordinates":[[[-3.0344727673626104,38.14606029488877],[-3.0346510060296055,38.14600698179049],[-3.03481976476355,38.14593952171518],[-3.034935238897665,38.14589740097284],[-3.035073396977686,38.14603210151762],[-3.0351849710120242,38.1461803279403],[-3.0353188258227,38.146379289187735],[-3.035335183945905,38.146455891405395],[-3.0351619274824513,38.14643106504491],[-3.0350070542101295,38.14642290609987],[-3.034841007022024,38.14643629032366],[-3.0347306626129544,38.14646975758862],[-3.034654785429972,38.14650339584446],[-3.0344727673626104,38.14606029488877]]]},"properties":{"dn_surface":3005.85859379576,"provincia":23,"municipio":48,"agregado":0,"zona":0,"poligono":12,"parcela":152,"recinto":1,"uso_sigpac":"OV","idPanel":"23:48:0:0:12:152:1"},"id":1112036610},{"type":"Feature","geometry":{"type":"Polygon","coordinates":[[[-3.026398912900622,38.14811843696941],[-3.026412354121348,38.14813640609452],[-3.026508533113213,38.148264981982265],[-3.026540688610267,38.148337278415994],[-3.026606334003438,38.148396836870745],[-3.026558415498341,38.14843230489612],[-3.0264837922481473,38.1484875324212],[-3.0263737948498903,38.148550736165845],[-3.0262101826048,38.148654700269844],[-3.0261660812186353,38.14869085644952],[-3.026156431132938,38.148698772319335],[-3.026126052599463,38.14867097876498],[-3.0261256058439976,38.14867056972804],[-3.026053232296748,38.148624981392175],[-3.02592742998093,38.148536955477994],[-3.02584957634506,38.14847376262986],[-3.0258390813634737,38.14846522985192],[-3.0258605717262963,38.14845327390452],[-3.0262099847918735,38.14822485529481],[-3.026237337458124,38.148206974179715],[-3.026398912900622,38.14811843696941]]]},"properties":{"dn_surface":2102.7518310546875,"provincia":23,"municipio":48,"agregado":0,"zona":0,"poligono":10,"parcela":264,"recinto":3,"uso_sigpac":"OV","idPanel":"23:48:0:0:10:264:3"},"id":1367426410},{"type":"Feature","geometry":{"type":"Polygon","coordinates":[[[-3.0276966738259303,38.14870939386765],[-3.027721169939409,38.1486035807157],[-3.0276428008164644,38.148409375360444],[-3.0275963097495624,38.148305380243386],[-3.027590936111119,38.14828113726338],[-3.0279676264058124,38.148152537068114],[-3.028167952227172,38.148227297781546],[-3.028293099916315,38.14830105434291],[-3.028195863128206,38.148323638544184],[-3.028063464254198,38.1484865844279],[-3.027859285271721,38.148645104666514],[-3.027775317875314,38.148701084048355],[-3.0276966738259303,38.14870939386765]]]},"properties":{"dn_surface":1949.5969022532,"provincia":23,"municipio":48,"agregado":0,"zona":0,"poligono":12,"parcela":71,"recinto":1,"uso_sigpac":"OV","idPanel":"23:48:0:0:12:71:1"},"id":1112036737},{"type":"Feature","geometry":{"type":"Polygon","coordinates":[[[-3.0274751660958024,38.14816994628205],[-3.027532632427372,38.148322066937226],[-3.027620572846119,38.148479498366555],[-3.0276791732492554,38.14861088973572],[-3.0276571791340214,38.14869588307718],[-3.027650692378771,38.14874302038882],[-3.0276526478768977,38.14878195516957],[-3.02738597677341,38.14891395590317],[-3.0272074053448383,38.14902340680129],[-3.0270521138155226,38.14912807582337],[-3.0269101847170403,38.14925671457539],[-3.026500947490391,38.148943912826866],[-3.026604485793679,38.14886037626033],[-3.0266840929237953,38.14879616501085],[-3.0266947790127863,38.148788449468526],[-3.0268075131025913,38.14870702597989],[-3.0268235091275577,38.148695469011074],[-3.0267773851880366,38.1486522670032],[-3.0267533416973555,38.14861840997972],[-3.0266964059402883,38.14853796885018],[-3.0267024241471248,38.14853511900293],[-3.0274457112481126,38.14818386527131],[-3.0274751660958024,38.14816994628205]]]},"properties":{"dn_surface":6437.87158203125,"provincia":23,"municipio":48,"agregado":0,"zona":0,"poligono":10,"parcela":246,"recinto":1,"uso_sigpac":"OV","idPanel":"23:48:0:0:10:246:1"},"id":1367408273},{"type":"Feature","geometry":{"type":"Polygon","coordinates":[[[-3.026606334003438,38.148396836870745],[-3.02660850659287,38.14840031536076],[-3.0266797619941688,38.14851443581742],[-3.0266964059402883,38.14853796885018],[-3.0267533416973555,38.14861840997972],[-3.0267773851880366,38.1486522670032],[-3.0268235091275577,38.148695469011074],[-3.0268075131025913,38.14870702597989],[-3.0266947790127863,38.148788449468526],[-3.0266840929237953,38.14879616501085],[-3.026604485793679,38.14886037626033],[-3.026500947490391,38.148943912826866],[-3.026211964597521,38.148728358762895],[-3.0262080334846995,38.14873871292852],[-3.026207683959316,38.148738442193036],[-3.026156431132938,38.148698772319335],[-3.0261660812186353,38.14869085644952],[-3.0262101826048,38.148654700269844],[-3.0263737948498903,38.148550736165845],[-3.0264837922481473,38.1484875324212],[-3.026558415498341,38.14843230489612],[-3.026606334003438,38.148396836870745]]]},"properties":{"dn_surface":1722.2728271484375,"provincia":23,"municipio":48,"agregado":0,"zona":0,"poligono":10,"parcela":245,"recinto":3,"uso_sigpac":"OV","idPanel":"23:48:0:0:10:245:3"},"id":1367427413},{"type":"Feature","geometry":{"type":"Polygon","coordinates":[[[-3.0244177057992045,38.147346892794786],[-3.024462699019921,38.147381578788554],[-3.024463234623565,38.14738199201639],[-3.0245260561533893,38.14743042181763],[-3.0245506134547666,38.14744935402345],[-3.024672736114873,38.147543500403685],[-3.0245761967011506,38.14758128099626],[-3.024274508518696,38.14777573948507],[-3.024138844055017,38.14787373148269],[-3.0238765323796293,38.14807998750092],[-3.0238393854589387,38.14791866854469],[-3.023798003162324,38.147775806540295],[-3.0237896849611205,38.14774708930014],[-3.023782711217267,38.1477230156346],[-3.0239195240017485,38.14764151670886],[-3.0242248700469654,38.14746445318474],[-3.0244177057992045,38.147346892794786]]]},"properties":{"dn_surface":2496.617835218832,"provincia":23,"municipio":48,"agregado":0,"zona":0,"poligono":10,"parcela":252,"recinto":1,"uso_sigpac":"OV","idPanel":"23:48:0:0:10:252:1"},"id":1179152406},{"type":"Feature","geometry":{"type":"Polygon","coordinates":[[[-3.024672736114873,38.147543500403685],[-3.025247372608474,38.14799044446218],[-3.0252472401743966,38.147990520737494],[-3.025228395978563,38.14800111546376],[-3.0247016922392955,38.14756737206531],[-3.0241471270522253,38.14787826944533],[-3.0241460541685554,38.14787888048613],[-3.024138844055017,38.14787373148269],[-3.024274508518696,38.14777573948507],[-3.0245761967011506,38.14758128099626],[-3.024672736114873,38.147543500403685]]]},"properties":{"dn_surface":276.7220458984375,"provincia":23,"municipio":48,"agregado":0,"zona":0,"poligono":10,"parcela":231,"recinto":2,"uso_sigpac":"OV","idPanel":"23:48:0:0:10:231:2"},"id":1347808308},{"type":"Feature","geometry":{"type":"Polygon","coordinates":[[[-3.0247016922392955,38.14756737206531],[-3.025228395978563,38.14800111546376],[-3.0252472401743966,38.147990520737494],[-3.025247372608474,38.14799044446218],[-3.0252528962829945,38.147994741026],[-3.0255545090283156,38.148228018625275],[-3.025314513333262,38.14859632114897],[-3.0249605187191375,38.14837395762646],[-3.0242799290958002,38.147938596520646],[-3.024264758688346,38.147963654221684],[-3.0241460541685554,38.14787888048613],[-3.0241471270522253,38.14787826944533],[-3.0247016922392955,38.14756737206531]]]},"properties":{"dn_surface":5842.2979736328125,"provincia":23,"municipio":48,"agregado":0,"zona":0,"poligono":10,"parcela":231,"recinto":1,"uso_sigpac":"OV","idPanel":"23:48:0:0:10:231:1"},"id":1347808307},{"type":"Feature","geometry":{"type":"Polygon","coordinates":[[[-3.024138844055017,38.14787373148269],[-3.0241460541685554,38.14787888048613],[-3.024264758688346,38.147963654221684],[-3.0239311740096606,38.148340983217395],[-3.0238870742998762,38.14820607228688],[-3.0238765323796293,38.14807998750092],[-3.024138844055017,38.14787373148269]]]},"properties":{"dn_surface":784.455810546875,"provincia":23,"municipio":48,"agregado":0,"zona":0,"poligono":10,"parcela":230,"recinto":1,"uso_sigpac":"OV","idPanel":"23:48:0:0:10:230:1"},"id":1347808310},{"type":"Feature","geometry":{"type":"Polygon","coordinates":[[[-3.0249605187191375,38.14837395762646],[-3.0248934165511074,38.14839136432582],[-3.0248089881499998,38.14846943002382],[-3.0247359775780716,38.14856254375354],[-3.0247013041571558,38.14862401663507],[-3.0246783838415667,38.148679809100486],[-3.024662878157966,38.14872667735301],[-3.0239572828014065,38.14851709204268],[-3.023937851872316,38.14851132026382],[-3.0239311740096606,38.148340983217395],[-3.024264758688346,38.147963654221684],[-3.0242799290958002,38.147938596520646],[-3.0249605187191375,38.14837395762646]]]},"properties":{"dn_surface":4290.37123190947,"provincia":23,"municipio":48,"agregado":0,"zona":0,"poligono":10,"parcela":232,"recinto":1,"uso_sigpac":"OV","idPanel":"23:48:0:0:10:232:1"},"id":1112035798},{"type":"Feature","geometry":{"type":"Polygon","coordinates":[[[-3.0254777265997364,38.14671713019712],[-3.026125606682187,38.14728942227225],[-3.0256726217857075,38.1475702554402],[-3.0257433013502237,38.14766514445711],[-3.025548762395159,38.1478013629646],[-3.0254059096108916,38.14790161137071],[-3.0252528962829945,38.147994741026],[-3.025247372608474,38.14799044446218],[-3.024672736114873,38.147543500403685],[-3.0245506134547666,38.14744935402345],[-3.0245260561533893,38.14743042181763],[-3.024463234623565,38.14738199201639],[-3.024462699019921,38.147381578788554],[-3.024783743532523,38.14718861479321],[-3.0247905580202077,38.14718243230104],[-3.0247987236707643,38.14717737214579],[-3.02480355583823,38.14717545771899],[-3.024809048499706,38.14717328093863],[-3.024817903980934,38.14717129526562],[-3.0248282338390187,38.14717049647021],[-3.0248385704026264,38.147171245812416],[-3.024848543191615,38.147173516470104],[-3.024857797651458,38.14717722881525],[-3.0248660035351516,38.14718224873738],[-3.0249451957610365,38.14724095391426],[-3.0249600660963396,38.14723781572954],[-3.0250132434078,38.1472267532931],[-3.0251076018501877,38.147207169813356],[-3.0251323837865813,38.14716476576268],[-3.0251785881923783,38.14708590210742],[-3.025143793233859,38.14701732304795],[-3.025142975998251,38.14700800404745],[-3.0251446758483156,38.146998761322266],[-3.0251488408162497,38.14699002151133],[-3.025161763197139,38.14697589800366],[-3.025249636560657,38.14689068673272],[-3.025269911547447,38.14687102613945],[-3.0254777265997364,38.14671713019712]]]},"properties":{"dn_surface":9578.981201171875,"provincia":23,"municipio":48,"agregado":0,"zona":0,"poligono":10,"parcela":262,"recinto":1,"uso_sigpac":"OV","idPanel":"23:48:0:0:10:262:1"},"id":1347808309},{"type":"Feature","geometry":{"type":"Polygon","coordinates":[[[-3.0267153968194362,38.14783699946625],[-3.0267152853401176,38.14784276705416],[-3.0265702515845145,38.14790516362146],[-3.0265030370989763,38.14792608736761],[-3.026319976322798,38.14793054067303],[-3.026176287862735,38.14792867653762],[-3.0260849804332843,38.14791724948836],[-3.0259287300141886,38.147894568895225],[-3.0257433013502237,38.14766514445711],[-3.0256726217857075,38.1475702554402],[-3.026125606682187,38.14728942227225],[-3.026336507113218,38.14727036349967],[-3.0267153968194362,38.14783699946625]]]},"properties":{"dn_surface":4301.657958984375,"provincia":23,"municipio":48,"agregado":0,"zona":0,"poligono":10,"parcela":249,"recinto":1,"uso_sigpac":"OV","idPanel":"23:48:0:0:10:249:1"},"id":1367426417},{"type":"Feature","geometry":{"type":"Polygon","coordinates":[[[-3.026398912900622,38.14811843696941],[-3.026237337458124,38.148206974179715],[-3.0262099847918735,38.14822485529481],[-3.0258605717262963,38.14845327390452],[-3.0255545090283156,38.148228018625275],[-3.0252528962829945,38.147994741026],[-3.0254059096108916,38.14790161137071],[-3.025548762395159,38.1478013629646],[-3.0257433013502237,38.14766514445711],[-3.0259287300141886,38.147894568895225],[-3.0260849804332843,38.14791724948836],[-3.026176287862735,38.14792867653762],[-3.026319976322798,38.14793054067303],[-3.0265030370989763,38.14792608736761],[-3.0263929265450193,38.147981899111414],[-3.0263226342244525,38.14801201445309],[-3.026398912900622,38.14811843696941]]]},"properties":{"dn_surface":4327.210205078125,"provincia":23,"municipio":48,"agregado":0,"zona":0,"poligono":10,"parcela":250,"recinto":1,"uso_sigpac":"OV","idPanel":"23:48:0:0:10:250:1"},"id":1367426412},{"type":"Feature","geometry":{"type":"Polygon","coordinates":[[[-3.024852475980817,38.14945377899804],[-3.0251918240564653,38.14891584099328],[-3.025358696023893,38.1486370488189],[-3.025314513333262,38.14859632114897],[-3.0255545090283156,38.148228018625275],[-3.0258605717262963,38.14845327390452],[-3.0258390813634737,38.14846522985192],[-3.02584957634506,38.14847376262986],[-3.0255464707826953,38.149038524402755],[-3.025518962213037,38.14903014752821],[-3.025368752631918,38.148991512819634],[-3.0250700391870757,38.14953683360514],[-3.024852475980817,38.14945377899804]]]},"properties":{"dn_surface":3984.1094970703125,"provincia":23,"municipio":48,"agregado":0,"zona":0,"poligono":10,"parcela":251,"recinto":1,"uso_sigpac":"OV","idPanel":"23:48:0:0:10:251:1"},"id":1367426413},{"type":"Feature","geometry":{"type":"Polygon","coordinates":[[[-3.025314513333262,38.14859632114897],[-3.025358696023893,38.1486370488189],[-3.0251918240564653,38.14891584099328],[-3.0249509801127603,38.14883360278358],[-3.0247738277404794,38.14876937644672],[-3.024662878157966,38.14872667735301],[-3.0246783838415667,38.148679809100486],[-3.0247013041571558,38.14862401663507],[-3.0247359775780716,38.14856254375354],[-3.0248089881499998,38.14846943002382],[-3.0248934165511074,38.14839136432582],[-3.0249605187191375,38.14837395762646],[-3.025314513333262,38.14859632114897]]]},"properties":{"dn_surface":2140.05932908827,"provincia":23,"municipio":48,"agregado":0,"zona":0,"poligono":10,"parcela":233,"recinto":1,"uso_sigpac":"OV","idPanel":"23:48:0:0:10:233:1"},"id":1112035797},{"type":"Feature","geometry":{"type":"Polygon","coordinates":[[[-3.02584957634506,38.14847376262986],[-3.02592742998093,38.148536955477994],[-3.026053232296748,38.148624981392175],[-3.0261256058439976,38.14867056972804],[-3.026126052599463,38.14867097876498],[-3.026156431132938,38.148698772319335],[-3.026207683959316,38.148738442193036],[-3.0262080334846995,38.14873871292852],[-3.026207947989281,38.14873893840172],[-3.026207704075885,38.14873959554299],[-3.026065303076225,38.14911555661206],[-3.026033866746507,38.14919732040602],[-3.0257525038422646,38.14911454994541],[-3.0255464707826953,38.149038524402755],[-3.02584957634506,38.14847376262986]]]},"properties":{"dn_surface":2615.4267578125,"provincia":23,"municipio":48,"agregado":0,"zona":0,"poligono":10,"parcela":244,"recinto":1,"uso_sigpac":"OV","idPanel":"23:48:0:0:10:244:1"},"id":1367426409},{"type":"Feature","geometry":{"type":"Polygon","coordinates":[[[-3.026398263303087,38.146387115371226],[-3.026409680294077,38.14639991034716],[-3.026322290566402,38.14648248383298],[-3.026200566046718,38.14661391208256],[-3.02624748878166,38.14665923638847],[-3.0264077122230955,38.14663153503503],[-3.026448119704313,38.14664801972498],[-3.0266291579271347,38.1467374781065],[-3.0267635240339352,38.14684010445865],[-3.026802249267086,38.14693472860739],[-3.0268526152880555,38.147028179289606],[-3.026686457458821,38.14706047895538],[-3.0265467965034722,38.147142432180345],[-3.026336507113218,38.14727036349967],[-3.026125606682187,38.14728942227225],[-3.0254571892593614,38.14669898924299],[-3.0254464444970455,38.146689497575295],[-3.0258048362578354,38.14646834775246],[-3.0261070281927007,38.14642926293564],[-3.026398263303087,38.146387115371226]]]},"properties":{"dn_surface":6683.566867667735,"provincia":23,"municipio":48,"agregado":0,"zona":0,"poligono":10,"parcela":253,"recinto":1,"uso_sigpac":"OV","idPanel":"23:48:0:0:10:253:1"},"id":1156720860},{"type":"Feature","geometry":{"type":"Polygon","coordinates":[[[-3.026900232044621,38.146688392002204],[-3.0269193436231814,38.146631252564845],[-3.0269381945245373,38.146568308659255],[-3.0269500322870924,38.146497173957385],[-3.026954032131525,38.14647314052496],[-3.026972929133352,38.14641983832314],[-3.026955377427064,38.146287051366954],[-3.026953729544802,38.14626744106516],[-3.026959144254574,38.146252810452324],[-3.0269717078899863,38.146239163874924],[-3.0269678496997257,38.146204699163434],[-3.0275581360456725,38.14611433302176],[-3.0277175187821697,38.14627463273854],[-3.0273502547763433,38.146554191857064],[-3.027269134712615,38.14661504447773],[-3.0271778549434454,38.14667121245242],[-3.026955024548919,38.14682789789234],[-3.0269470307273876,38.146814651131734],[-3.026913238244548,38.14678635801593],[-3.026900775191979,38.14672561603638],[-3.026900232044621,38.146688392002204]]]},"properties":{"dn_surface":2975.29263603864,"provincia":23,"municipio":48,"agregado":0,"zona":0,"poligono":12,"parcela":77,"recinto":2,"uso_sigpac":"OV","idPanel":"23:48:0:0:12:77:2"},"id":1112036727},{"type":"Feature","geometry":{"type":"Polygon","coordinates":[[[-3.027896094401693,38.146484498842625],[-3.027504962086973,38.14672251473206],[-3.0273472825533023,38.14683745912984],[-3.027359286277549,38.14689027015214],[-3.0273554230581476,38.146933802407005],[-3.027017062370751,38.14700227920724],[-3.027017856137029,38.146989480878545],[-3.026978555905285,38.14688196871472],[-3.0269649604575313,38.14684429876323],[-3.026955024548919,38.14682789789234],[-3.0271778549434454,38.14667121245242],[-3.027269134712615,38.14661504447773],[-3.0273502547763433,38.146554191857064],[-3.0277175187821697,38.14627463273854],[-3.027896094401693,38.146484498842625]]]},"properties":{"dn_surface":2358.90486049173,"provincia":23,"municipio":48,"agregado":0,"zona":0,"poligono":12,"parcela":76,"recinto":1,"uso_sigpac":"OV","idPanel":"23:48:0:0:12:76:1"},"id":1112036729},{"type":"Feature","geometry":{"type":"Polygon","coordinates":[[[-3.027200878356449,38.14765987559244],[-3.027197561637167,38.14766106247001],[-3.0267958454926815,38.14780480876516],[-3.0267153968194362,38.14783699946625],[-3.026336507113218,38.14727036349967],[-3.0265467965034722,38.147142432180345],[-3.026686457458821,38.14706047895538],[-3.0268526152880555,38.147028179289606],[-3.0269540623063773,38.146996884614055],[-3.0269726961164296,38.14707817399224],[-3.0269782047035223,38.1471583854576],[-3.027028128159978,38.14728986902773],[-3.0270491181231507,38.14733316407478],[-3.0270589400378722,38.14743227505653],[-3.0271002728812557,38.1475101404271],[-3.0271393065684626,38.147577139497685],[-3.027200878356449,38.14765987559244]]]},"properties":{"dn_surface":3933.731689453125,"provincia":23,"municipio":48,"agregado":0,"zona":0,"poligono":10,"parcela":248,"recinto":1,"uso_sigpac":"OV","idPanel":"23:48:0:0:10:248:1"},"id":1367426416},{"type":"Feature","geometry":{"type":"Polygon","coordinates":[[[-3.0283447223846442,38.147047418273075],[-3.0284842668315335,38.14724881949269],[-3.0287471509909425,38.147654708987005],[-3.028664662162343,38.14772597444659],[-3.028600661298672,38.14779347475505],[-3.028579771080152,38.14776251703205],[-3.028518795245516,38.14768601372086],[-3.0285106815627616,38.14765960820972],[-3.0278820589039954,38.147936973784084],[-3.027552624944009,38.14807980393721],[-3.027550680342357,38.148069530237905],[-3.027481921910162,38.147933724120065],[-3.0274326991808533,38.14784703344313],[-3.0273759344146214,38.147736280835346],[-3.027299639812835,38.14758903090441],[-3.0272009781011033,38.14744548074577],[-3.027743220213397,38.14720716226964],[-3.0277998558983117,38.14728006220042],[-3.0283447223846442,38.147047418273075]]]},"properties":{"dn_surface":8238.316031136907,"provincia":23,"municipio":48,"agregado":0,"zona":0,"poligono":12,"parcela":73,"recinto":1,"uso_sigpac":"OV","idPanel":"23:48:0:0:12:73:1"},"id":1156719834},{"type":"Feature","geometry":{"type":"Polygon","coordinates":[[[-3.027197561637167,38.14766106247001],[-3.0272726274518744,38.147748023044215],[-3.02730675269629,38.14782490354105],[-3.0273579376292488,38.147928689948685],[-3.027396941979792,38.148026712959364],[-3.0274456919697337,38.14813242217568],[-3.0274457112481126,38.14818386527131],[-3.0267024241471248,38.14853511900293],[-3.0266964059402883,38.14853796885018],[-3.0266797619941688,38.14851443581742],[-3.02660850659287,38.14840031536076],[-3.026606334003438,38.148396836870745],[-3.026540688610267,38.148337278415994],[-3.026508533113213,38.148264981982265],[-3.026412354121348,38.14813640609452],[-3.026398912900622,38.14811843696941],[-3.0263226342244525,38.14801201445309],[-3.0263929265450193,38.147981899111414],[-3.0265030370989763,38.14792608736761],[-3.0265702515845145,38.14790516362146],[-3.0267152853401176,38.14784276705416],[-3.0267153968194362,38.14783699946625],[-3.0267958454926815,38.14780480876516],[-3.027197561637167,38.14766106247001]]]},"properties":{"dn_surface":5406.5440673828125,"provincia":23,"municipio":48,"agregado":0,"zona":0,"poligono":10,"parcela":247,"recinto":7,"uso_sigpac":"OV","idPanel":"23:48:0:0:10:247:7"},"id":1367426415},{"type":"Feature","geometry":{"type":"Polygon","coordinates":[[[-3.028393511769534,38.14815868603267],[-3.028390765857891,38.148190860808114],[-3.0283809766325938,38.14820891375223],[-3.0283630251095004,38.14823083662128],[-3.0283369079358518,38.148245025507805],[-3.028310796629536,38.148274685712124],[-3.028293099916315,38.14830105434291],[-3.028167952227172,38.148227297781546],[-3.0279676264058124,38.148152537068114],[-3.027590936111119,38.14828113726338],[-3.027588535533907,38.14826996250943],[-3.027565798782009,38.14820705883696],[-3.027561774630056,38.14813027221743],[-3.027552624944009,38.14807980393721],[-3.0278820589039954,38.147936973784084],[-3.028393511769534,38.14815868603267]]]},"properties":{"dn_surface":1533.74900687809,"provincia":23,"municipio":48,"agregado":0,"zona":0,"poligono":12,"parcela":72,"recinto":1,"uso_sigpac":"OV","idPanel":"23:48:0:0:12:72:1"},"id":1112036735},{"type":"Feature","geometry":{"type":"Polygon","coordinates":[[[-3.027017062370751,38.14700227920724],[-3.0273554230581476,38.146933802407005],[-3.027359286277549,38.14689027015214],[-3.0273472825533023,38.14683745912984],[-3.027504962086973,38.14672251473206],[-3.027896094401693,38.146484498842625],[-3.028154699599278,38.14675842616015],[-3.027757047839883,38.146961926208405],[-3.027463571408455,38.14711294967236],[-3.0270733074589553,38.147249032393034],[-3.0270695381168746,38.14724128248491],[-3.0270480544595753,38.1471681042749],[-3.027014339928438,38.14704572009941],[-3.027017062370751,38.14700227920724]]]},"properties":{"dn_surface":3228.36362718164,"provincia":23,"municipio":48,"agregado":0,"zona":0,"poligono":12,"parcela":75,"recinto":1,"uso_sigpac":"OV","idPanel":"23:48:0:0:12:75:1"},"id":1112036730},{"type":"Feature","geometry":{"type":"Polygon","coordinates":[[[-3.0283447223846442,38.147047418273075],[-3.0277998558983117,38.14728006220042],[-3.027743220213397,38.14720716226964],[-3.0272009781011033,38.14744548074577],[-3.0271899014154022,38.14742944029672],[-3.0271279029885174,38.14735888478435],[-3.0270733074589553,38.147249032393034],[-3.027463571408455,38.14711294967236],[-3.027757047839883,38.146961926208405],[-3.028154699599278,38.14675842616015],[-3.028214999014288,38.14686007518233],[-3.0283447223846442,38.147047418273075]]]},"properties":{"dn_surface":3084.99068957959,"provincia":23,"municipio":48,"agregado":0,"zona":0,"poligono":12,"parcela":74,"recinto":1,"uso_sigpac":"OV","idPanel":"23:48:0:0:12:74:1"},"id":1112036731},{"type":"Feature","geometry":{"type":"Polygon","coordinates":[[[-3.0267215885316783,38.14579942657721],[-3.026779247647032,38.14586773071022],[-3.0268265551113513,38.14602445051594],[-3.0268578833145123,38.14617549493465],[-3.026857454161045,38.146247776280944],[-3.0267181125562255,38.14626556016597],[-3.026492719813747,38.14628173891646],[-3.026273259782687,38.146292237250776],[-3.02609271022485,38.14628794823068],[-3.026207719163312,38.14620663119223],[-3.0264029311852414,38.146052296038135],[-3.0267215885316783,38.14579942657721]]]},"properties":{"dn_surface":1864.88901315439,"provincia":23,"municipio":48,"agregado":0,"zona":0,"poligono":10,"parcela":255,"recinto":1,"uso_sigpac":"OV","idPanel":"23:48:0:0:10:255:1"},"id":1112035771},{"type":"Feature","geometry":{"type":"Polygon","coordinates":[[[-3.0286179766352763,38.152213834264955],[-3.028640404094929,38.15235460582255],[-3.028691396244102,38.15257206928413],[-3.0287383994453183,38.15280215002534],[-3.0283561402138255,38.152759785369625],[-3.0286179766352763,38.152213834264955]]]},"properties":{"dn_surface":1057.39056974681,"provincia":23,"municipio":48,"agregado":0,"zona":0,"poligono":10,"parcela":185,"recinto":1,"uso_sigpac":"OV","idPanel":"23:48:0:0:10:185:1"},"id":1112035861},{"type":"Feature","geometry":{"type":"Polygon","coordinates":[[[-3.028631919932033,38.1519785123194],[-3.028616333782156,38.15210252928972],[-3.0286229747644344,38.152156423253956],[-3.0286179766352763,38.152213834264955],[-3.0283561402138255,38.152759785369625],[-3.028216106263763,38.153074446224394],[-3.028133889847033,38.15297820939739],[-3.0280574938242135,38.15288088962845],[-3.0284890118272014,38.15195204645855],[-3.028631919932033,38.1519785123194]]]},"properties":{"dn_surface":2306.20900843764,"provincia":23,"municipio":48,"agregado":0,"zona":0,"poligono":10,"parcela":186,"recinto":1,"uso_sigpac":"OV","idPanel":"23:48:0:0:10:186:1"},"id":1112035860},{"type":"Feature","geometry":{"type":"Polygon","coordinates":[[[-3.0281352686701877,38.15185343671462],[-3.0284890118272014,38.15195204645855],[-3.0280574938242135,38.15288088962845],[-3.027930752735183,38.15275663377383],[-3.0276951868762185,38.152493336386584],[-3.02747022831635,38.15220831561956],[-3.027684365838579,38.15196456902265],[-3.027837690973293,38.15178076896257],[-3.0281352686701877,38.15185343671462]]]},"properties":{"dn_surface":5827.71912997443,"provincia":23,"municipio":48,"agregado":0,"zona":0,"poligono":10,"parcela":187,"recinto":1,"uso_sigpac":"OV","idPanel":"23:48:0:0:10:187:1"},"id":1112035859},{"type":"Feature","geometry":{"type":"Polygon","coordinates":[[[-3.0283968217832933,38.15089002238304],[-3.0282741274773555,38.15117421669433],[-3.0281405886644475,38.15145561899354],[-3.028130904212946,38.15178458105234],[-3.0281339434912167,38.15183253476144],[-3.0279842913066912,38.1517925388317],[-3.0278368544593066,38.15175126633801],[-3.027711607863701,38.151706233722365],[-3.027660879744493,38.15169998668952],[-3.0275261238791713,38.151656207168486],[-3.027475394083583,38.15164495362461],[-3.0274296649317245,38.15162627790505],[-3.027724111149407,38.1511579323319],[-3.0279614774412797,38.150789626455435],[-3.028139780648934,38.15085718208445],[-3.0283968217832933,38.15089002238304]]]},"properties":{"dn_surface":5055.98171222441,"provincia":23,"municipio":48,"agregado":0,"zona":0,"poligono":10,"parcela":200,"recinto":1,"uso_sigpac":"OV","idPanel":"23:48:0:0:10:200:1"},"id":1112035842},{"type":"Feature","geometry":{"type":"Polygon","coordinates":[[[-3.026063494261413,38.150927824768615],[-3.025971538072618,38.15102409763779],[-3.0258770254032035,38.15130720230158],[-3.0258521730588184,38.151387148898806],[-3.0255283340195316,38.15129619602391],[-3.025538640408285,38.15119170553635],[-3.0255820326854015,38.15111321906676],[-3.0256371160417563,38.150994331821465],[-3.025799673843364,38.15076853423304],[-3.026063494261413,38.150927824768615]]]},"properties":{"dn_surface":1749.44504854664,"provincia":23,"municipio":48,"agregado":0,"zona":0,"poligono":10,"parcela":213,"recinto":1,"uso_sigpac":"OV","idPanel":"23:48:0:0:10:213:1"},"id":1112035827},{"type":"Feature","geometry":{"type":"Polygon","coordinates":[[[-3.0269979533067612,38.15205446661588],[-3.026962518808992,38.15211469143196],[-3.02669325853546,38.15207328901877],[-3.026350036343934,38.15202757495433],[-3.0257038485678343,38.15183591602138],[-3.0258521730588184,38.151387148898806],[-3.0258770254032035,38.15130720230158],[-3.025971538072618,38.15102409763779],[-3.026063494261413,38.150927824768615],[-3.026103764279411,38.150875633168994],[-3.026234135570921,38.15095987549185],[-3.0263487245760095,38.15109305975025],[-3.0264930224004694,38.15126385696314],[-3.026623513553203,38.15144530506106],[-3.02676364808611,38.15168897705905],[-3.0268977074152357,38.15190231578589],[-3.0269979533067612,38.15205446661588]]]},"properties":{"dn_surface":8148.9333310565635,"provincia":23,"municipio":48,"agregado":0,"zona":0,"poligono":10,"parcela":210,"recinto":2,"uso_sigpac":"OV","idPanel":"23:48:0:0:10:210:2"},"id":1400391003},{"type":"Feature","geometry":{"type":"Polygon","coordinates":[[[-3.0258521730588184,38.151387148898806],[-3.0257038485678343,38.15183591602138],[-3.0254271392965104,38.15175673469196],[-3.0254696171079347,38.151653567707],[-3.025483475747464,38.15160575146115],[-3.025491032033624,38.15156989032448],[-3.0255023417362477,38.15144836110312],[-3.0255283340195316,38.15129619602391],[-3.0258521730588184,38.151387148898806]]]},"properties":{"dn_surface":1379.02246475064,"provincia":23,"municipio":48,"agregado":0,"zona":0,"poligono":10,"parcela":214,"recinto":1,"uso_sigpac":"OV","idPanel":"23:48:0:0:10:214:1"},"id":1112035825},{"type":"Feature","geometry":{"type":"Polygon","coordinates":[[[-3.0257038485678343,38.15183591602138],[-3.02558346682912,38.15223673027302],[-3.025135201782596,38.1521501116805],[-3.025207214069796,38.15206135821711],[-3.025337255114302,38.15189730676025],[-3.0253907987149535,38.15182477982415],[-3.0254271392965104,38.15175673469196],[-3.0257038485678343,38.15183591602138]]]},"properties":{"dn_surface":1531.6359762168,"provincia":23,"municipio":48,"agregado":0,"zona":0,"poligono":10,"parcela":216,"recinto":1,"uso_sigpac":"OV","idPanel":"23:48:0:0:10:216:1"},"id":1112035822},{"type":"Feature","geometry":{"type":"Polygon","coordinates":[[[-3.026350036343934,38.15202757495433],[-3.0261951630716126,38.15235692677169],[-3.02558346682912,38.15223673027302],[-3.0257038485678343,38.15183591602138],[-3.026350036343934,38.15202757495433]]]},"properties":{"dn_surface":2440.80811373174,"provincia":23,"municipio":48,"agregado":0,"zona":0,"poligono":10,"parcela":215,"recinto":2,"uso_sigpac":"OV","idPanel":"23:48:0:0:10:215:2"},"id":1112035823},{"type":"Feature","geometry":{"type":"Polygon","coordinates":[[[-3.0290551943327606,38.14934610590166],[-3.028782837784012,38.14952858245917],[-3.0284493134550337,38.14972891666241],[-3.028394266140864,38.1496399746062],[-3.0283513290011177,38.149580681019614],[-3.028318904444957,38.14955229821743],[-3.0286515143082444,38.1493490806393],[-3.028819692176264,38.14922169498189],[-3.0288578046922567,38.149205013317186],[-3.028869221683247,38.14921546555104],[-3.0290551943327606,38.14934610590166]]]},"properties":{"dn_surface":1462.3225017565576,"provincia":23,"municipio":48,"agregado":0,"zona":0,"poligono":12,"parcela":63,"recinto":1,"uso_sigpac":"OV","idPanel":"23:48:0:0:12:63:1"},"id":1175618400},{"type":"Feature","geometry":{"type":"Polygon","coordinates":[[[-3.0290551943327606,38.14934610590166],[-3.029016587284451,38.14953209866775],[-3.02900770414294,38.14967804437447],[-3.029006296821313,38.14969473945018],[-3.0290062725137927,38.149695029464084],[-3.0289477877809277,38.149706361797854],[-3.028932623240806,38.14978117112628],[-3.0289228231190335,38.149827581726896],[-3.0289228784395976,38.149955762827005],[-3.028932401120359,38.150080450349606],[-3.0289531530374676,38.15010973169191],[-3.028954336562266,38.150147052118],[-3.028936799943405,38.15021290789696],[-3.0289411954136907,38.15025691875857],[-3.0289409682641004,38.15026545153651],[-3.0288169605138573,38.15027544276569],[-3.0286957204682063,38.150285210198035],[-3.0286380546473297,38.15021465468567],[-3.0286066451397025,38.150157521115716],[-3.0285783210108175,38.150108498713905],[-3.0285466751335064,38.15003081774523],[-3.0285335893054954,38.1499901076773],[-3.0285010792539167,38.14988896911305],[-3.0284680235404084,38.1498048206675],[-3.028467876018904,38.149804445158225],[-3.028463377451203,38.14979299296323],[-3.0284493134550337,38.14972891666241],[-3.028782837784012,38.14952858245917],[-3.0290551943327606,38.14934610590166]]]},"properties":{"dn_surface":3019.5942436688274,"provincia":23,"municipio":48,"agregado":0,"zona":0,"poligono":12,"parcela":51,"recinto":5,"uso_sigpac":"OV","idPanel":"23:48:0:0:12:51:5"},"id":1237840388},{"type":"Feature","geometry":{"type":"Polygon","coordinates":[[[-3.0284536552811354,38.15002588080398],[-3.0279614774412797,38.150789626455435],[-3.0275273685918664,38.15063488310261],[-3.027657856391839,38.15042900762285],[-3.0275685916323125,38.15039459823191],[-3.0276488776966257,38.15023280485988],[-3.0277851867286976,38.15003170455063],[-3.027935653634259,38.14984664301406],[-3.0280325031784177,38.14972522275747],[-3.028159710301292,38.14958231213808],[-3.0281739628902953,38.14956629934932],[-3.02823651117006,38.14957601984298],[-3.028269950774756,38.14957456977368],[-3.028307301375705,38.14964882589646],[-3.0283815323528067,38.14976272926182],[-3.0284284928063143,38.1498931307282],[-3.0284536552811354,38.15002588080398]]]},"properties":{"dn_surface":5837.6667684748,"provincia":23,"municipio":48,"agregado":0,"zona":0,"poligono":10,"parcela":191,"recinto":1,"uso_sigpac":"OV","idPanel":"23:48:0:0:10:191:1"},"id":1112035854},{"type":"Feature","geometry":{"type":"Polygon","coordinates":[[[-3.0284536552811354,38.15002588080398],[-3.028502529323251,38.15008850787365],[-3.028554724275602,38.15018096530028],[-3.028655559414956,38.150319917984746],[-3.0285343478677773,38.150595099235034],[-3.0283968217832933,38.15089002238304],[-3.028139780648934,38.15085718208445],[-3.0279614774412797,38.150789626455435],[-3.0284536552811354,38.15002588080398]]]},"properties":{"dn_surface":2850.13032767645,"provincia":23,"municipio":48,"agregado":0,"zona":0,"poligono":10,"parcela":190,"recinto":1,"uso_sigpac":"OV","idPanel":"23:48:0:0:10:190:1"},"id":1112035855},{"type":"Feature","geometry":{"type":"Polygon","coordinates":[[[-3.028944549013349,38.15026516319901],[-3.0289449454773933,38.15031251676382],[-3.028945333559532,38.15035914110297],[-3.028943895224863,38.15037492841853],[-3.028937768053279,38.15044217391713],[-3.028893775631861,38.15048298205335],[-3.0288751594238077,38.150494471128695],[-3.0288135507554443,38.15039874308326],[-3.0288042300785616,38.150390569889],[-3.02873853942311,38.150332967770595],[-3.0286957204682063,38.150285210198035],[-3.0288169605138573,38.15027544276569],[-3.0289409682641004,38.15026545153651],[-3.028944549013349,38.15026516319901]]]},"properties":{"dn_surface":310.6368408203125,"provincia":23,"municipio":48,"agregado":0,"zona":0,"poligono":12,"parcela":50,"recinto":4,"uso_sigpac":"OV","idPanel":"23:48:0:0:12:50:4"},"id":1179158303},{"type":"Feature","geometry":{"type":"Polygon","coordinates":[[[-3.0290092933518764,38.15096811490318],[-3.0283968217832933,38.15089002238304],[-3.0285343478677773,38.150595099235034],[-3.028655559414956,38.150319917984746],[-3.028723384103082,38.15039272403823],[-3.0288414499218135,38.15052238957347],[-3.028905873233429,38.15065134516141],[-3.0289313902627755,38.1508117639012],[-3.0289549492794237,38.150928471851586],[-3.0290092933518764,38.15096811490318]]]},"properties":{"dn_surface":1990.53170670405,"provincia":23,"municipio":48,"agregado":0,"zona":0,"poligono":10,"parcela":189,"recinto":1,"uso_sigpac":"OV","idPanel":"23:48:0:0:10:189:1"},"id":1112035856},{"type":"Feature","geometry":{"type":"Polygon","coordinates":[[[-3.0288120503946874,38.14839379843065],[-3.029124965298919,38.14860216752675],[-3.029138664682278,38.14861128955255],[-3.0289299988667664,38.14880240366176],[-3.028730230442001,38.148982160291524],[-3.0287456782904667,38.14908093432075],[-3.028514175978403,38.14925105427585],[-3.028336988402127,38.14939547531429],[-3.028250348854831,38.14945965303613],[-3.0282225879898714,38.14944231590658],[-3.0282225720642546,38.14939934021004],[-3.028209972386657,38.14936408089409],[-3.0281777934202725,38.149326623004754],[-3.0281177831809396,38.14925820739245],[-3.028168785388397,38.14917317046516],[-3.028339760297672,38.14890590927561],[-3.0284740224688655,38.148735722265286],[-3.028568826828529,38.14864178962361],[-3.0288120503946874,38.14839379843065]]]},"properties":{"dn_surface":3996.9711221329376,"provincia":23,"municipio":48,"agregado":0,"zona":0,"poligono":12,"parcela":65,"recinto":2,"uso_sigpac":"OV","idPanel":"23:48:0:0:12:65:2"},"id":1156719906},{"type":"Feature","geometry":{"type":"Polygon","coordinates":[[[-3.0282365748725275,38.14859202290876],[-3.0284740224688655,38.148735722265286],[-3.028339760297672,38.14890590927561],[-3.028168785388397,38.14917317046516],[-3.0281177831809396,38.14925820739245],[-3.0280985550939175,38.14929026649759],[-3.028081284181403,38.14931906336585],[-3.028026918316002,38.14925364344589],[-3.028011843462249,38.14923545722948],[-3.027987925700124,38.1491878094599],[-3.02796188983094,38.14913594056358],[-3.0279369243308554,38.149102035763235],[-3.027900432036843,38.14905020123274],[-3.0278587597263615,38.148960995984766],[-3.0278236873268294,38.14886736676797],[-3.0278272982509304,38.148830634751505],[-3.0278723593650674,38.1488109280578],[-3.0279790484259457,38.14875493694126],[-3.028121564257685,38.14867217067166],[-3.0282365748725275,38.14859202290876]]]},"properties":{"dn_surface":2240.5770052554917,"provincia":23,"municipio":48,"agregado":0,"zona":0,"poligono":12,"parcela":66,"recinto":1,"uso_sigpac":"OV","idPanel":"23:48:0:0:12:66:1"},"id":1156719904},{"type":"Feature","geometry":{"type":"Polygon","coordinates":[[[-3.028190943788942,38.149503658030426],[-3.028227132658042,38.14947685186428],[-3.028250348854831,38.14945965303613],[-3.028336988402127,38.14939547531429],[-3.028514175978403,38.14925105427585],[-3.0287456782904667,38.14908093432075],[-3.028730230442001,38.148982160291524],[-3.0289299988667664,38.14880240366176],[-3.029138664682278,38.14861128955255],[-3.0292178895975876,38.14865759621753],[-3.029167423831965,38.148885176636895],[-3.0291287899615633,38.14902316791702],[-3.029104532732339,38.14914944045762],[-3.0290551943327606,38.14934610590166],[-3.028869221683247,38.14921546555104],[-3.0288578046922567,38.149205013317186],[-3.028819692176264,38.14922169498189],[-3.0286515143082444,38.1493490806393],[-3.028318904444957,38.14955229821743],[-3.028274953094867,38.14952526993082],[-3.028190943788942,38.149503658030426]]]},"properties":{"dn_surface":2715.6408803158824,"provincia":23,"municipio":48,"agregado":0,"zona":0,"poligono":12,"parcela":64,"recinto":1,"uso_sigpac":"OV","idPanel":"23:48:0:0:12:64:1"},"id":1175618399},{"type":"Feature","geometry":{"type":"Polygon","coordinates":[[[-3.0370501893304405,38.14409310568308],[-3.0368913857834867,38.14420004201011],[-3.0368675157982112,38.14416553035994],[-3.03658359641335,38.14375635013022],[-3.0364815819401496,38.143777288963804],[-3.036088870474778,38.14329243355496],[-3.0360502743229434,38.14324611934626],[-3.0363804509195944,38.14306829642169],[-3.0364034081155604,38.143105331024856],[-3.036921356118253,38.14389585769675],[-3.037044820721138,38.14408499619125],[-3.0370501893304405,38.14409310568308]]]},"properties":{"dn_surface":3310.49070473964,"provincia":23,"municipio":48,"agregado":0,"zona":0,"poligono":12,"parcela":182,"recinto":2,"uso_sigpac":"OV","idPanel":"23:48:0:0:12:182:2"},"id":1112036579},{"type":"Feature","geometry":{"type":"Polygon","coordinates":[[[-3.0368913857834867,38.14420004201011],[-3.036894469485847,38.144204456758786],[-3.036885912400389,38.144210047488514],[-3.0367192214820813,38.14429129998632],[-3.036695121832646,38.14425453528045],[-3.0366126371949993,38.144299530177534],[-3.0364697475303557,38.14406443370518],[-3.036438222352458,38.14401153886391],[-3.036390717913402,38.14395630547142],[-3.0359244661397913,38.1433812540736],[-3.0358984537399385,38.14339532142253],[-3.0358633117706066,38.14340984139429],[-3.035827448119369,38.1433518101224],[-3.0360502743229434,38.14324611934626],[-3.036088870474778,38.14329243355496],[-3.0364815819401496,38.143777288963804],[-3.03658359641335,38.14375635013022],[-3.0368675157982112,38.14416553035994],[-3.0368913857834867,38.14420004201011]]]},"properties":{"dn_surface":2749.9818455233,"provincia":23,"municipio":48,"agregado":0,"zona":0,"poligono":12,"parcela":230,"recinto":2,"uso_sigpac":"OV","idPanel":"23:48:0:0:12:230:2"},"id":1112036525},{"type":"Feature","geometry":{"type":"Polygon","coordinates":[[[-3.036390717913402,38.14395630547142],[-3.036438222352458,38.14401153886391],[-3.0364697475303557,38.14406443370518],[-3.0366126371949993,38.144299530177534],[-3.0366496441378974,38.14436017492699],[-3.036694074094687,38.144433343916916],[-3.0364632171892056,38.14468694008883],[-3.036207816393394,38.14492197034417],[-3.036111550229731,38.145031499194005],[-3.0361012840741153,38.145043309296256],[-3.036093747904524,38.145033768175324],[-3.036014028456899,38.14493285005514],[-3.03586336541479,38.14472873896608],[-3.0357516480498994,38.144577389446056],[-3.0357490639089977,38.14451473303973],[-3.035739537875476,38.14441604702046],[-3.0357494016997157,38.14428770163511],[-3.0359754197322086,38.14416912200568],[-3.036091339783599,38.14410987619593],[-3.036390717913402,38.14395630547142]]]},"properties":{"dn_surface":5757.51633867535,"provincia":23,"municipio":48,"agregado":0,"zona":0,"poligono":12,"parcela":181,"recinto":1,"uso_sigpac":"OV","idPanel":"23:48:0:0:12:181:1"},"id":1112036580},{"type":"Feature","geometry":{"type":"Polygon","coordinates":[[[-3.036390717913402,38.14395630547142],[-3.036091339783599,38.14410987619593],[-3.0359754197322086,38.14416912200568],[-3.0357494016997157,38.14428770163511],[-3.035724193124425,38.14425692077023],[-3.035277786345946,38.14371183970715],[-3.0355346112271913,38.14357865041964],[-3.0358633117706066,38.14340984139429],[-3.0358984537399385,38.14339532142253],[-3.0359244661397913,38.1433812540736],[-3.036390717913402,38.14395630547142]]]},"properties":{"dn_surface":5116.79024239176,"provincia":23,"municipio":48,"agregado":0,"zona":0,"poligono":12,"parcela":180,"recinto":1,"uso_sigpac":"OV","idPanel":"23:48:0:0:12:180:1"},"id":1112036581},{"type":"Feature","geometry":{"type":"Polygon","coordinates":[[[-3.0363804509195944,38.14306829642169],[-3.0360502743229434,38.14324611934626],[-3.035827448119369,38.1433518101224],[-3.0355906828099894,38.14296830031088],[-3.0358675588811965,38.14277805624326],[-3.036082020783098,38.14261045085925],[-3.0360895510853556,38.14260675360154],[-3.0362413364643657,38.14284302102584],[-3.0363804509195944,38.14306829642169]]]},"properties":{"dn_surface":2994.34296081556,"provincia":23,"municipio":48,"agregado":0,"zona":0,"poligono":12,"parcela":177,"recinto":1,"uso_sigpac":"OV","idPanel":"23:48:0:0:12:177:1"},"id":1112036584},{"type":"Feature","geometry":{"type":"Polygon","coordinates":[[[-3.0355346112271913,38.14357865041964],[-3.035352127125986,38.1433424810636],[-3.0352604257470626,38.143216330060596],[-3.0353673335756266,38.14316952467229],[-3.0352943489876,38.143044719803044],[-3.0355334017184914,38.142983096885445],[-3.0355906828099894,38.14296830031088],[-3.035827448119369,38.1433518101224],[-3.0358633117706066,38.14340984139429],[-3.0355346112271913,38.14357865041964]]]},"properties":{"dn_surface":2001.22597956432,"provincia":23,"municipio":48,"agregado":0,"zona":0,"poligono":12,"parcela":178,"recinto":1,"uso_sigpac":"OV","idPanel":"23:48:0:0:12:178:1"},"id":1112036583},{"type":"Feature","geometry":{"type":"Polygon","coordinates":[[[-3.0348127055242777,38.14317157153317],[-3.034573998966008,38.14277408908825],[-3.0343480848691216,38.1423928273033],[-3.0344182581666557,38.14237189852804],[-3.0343945776124044,38.14225122593723],[-3.0344068520721406,38.142147037198214],[-3.0346237681954364,38.14232984400272],[-3.035005431473579,38.14312014603959],[-3.0348491056173508,38.14316290883576],[-3.0348127055242777,38.14317157153317]]]},"properties":{"dn_surface":2281.3799667731264,"provincia":23,"municipio":48,"agregado":0,"zona":0,"poligono":12,"parcela":166,"recinto":1,"uso_sigpac":"OV","idPanel":"23:48:0:0:12:166:1"},"id":1206268641},{"type":"Feature","geometry":{"type":"Polygon","coordinates":[[[-3.0344068520721406,38.142147037198214],[-3.0343945776124044,38.14225122593723],[-3.0344182581666557,38.14237189852804],[-3.0343480848691216,38.1423928273033],[-3.034573998966008,38.14277408908825],[-3.0348127055242777,38.14317157153317],[-3.034313936993565,38.143280942803244],[-3.0341432311433993,38.143323437378456],[-3.034087663313011,38.14334228576524],[-3.033898788848447,38.14285367274903],[-3.033673029816778,38.142318833534034],[-3.033767632172563,38.142313221011364],[-3.0339394829907707,38.14228325319118],[-3.034108705243987,38.1422476083076],[-3.034238781492488,38.14220458315788],[-3.0344068520721406,38.142147037198214]]]},"properties":{"dn_surface":7005.61277669348,"provincia":23,"municipio":48,"agregado":0,"zona":0,"poligono":12,"parcela":167,"recinto":1,"uso_sigpac":"OV","idPanel":"23:48:0:0:12:167:1"},"id":1112036594},{"type":"Feature","geometry":{"type":"Polygon","coordinates":[[[-3.0340982739648683,38.14191198095901],[-3.0342594412086568,38.14197547723208],[-3.034357263053642,38.142020332989574],[-3.034393919632967,38.14207124467248],[-3.034407634941943,38.14211378031902],[-3.0344068520721406,38.142147037198214],[-3.034238781492488,38.14220458315788],[-3.034108705243987,38.1422476083076],[-3.0339394829907707,38.14228325319118],[-3.033767632172563,38.142313221011364],[-3.033673029816778,38.142318833534034],[-3.0334970659984384,38.14233834744397],[-3.0332383610562004,38.142349951351434],[-3.0331366818591468,38.14235322280845],[-3.033090028183313,38.14215306462518],[-3.0333836261523435,38.14208575374775],[-3.033659876933538,38.1420170045356],[-3.0339272311621746,38.141958441851074],[-3.034023649876484,38.14193363141618],[-3.0340982739648683,38.14191198095901]]]},"properties":{"dn_surface":3411.29993291077,"provincia":23,"municipio":48,"agregado":0,"zona":0,"poligono":12,"parcela":171,"recinto":1,"uso_sigpac":"OV","idPanel":"23:48:0:0:12:171:1"},"id":1112036590},{"type":"Feature","geometry":{"type":"Polygon","coordinates":[[[-3.032588547268572,38.14281507994997],[-3.032506528664769,38.142639805124105],[-3.0323717325663107,38.142346749464224],[-3.032521260698662,38.142414036034154],[-3.0326343585630866,38.14242473218141],[-3.032820928842331,38.14238926415604],[-3.033040822217812,38.142355410485294],[-3.0331366818591468,38.14235322280845],[-3.0332383610562004,38.142349951351434],[-3.0334970659984384,38.14233834744397],[-3.033673029816778,38.142318833534034],[-3.033898788848447,38.14285367274903],[-3.0333121586888825,38.142998662080544],[-3.0329879860498297,38.14308850938238],[-3.0328160178849703,38.14312073361103],[-3.0327387643934043,38.14313463080731],[-3.032588547268572,38.14281507994997]]]},"properties":{"dn_surface":7975.03104190671,"provincia":23,"municipio":48,"agregado":0,"zona":0,"poligono":12,"parcela":168,"recinto":1,"uso_sigpac":"OV","idPanel":"23:48:0:0:12:168:1"},"id":1112036593},{"type":"Feature","geometry":{"type":"Polygon","coordinates":[[[-3.0347916082727373,38.14226788161801],[-3.0346280689502105,38.142328256470165],[-3.0346237681954364,38.14232984400272],[-3.0344068520721406,38.142147037198214],[-3.034407634941943,38.14211378031902],[-3.034393919632967,38.14207124467248],[-3.034357263053642,38.142020332989574],[-3.0342594412086568,38.14197547723208],[-3.0340982739648683,38.14191198095901],[-3.034148023915918,38.14189907953286],[-3.0346116630501547,38.14184217478882],[-3.034675844962945,38.14193958340596],[-3.0346930136162347,38.14204331449304],[-3.0347916082727373,38.14226788161801]]]},"properties":{"dn_surface":1477.3217156465091,"provincia":23,"municipio":48,"agregado":0,"zona":0,"poligono":12,"parcela":172,"recinto":1,"uso_sigpac":"OV","idPanel":"23:48:0:0:12:172:1"},"id":1206268643},{"type":"Feature","geometry":{"type":"Polygon","coordinates":[[[-3.0357516480498994,38.144577389446056],[-3.035705337193926,38.14464228214425],[-3.0356168938609596,38.144703860637776],[-3.0355347570723152,38.14473715691193],[-3.035448401671553,38.1447588090455],[-3.035347305854994,38.14479211118697],[-3.0351485910355205,38.14484304801559],[-3.035116457331417,38.14471309414287],[-3.035033167192826,38.14452277044714],[-3.035032246859804,38.14452108065535],[-3.0348765638955872,38.14423522169798],[-3.034834785973118,38.14421747804613],[-3.034794106918222,38.144203395609765],[-3.034790041694942,38.1442019882881],[-3.034730660936573,38.14412566854065],[-3.0345065749328777,38.143814735956624],[-3.034271923539604,38.1434891417467],[-3.0340041309374053,38.143592320466325],[-3.033517026663841,38.14376720469548],[-3.033142429330494,38.143907989664115],[-3.033120633866378,38.143912318079174],[-3.032846471855579,38.143335492232325],[-3.0327387643934043,38.14313463080731],[-3.0328160178849703,38.14312073361103],[-3.0329879860498297,38.14308850938238],[-3.0333121586888825,38.142998662080544],[-3.033898788848447,38.14285367274903],[-3.034087663313011,38.14334228576524],[-3.0341432311433993,38.143323437378456],[-3.034313936993565,38.143280942803244],[-3.0348127055242777,38.14317157153317],[-3.0348491056173508,38.14316290883576],[-3.03507132748567,38.14344323070753],[-3.035167830857207,38.14356878408083],[-3.035277786345946,38.14371183970715],[-3.035724193124425,38.14425692077023],[-3.0357494016997157,38.14428770163511],[-3.035739537875476,38.14441604702046],[-3.0357490639089977,38.14451473303973],[-3.0357516480498994,38.144577389446056]]]},"properties":{"dn_surface":20856.168506666992,"provincia":23,"municipio":48,"agregado":0,"zona":0,"poligono":12,"parcela":165,"recinto":2,"uso_sigpac":"OV","idPanel":"23:48:0:0:12:165:2"},"id":1400390969},{"type":"Feature","geometry":{"type":"Polygon","coordinates":[[[-3.0352943489876,38.143044719803044],[-3.0353673335756266,38.14316952467229],[-3.0352604257470626,38.143216330060596],[-3.035352127125986,38.1433424810636],[-3.0355346112271913,38.14357865041964],[-3.035277786345946,38.14371183970715],[-3.035167830857207,38.14356878408083],[-3.03507132748567,38.14344323070753],[-3.0348491056173508,38.14316290883576],[-3.035005431473579,38.14312014603959],[-3.0351566192228563,38.143074860290426],[-3.035214242296025,38.14305753992471],[-3.0352943489876,38.143044719803044]]]},"properties":{"dn_surface":2048.1913938406665,"provincia":23,"municipio":48,"agregado":0,"zona":0,"poligono":12,"parcela":179,"recinto":1,"uso_sigpac":"OV","idPanel":"23:48:0:0:12:179:1"},"id":1206268640},{"type":"Feature","geometry":{"type":"Polygon","coordinates":[[[-3.0351485910355205,38.14484304801559],[-3.03467820782159,38.14491266643108],[-3.0344934471953473,38.144929747912556],[-3.0342928481239286,38.14452017876255],[-3.0342921700279213,38.144485823853955],[-3.0342921457204013,38.14448457914125],[-3.034393236507817,38.144436605315605],[-3.034513603997296,38.14437042012784],[-3.034600427108283,38.14431893428454],[-3.034790041694942,38.1442019882881],[-3.034794106918222,38.144203395609765],[-3.034834785973118,38.14421747804613],[-3.0348765638955872,38.14423522169798],[-3.035032246859804,38.14452108065535],[-3.035033167192826,38.14452277044714],[-3.035116457331417,38.14471309414287],[-3.0351485910355205,38.14484304801559]]]},"properties":{"dn_surface":3887.051967774269,"provincia":23,"municipio":48,"agregado":0,"zona":0,"poligono":12,"parcela":164,"recinto":1,"uso_sigpac":"OV","idPanel":"23:48:0:0:12:164:1"},"id":1400390970},{"type":"Feature","geometry":{"type":"Polygon","coordinates":[[[-3.034790041694942,38.1442019882881],[-3.034600427108283,38.14431893428454],[-3.034513603997296,38.14437042012784],[-3.034371082298224,38.14417145971859],[-3.0340041309374053,38.143592320466325],[-3.034271923539604,38.1434891417467],[-3.0345065749328777,38.143814735956624],[-3.034730660936573,38.14412566854065],[-3.034790041694942,38.1442019882881]]]},"properties":{"dn_surface":2685.3308304223547,"provincia":23,"municipio":48,"agregado":0,"zona":0,"poligono":12,"parcela":163,"recinto":1,"uso_sigpac":"OV","idPanel":"23:48:0:0:12:163:1"},"id":1400390971},{"type":"Feature","geometry":{"type":"Polygon","coordinates":[[[-3.0340041309374053,38.143592320466325],[-3.034371082298224,38.14417145971859],[-3.034513603997296,38.14437042012784],[-3.034393236507817,38.144436605315605],[-3.0342921457204013,38.14448457914125],[-3.0342921700279213,38.144485823853955],[-3.034226403097146,38.144517852784276],[-3.0342481474316507,38.144561634819894],[-3.034415478727399,38.14494045327996],[-3.0343711141494585,38.14494654440935],[-3.0342922597142907,38.14495765126989],[-3.0342139760867637,38.144968577919514],[-3.033517026663841,38.14376720469548],[-3.0340041309374053,38.143592320466325]]]},"properties":{"dn_surface":5835.05463707399,"provincia":23,"municipio":48,"agregado":0,"zona":0,"poligono":12,"parcela":162,"recinto":1,"uso_sigpac":"OV","idPanel":"23:48:0:0:12:162:1"},"id":1400390967},{"type":"Feature","geometry":{"type":"Polygon","coordinates":[[[-3.0342139760867637,38.144968577919514],[-3.033903693938475,38.1450139039018],[-3.0337105975090317,38.145016028714366],[-3.0336910651589073,38.14498025307316],[-3.033596139261641,38.14479209526135],[-3.0332023993366892,38.14403153389509],[-3.033142429330494,38.143907989664115],[-3.033517026663841,38.14376720469548],[-3.0342139760867637,38.144968577919514]]]},"properties":{"dn_surface":5560.573077454297,"provincia":23,"municipio":48,"agregado":0,"zona":0,"poligono":12,"parcela":161,"recinto":1,"uso_sigpac":"OV","idPanel":"23:48:0:0:12:161:1"},"id":1400390972},{"type":"Feature","geometry":{"type":"Polygon","coordinates":[[[-3.0369089542535814,38.14220212139276],[-3.0366574979816376,38.14232629761926],[-3.0361059796165515,38.1416964746719],[-3.0358172087858444,38.141370841067044],[-3.0359824328710094,38.141331138503915],[-3.0360820266504303,38.141495500091224],[-3.036159303611327,38.14153134865501],[-3.036317265615151,38.141574383863],[-3.0363572263409027,38.14161186438349],[-3.0364291648673514,38.14169710331467],[-3.0369089542535814,38.14220212139276]]]},"properties":{"dn_surface":2695.48050104899,"provincia":23,"municipio":48,"agregado":0,"zona":0,"poligono":12,"parcela":188,"recinto":1,"uso_sigpac":"OV","idPanel":"23:48:0:0:12:188:1"},"id":1112036573},{"type":"Feature","geometry":{"type":"Polygon","coordinates":[[[-3.0366574979816376,38.14232629761926],[-3.0360895510853556,38.14260675360154],[-3.0358949651916305,38.1423599534771],[-3.0352502501160057,38.14156432054946],[-3.035459960316715,38.1414840495726],[-3.0358172087858444,38.141370841067044],[-3.0361059796165515,38.1416964746719],[-3.0366574979816376,38.14232629761926]]]},"properties":{"dn_surface":7460.43267992535,"provincia":23,"municipio":48,"agregado":0,"zona":0,"poligono":12,"parcela":187,"recinto":1,"uso_sigpac":"OV","idPanel":"23:48:0:0:12:187:1"},"id":1112036574},{"type":"Feature","geometry":{"type":"Polygon","coordinates":[[[-3.0360895510853556,38.14260675360154],[-3.036082020783098,38.14261045085925],[-3.0358675588811965,38.14277805624326],[-3.035554160341124,38.142274159663884],[-3.035457529564651,38.14210213534025],[-3.0350579348799847,38.14197652077908],[-3.034972720256312,38.14181044173972],[-3.0350450393211865,38.14174435964938],[-3.0350929427388573,38.14169009017587],[-3.0351289815718814,38.141643665326],[-3.0351855594216617,38.141594170184845],[-3.0352502501160057,38.14156432054946],[-3.0358949651916305,38.1423599534771],[-3.0360895510853556,38.14260675360154]]]},"properties":{"dn_surface":3538.67369439309,"provincia":23,"municipio":48,"agregado":0,"zona":0,"poligono":12,"parcela":176,"recinto":1,"uso_sigpac":"OV","idPanel":"23:48:0:0:12:176:1"},"id":1112036585},{"type":"Feature","geometry":{"type":"Polygon","coordinates":[[[-3.0358675588811965,38.14277805624326],[-3.0355906828099894,38.14296830031088],[-3.0355334017184914,38.142983096885445],[-3.035485568708811,38.14295129594291],[-3.0353845743132872,38.14272672965612],[-3.035048121347166,38.14197823571658],[-3.0350579348799847,38.14197652077908],[-3.035457529564651,38.14210213534025],[-3.035554160341124,38.142274159663884],[-3.0358675588811965,38.14277805624326]]]},"properties":{"dn_surface":3390.1856470697,"provincia":23,"municipio":48,"agregado":0,"zona":0,"poligono":12,"parcela":175,"recinto":1,"uso_sigpac":"OV","idPanel":"23:48:0:0:12:175:1"},"id":1112036586},{"type":"Feature","geometry":{"type":"Polygon","coordinates":[[[-3.034972720256312,38.14181044173972],[-3.0350579348799847,38.14197652077908],[-3.035048121347166,38.14197823571658],[-3.0353845743132872,38.14272672965612],[-3.035485568708811,38.14295129594291],[-3.0355334017184914,38.142983096885445],[-3.0352943489876,38.143044719803044],[-3.035214242296025,38.14305753992471],[-3.0351566192228563,38.143074860290426],[-3.0350533256711554,38.14281478490696],[-3.0349361106156474,38.14255534403358],[-3.034845515648008,38.1423550190504],[-3.0347916082727373,38.14226788161801],[-3.0346930136162347,38.14204331449304],[-3.034675844962945,38.14193958340596],[-3.0346116630501547,38.14184217478882],[-3.0346665511081543,38.14183549022067],[-3.0347875078454614,38.14181689161461],[-3.034972720256312,38.14181044173972]]]},"properties":{"dn_surface":4431.309582834333,"provincia":23,"municipio":48,"agregado":0,"zona":0,"poligono":12,"parcela":174,"recinto":1,"uso_sigpac":"OV","idPanel":"23:48:0:0:12:174:1"},"id":1206268642},{"type":"Feature","geometry":{"type":"Polygon","coordinates":[[[-3.0347916082727373,38.14226788161801],[-3.034845515648008,38.1423550190504],[-3.0349361106156474,38.14255534403358],[-3.0350533256711554,38.14281478490696],[-3.0351566192228563,38.143074860290426],[-3.035005431473579,38.14312014603959],[-3.034677535592916,38.14236718454538],[-3.0346280689502105,38.142328256470165],[-3.0347916082727373,38.14226788161801]]]},"properties":{"dn_surface":1383.609869446503,"provincia":23,"municipio":48,"agregado":0,"zona":0,"poligono":12,"parcela":173,"recinto":2,"uso_sigpac":"OV","idPanel":"23:48:0:0:12:173:2"},"id":1206268639},{"type":"Feature","geometry":{"type":"Polygon","coordinates":[[[-3.036967089461063,38.14163539071072],[-3.0368972581451983,38.14165343611114],[-3.036761835080345,38.14172395474307],[-3.036633285176503,38.14162259992571],[-3.0367119334168393,38.14158572374052],[-3.0368354206508643,38.14153380120001],[-3.036880086977338,38.1415161463963],[-3.0369221347971047,38.14151717234131],[-3.03696682962205,38.14155451707495],[-3.0369812993023575,38.14158460727094],[-3.036977371542297,38.14161262713671],[-3.036967089461063,38.14163539071072]]]},"properties":{"dn_surface":384.816150366479,"provincia":23,"municipio":48,"agregado":0,"zona":0,"poligono":12,"parcela":9013,"recinto":15,"uso_sigpac":"OV","idPanel":"23:48:0:0:12:9013:15"},"id":1112036500},{"type":"Feature","geometry":{"type":"Polygon","coordinates":[[[-3.036317265615151,38.141574383863],[-3.036456392643237,38.14160588808616],[-3.036633285176503,38.14162259992571],[-3.036761835080345,38.14172395474307],[-3.0367700610806083,38.14174125666864],[-3.0370604152529186,38.14202894455741],[-3.0370554456222316,38.142129797298736],[-3.0369089542535814,38.14220212139276],[-3.0364291648673514,38.14169710331467],[-3.0363572263409027,38.14161186438349],[-3.036317265615151,38.141574383863]]]},"properties":{"dn_surface":1577.39425668838,"provincia":23,"municipio":48,"agregado":0,"zona":0,"poligono":12,"parcela":189,"recinto":1,"uso_sigpac":"OV","idPanel":"23:48:0:0:12:189:1"},"id":1112036572},{"type":"Feature","geometry":{"type":"Polygon","coordinates":[[[-3.036761835080345,38.14172395474307],[-3.0368972581451983,38.14165343611114],[-3.036967089461063,38.14163539071072],[-3.0370105663954052,38.14163114192374],[-3.037031478406875,38.14168530159432],[-3.0370345872549467,38.14173775470931],[-3.037059878811083,38.141875279117386],[-3.0370604152529186,38.14202894455741],[-3.0367700610806083,38.14174125666864],[-3.036761835080345,38.14172395474307]]]},"properties":{"dn_surface":586.627659704761,"provincia":23,"municipio":48,"agregado":0,"zona":0,"poligono":12,"parcela":192,"recinto":1,"uso_sigpac":"OV","idPanel":"23:48:0:0:12:192:1"},"id":1112036571},{"type":"Feature","geometry":{"type":"Polygon","coordinates":[[[-3.0370373591504904,38.1424620970316],[-3.037097457399813,38.14259753937483],[-3.0371272953005013,38.14269973322078],[-3.037125183060776,38.14280743481561],[-3.0366774619998016,38.142979436508114],[-3.036496624942668,38.14306682036843],[-3.0364034081155604,38.143105331024856],[-3.0363804509195944,38.14306829642169],[-3.0362413364643657,38.14284302102584],[-3.0370373591504904,38.1424620970316]]]},"properties":{"dn_surface":2674.79420950808,"provincia":23,"municipio":48,"agregado":0,"zona":0,"poligono":12,"parcela":185,"recinto":1,"uso_sigpac":"OV","idPanel":"23:48:0:0:12:185:1"},"id":1112036576},{"type":"Feature","geometry":{"type":"Polygon","coordinates":[[[-3.0370554456222316,38.142129797298736],[-3.03701619232915,38.14235656551162],[-3.0370373591504904,38.1424620970316],[-3.0362413364643657,38.14284302102584],[-3.0360895510853556,38.14260675360154],[-3.0366574979816376,38.14232629761926],[-3.0369089542535814,38.14220212139276],[-3.0370554456222316,38.142129797298736]]]},"properties":{"dn_surface":2670.3306461813,"provincia":23,"municipio":48,"agregado":0,"zona":0,"poligono":12,"parcela":186,"recinto":1,"uso_sigpac":"OV","idPanel":"23:48:0:0:12:186:1"},"id":1112036575},{"type":"Feature","geometry":{"type":"Polygon","coordinates":[[[-3.0374579538566144,38.14366722953946],[-3.037233180536817,38.14375634091013],[-3.037105813319583,38.14352403309712],[-3.0370729151858633,38.14346428940229],[-3.0369655212068865,38.14345449682426],[-3.0366774619998016,38.142979436508114],[-3.037125183060776,38.14280743481561],[-3.0371354508927726,38.143020670445],[-3.0372044356363674,38.1431275397168],[-3.037276387573861,38.14323323636029],[-3.0373481215818594,38.14335849049962],[-3.0374383787587806,38.14355259527207],[-3.0374579538566144,38.14366722953946]]]},"properties":{"dn_surface":3168.0472287384,"provincia":23,"municipio":48,"agregado":0,"zona":0,"poligono":12,"parcela":184,"recinto":1,"uso_sigpac":"OV","idPanel":"23:48:0:0:12:184:1"},"id":1112036577},{"type":"Feature","geometry":{"type":"Polygon","coordinates":[[[-3.0374579538566144,38.14366722953946],[-3.037428235817148,38.14379548775304],[-3.037385173787037,38.1439420461769],[-3.0373512103133624,38.144027855915766],[-3.03727387384095,38.144100880736914],[-3.0371050111714006,38.14417708732867],[-3.0370501893304405,38.14409310568308],[-3.037044820721138,38.14408499619125],[-3.036921356118253,38.14389585769675],[-3.037233180536817,38.14375634091013],[-3.0374579538566144,38.14366722953946]]]},"properties":{"dn_surface":1361.27483470613,"provincia":23,"municipio":48,"agregado":0,"zona":0,"poligono":12,"parcela":183,"recinto":1,"uso_sigpac":"OV","idPanel":"23:48:0:0:12:183:1"},"id":1112036578},{"type":"Feature","geometry":{"type":"Polygon","coordinates":[[[-3.037233180536817,38.14375634091013],[-3.036921356118253,38.14389585769675],[-3.0364034081155604,38.143105331024856],[-3.036496624942668,38.14306682036843],[-3.0366774619998016,38.142979436508114],[-3.0369655212068865,38.14345449682426],[-3.0370729151858633,38.14346428940229],[-3.037105813319583,38.14352403309712],[-3.037233180536817,38.14375634091013]]]},"properties":{"dn_surface":2868.56606470955,"provincia":23,"municipio":48,"agregado":0,"zona":0,"poligono":12,"parcela":224,"recinto":1,"uso_sigpac":"OV","idPanel":"23:48:0:0:12:224:1"},"id":1112036533},{"type":"Feature","geometry":{"type":"Polygon","coordinates":[[[-3.0366126371949993,38.144299530177534],[-3.036695121832646,38.14425453528045],[-3.0367192214820813,38.14429129998632],[-3.036885912400389,38.144210047488514],[-3.036894469485847,38.144204456758786],[-3.0368913857834867,38.14420004201011],[-3.0370501893304405,38.14409310568308],[-3.0371050111714006,38.14417708732867],[-3.036877955459234,38.14427124544363],[-3.0367920510048894,38.14432822981573],[-3.036694074094687,38.144433343916916],[-3.0366496441378974,38.14436017492699],[-3.0366126371949993,38.144299530177534]]]},"properties":{"dn_surface":396.135673023421,"provincia":23,"municipio":48,"agregado":0,"zona":0,"poligono":12,"parcela":232,"recinto":1,"uso_sigpac":"OV","idPanel":"23:48:0:0:12:232:1"},"id":1112036523}]}