{"type":"FeatureCollection","features":[{"type":"Feature","geometry":{"type":"Polygon","coordinates":[[[-3.0080430316876194,38.13363078502229],[-3.008232715844078,38.133862963753984],[-3.00826173986192,38.13385335138682],[-3.008331346542766,38.13395391579073],[-3.0086364210143035,38.134302841029495],[-3.008553570925657,38.13423290745439],[-3.008009897184216,38.133656577816254],[-3.0080430316876194,38.13363078502229]]]},"properties":{"dn_surface":229.7902109962225,"provincia":23,"municipio":97,"agregado":0,"zona":0,"poligono":22,"parcela":427,"recinto":1,"uso_sigpac":"OV","idPanel":"23:97:0:0:22:427:1"},"id":1330679798},{"type":"Feature","geometry":{"type":"Polygon","coordinates":[[[-3.0076983334428564,38.13375866018288],[-3.0077312592368575,38.1337819182892],[-3.007758652974436,38.13383880794578],[-3.0077344795642484,38.13384428468163],[-3.007699183367889,38.13385589361823],[-3.007601292791295,38.13386733072579],[-3.0075468900455165,38.13386898698997],[-3.0074464563993484,38.13388717320635],[-3.00720562754307,38.13394172682641],[-3.0070941599589083,38.13395010956825],[-3.0070906873362175,38.13388526967603],[-3.007653215331775,38.133761952594625],[-3.0076983334428564,38.13375866018288]]]},"properties":{"dn_surface":523.0748798162624,"provincia":23,"municipio":97,"agregado":0,"zona":0,"poligono":22,"parcela":861,"recinto":1,"uso_sigpac":"OV","idPanel":"23:97:0:0:22:861:1"},"id":1368228049},{"type":"Feature","geometry":{"type":"Polygon","coordinates":[[[-3.007699183367889,38.13385589361823],[-3.0077161030786392,38.133890469809046],[-3.0076524383293055,38.13394851365379],[-3.0075787278684216,38.13396699323684],[-3.007532063296113,38.1340095347507],[-3.0074405572155447,38.134070464484864],[-3.007338322298278,38.13411012430029],[-3.0073132235259243,38.134145545387014],[-3.007284470243571,38.1341639327691],[-3.0071044143798598,38.13419620561277],[-3.0070948095564423,38.13396223734466],[-3.0070941599589083,38.13395010956825],[-3.00720562754307,38.13394172682641],[-3.0074464563993484,38.13388717320635],[-3.0075468900455165,38.13386898698997],[-3.007601292791295,38.13386733072579],[-3.007699183367889,38.13385589361823]]]},"properties":{"dn_surface":1037.1191709085265,"provincia":23,"municipio":97,"agregado":0,"zona":0,"poligono":22,"parcela":414,"recinto":1,"uso_sigpac":"OV","idPanel":"23:97:0:0:22:414:1"},"id":1368228048},{"type":"Feature","geometry":{"type":"Polygon","coordinates":[[[-3.0076524383293055,38.13394851365379],[-3.0078317247342596,38.13415543603335],[-3.007910697354269,38.13425321932155],[-3.008057796410936,38.134379299078404],[-3.008226467134891,38.134552152372294],[-3.008239930148567,38.13456709563013],[-3.0083437249381073,38.13467660017247],[-3.0084167112025146,38.13476330928955],[-3.0085298048759883,38.134865325439165],[-3.0085518308424555,38.134892543156724],[-3.008551952380058,38.13495229690983],[-3.0084954684075993,38.13495202952711],[-3.0081741414248424,38.134950152818845],[-3.007274657548943,38.135185334786655],[-3.007144673501383,38.13503005331563],[-3.0070866933591183,38.13490523084434],[-3.007066933859403,38.13474759992573],[-3.0070887016632373,38.13448298993234],[-3.0071044143798598,38.13419620561277],[-3.007284470243571,38.1341639327691],[-3.0073132235259243,38.134145545387014],[-3.007338322298278,38.13411012430029],[-3.0074405572155447,38.134070464484864],[-3.007532063296113,38.1340095347507],[-3.0075787278684216,38.13396699323684],[-3.0076524383293055,38.13394851365379]]]},"properties":{"dn_surface":10515.843766856497,"provincia":23,"municipio":97,"agregado":0,"zona":0,"poligono":22,"parcela":415,"recinto":1,"uso_sigpac":"OV","idPanel":"23:97:0:0:22:415:1"},"id":1405796677},{"type":"Feature","geometry":{"type":"Polygon","coordinates":[[[-3.0125715973829688,38.13358668698888],[-3.012372387192988,38.13368602428204],[-3.0121645721406978,38.13352327369665],[-3.012194686644208,38.133473791128324],[-3.0123287124457185,38.13320646539819],[-3.0123009666681866,38.13310705853519],[-3.0123892163791783,38.13311281774122],[-3.012409647269377,38.13319769792693],[-3.0124287119092763,38.133275087205334],[-3.0124597308201926,38.13335155698891],[-3.0124645043143334,38.13336159096579],[-3.0125715973829688,38.13358668698888]]]},"properties":{"dn_surface":1133.7545166015625,"provincia":23,"municipio":97,"agregado":0,"zona":0,"poligono":22,"parcela":321,"recinto":1,"uso_sigpac":"OV","idPanel":"23:97:0:0:22:321:1"},"id":1355289096},{"type":"Feature","geometry":{"type":"Polygon","coordinates":[[[-3.0110376344122067,38.133321840625825],[-3.011184945531037,38.133333095007885],[-3.0116239133700082,38.13336676846768],[-3.012194686644208,38.133473791128324],[-3.0121645721406978,38.13352327369665],[-3.0120883823127076,38.13371065282962],[-3.0119890399903975,38.13395463328166],[-3.011536146456667,38.13459114163538],[-3.011493142261692,38.13467307055285],[-3.0113440340627156,38.13483918563438],[-3.011212400456512,38.13510651052633],[-3.011185239735856,38.13508992944449],[-3.0110589101982956,38.13501261225045],[-3.0111264926494057,38.13449852662899],[-3.011137208913249,38.13444895521249],[-3.0111746609352323,38.13427978827983],[-3.011266420987482,38.13422730834276],[-3.011303017217101,38.13416891664903],[-3.0113294855925137,38.134079765045186],[-3.011289227309181,38.133953338277536],[-3.0111850536575946,38.133988496172464],[-3.011099937940385,38.13401725113124],[-3.0108471942080373,38.1340185327243],[-3.0110376344122067,38.133321840625825]]]},"properties":{"dn_surface":11379.145883453446,"provincia":23,"municipio":97,"agregado":0,"zona":0,"poligono":22,"parcela":324,"recinto":1,"uso_sigpac":"OV","idPanel":"23:97:0:0:22:324:1"},"id":1210223024},{"type":"Feature","geometry":{"type":"Polygon","coordinates":[[[-3.0125715973829688,38.13358668698888],[-3.012538577711646,38.13397495436891],[-3.0120883823127076,38.13371065282962],[-3.0121645721406978,38.13352327369665],[-3.012372387192988,38.13368602428204],[-3.0125715973829688,38.13358668698888]]]},"properties":{"dn_surface":1028.57238710738,"provincia":23,"municipio":97,"agregado":0,"zona":0,"poligono":22,"parcela":322,"recinto":1,"uso_sigpac":"OV","idPanel":"23:97:0:0:22:322:1"},"id":1112596768},{"type":"Feature","geometry":{"type":"Polygon","coordinates":[[[-3.012538577711646,38.13397495436891],[-3.0124834826206253,38.13405832748836],[-3.0124047773833436,38.134226328498215],[-3.0119890399903975,38.13395463328166],[-3.0120883823127076,38.13371065282962],[-3.012538577711646,38.13397495436891]]]},"properties":{"dn_surface":1333.4189453125,"provincia":23,"municipio":97,"agregado":0,"zona":0,"poligono":22,"parcela":323,"recinto":1,"uso_sigpac":"OV","idPanel":"23:97:0:0:22:323:1"},"id":1355289085},{"type":"Feature","geometry":{"type":"Polygon","coordinates":[[[-3.0124047773833436,38.134226328498215],[-3.0122658146405703,38.13433169824745],[-3.012219410745466,38.13453818141525],[-3.011933165382336,38.13482084183818],[-3.011493142261692,38.13467307055285],[-3.011536146456667,38.13459114163538],[-3.0119890399903975,38.13395463328166],[-3.0124047773833436,38.134226328498215]]]},"properties":{"dn_surface":3828.72612891444,"provincia":23,"municipio":97,"agregado":0,"zona":0,"poligono":22,"parcela":325,"recinto":1,"uso_sigpac":"OV","idPanel":"23:97:0:0:22:325:1"},"id":1112596765},{"type":"Feature","geometry":{"type":"Polygon","coordinates":[[[-3.0126443673942602,38.13527772180532],[-3.0124955617820057,38.135231139375634],[-3.0123199449744784,38.1352066399094],[-3.0118963663106477,38.13514764304222],[-3.011746771123067,38.13515243246198],[-3.0118103026001335,38.13499614767707],[-3.011933165382336,38.13482084183818],[-3.012219410745466,38.13453818141525],[-3.0122658146405703,38.13433169824745],[-3.0124047773833436,38.134226328498215],[-3.012436302561241,38.13439801670748],[-3.012579815839518,38.13483601811296],[-3.0126443673942602,38.13527772180532]]]},"properties":{"dn_surface":4584.0015869140625,"provincia":23,"municipio":97,"agregado":0,"zona":0,"poligono":22,"parcela":326,"recinto":1,"uso_sigpac":"OV","idPanel":"23:97:0:0:22:326:1"},"id":1355289084},{"type":"Feature","geometry":{"type":"Polygon","coordinates":[[[-3.0082191480566047,38.13350650653652],[-3.0090741282149627,38.13426207983193],[-3.009046058895949,38.1342682095181],[-3.008915636474826,38.13427741033374],[-3.008533095611369,38.133842842156014],[-3.0084105471505542,38.13385835035419],[-3.0081503477148916,38.13354724761754],[-3.0082191480566047,38.13350650653652]]]},"properties":{"dn_surface":990.4616573801277,"provincia":23,"municipio":97,"agregado":0,"zona":0,"poligono":22,"parcela":428,"recinto":1,"uso_sigpac":"OV","idPanel":"23:97:0:0:22:428:1"},"id":1330679801},{"type":"Feature","geometry":{"type":"Polygon","coordinates":[[[-3.0081503477148916,38.13354724761754],[-3.0084105471505542,38.13385835035419],[-3.008533095611369,38.133842842156014],[-3.008915636474826,38.13427741033374],[-3.0087129871897687,38.13430869578923],[-3.0086364210143035,38.134302841029495],[-3.008331346542766,38.13395391579073],[-3.00826173986192,38.13385335138682],[-3.008232715844078,38.133862963753984],[-3.0080430316876194,38.13363078502229],[-3.0081503477148916,38.13354724761754]]]},"properties":{"dn_surface":1749.01400938434,"provincia":23,"municipio":97,"agregado":0,"zona":0,"poligono":22,"parcela":427,"recinto":2,"uso_sigpac":"OV","idPanel":"23:97:0:0:22:427:2"},"id":1330679799},{"type":"Feature","geometry":{"type":"Polygon","coordinates":[[[-3.0072986876285777,38.132732454496306],[-3.0073192719076136,38.13274950328841],[-3.0073802175673974,38.132799979950505],[-3.0073869230903343,38.13280553296167],[-3.0073874394156,38.13280596043876],[-3.0073879549026756,38.132806387077636],[-3.0073930552910597,38.13281061155709],[-3.0079637531281267,38.133283276325216],[-3.0082191480566047,38.13350650653652],[-3.0081503477148916,38.13354724761754],[-3.0080430316876194,38.13363078502229],[-3.008009897184216,38.133656577816254],[-3.008553570925657,38.13423290745439],[-3.0084786098847456,38.13429113318642],[-3.0088541946063456,38.13474102348408],[-3.0087850967070517,38.13482228352558],[-3.0084893462651583,38.13445684258383],[-3.0083925880837485,38.13450142592947],[-3.008239930148567,38.13456709563013],[-3.008226467134891,38.134552152372294],[-3.008057796410936,38.134379299078404],[-3.007910697354269,38.13425321932155],[-3.0078317247342596,38.13415543603335],[-3.0076524383293055,38.13394851365379],[-3.0077161030786392,38.133890469809046],[-3.007699183367889,38.13385589361823],[-3.0077344795642484,38.13384428468163],[-3.007758652974436,38.13383880794578],[-3.0077312592368575,38.1337819182892],[-3.0076983334428564,38.13375866018288],[-3.007653215331775,38.133761952594625],[-3.0077619428716265,38.13363531963219],[-3.007542404050672,38.13363226526647],[-3.007215685827475,38.13333062653726],[-3.0072986876285777,38.132732454496306]]]},"properties":{"dn_surface":9361.800145546638,"provincia":23,"municipio":97,"agregado":0,"zona":0,"poligono":22,"parcela":807,"recinto":3,"uso_sigpac":"OV","idPanel":"23:97:0:0:22:807:3"},"id":1405796676},{"type":"Feature","geometry":{"type":"Polygon","coordinates":[[[-3.007653215331775,38.133761952594625],[-3.0070906873362175,38.13388526967603],[-3.0070882834062447,38.13380514957342],[-3.0071012845770286,38.13374818699424],[-3.0071619159154244,38.13352688462078],[-3.007215685827475,38.13333062653726],[-3.007542404050672,38.13363226526647],[-3.0077619428716265,38.13363531963219],[-3.007653215331775,38.133761952594625]]]},"properties":{"dn_surface":1682.720703125,"provincia":23,"municipio":97,"agregado":0,"zona":0,"poligono":22,"parcela":413,"recinto":2,"uso_sigpac":"OV","idPanel":"23:97:0:0:22:413:2"},"id":1355278035},{"type":"Feature","geometry":{"type":"Polygon","coordinates":[[[-3.0110376344122067,38.133321840625825],[-3.0107305684003567,38.133265985296106],[-3.0107500688992483,38.133231864242674],[-3.0107619385130366,38.133211095561734],[-3.01118476951106,38.13226897294189],[-3.0112350709913707,38.13215703261835],[-3.011384669531713,38.13221271863355],[-3.0114030351208467,38.132181984707415],[-3.0115888359413345,38.131752337545294],[-3.0116352540856743,38.13176361455851],[-3.011685256332025,38.1317757624515],[-3.0120972956290717,38.13185837449407],[-3.011806248273328,38.132678188375564],[-3.0115982362463023,38.132675140715406],[-3.011638237205191,38.1330553807463],[-3.0116239133700082,38.13336676846768],[-3.011184945531037,38.133333095007885],[-3.0110376344122067,38.133321840625825]]]},"properties":{"dn_surface":10671.885058370597,"provincia":23,"municipio":97,"agregado":0,"zona":0,"poligono":22,"parcela":437,"recinto":1,"uso_sigpac":"OV","idPanel":"23:97:0:0:22:437:1"},"id":1331432595},{"type":"Feature","geometry":{"type":"Polygon","coordinates":[[[-3.01235086162617,38.13263984368086],[-3.0122511404418137,38.13268157550286],[-3.011806248273328,38.132678188375564],[-3.0120972956290717,38.13185837449407],[-3.0121664379524553,38.13183106289918],[-3.0122706116040416,38.132128100801424],[-3.0122720373658565,38.132132165186505],[-3.0123508163638903,38.132388477095276],[-3.01235086162617,38.13263984368086]]]},"properties":{"dn_surface":2746.2923583984375,"provincia":23,"municipio":97,"agregado":0,"zona":0,"poligono":22,"parcela":435,"recinto":1,"uso_sigpac":"OV","idPanel":"23:97:0:0:22:435:1"},"id":1355289068},{"type":"Feature","geometry":{"type":"Polygon","coordinates":[[[-3.0123652290472522,38.132680840409904],[-3.0123583558862417,38.13273376542608],[-3.0123534147540276,38.132783963808976],[-3.0123696186502045,38.132829579805104],[-3.0123794497850214,38.1328843312381],[-3.012275728756233,38.13299223902777],[-3.0123009666681866,38.13310705853519],[-3.011638237205191,38.1330553807463],[-3.0115982362463023,38.132675140715406],[-3.011806248273328,38.132678188375564],[-3.0122511404418137,38.13268157550286],[-3.01235086162617,38.13263984368086],[-3.0123652290472522,38.132680840409904]]]},"properties":{"dn_surface":2824.86689197442,"provincia":23,"municipio":97,"agregado":0,"zona":0,"poligono":22,"parcela":434,"recinto":1,"uso_sigpac":"OV","idPanel":"23:97:0:0:22:434:1"},"id":1112596621},{"type":"Feature","geometry":{"type":"Polygon","coordinates":[[[-3.0123009666681866,38.13310705853519],[-3.0123287124457185,38.13320646539819],[-3.012194686644208,38.133473791128324],[-3.0116239133700082,38.13336676846768],[-3.011638237205191,38.1330553807463],[-3.0123009666681866,38.13310705853519]]]},"properties":{"dn_surface":2180.77959152598,"provincia":23,"municipio":97,"agregado":0,"zona":0,"poligono":22,"parcela":433,"recinto":1,"uso_sigpac":"OV","idPanel":"23:97:0:0:22:433:1"},"id":1112596622},{"type":"Feature","geometry":{"type":"Polygon","coordinates":[[[-3.0090784608209704,38.131728356080714],[-3.0098255876720303,38.13236810236384],[-3.009848864218525,38.132388033692564],[-3.0107619385130366,38.133211095561734],[-3.0107500688992483,38.133231864242674],[-3.010736596665477,38.13322330715721],[-3.0107156352007767,38.13320500275597],[-3.0106852583436825,38.133178445532366],[-3.010445418552036,38.13296815446574],[-3.009787739186003,38.13239150463889],[-3.0097800085562474,38.13239648851882],[-3.0097740255534067,38.1323913898068],[-3.0090277553329026,38.13176028861912],[-3.0090784608209704,38.131728356080714]]]},"properties":{"dn_surface":945.9967041015625,"provincia":23,"municipio":97,"agregado":0,"zona":0,"poligono":22,"parcela":439,"recinto":3,"uso_sigpac":"OV","idPanel":"23:97:0:0:22:439:3"},"id":1372922964},{"type":"Feature","geometry":{"type":"Polygon","coordinates":[[[-3.0090277553329026,38.13176028861912],[-3.0097740255534067,38.1323913898068],[-3.0097800085562474,38.13239648851882],[-3.009787739186003,38.13239150463889],[-3.010445418552036,38.13296815446574],[-3.0106852583436825,38.133178445532366],[-3.0107156352007767,38.13320500275597],[-3.010736596665477,38.13322330715721],[-3.0107500688992483,38.133231864242674],[-3.0107305684003567,38.133265985296106],[-3.0106209548932883,38.13350005247074],[-3.0104861210762626,38.133412713872644],[-3.0103971697999343,38.133373444653955],[-3.009936871692501,38.132983549508225],[-3.009379691351485,38.13249273708047],[-3.0093332447086714,38.132472515737845],[-3.0087214638089517,38.1319374703281],[-3.008800079359864,38.13190367197788],[-3.0090277553329026,38.13176028861912]]]},"properties":{"dn_surface":7755.6575927734375,"provincia":23,"municipio":97,"agregado":0,"zona":0,"poligono":22,"parcela":439,"recinto":2,"uso_sigpac":"OV","idPanel":"23:97:0:0:22:439:2"},"id":1318195142},{"type":"Feature","geometry":{"type":"Polygon","coordinates":[[[-3.0107619385130366,38.133211095561734],[-3.009848864218525,38.132388033692564],[-3.010490409258181,38.13200630587377],[-3.010401388412052,38.13186949979482],[-3.0105397820235655,38.13178792543192],[-3.0111671750570634,38.132131802250086],[-3.0112350709913707,38.13215703261835],[-3.01118476951106,38.13226897294189],[-3.0107619385130366,38.133211095561734]]]},"properties":{"dn_surface":9342.279369134953,"provincia":23,"municipio":97,"agregado":0,"zona":0,"poligono":22,"parcela":438,"recinto":1,"uso_sigpac":"OV","idPanel":"23:97:0:0:22:438:1"},"id":1346099132},{"type":"Feature","geometry":{"type":"Polygon","coordinates":[[[-3.0075055748041315,38.13188147166784],[-3.0081720761237785,38.13204898820368],[-3.008472396379554,38.132097640125295],[-3.0086022052453276,38.13201079522136],[-3.008694422111328,38.13194909938122],[-3.0087214638089517,38.1319374703281],[-3.0093332447086714,38.132472515737845],[-3.009379691351485,38.13249273708047],[-3.009294283944028,38.13258342089628],[-3.0091504094057027,38.1326637161807],[-3.0091223426012603,38.13269223560795],[-3.0096888561920134,38.133182074896666],[-3.0098501290477886,38.13332248854698],[-3.0100486292905284,38.13350535737757],[-3.010334003773868,38.133741913139346],[-3.0101255692988973,38.13391457700223],[-3.0097527162397033,38.13422337387718],[-3.0094343916548425,38.13444916308367],[-3.009390476346938,38.13448693864717],[-3.0093625118017204,38.13451099219611],[-3.009046058895949,38.1342682095181],[-3.0090741282149627,38.13426207983193],[-3.0082191480566047,38.13350650653652],[-3.0079637531281267,38.133283276325216],[-3.0073930552910597,38.13281061155709],[-3.0073879549026756,38.132806387077636],[-3.0073869230903343,38.13280553296167],[-3.0073802175673974,38.132799979950505],[-3.0073192719076136,38.13274950328841],[-3.0072986876285777,38.132732454496306],[-3.0073503251843343,38.132255864482715],[-3.0075055748041315,38.13188147166784]]]},"properties":{"dn_surface":37883.91198730469,"provincia":23,"municipio":97,"agregado":0,"zona":0,"poligono":22,"parcela":429,"recinto":1,"uso_sigpac":"OV","idPanel":"23:97:0:0:22:429:1"},"id":1355278036},{"type":"Feature","geometry":{"type":"Polygon","coordinates":[[[-3.009379691351485,38.13249273708047],[-3.009936871692501,38.132983549508225],[-3.0103971697999343,38.133373444653955],[-3.0104861210762626,38.133412713872644],[-3.0106209548932883,38.13350005247074],[-3.010808231767012,38.13358239377783],[-3.010883648783483,38.1332938308183],[-3.0110376344122067,38.133321840625825],[-3.0108471942080373,38.1340185327243],[-3.0107478921188653,38.13404623743051],[-3.0105901664847234,38.1340735062777],[-3.0104257068291727,38.134007404070786],[-3.010294567755286,38.134034606700965],[-3.010162999527931,38.13393250840875],[-3.0101255692988973,38.13391457700223],[-3.010334003773868,38.133741913139346],[-3.0100486292905284,38.13350535737757],[-3.0098501290477886,38.13332248854698],[-3.0096888561920134,38.133182074896666],[-3.0091223426012603,38.13269223560795],[-3.0091504094057027,38.1326637161807],[-3.009294283944028,38.13258342089628],[-3.009379691351485,38.13249273708047]]]},"properties":{"dn_surface":8235.760087036297,"provincia":23,"municipio":97,"agregado":0,"zona":0,"poligono":22,"parcela":430,"recinto":1,"uso_sigpac":"OV","idPanel":"23:97:0:0:22:430:1"},"id":1210223009},{"type":"Feature","geometry":{"type":"Polygon","coordinates":[[[-3.0107305684003567,38.133265985296106],[-3.010883648783483,38.1332938308183],[-3.010808231767012,38.13358239377783],[-3.0106209548932883,38.13350005247074],[-3.0107305684003567,38.133265985296106]]]},"properties":{"dn_surface":481.9837646484375,"provincia":23,"municipio":97,"agregado":0,"zona":0,"poligono":22,"parcela":439,"recinto":4,"uso_sigpac":"OV","idPanel":"23:97:0:0:22:439:4"},"id":1318195144},{"type":"Feature","geometry":{"type":"Polygon","coordinates":[[[-3.008710599185413,38.13523943075475],[-3.0083703492169285,38.13540059464577],[-3.0082078727197867,38.13551100778645],[-3.007947037097635,38.135645399038964],[-3.0077031991379375,38.13574968668448],[-3.0075724154567665,38.13559746963739],[-3.0075239093802217,38.13553185944821],[-3.0084345638191436,38.13517671735147],[-3.00864634267368,38.13513497714757],[-3.008710599185413,38.13523943075475]]]},"properties":{"dn_surface":2447.0191650390625,"provincia":23,"municipio":97,"agregado":0,"zona":0,"poligono":22,"parcela":417,"recinto":1,"uso_sigpac":"OV","idPanel":"23:97:0:0:22:417:1"},"id":1355278027},{"type":"Feature","geometry":{"type":"Polygon","coordinates":[[[-3.008710599185413,38.13523943075475],[-3.0087805620971646,38.13534856984609],[-3.008793688158314,38.13537966251775],[-3.008942389834963,38.135515654713856],[-3.007905896199846,38.13607845847406],[-3.0078301112178027,38.13593110628389],[-3.007774528299988,38.13583269183832],[-3.0077031991379375,38.13574968668448],[-3.007947037097635,38.135645399038964],[-3.0082078727197867,38.13551100778645],[-3.0083703492169285,38.13540059464577],[-3.008710599185413,38.13523943075475]]]},"properties":{"dn_surface":4005.9609375,"provincia":23,"municipio":97,"agregado":0,"zona":0,"poligono":22,"parcela":418,"recinto":1,"uso_sigpac":"OV","idPanel":"23:97:0:0:22:418:1"},"id":1355278024},{"type":"Feature","geometry":{"type":"Polygon","coordinates":[[[-3.0092252883039583,38.13568363393074],[-3.008976562856231,38.1359312269833],[-3.0089656118990837,38.1359421310018],[-3.00859730099349,38.13620090467563],[-3.0082369830712365,38.13652600938235],[-3.0080049619193345,38.13621346328193],[-3.007905896199846,38.13607845847406],[-3.008942389834963,38.135515654713856],[-3.0090066279065084,38.135480952794495],[-3.0090891402044373,38.13556557649392],[-3.0092252883039583,38.13568363393074]]]},"properties":{"dn_surface":5269.9366455078125,"provincia":23,"municipio":97,"agregado":0,"zona":0,"poligono":22,"parcela":419,"recinto":1,"uso_sigpac":"OV","idPanel":"23:97:0:0:22:419:1"},"id":1355278023},{"type":"Feature","geometry":{"type":"Polygon","coordinates":[[[-3.009526181043755,38.137176554910155],[-3.0095911290625406,38.13733193193494],[-3.009126629106797,38.13766641766824],[-3.009074803796399,38.13750608945304],[-3.0090066572431713,38.13733611534303],[-3.008963153486737,38.137264372953155],[-3.008959058088604,38.13725761881517],[-3.008944122374452,38.137229558716285],[-3.008923559888367,38.137190925684024],[-3.0089158233912774,38.13717914240385],[-3.0088497153170235,38.13707845227145],[-3.0088375665858424,38.13706522311287],[-3.008735590669399,38.13695417378571],[-3.008622811317313,38.136852361316414],[-3.0085255217232114,38.13679110636434],[-3.008419027122499,38.13670908608418],[-3.008286450552132,38.13656945195092],[-3.0082369830712365,38.13652600938235],[-3.00859730099349,38.13620090467563],[-3.0089656118990837,38.1359421310018],[-3.008976562856231,38.1359312269833],[-3.0090283412279684,38.136001013875045],[-3.009149471470682,38.136164281623934],[-3.0091838288938306,38.13621060589091],[-3.0092135385513923,38.136296926925894],[-3.009252096984661,38.13645051860516],[-3.009268455107865,38.13648630430467],[-3.009335312524307,38.13663256852374],[-3.009526181043755,38.137176554910155]]]},"properties":{"dn_surface":10321.361938476562,"provincia":23,"municipio":97,"agregado":0,"zona":0,"poligono":22,"parcela":421,"recinto":1,"uso_sigpac":"OV","idPanel":"23:97:0:0:22:421:1"},"id":1355278022},{"type":"Feature","geometry":{"type":"Polygon","coordinates":[[[-3.011493142261692,38.13467307055285],[-3.011933165382336,38.13482084183818],[-3.0118103026001335,38.13499614767707],[-3.011746771123067,38.13515243246198],[-3.0118963663106477,38.13514764304222],[-3.0123199449744784,38.1352066399094],[-3.0124955617820057,38.135231139375634],[-3.0126443673942602,38.13527772180532],[-3.0127957688820817,38.13577295317265],[-3.012893485953271,38.13597699050098],[-3.012869964655188,38.13650585341861],[-3.012855725477232,38.13664762326093],[-3.0127282660590566,38.13665971164241],[-3.0125188651505925,38.13661250392275],[-3.0124675134177514,38.136600881575106],[-3.0124496071569387,38.136650362467066],[-3.012418698887151,38.13673571539215],[-3.0120723552746984,38.13662813365849],[-3.01151969026519,38.13645657872152],[-3.011471867313795,38.13639520642283],[-3.0114221198773157,38.13641936390738],[-3.0112145462238518,38.13637161304035],[-3.010380842689773,38.13626045810122],[-3.0102991392455474,38.13625045932832],[-3.0103369064271095,38.13623549595391],[-3.010423152863124,38.13607822545711],[-3.0104609275883987,38.13612580198054],[-3.010577895377749,38.13585264076906],[-3.0106151453958536,38.13576564750542],[-3.010729800617981,38.135612875576356],[-3.010689392298573,38.1355259963066],[-3.0106065019767883,38.13548657621365],[-3.0105777889275718,38.13547292125435],[-3.010468022869856,38.13553358276761],[-3.010000148359694,38.13533263333261],[-3.010040992538094,38.135273148638646],[-3.010148802259493,38.13510767058179],[-3.0101171957771298,38.13507854430475],[-3.010280363781324,38.13486752485068],[-3.0102839143557194,38.134794341611524],[-3.0103598535647897,38.13479834061778],[-3.0107180508654148,38.13488609663463],[-3.0110589101982956,38.13501261225045],[-3.011185239735856,38.13508992944449],[-3.011212400456512,38.13510651052633],[-3.0113440340627156,38.13483918563438],[-3.011493142261692,38.13467307055285]]]},"properties":{"dn_surface":35160.57385253906,"provincia":23,"municipio":97,"agregado":0,"zona":0,"poligono":22,"parcela":327,"recinto":1,"uso_sigpac":"OV","idPanel":"23:97:0:0:22:327:1"},"id":1355289082},{"type":"Feature","geometry":{"type":"Polygon","coordinates":[[[-3.0128934616457492,38.135860006786004],[-3.013632898938382,38.13591644549618],[-3.0136844987755715,38.13602864733511],[-3.0139186564747185,38.136055212102406],[-3.014241242419406,38.13604896087864],[-3.01423611437074,38.13608203754691],[-3.01417081598838,38.13650347463437],[-3.014093491250634,38.13670437377789],[-3.0129392276779847,38.13647592583155],[-3.0129486011608595,38.13597698463363],[-3.0128934616457492,38.135860006786004]]]},"properties":{"dn_surface":7760.9727783203125,"provincia":23,"municipio":97,"agregado":0,"zona":0,"poligono":22,"parcela":43,"recinto":3,"uso_sigpac":"OV","idPanel":"23:97:0:0:22:43:3"},"id":1355289080},{"type":"Feature","geometry":{"type":"Polygon","coordinates":[[[-3.0121275224500903,38.138201103494396],[-3.011407384490662,38.13768735231085],[-3.011462140952774,38.137582441051734],[-3.011592100692815,38.13750402079921],[-3.011546106672799,38.13746509020939],[-3.0115383911304705,38.13745856238282],[-3.0115381715245944,38.137458393068385],[-3.011327323899556,38.13727998760149],[-3.0111079795387674,38.137142651786235],[-3.0110710052852925,38.13712535069888],[-3.0109392015264453,38.13709255398618],[-3.010859607807374,38.13711091873711],[-3.0108595172828148,38.137110939691865],[-3.010859098187631,38.13711103608378],[-3.010010962691811,38.13668741131946],[-3.0099968106856534,38.136674343931645],[-3.0100716468362,38.13653581453329],[-3.0101706756753126,38.13641161399926],[-3.0102991392455474,38.13625045932832],[-3.010380842689773,38.13626045810122],[-3.0112145462238518,38.13637161304035],[-3.0114221198773157,38.13641936390738],[-3.011471867313795,38.13639520642283],[-3.01151969026519,38.13645657872152],[-3.0120723552746984,38.13662813365849],[-3.012418698887151,38.13673571539215],[-3.0124496071569387,38.136650362467066],[-3.0124675134177514,38.136600881575106],[-3.0125188651505925,38.13661250392275],[-3.0127282660590566,38.13665971164241],[-3.012855725477232,38.13664762326093],[-3.0128321228746846,38.13674226082071],[-3.0128048858787047,38.13692152124176],[-3.012692552443895,38.13727428623062],[-3.0126340542999834,38.13750168140987],[-3.012597100163078,38.13760875687652],[-3.012552507597358,38.1377304285902],[-3.0121275224500903,38.138201103494396]]]},"properties":{"dn_surface":25726.780883789062,"provincia":23,"municipio":97,"agregado":0,"zona":0,"poligono":22,"parcela":328,"recinto":1,"uso_sigpac":"OV","idPanel":"23:97:0:0:22:328:1"},"id":1355289083},{"type":"Feature","geometry":{"type":"Polygon","coordinates":[[[-3.0129392276779847,38.13647592583155],[-3.014093491250634,38.13670437377789],[-3.0140445685934756,38.136857683825184],[-3.013965198671233,38.13710617038868],[-3.013891629864522,38.13726822443789],[-3.0135950387176886,38.1371862385235],[-3.0128873872801587,38.13690277092323],[-3.0129392276779847,38.13647592583155]]]},"properties":{"dn_surface":5733.80810953993,"provincia":23,"municipio":97,"agregado":0,"zona":0,"poligono":22,"parcela":42,"recinto":1,"uso_sigpac":"OV","idPanel":"23:97:0:0:22:42:1"},"id":1112595846},{"type":"Feature","geometry":{"type":"Polygon","coordinates":[[[-3.0135950387176886,38.1371862385235],[-3.0135022937917584,38.137327385590396],[-3.0132811322342534,38.13725485446335],[-3.0129892223806216,38.137783923575824],[-3.012655849764099,38.13764394913727],[-3.0126480001113114,38.137640653372756],[-3.012795692606758,38.13719884239205],[-3.0128873872801587,38.13690277092323],[-3.0135950387176886,38.1371862385235]]]},"properties":{"dn_surface":3740.755615234375,"provincia":23,"municipio":97,"agregado":0,"zona":0,"poligono":22,"parcela":26,"recinto":3,"uso_sigpac":"OV","idPanel":"23:97:0:0:22:26:3"},"id":1355289081},{"type":"Feature","geometry":{"type":"Polygon","coordinates":[[[-3.008551952380058,38.13495229690983],[-3.0086739333859933,38.134953011048026],[-3.0088541946063456,38.13474102348408],[-3.0084786098847456,38.13429113318642],[-3.008553570925657,38.13423290745439],[-3.0086364210143035,38.134302841029495],[-3.0087129871897687,38.13430869578923],[-3.0093210389805454,38.1349674840811],[-3.0093160425277676,38.13513809353938],[-3.009387950879362,38.13528382383117],[-3.009476170415501,38.13538268670857],[-3.009581508313507,38.13549254412905],[-3.0092252883039583,38.13568363393074],[-3.0090891402044373,38.13556557649392],[-3.0090066279065084,38.135480952794495],[-3.008942389834963,38.135515654713856],[-3.008793688158314,38.13537966251775],[-3.0087805620971646,38.13534856984609],[-3.008710599185413,38.13523943075475],[-3.00864634267368,38.13513497714757],[-3.0086342425575405,38.13509703478425],[-3.008551952380058,38.13495229690983]]]},"properties":{"dn_surface":6101.366589448596,"provincia":23,"municipio":97,"agregado":0,"zona":0,"poligono":22,"parcela":426,"recinto":1,"uso_sigpac":"OV","idPanel":"23:97:0:0:22:426:1"},"id":1330679802},{"type":"Feature","geometry":{"type":"Polygon","coordinates":[[[-3.009046058895949,38.1342682095181],[-3.009317452363965,38.13461094472103],[-3.0093921854170973,38.134560829318985],[-3.0096853743492282,38.13489283652339],[-3.0096287864411644,38.134956649632386],[-3.0099109104222594,38.13529920210982],[-3.0099291712375984,38.13532119203413],[-3.009581508313507,38.13549254412905],[-3.009476170415501,38.13538268670857],[-3.009387950879362,38.13528382383117],[-3.0093160425277676,38.13513809353938],[-3.0093210389805454,38.1349674840811],[-3.0087129871897687,38.13430869578923],[-3.008915636474826,38.13427741033374],[-3.009046058895949,38.1342682095181]]]},"properties":{"dn_surface":4541.131874375374,"provincia":23,"municipio":97,"agregado":0,"zona":0,"poligono":22,"parcela":425,"recinto":1,"uso_sigpac":"OV","idPanel":"23:97:0:0:22:425:1"},"id":1330679803},{"type":"Feature","geometry":{"type":"Polygon","coordinates":[[[-3.0084893462651583,38.13445684258383],[-3.0087850967070517,38.13482228352558],[-3.0086739333859933,38.134953011048026],[-3.008551952380058,38.13495229690983],[-3.0085518308424555,38.134892543156724],[-3.0085298048759883,38.134865325439165],[-3.0084167112025146,38.13476330928955],[-3.0083437249381073,38.13467660017247],[-3.008239930148567,38.13456709563013],[-3.0083925880837485,38.13450142592947],[-3.0084893462651583,38.13445684258383]]]},"properties":{"dn_surface":1229.7146759624468,"provincia":23,"municipio":97,"agregado":0,"zona":0,"poligono":22,"parcela":862,"recinto":1,"uso_sigpac":"OV","idPanel":"23:97:0:0:22:862:1"},"id":1405796675},{"type":"Feature","geometry":{"type":"Polygon","coordinates":[[[-3.00864634267368,38.13513497714757],[-3.0084345638191436,38.13517671735147],[-3.0075239093802217,38.13553185944821],[-3.0074768919297687,38.1354683237802],[-3.0073427898529346,38.13526644730669],[-3.0073115211612897,38.135236977371534],[-3.007274657548943,38.135185334786655],[-3.0081741414248424,38.134950152818845],[-3.0084954684075993,38.13495202952711],[-3.008551952380058,38.13495229690983],[-3.0086342425575405,38.13509703478425],[-3.00864634267368,38.13513497714757]]]},"properties":{"dn_surface":3871.2047119140625,"provincia":23,"municipio":97,"agregado":0,"zona":0,"poligono":22,"parcela":416,"recinto":2,"uso_sigpac":"OV","idPanel":"23:97:0:0:22:416:2"},"id":1355278028},{"type":"Feature","geometry":{"type":"Polygon","coordinates":[[[-3.010859098187631,38.13711103608378],[-3.0107025585928593,38.137237674913564],[-3.010685101602083,38.13725182608155],[-3.010670952948687,38.13725876713596],[-3.0103484985998867,38.13741687079397],[-3.009855930163319,38.13776064619117],[-3.009963702166152,38.13809978388099],[-3.009527583336239,38.13822959358498],[-3.0094869621164775,38.1382416752609],[-3.009478287684368,38.13822959861412],[-3.009293161607126,38.13797121721336],[-3.0091989934339516,38.137891788617765],[-3.0091527186201636,38.1378173455785],[-3.0091252192705995,38.13778858726704],[-3.0091143085465912,38.137698686321016],[-3.009126629106797,38.13766641766824],[-3.0095911290625406,38.13733193193494],[-3.009526181043755,38.137176554910155],[-3.0097907575095153,38.13687930494572],[-3.0099968106856534,38.136674343931645],[-3.010010962691811,38.13668741131946],[-3.010859098187631,38.13711103608378]]]},"properties":{"dn_surface":11363.721923828125,"provincia":23,"municipio":97,"agregado":0,"zona":0,"poligono":22,"parcela":339,"recinto":1,"uso_sigpac":"OV","idPanel":"23:97:0:0:22:339:1"},"id":1355278014},{"type":"Feature","geometry":{"type":"Polygon","coordinates":[[[-3.0105777889275718,38.13547292125435],[-3.0106065019767883,38.13548657621365],[-3.010689392298573,38.1355259963066],[-3.0104890782118785,38.13588458420395],[-3.0103354789889147,38.1359398268165],[-3.009945448894527,38.13612833080089],[-3.0095485364190355,38.13634764247226],[-3.009326534156593,38.13645513284314],[-3.009268455107865,38.13648630430467],[-3.009252096984661,38.13645051860516],[-3.0092135385513923,38.136296926925894],[-3.0091838288938306,38.13621060589091],[-3.009149471470682,38.136164281623934],[-3.009447053358528,38.13604836157256],[-3.0099654162654526,38.13581156692652],[-3.010468022869856,38.13553358276761],[-3.0105777889275718,38.13547292125435]]]},"properties":{"dn_surface":4544.2838134765625,"provincia":23,"municipio":97,"agregado":0,"zona":0,"poligono":22,"parcela":423,"recinto":3,"uso_sigpac":"OV","idPanel":"23:97:0:0:22:423:3"},"id":1387346596},{"type":"Feature","geometry":{"type":"Polygon","coordinates":[[[-3.0106308178793384,38.13818752145767],[-3.0104522380688628,38.13822953239705],[-3.0100611878967993,38.13832148858586],[-3.010024659560601,38.13823839458382],[-3.0095565813701795,38.13832864086427],[-3.009549391373211,38.13831350146987],[-3.0094869621164775,38.1382416752609],[-3.009527583336239,38.13822959358498],[-3.009963702166152,38.13809978388099],[-3.009855930163319,38.13776064619117],[-3.0103484985998867,38.13741687079397],[-3.0106308178793384,38.13818752145767]]]},"properties":{"dn_surface":4638.3878173828125,"provincia":23,"municipio":97,"agregado":0,"zona":0,"poligono":22,"parcela":338,"recinto":1,"uso_sigpac":"OV","idPanel":"23:97:0:0:22:338:1"},"id":1355278015},{"type":"Feature","geometry":{"type":"Polygon","coordinates":[[[-3.010577895377749,38.13585264076906],[-3.0104609275883987,38.13612580198054],[-3.010423152863124,38.13607822545711],[-3.0103369064271095,38.13623549595391],[-3.0102991392455474,38.13625045932832],[-3.0101706756753126,38.13641161399926],[-3.0100716468362,38.13653581453329],[-3.0099968106856534,38.136674343931645],[-3.0097907575095153,38.13687930494572],[-3.009526181043755,38.137176554910155],[-3.009335312524307,38.13663256852374],[-3.009268455107865,38.13648630430467],[-3.009326534156593,38.13645513284314],[-3.0095485364190355,38.13634764247226],[-3.009945448894527,38.13612833080089],[-3.0103354789889147,38.1359398268165],[-3.010577895377749,38.13585264076906]]]},"properties":{"dn_surface":5863.82469685779,"provincia":23,"municipio":97,"agregado":0,"zona":0,"poligono":22,"parcela":422,"recinto":2,"uso_sigpac":"OV","idPanel":"23:97:0:0:22:422:2"},"id":1112596633},{"type":"Feature","geometry":{"type":"Polygon","coordinates":[[[-3.010468022869856,38.13553358276761],[-3.0099654162654526,38.13581156692652],[-3.009447053358528,38.13604836157256],[-3.009149471470682,38.136164281623934],[-3.0090283412279684,38.136001013875045],[-3.008976562856231,38.1359312269833],[-3.0092252883039583,38.13568363393074],[-3.009581508313507,38.13549254412905],[-3.0099291712375984,38.13532119203413],[-3.009949709416163,38.13531100634478],[-3.010000148359694,38.13533263333261],[-3.010468022869856,38.13553358276761]]]},"properties":{"dn_surface":5380.53458164014,"provincia":23,"municipio":97,"agregado":0,"zona":0,"poligono":22,"parcela":420,"recinto":1,"uso_sigpac":"OV","idPanel":"23:97:0:0:22:420:1"},"id":1112596636},{"type":"Feature","geometry":{"type":"Polygon","coordinates":[[[-3.0101255692988973,38.13391457700223],[-3.010162999527931,38.13393250840875],[-3.010294567755286,38.134034606700965],[-3.0104257068291727,38.134007404070786],[-3.0105901664847234,38.1340735062777],[-3.0104841194776664,38.13418170324306],[-3.0104208662798024,38.134312321800735],[-3.010276182049583,38.13450175450009],[-3.0102968543386073,38.134554008125775],[-3.0102839143557194,38.134794341611524],[-3.010280363781324,38.13486752485068],[-3.0101171957771298,38.13507854430475],[-3.0100653897451095,38.13515339051358],[-3.009826967333374,38.134952048805474],[-3.0097354755020422,38.13486734631613],[-3.009596654413441,38.13471536731515],[-3.0095083233979834,38.13462568010766],[-3.009390476346938,38.13448693864717],[-3.0094343916548425,38.13444916308367],[-3.0097527162397033,38.13422337387718],[-3.0101255692988973,38.13391457700223]]]},"properties":{"dn_surface":6967.622022089016,"provincia":23,"municipio":97,"agregado":0,"zona":0,"poligono":22,"parcela":794,"recinto":2,"uso_sigpac":"OV","idPanel":"23:97:0:0:22:794:2"},"id":1210223018},{"type":"Feature","geometry":{"type":"Polygon","coordinates":[[[-3.0108471942080373,38.1340185327243],[-3.010750033695252,38.134388057329545],[-3.011137208913249,38.13444895521249],[-3.0111264926494057,38.13449852662899],[-3.0110589101982956,38.13501261225045],[-3.0107180508654148,38.13488609663463],[-3.0103598535647897,38.13479834061778],[-3.0102839143557194,38.134794341611524],[-3.0102968543386073,38.134554008125775],[-3.010276182049583,38.13450175450009],[-3.0104208662798024,38.134312321800735],[-3.0104841194776664,38.13418170324306],[-3.0105901664847234,38.1340735062777],[-3.0107478921188653,38.13404623743051],[-3.0108471942080373,38.1340185327243]]]},"properties":{"dn_surface":4872.429471806868,"provincia":23,"municipio":97,"agregado":0,"zona":0,"poligono":22,"parcela":431,"recinto":2,"uso_sigpac":"OV","idPanel":"23:97:0:0:22:431:2"},"id":1210223019},{"type":"Feature","geometry":{"type":"Polygon","coordinates":[[[-3.011289227309181,38.133953338277536],[-3.0113294855925137,38.134079765045186],[-3.011303017217101,38.13416891664903],[-3.011266420987482,38.13422730834276],[-3.0111746609352323,38.13427978827983],[-3.011137208913249,38.13444895521249],[-3.010750033695252,38.134388057329545],[-3.0108471942080373,38.1340185327243],[-3.011099937940385,38.13401725113124],[-3.0111850536575946,38.133988496172464],[-3.011289227309181,38.133953338277536]]]},"properties":{"dn_surface":1821.5773757322606,"provincia":23,"municipio":97,"agregado":0,"zona":0,"poligono":22,"parcela":432,"recinto":1,"uso_sigpac":"OV","idPanel":"23:97:0:0:22:432:1"},"id":1210223023},{"type":"Feature","geometry":{"type":"Polygon","coordinates":[[[-3.0127375674575605,38.13880615875459],[-3.0126977819135954,38.13902255519986],[-3.0125334069152716,38.139363697841105],[-3.0118164666520935,38.138927278939036],[-3.0119407920764854,38.13859884661653],[-3.012203492672204,38.1386775954397],[-3.0123277468504157,38.13859349644741],[-3.0127375674575605,38.13880615875459]]]},"properties":{"dn_surface":4136.63795629895,"provincia":23,"municipio":97,"agregado":0,"zona":0,"poligono":22,"parcela":23,"recinto":1,"uso_sigpac":"OV","idPanel":"23:97:0:0:22:23:1"},"id":1112595865},{"type":"Feature","geometry":{"type":"Polygon","coordinates":[[[-3.0125334069152716,38.139363697841105],[-3.012486641760119,38.13948528238299],[-3.0124524201238105,38.13955666518922],[-3.012402671849142,38.13958614099167],[-3.012301804858554,38.13964590312665],[-3.0121911209823855,38.13968764165415],[-3.0121331592803093,38.13973676547701],[-3.0121124006576774,38.13979570953822],[-3.012095748329654,38.139843027060806],[-3.0120730350470857,38.13981869523266],[-3.011883574687456,38.13964972359835],[-3.0119277221740908,38.13956608309621],[-3.011639555678639,38.13940892659329],[-3.0118164666520935,38.138927278939036],[-3.0125334069152716,38.139363697841105]]]},"properties":{"dn_surface":3990.81549425759,"provincia":23,"municipio":97,"agregado":0,"zona":0,"poligono":22,"parcela":22,"recinto":3,"uso_sigpac":"OV","idPanel":"23:97:0:0:22:22:3"},"id":1112595866},{"type":"Feature","geometry":{"type":"Polygon","coordinates":[[[-3.011800387646281,38.13836504347191],[-3.0118449701537178,38.138372276216586],[-3.011889716108275,38.13837940502563],[-3.011950335712005,38.138389166590684],[-3.01196317846481,38.13839111957421],[-3.0120117407001104,38.13837461979685],[-3.011905861331127,38.13853197578905],[-3.011802753019497,38.13881416933995],[-3.011658056216422,38.13921153360002],[-3.011654361473284,38.13922168157083],[-3.0114153288589613,38.13900588862262],[-3.0113012209751435,38.138795192710035],[-3.0111863218396198,38.13862848167514],[-3.011630485620677,38.13842213429422],[-3.0117019187183334,38.13841338610132],[-3.0117242833137086,38.13840599410048],[-3.011800106852508,38.13836508035229],[-3.0118001898333544,38.138365035090004],[-3.011800387646281,38.13836504347191]]]},"properties":{"dn_surface":3280.6904296875,"provincia":23,"municipio":97,"agregado":0,"zona":0,"poligono":22,"parcela":331,"recinto":2,"uso_sigpac":"OV","idPanel":"23:97:0:0:22:331:2"},"id":1355289088},{"type":"Feature","geometry":{"type":"Polygon","coordinates":[[[-3.0111863218396198,38.13862848167514],[-3.0113012209751435,38.138795192710035],[-3.0114153288589613,38.13900588862262],[-3.011654361473284,38.13922168157083],[-3.011647288822966,38.13924111082352],[-3.0114979601799226,38.13953421342205],[-3.011185926213767,38.13926457931561],[-3.01097375760071,38.139081278817],[-3.0109303728673082,38.138948346015724],[-3.010895780750857,38.13885245368496],[-3.010865870765797,38.13877729064018],[-3.011087006339402,38.13867462070209],[-3.0111863218396198,38.13862848167514]]]},"properties":{"dn_surface":3159.705810546875,"provincia":23,"municipio":97,"agregado":0,"zona":0,"poligono":22,"parcela":332,"recinto":2,"uso_sigpac":"OV","idPanel":"23:97:0:0:22:332:2"},"id":1355289087},{"type":"Feature","geometry":{"type":"Polygon","coordinates":[[[-3.01097375760071,38.139081278817],[-3.011185926213767,38.13926457931561],[-3.0114979601799226,38.13953421342205],[-3.011359346124342,38.13973376307911],[-3.01113296347904,38.13987609031801],[-3.01097375760071,38.139081278817]]]},"properties":{"dn_surface":1798.7188720703125,"provincia":23,"municipio":97,"agregado":0,"zona":0,"poligono":22,"parcela":333,"recinto":1,"uso_sigpac":"OV","idPanel":"23:97:0:0:22:333:1"},"id":1355289091},{"type":"Feature","geometry":{"type":"Polygon","coordinates":[[[-3.010229126880563,38.13884051450137],[-3.0098616902075226,38.13890488919793],[-3.0098616985894258,38.13896166905158],[-3.009727164006362,38.13900043200334],[-3.0096850315293686,38.13882297704433],[-3.0096588825044863,38.1386992358386],[-3.009642894023233,38.13862343828373],[-3.0100128377236626,38.13854951156972],[-3.010065781180011,38.13851363702199],[-3.010121576159988,38.138468931300594],[-3.0101479540108413,38.13858645397195],[-3.0101666800218334,38.1386659437554],[-3.010229126880563,38.13884051450137]]]},"properties":{"dn_surface":1714.469970703125,"provincia":23,"municipio":97,"agregado":0,"zona":0,"poligono":22,"parcela":343,"recinto":1,"uso_sigpac":"OV","idPanel":"23:97:0:0:22:343:1"},"id":1355278019},{"type":"Feature","geometry":{"type":"Polygon","coordinates":[[[-3.0100611878967993,38.13832148858586],[-3.010121576159988,38.138468931300594],[-3.0096315885115623,38.13857008495228],[-3.009599729733898,38.13841966582356],[-3.0100611878967993,38.13832148858586]]]},"properties":{"dn_surface":733.582968174338,"provincia":23,"municipio":97,"agregado":0,"zona":0,"poligono":22,"parcela":341,"recinto":2,"uso_sigpac":"OV","idPanel":"23:97:0:0:22:341:2"},"id":1112596748},{"type":"Feature","geometry":{"type":"Polygon","coordinates":[[[-3.010121576159988,38.138468931300594],[-3.010065781180011,38.13851363702199],[-3.0100128377236626,38.13854951156972],[-3.009642894023233,38.13862343828373],[-3.0096315885115623,38.13857008495228],[-3.010121576159988,38.138468931300594]]]},"properties":{"dn_surface":240.272674842473,"provincia":23,"municipio":97,"agregado":0,"zona":0,"poligono":22,"parcela":342,"recinto":2,"uso_sigpac":"OV","idPanel":"23:97:0:0:22:342:2"},"id":1112596747},{"type":"Feature","geometry":{"type":"Polygon","coordinates":[[[-3.0100611878967993,38.13832148858586],[-3.009599729733898,38.13841966582356],[-3.0095565813701795,38.13832864086427],[-3.010024659560601,38.13823839458382],[-3.0100611878967993,38.13832148858586]]]},"properties":{"dn_surface":429.918217191681,"provincia":23,"municipio":97,"agregado":0,"zona":0,"poligono":22,"parcela":340,"recinto":1,"uso_sigpac":"OV","idPanel":"23:97:0:0:22:340:1"},"id":1112596749},{"type":"Feature","geometry":{"type":"Polygon","coordinates":[[[-3.010494782935517,38.13956781479749],[-3.0097859312093815,38.13977253944191],[-3.0097706116040417,38.139560924872654],[-3.0097577009578163,38.13945025105477],[-3.0097235312893114,38.13910497864961],[-3.009730249385103,38.139013231170225],[-3.009727164006362,38.13900043200334],[-3.0098616985894258,38.13896166905158],[-3.0098616902075226,38.13890488919793],[-3.010229126880563,38.13884051450137],[-3.0102430542517036,38.13887809644285],[-3.0102916868949943,38.13900967724305],[-3.010299339573046,38.13905311729704],[-3.010494782935517,38.13956781479749]]]},"properties":{"dn_surface":4803.1998291015625,"provincia":23,"municipio":97,"agregado":0,"zona":0,"poligono":22,"parcela":344,"recinto":1,"uso_sigpac":"OV","idPanel":"23:97:0:0:22:344:1"},"id":1355278016},{"type":"Feature","geometry":{"type":"Polygon","coordinates":[[[-3.01113296347904,38.13987609031801],[-3.0108712469188124,38.140256804764675],[-3.0107499792128785,38.140509887125944],[-3.0107437036816007,38.14046269365551],[-3.0107150182926667,38.14024699123186],[-3.0105922703425447,38.13978230855062],[-3.010494782935517,38.13956781479749],[-3.010299339573046,38.13905311729704],[-3.0102916868949943,38.13900967724305],[-3.0109303728673082,38.138948346015724],[-3.01097375760071,38.139081278817],[-3.01113296347904,38.13987609031801]]]},"properties":{"dn_surface":6639.6851806640625,"provincia":23,"municipio":97,"agregado":0,"zona":0,"poligono":22,"parcela":334,"recinto":1,"uso_sigpac":"OV","idPanel":"23:97:0:0:22:334:1"},"id":1355289086},{"type":"Feature","geometry":{"type":"Polygon","coordinates":[[[-3.0105922703425447,38.13978230855062],[-3.0097845850756513,38.13993143267521],[-3.0097859312093815,38.13977253944191],[-3.010494782935517,38.13956781479749],[-3.0105922703425447,38.13978230855062]]]},"properties":{"dn_surface":1459.12017369089,"provincia":23,"municipio":97,"agregado":0,"zona":0,"poligono":22,"parcela":345,"recinto":1,"uso_sigpac":"OV","idPanel":"23:97:0:0:22:345:1"},"id":1112596744},{"type":"Feature","geometry":{"type":"Polygon","coordinates":[[[-3.010061003494918,38.14032455233931],[-3.0100563976388512,38.1402814534288],[-3.0100461826128466,38.14025725906387],[-3.010037426876272,38.14023882558132],[-3.0100228364965522,38.140222697122255],[-3.0099994937330186,38.14021117703385],[-3.0099703163263385,38.14020311448073],[-3.0099294696333687,38.14019505192755],[-3.0098988362900214,38.14020427118342],[-3.0098594514010513,38.14022270801874],[-3.009820066512083,38.14024460071292],[-3.0098156936729366,38.14026418754543],[-3.009815698702079,38.140303359534045],[-3.0098189818937464,38.140318486355596],[-3.009827373855703,38.14033561812852],[-3.0098507182956165,38.140358659143516],[-3.0098691350143634,38.1403813112382],[-3.009663354250094,38.14044218565181],[-3.0097133003376895,38.14017919588039],[-3.009746491838037,38.14006608460494],[-3.0097845850756513,38.13993143267521],[-3.0105922703425447,38.13978230855062],[-3.0107150182926667,38.14024699123186],[-3.010433272335426,38.14028774823845],[-3.01038464975042,38.140228809206434],[-3.010061003494918,38.14032455233931]]]},"properties":{"dn_surface":3806.6329345703125,"provincia":23,"municipio":97,"agregado":0,"zona":0,"poligono":22,"parcela":346,"recinto":1,"uso_sigpac":"OV","idPanel":"23:97:0:0:22:346:1"},"id":1355278044},{"type":"Feature","geometry":{"type":"Polygon","coordinates":[[[-3.01038464975042,38.140228809206434],[-3.010433272335426,38.14028774823845],[-3.0107150182926667,38.14024699123186],[-3.0107437036816007,38.14046269365551],[-3.0106999819956703,38.140538659686655],[-3.0105395951071134,38.14070349066057],[-3.0103901901887467,38.14083882655362],[-3.010289117003329,38.14089955763666],[-3.0102372103884645,38.14092655155744],[-3.010152989020376,38.14092523224579],[-3.01005952241254,38.140892160606654],[-3.0099787200229597,38.140843859048545],[-3.0098629877262106,38.140738510254096],[-3.0097542199532215,38.14063685285001],[-3.0096828857620292,38.140550696938504],[-3.009663354250094,38.14044218565181],[-3.0098691350143634,38.1403813112382],[-3.0099128131143935,38.14040752480375],[-3.009980995709806,38.14039059587287],[-3.0100296962465163,38.14036751294836],[-3.010061003494918,38.14032455233931],[-3.01038464975042,38.140228809206434]]]},"properties":{"dn_surface":4641.2806396484375,"provincia":23,"municipio":97,"agregado":0,"zona":0,"poligono":22,"parcela":347,"recinto":1,"uso_sigpac":"OV","idPanel":"23:97:0:0:22:347:1"},"id":1355278045},{"type":"Feature","geometry":{"type":"Polygon","coordinates":[[[-3.0164050367194437,38.13916681865854],[-3.0164144278043166,38.13917496251614],[-3.016716177174668,38.13943661872665],[-3.0165430833201454,38.13951315724185],[-3.0164943618286766,38.13953614545085],[-3.0162513628975365,38.13933032612982],[-3.0162912959630064,38.1392979661143],[-3.0164037819484637,38.139168261184125],[-3.0164050367194437,38.13916681865854]]]},"properties":{"dn_surface":779.631743280586,"provincia":23,"municipio":48,"agregado":0,"zona":0,"poligono":11,"parcela":254,"recinto":1,"uso_sigpac":"OV","idPanel":"23:48:0:0:11:254:1"},"id":1112036138},{"type":"Feature","geometry":{"type":"Polygon","coordinates":[[[-3.0165915231796516,38.13877871640199],[-3.016674487262188,38.13880601039489],[-3.016614478699235,38.13886874559111],[-3.0164310331936792,38.13906857604195],[-3.0164191484924645,38.13907581381579],[-3.016340793618756,38.13914472563684],[-3.0163159354070386,38.13916658815617],[-3.0159804798874545,38.139424582312984],[-3.0156299444849757,38.13973100291827],[-3.015586971303043,38.13976856725773],[-3.0155103883637717,38.139845944801465],[-3.015169783002571,38.14019016443956],[-3.0151175126130885,38.140192090601005],[-3.0149367250091865,38.140198752538055],[-3.0149603292881144,38.14011853771993],[-3.015096664304087,38.139967650880976],[-3.015382803217042,38.139687687754645],[-3.015707741962089,38.139418713304025],[-3.0160318919700018,38.13920462607322],[-3.016065550342384,38.13918245090889],[-3.016205777914421,38.139102041630565],[-3.01625735176771,38.13907544836479],[-3.016490800357806,38.13895474140821],[-3.016499572858189,38.13889498681695],[-3.0165066362884123,38.138846497504204],[-3.0165915231796516,38.13877871640199]]]},"properties":{"dn_surface":3225.1326904296875,"provincia":23,"municipio":97,"agregado":0,"zona":0,"poligono":22,"parcela":19,"recinto":1,"uso_sigpac":"OV","idPanel":"23:97:0:0:22:19:1"},"id":1419266486},{"type":"Feature","geometry":{"type":"Polygon","coordinates":[[[-3.0164943618286766,38.13953614545085],[-3.0162626206323573,38.13964540607978],[-3.0160376142956378,38.13977052862322],[-3.0159786249721714,38.139803341261484],[-3.0158661968218503,38.13969547286675],[-3.0158728134966086,38.13968799201777],[-3.0159100048413876,38.139645628200185],[-3.0161044113623747,38.13944958050246],[-3.0162513628975365,38.13933032612982],[-3.0164943618286766,38.13953614545085]]]},"properties":{"dn_surface":1249.06937526755,"provincia":23,"municipio":48,"agregado":0,"zona":0,"poligono":11,"parcela":123,"recinto":1,"uso_sigpac":"OV","idPanel":"23:48:0:0:11:123:1"},"id":1112036313},{"type":"Feature","geometry":{"type":"Polygon","coordinates":[[[-3.0160318919700018,38.13920462607322],[-3.015707741962089,38.139418713304025],[-3.015382803217042,38.139687687754645],[-3.015096664304087,38.139967650880976],[-3.0149603292881144,38.14011853771993],[-3.0149367250091865,38.140198752538055],[-3.014724819587905,38.14023725900353],[-3.0138080413301616,38.13980961427822],[-3.0136675648155844,38.13980548199973],[-3.0135140770719393,38.13979233833655],[-3.0135637105145276,38.13975862632],[-3.013840168328742,38.13954626157036],[-3.013727523925305,38.13948057091494],[-3.0146288643928685,38.13870133718183],[-3.0147166271152566,38.138745129275776],[-3.0154498592846015,38.13898127013334],[-3.0160318919700018,38.13920462607322]]]},"properties":{"dn_surface":18931.6419529401,"provincia":23,"municipio":97,"agregado":0,"zona":0,"poligono":22,"parcela":20,"recinto":1,"uso_sigpac":"OV","idPanel":"23:97:0:0:22:20:1"},"id":1112595868},{"type":"Feature","geometry":{"type":"Polygon","coordinates":[[[-3.0159786249721714,38.139803341261484],[-3.0158551679129997,38.13987203180028],[-3.0155753917031216,38.14002644993522],[-3.015839386464767,38.13972602909661],[-3.0158661968218503,38.13969547286675],[-3.0159786249721714,38.139803341261484]]]},"properties":{"dn_surface":334.089222600319,"provincia":23,"municipio":48,"agregado":0,"zona":0,"poligono":11,"parcela":122,"recinto":1,"uso_sigpac":"OV","idPanel":"23:48:0:0:11:122:1"},"id":1112036314},{"type":"Feature","geometry":{"type":"Polygon","coordinates":[[[-3.0146288643928685,38.13870133718183],[-3.013727523925305,38.13948057091494],[-3.013840168328742,38.13954626157036],[-3.0135637105145276,38.13975862632],[-3.0135140770719393,38.13979233833655],[-3.0131905422957566,38.13969737555888],[-3.013028836095562,38.139671254194326],[-3.0128033377410963,38.13963468394857],[-3.012576804221529,38.13955007533653],[-3.012486641760119,38.13948528238299],[-3.0125334069152716,38.139363697841105],[-3.0126977819135954,38.13902255519986],[-3.0127375674575605,38.13880615875459],[-3.012807555515024,38.13839220251617],[-3.0129112690000994,38.138313332155406],[-3.0130844768485114,38.13822931865852],[-3.0131284055674614,38.13820804454883],[-3.013193112187422,38.138229308600245],[-3.0146288643928685,38.13870133718183]]]},"properties":{"dn_surface":18945.6016871483,"provincia":23,"municipio":97,"agregado":0,"zona":0,"poligono":22,"parcela":21,"recinto":3,"uso_sigpac":"OV","idPanel":"23:97:0:0:22:21:3"},"id":1112595867},{"type":"Feature","geometry":{"type":"Polygon","coordinates":[[[-3.0134220865173384,38.1379768431471],[-3.013369505159229,38.138102934638596],[-3.013205309533644,38.13816612916315],[-3.0124213869636582,38.137981372727864],[-3.012411737716152,38.13797909871738],[-3.0126480001113114,38.137640653372756],[-3.012655849764099,38.13764394913727],[-3.0129892223806216,38.137783923575824],[-3.0134220865173384,38.1379768431471]]]},"properties":{"dn_surface":2690.24836306559,"provincia":23,"municipio":97,"agregado":0,"zona":0,"poligono":22,"parcela":827,"recinto":1,"uso_sigpac":"OV","idPanel":"23:97:0:0:22:827:1"},"id":1112595995},{"type":"Feature","geometry":{"type":"Polygon","coordinates":[[[-3.0135624037757456,38.13776737602157],[-3.0143672920013835,38.138036413336465],[-3.0149291092115105,38.138229133418434],[-3.0150047491866196,38.13825508043945],[-3.014903918238217,38.13835855755485],[-3.014805676459859,38.13840336134453],[-3.014798379174523,38.13843319337789],[-3.0141831541505844,38.13822921220836],[-3.0134220865173384,38.1379768431471],[-3.0134444393780493,38.13790663296919],[-3.0135624037757456,38.13776737602157]]]},"properties":{"dn_surface":3502.0830078125,"provincia":23,"municipio":97,"agregado":0,"zona":0,"poligono":22,"parcela":30,"recinto":1,"uso_sigpac":"OV","idPanel":"23:97:0:0:22:30:1"},"id":1419266566},{"type":"Feature","geometry":{"type":"Polygon","coordinates":[[[-3.0134220865173384,38.1379768431471],[-3.0141831541505844,38.13822921220836],[-3.014798379174523,38.13843319337789],[-3.0147300507339865,38.13854955431742],[-3.0148612887143367,38.138585230214005],[-3.014817136198559,38.138629306454476],[-3.0137168889659276,38.138229258308826],[-3.013369505159229,38.138102934638596],[-3.0134220865173384,38.1379768431471]]]},"properties":{"dn_surface":2252.55373400217,"provincia":23,"municipio":97,"agregado":0,"zona":0,"poligono":22,"parcela":29,"recinto":1,"uso_sigpac":"OV","idPanel":"23:97:0:0:22:29:1"},"id":1112595859},{"type":"Feature","geometry":{"type":"Polygon","coordinates":[[[-3.0146288643928685,38.13870133718183],[-3.013193112187422,38.138229308600245],[-3.0131284055674614,38.13820804454883],[-3.013205309533644,38.13816612916315],[-3.013369505159229,38.138102934638596],[-3.0137168889659276,38.138229258308826],[-3.014817136198559,38.138629306454476],[-3.0147166271152566,38.138745129275776],[-3.0146288643928685,38.13870133718183]]]},"properties":{"dn_surface":2414.17980648611,"provincia":23,"municipio":97,"agregado":0,"zona":0,"poligono":22,"parcela":28,"recinto":1,"uso_sigpac":"OV","idPanel":"23:97:0:0:22:28:1"},"id":1112595860},{"type":"Feature","geometry":{"type":"Polygon","coordinates":[[[-3.013205309533644,38.13816612916315],[-3.0131284055674614,38.13820804454883],[-3.0130844768485114,38.13822931865852],[-3.0129112690000994,38.138313332155406],[-3.012807555515024,38.13839220251617],[-3.0121392889664644,38.13824914102253],[-3.012411737716152,38.13797909871738],[-3.0124213869636582,38.137981372727864],[-3.013205309533644,38.13816612916315]]]},"properties":{"dn_surface":2267.01105888194,"provincia":23,"municipio":97,"agregado":0,"zona":0,"poligono":22,"parcela":25,"recinto":1,"uso_sigpac":"OV","idPanel":"23:97:0:0:22:25:1"},"id":1112595863},{"type":"Feature","geometry":{"type":"Polygon","coordinates":[[[-3.012807555515024,38.13839220251617],[-3.0127375674575605,38.13880615875459],[-3.0123277468504157,38.13859349644741],[-3.012203492672204,38.1386775954397],[-3.0119407920764854,38.13859884661653],[-3.0121392889664644,38.13824914102253],[-3.012807555515024,38.13839220251617]]]},"properties":{"dn_surface":2692.48086823156,"provincia":23,"municipio":97,"agregado":0,"zona":0,"poligono":22,"parcela":24,"recinto":3,"uso_sigpac":"OV","idPanel":"23:97:0:0:22:24:3"},"id":1112595864},{"type":"Feature","geometry":{"type":"Polygon","coordinates":[[[-3.0158568451319248,38.13773072111863],[-3.0158019847342064,38.13785230817513],[-3.015729423432316,38.13791234020741],[-3.0151471703028485,38.13767258004384],[-3.015108155894021,38.137725939242586],[-3.014630906224603,38.137569801979225],[-3.0138758903258083,38.13730932342614],[-3.0138510237321863,38.137355110413154],[-3.0138497681230163,38.13735465946672],[-3.013891629864522,38.13726822443789],[-3.013965198671233,38.13710617038868],[-3.0158496358565765,38.13764221827418],[-3.0158568451319248,38.13773072111863]]]},"properties":{"dn_surface":4949.253443183,"provincia":23,"municipio":97,"agregado":0,"zona":0,"poligono":22,"parcela":41,"recinto":1,"uso_sigpac":"OV","idPanel":"23:97:0:0:22:41:1"},"id":1112595847},{"type":"Feature","geometry":{"type":"Polygon","coordinates":[[[-3.015108155894021,38.137725939242586],[-3.015065832309623,38.13778371486643],[-3.0150464390990996,38.137810123730304],[-3.0152467263637024,38.13790176056858],[-3.015213074696843,38.13795484819366],[-3.0151413004557073,38.13796377911203],[-3.01436961295051,38.13767843145081],[-3.0144112492188064,38.13760830844467],[-3.013821936011877,38.13740873867101],[-3.0138510237321863,38.137355110413154],[-3.0138758903258083,38.13730932342614],[-3.014630906224603,38.137569801979225],[-3.015108155894021,38.137725939242586]]]},"properties":{"dn_surface":2159.99116820951,"provincia":23,"municipio":97,"agregado":0,"zona":0,"poligono":22,"parcela":844,"recinto":1,"uso_sigpac":"OV","idPanel":"23:97:0:0:22:844:1"},"id":1112595974},{"type":"Feature","geometry":{"type":"Polygon","coordinates":[[[-3.0138497681230163,38.13735465946672],[-3.0138510237321863,38.137355110413154],[-3.013821936011877,38.13740873867101],[-3.0144112492188064,38.13760830844467],[-3.01436961295051,38.13767843145081],[-3.0151413004557073,38.13796377911203],[-3.015213074696843,38.13795484819366],[-3.0151728105461784,38.138001816190894],[-3.0151529429199067,38.13806485732661],[-3.0151206063737335,38.13812259271728],[-3.015069087841009,38.13808600738412],[-3.0148559326778908,38.138014203806335],[-3.014444303255934,38.137882733647245],[-3.0144651591086484,38.13784109905532],[-3.013738205823344,38.13754537795009],[-3.0138497681230163,38.13735465946672]]]},"properties":{"dn_surface":2309.136474609375,"provincia":23,"municipio":97,"agregado":0,"zona":0,"poligono":22,"parcela":40,"recinto":1,"uso_sigpac":"OV","idPanel":"23:97:0:0:22:40:1"},"id":1419267103},{"type":"Feature","geometry":{"type":"Polygon","coordinates":[[[-3.0144651591086484,38.13784109905532],[-3.014444303255934,38.137882733647245],[-3.0143672920013835,38.138036413336465],[-3.0135624037757456,38.13776737602157],[-3.0136648591370796,38.137682197440114],[-3.013738205823344,38.13754537795009],[-3.0144651591086484,38.13784109905532]]]},"properties":{"dn_surface":1891.84521484375,"provincia":23,"municipio":97,"agregado":0,"zona":0,"poligono":22,"parcela":31,"recinto":2,"uso_sigpac":"OV","idPanel":"23:97:0:0:22:31:2"},"id":1112595857},{"type":"Feature","geometry":{"type":"Polygon","coordinates":[[[-3.013891629864522,38.13726822443789],[-3.0138497681230163,38.13735465946672],[-3.013738205823344,38.13754537795009],[-3.0136648591370796,38.137682197440114],[-3.0135624037757456,38.13776737602157],[-3.0134444393780493,38.13790663296919],[-3.0134220865173384,38.1379768431471],[-3.0129892223806216,38.137783923575824],[-3.0132811322342534,38.13725485446335],[-3.0135022937917584,38.137327385590396],[-3.0135950387176886,38.1371862385235],[-3.013891629864522,38.13726822443789]]]},"properties":{"dn_surface":3657.72596928788,"provincia":23,"municipio":97,"agregado":0,"zona":0,"poligono":22,"parcela":27,"recinto":1,"uso_sigpac":"OV","idPanel":"23:97:0:0:22:27:1"},"id":1112595861},{"type":"Feature","geometry":{"type":"Polygon","coordinates":[[[-3.0115383911304705,38.13745856238282],[-3.011546106672799,38.13746509020939],[-3.011592100692815,38.13750402079921],[-3.011462140952774,38.137582441051734],[-3.011407384490662,38.13768735231085],[-3.0121275224500903,38.138201103494396],[-3.0120738606645974,38.13828159575351],[-3.0120334196557654,38.138264950969216],[-3.0120162375914297,38.13825065479432],[-3.0119755543455815,38.13821694193956],[-3.0119641725585864,38.13820722815137],[-3.011925911682898,38.13817503996492],[-3.011855200267148,38.1381159953209],[-3.011771170006464,38.138045904166006],[-3.011698521532775,38.13798514542265],[-3.0116612287669615,38.1379544802281],[-3.0116195774112393,38.13791943381247],[-3.0115752614483395,38.13788248386652],[-3.0115333678556007,38.13784591445898],[-3.0115006759167118,38.13781753500953],[-3.011457813375909,38.137779632041145],[-3.0114222154310175,38.13774820493151],[-3.0113730564041767,38.137704968557784],[-3.0113231480351472,38.13766058889246],[-3.0113510337904708,38.13764079167416],[-3.0113551291886047,38.137636396203874],[-3.011382016659201,38.13761030669053],[-3.0114035690481105,38.13758916417666],[-3.011419067187999,38.13757354617559],[-3.011449325022061,38.13754394715917],[-3.01147165273706,38.13752201758456],[-3.0114835927588404,38.137510575447834],[-3.0115383911304705,38.13745856238282]]]},"properties":{"dn_surface":808.785888671875,"provincia":23,"municipio":97,"agregado":0,"zona":0,"poligono":22,"parcela":329,"recinto":3,"uso_sigpac":"OV","idPanel":"23:97:0:0:22:329:3"},"id":1316968926},{"type":"Feature","geometry":{"type":"Polygon","coordinates":[[[-3.0108595172828148,38.137110939691865],[-3.010859607807374,38.13711091873711],[-3.0108625305771843,38.137111843261096],[-3.0109059018995405,38.13711773490118],[-3.0109650454500345,38.13712628276656],[-3.0110390023388867,38.13716941436644],[-3.0110855688429212,38.13719613168439],[-3.011143182695996,38.13724325055591],[-3.0111630922317856,38.137256384160764],[-3.0112102119414637,38.13728768721822],[-3.011275729929699,38.137331245457005],[-3.011352699274731,38.13738218647657],[-3.011399434255029,38.13741320706387],[-3.011501757182285,38.1374465645259],[-3.0115381715245944,38.137458393068385],[-3.0115383911304705,38.13745856238282],[-3.0114835927588404,38.137510575447834],[-3.01147165273706,38.13752201758456],[-3.011449325022061,38.13754394715917],[-3.011419067187999,38.13757354617559],[-3.0114035690481105,38.13758916417666],[-3.011382016659201,38.13761030669053],[-3.0113551291886047,38.137636396203874],[-3.0113510337904708,38.13764079167416],[-3.0113231480351472,38.13766058889246],[-3.0113730564041767,38.137704968557784],[-3.0114222154310175,38.13774820493151],[-3.011457813375909,38.137779632041145],[-3.0115006759167118,38.13781753500953],[-3.0115333678556007,38.13784591445898],[-3.0115752614483395,38.13788248386652],[-3.0116195774112393,38.13791943381247],[-3.0116612287669615,38.1379544802281],[-3.011698521532775,38.13798514542265],[-3.011771170006464,38.138045904166006],[-3.011855200267148,38.1381159953209],[-3.011925911682898,38.13817503996492],[-3.0119641725585864,38.13820722815137],[-3.0119755543455815,38.13821694193956],[-3.0120162375914297,38.13825065479432],[-3.0120334196557654,38.138264950969216],[-3.0120738606645974,38.13828159575351],[-3.0120229087485617,38.13835802278939],[-3.0118985179453204,38.13831197847793],[-3.0118001898333544,38.138365035090004],[-3.011800106852508,38.13836508035229],[-3.0117242833137086,38.13840599410048],[-3.0117019187183334,38.13841338610132],[-3.011630485620677,38.13842213429422],[-3.010670952948687,38.13725876713596],[-3.010685101602083,38.13725182608155],[-3.0107025585928593,38.137237674913564],[-3.010859098187631,38.13711103608378],[-3.0108595172828148,38.137110939691865]]]},"properties":{"dn_surface":5520.627685546875,"provincia":23,"municipio":97,"agregado":0,"zona":0,"poligono":22,"parcela":329,"recinto":2,"uso_sigpac":"OV","idPanel":"23:97:0:0:22:329:2"},"id":1316968925},{"type":"Feature","geometry":{"type":"Polygon","coordinates":[[[-3.0118985179453204,38.13831197847793],[-3.0120229087485617,38.13835802278939],[-3.0120117407001104,38.13837461979685],[-3.01196317846481,38.13839111957421],[-3.011950335712005,38.138389166590684],[-3.011889716108275,38.13837940502563],[-3.0118449701537178,38.138372276216586],[-3.011800387646281,38.13836504347191],[-3.0118001898333544,38.138365035090004],[-3.0118985179453204,38.13831197847793]]]},"properties":{"dn_surface":91.00390625,"provincia":23,"municipio":97,"agregado":0,"zona":0,"poligono":22,"parcela":331,"recinto":1,"uso_sigpac":"OV","idPanel":"23:97:0:0:22:331:1"},"id":1316970228},{"type":"Feature","geometry":{"type":"Polygon","coordinates":[[[-3.011630485620677,38.13842213429422],[-3.011087006339402,38.13867462070209],[-3.010865870765797,38.13877729064018],[-3.010822033409598,38.13866697975871],[-3.010696576428209,38.13837200548113],[-3.0106457737100585,38.13822951898604],[-3.0106308178793384,38.13818752145767],[-3.0103484985998867,38.13741687079397],[-3.010670952948687,38.13725876713596],[-3.011630485620677,38.13842213429422]]]},"properties":{"dn_surface":8600.82467742121,"provincia":23,"municipio":97,"agregado":0,"zona":0,"poligono":22,"parcela":330,"recinto":3,"uso_sigpac":"OV","idPanel":"23:97:0:0:22:330:3"},"id":1112596760},{"type":"Feature","geometry":{"type":"Polygon","coordinates":[[[-3.0109392015264453,38.13709255398618],[-3.0110710052852925,38.13712535069888],[-3.0111079795387674,38.137142651786235],[-3.011327323899556,38.13727998760149],[-3.0115381715245944,38.137458393068385],[-3.011501757182285,38.1374465645259],[-3.011399434255029,38.13741320706387],[-3.011352699274731,38.13738218647657],[-3.011275729929699,38.137331245457005],[-3.0112102119414637,38.13728768721822],[-3.0111630922317856,38.137256384160764],[-3.011143182695996,38.13724325055591],[-3.0110855688429212,38.13719613168439],[-3.0110390023388867,38.13716941436644],[-3.0109650454500345,38.13712628276656],[-3.0109059018995405,38.13711773490118],[-3.0108625305771843,38.137111843261096],[-3.010859607807374,38.13711091873711],[-3.0109392015264453,38.13709255398618]]]},"properties":{"dn_surface":365.4976806640625,"provincia":23,"municipio":97,"agregado":0,"zona":0,"poligono":22,"parcela":329,"recinto":4,"uso_sigpac":"OV","idPanel":"23:97:0:0:22:329:4"},"id":1316968929},{"type":"Feature","geometry":{"type":"Polygon","coordinates":[[[-3.010696576428209,38.13837200548113],[-3.0101479540108413,38.13858645397195],[-3.010121576159988,38.138468931300594],[-3.0100611878967993,38.13832148858586],[-3.0104522380688628,38.13822953239705],[-3.0106308178793384,38.13818752145767],[-3.0106457737100585,38.13822951898604],[-3.010696576428209,38.13837200548113]]]},"properties":{"dn_surface":1335.25191888738,"provincia":23,"municipio":97,"agregado":0,"zona":0,"poligono":22,"parcela":337,"recinto":1,"uso_sigpac":"OV","idPanel":"23:97:0:0:22:337:1"},"id":1112596753},{"type":"Feature","geometry":{"type":"Polygon","coordinates":[[[-3.0109303728673082,38.138948346015724],[-3.0102916868949943,38.13900967724305],[-3.0102430542517036,38.13887809644285],[-3.010229126880563,38.13884051450137],[-3.010822033409598,38.13866697975871],[-3.010865870765797,38.13877729064018],[-3.010895780750857,38.13885245368496],[-3.0109303728673082,38.138948346015724]]]},"properties":{"dn_surface":1449.47484195562,"provincia":23,"municipio":97,"agregado":0,"zona":0,"poligono":22,"parcela":335,"recinto":1,"uso_sigpac":"OV","idPanel":"23:97:0:0:22:335:1"},"id":1112596755},{"type":"Feature","geometry":{"type":"Polygon","coordinates":[[[-3.010822033409598,38.13866697975871],[-3.010229126880563,38.13884051450137],[-3.0101666800218334,38.1386659437554],[-3.0101479540108413,38.13858645397195],[-3.010696576428209,38.13837200548113],[-3.010822033409598,38.13866697975871]]]},"properties":{"dn_surface":1726.58499027433,"provincia":23,"municipio":97,"agregado":0,"zona":0,"poligono":22,"parcela":336,"recinto":1,"uso_sigpac":"OV","idPanel":"23:97:0:0:22:336:1"},"id":1112596754},{"type":"Feature","geometry":{"type":"Polygon","coordinates":[[[-3.0111941564049807,38.12831215198335],[-3.0111841215899062,38.12834405769968],[-3.011090609719789,38.128641031061306],[-3.0110912299806616,38.128943405721685],[-3.011134966754017,38.12916754620778],[-3.0107255216561573,38.128794182690655],[-3.010276165285776,38.128543392780045],[-3.0103813456039936,38.128425770364004],[-3.0106275606715713,38.12838023902506],[-3.010890198403013,38.12829234722136],[-3.0111841157225734,38.128311521664216],[-3.0111941564049807,38.12831215198335]]]},"properties":{"dn_surface":3641.22008706182,"provincia":23,"municipio":97,"agregado":0,"zona":0,"poligono":22,"parcela":458,"recinto":1,"uso_sigpac":"OV","idPanel":"23:97:0:0:22:458:1"},"id":1112596596},{"type":"Feature","geometry":{"type":"Polygon","coordinates":[[[-3.0119232479139124,38.128371397793074],[-3.0119178524825183,38.128831674107545],[-3.0120315295364866,38.12903363775291],[-3.01118422133456,38.12895232071443],[-3.0110912299806616,38.128943405721685],[-3.011090609719789,38.128641031061306],[-3.0111841215899062,38.12834405769968],[-3.0111941564049807,38.12831215198335],[-3.0119232479139124,38.128371397793074]]]},"properties":{"dn_surface":5141.14559397485,"provincia":23,"municipio":97,"agregado":0,"zona":0,"poligono":22,"parcela":457,"recinto":1,"uso_sigpac":"OV","idPanel":"23:97:0:0:22:457:1"},"id":1112596597},{"type":"Feature","geometry":{"type":"Polygon","coordinates":[[[-3.011343614129341,38.12961554890069],[-3.011326942522939,38.129637921877986],[-3.0111843663414937,38.12982925140213],[-3.0111560757402223,38.12986719628006],[-3.01101823281978,38.12980051320724],[-3.0109135931343487,38.12973761288748],[-3.010812602929777,38.129660382027055],[-3.010661628919043,38.12953133172354],[-3.010519897633486,38.12940318163655],[-3.0103451894243167,38.129252412982424],[-3.010136492595761,38.129185282315945],[-3.0099564358938595,38.12912112471068],[-3.010131873328649,38.12881972989484],[-3.0104822989281885,38.129013027489975],[-3.010678911566222,38.12915045634438],[-3.011034860840282,38.129612869206085],[-3.011184322755594,38.12956382920228],[-3.0111862623281036,38.129563198044934],[-3.011343614129341,38.12961554890069]]]},"properties":{"dn_surface":3817.3507074248914,"provincia":23,"municipio":97,"agregado":0,"zona":0,"poligono":22,"parcela":454,"recinto":1,"uso_sigpac":"OV","idPanel":"23:97:0:0:22:454:1"},"id":1331432604},{"type":"Feature","geometry":{"type":"Polygon","coordinates":[[[-3.0120315295364866,38.12903363775291],[-3.01218823174019,38.12928543768288],[-3.0122293525214103,38.129535715459184],[-3.012079583828424,38.129780420945934],[-3.011343614129341,38.12961554890069],[-3.0111862623281036,38.129563198044934],[-3.011184320241023,38.12954823718508],[-3.011134966754017,38.12916754620778],[-3.0110912299806616,38.128943405721685],[-3.01118422133456,38.12895232071443],[-3.0120315295364866,38.12903363775291]]]},"properties":{"dn_surface":6759.174261664787,"provincia":23,"municipio":97,"agregado":0,"zona":0,"poligono":22,"parcela":455,"recinto":1,"uso_sigpac":"OV","idPanel":"23:97:0:0:22:455:1"},"id":1331432603},{"type":"Feature","geometry":{"type":"Polygon","coordinates":[[[-3.0094488864808606,38.13045800230404],[-3.0095057115967987,38.13047926887003],[-3.0117188610602232,38.13145175493594],[-3.01168764182181,38.131523924802934],[-3.0099817199062833,38.13071301166491],[-3.0094446167391307,38.13047771067414],[-3.0094488864808606,38.13045800230404]]]},"properties":{"dn_surface":1057.8200051713536,"provincia":23,"municipio":97,"agregado":0,"zona":0,"poligono":22,"parcela":835,"recinto":1,"uso_sigpac":"OV","idPanel":"23:97:0:0:22:835:1"},"id":1346099127},{"type":"Feature","geometry":{"type":"Polygon","coordinates":[[[-3.0094446167391307,38.13047771067414],[-3.0099817199062833,38.13071301166491],[-3.01168764182181,38.131523924802934],[-3.0115888359413345,38.131752337545294],[-3.0114030351208467,38.132181984707415],[-3.011384669531713,38.13221271863355],[-3.0112350709913707,38.13215703261835],[-3.0111671750570634,38.132131802250086],[-3.0105397820235655,38.13178792543192],[-3.010586445757684,38.131760433626056],[-3.0101156166264778,38.13148152494321],[-3.009734949956682,38.1313367166608],[-3.0096681646246117,38.13135855403445],[-3.009542240771189,38.13139972762164],[-3.0091922560597815,38.131156676722696],[-3.009390074015562,38.130909628493924],[-3.0093875787228392,38.13072098956084],[-3.0094133111671098,38.13062221553159],[-3.0094446167391307,38.13047771067414]]]},"properties":{"dn_surface":16851.629028320312,"provincia":23,"municipio":97,"agregado":0,"zona":0,"poligono":22,"parcela":835,"recinto":2,"uso_sigpac":"OV","idPanel":"23:97:0:0:22:835:2"},"id":1372922963},{"type":"Feature","geometry":{"type":"Polygon","coordinates":[[[-3.012120696227741,38.13126858938597],[-3.0121286439488015,38.131672982710484],[-3.0121664379524553,38.13183106289918],[-3.0120972956290717,38.13185837449407],[-3.011685256332025,38.1317757624515],[-3.0116352540856743,38.13176361455851],[-3.011824087478911,38.13130148584332],[-3.0118712742438185,38.13129699565752],[-3.012049156679908,38.131280037389985],[-3.012120696227741,38.13126858938597]]]},"properties":{"dn_surface":2098.0972900390625,"provincia":23,"municipio":97,"agregado":0,"zona":0,"poligono":22,"parcela":436,"recinto":2,"uso_sigpac":"OV","idPanel":"23:97:0:0:22:436:2"},"id":1355289067},{"type":"Feature","geometry":{"type":"Polygon","coordinates":[[[-3.011824087478911,38.13130148584332],[-3.0116352540856743,38.13176361455851],[-3.0115888359413345,38.131752337545294],[-3.01168764182181,38.131523924802934],[-3.0117188610602232,38.13145175493594],[-3.011773265482382,38.131325844493574],[-3.0118068081844935,38.131303129534615],[-3.011824087478911,38.13130148584332]]]},"properties":{"dn_surface":199.74495129377016,"provincia":23,"municipio":97,"agregado":0,"zona":0,"poligono":22,"parcela":436,"recinto":1,"uso_sigpac":"OV","idPanel":"23:97:0:0:22:436:1"},"id":1346099131},{"type":"Feature","geometry":{"type":"Polygon","coordinates":[[[-3.009734949956682,38.1313367166608],[-3.0101156166264778,38.13148152494321],[-3.010586445757684,38.131760433626056],[-3.0105397820235655,38.13178792543192],[-3.010401388412052,38.13186949979482],[-3.010490409258181,38.13200630587377],[-3.009848864218525,38.132388033692564],[-3.0098255876720303,38.13236810236384],[-3.010075989500492,38.13220449598606],[-3.0103458046560463,38.13202900742169],[-3.0104331885163895,38.13197251255272],[-3.0103638106615134,38.13187970392434],[-3.010502580620502,38.1317743257932],[-3.010265598219818,38.13164206102965],[-3.0101047025497074,38.13155364032781],[-3.0098967634452434,38.13145184713687],[-3.0096681646246117,38.13135855403445],[-3.009734949956682,38.1313367166608]]]},"properties":{"dn_surface":932.7659912109375,"provincia":23,"municipio":97,"agregado":0,"zona":0,"poligono":22,"parcela":525,"recinto":2,"uso_sigpac":"OV","idPanel":"23:97:0:0:22:525:2"},"id":1372922962},{"type":"Feature","geometry":{"type":"Polygon","coordinates":[[[-3.0096681646246117,38.13135855403445],[-3.0098967634452434,38.13145184713687],[-3.0101047025497074,38.13155364032781],[-3.010265598219818,38.13164206102965],[-3.010502580620502,38.1317743257932],[-3.0103638106615134,38.13187970392434],[-3.0104331885163895,38.13197251255272],[-3.0103458046560463,38.13202900742169],[-3.010075989500492,38.13220449598606],[-3.0098255876720303,38.13236810236384],[-3.0090784608209704,38.131728356080714],[-3.0095109226263115,38.13142191954984],[-3.009542240771189,38.13139972762164],[-3.0096681646246117,38.13135855403445]]]},"properties":{"dn_surface":7526.508056640625,"provincia":23,"municipio":97,"agregado":0,"zona":0,"poligono":22,"parcela":525,"recinto":1,"uso_sigpac":"OV","idPanel":"23:97:0:0:22:525:1"},"id":1372922961},{"type":"Feature","geometry":{"type":"Polygon","coordinates":[[[-3.0086602842940557,38.131034168495034],[-3.0087544013376175,38.131075971563234],[-3.009009437520619,38.13112577432028],[-3.0091428673687797,38.131171756605625],[-3.0092059294592395,38.13119348920549],[-3.0095109226263115,38.13142191954984],[-3.0090784608209704,38.131728356080714],[-3.0090277553329026,38.13176028861912],[-3.008800079359864,38.13190367197788],[-3.0087214638089517,38.1319374703281],[-3.008694422111328,38.13194909938122],[-3.0086022052453276,38.13201079522136],[-3.008553123332001,38.131939583405995],[-3.008592416020031,38.131898662114054],[-3.008625709779603,38.13160515550777],[-3.0086147621752177,38.13154968909842],[-3.0086286786498837,38.131516494245346],[-3.0086043174850534,38.13112593106186],[-3.0085794601115254,38.131076524768844],[-3.0086602842940557,38.131034168495034]]]},"properties":{"dn_surface":4857.168212084113,"provincia":23,"municipio":97,"agregado":0,"zona":0,"poligono":22,"parcela":440,"recinto":1,"uso_sigpac":"OV","idPanel":"23:97:0:0:22:440:1"},"id":1346099135},{"type":"Feature","geometry":{"type":"Polygon","coordinates":[[[-3.007992450251725,38.13033774377928],[-3.008108764252589,38.13035578498875],[-3.0090612896531095,38.13047983716308],[-3.009054687227588,38.13057194506433],[-3.0094133111671098,38.13062221553159],[-3.0093875787228392,38.13072098956084],[-3.0093503613941586,38.13086384737426],[-3.0091632756278384,38.131144243006815],[-3.0091428673687797,38.131171756605625],[-3.009009437520619,38.13112577432028],[-3.0087544013376175,38.131075971563234],[-3.0086602842940557,38.131034168495034],[-3.0085794601115254,38.131076524768844],[-3.008525934112873,38.13097014332385],[-3.0081638735928453,38.130936019755836],[-3.00791280121209,38.13088510555835],[-3.0079644630753677,38.13064203370462],[-3.0079930856000234,38.13052261337026],[-3.007944018774123,38.130503237761786],[-3.007992450251725,38.13033774377928]]]},"properties":{"dn_surface":7828.7222900390625,"provincia":23,"municipio":97,"agregado":0,"zona":0,"poligono":22,"parcela":448,"recinto":1,"uso_sigpac":"OV","idPanel":"23:97:0:0:22:448:1"},"id":1355278038},{"type":"Feature","geometry":{"type":"Polygon","coordinates":[[[-3.00791280121209,38.13088510555835],[-3.0081638735928453,38.130936019755836],[-3.008525934112873,38.13097014332385],[-3.0085794601115254,38.131076524768844],[-3.0086043174850534,38.13112593106186],[-3.0086286786498837,38.131516494245346],[-3.0086147621752177,38.13154968909842],[-3.0080947153438458,38.13144231272145],[-3.008090624136664,38.13149153964173],[-3.0080808617334576,38.1315290696154],[-3.007701981247334,38.131435425311196],[-3.0077126195594737,38.131411274532155],[-3.007865134164103,38.131089606405936],[-3.00791280121209,38.13088510555835]]]},"properties":{"dn_surface":4285.658447265625,"provincia":23,"municipio":97,"agregado":0,"zona":0,"poligono":22,"parcela":442,"recinto":2,"uso_sigpac":"OV","idPanel":"23:97:0:0:22:442:2"},"id":1355278042},{"type":"Feature","geometry":{"type":"Polygon","coordinates":[[[-3.007701981247334,38.131435425311196],[-3.0080808617334576,38.1315290696154],[-3.008090624136664,38.13149153964173],[-3.0080947153438458,38.13144231272145],[-3.0086147621752177,38.13154968909842],[-3.008625709779603,38.13160515550777],[-3.008592416020031,38.131898662114054],[-3.008553123332001,38.131939583405995],[-3.0086022052453276,38.13201079522136],[-3.008472396379554,38.132097640125295],[-3.0081720761237785,38.13204898820368],[-3.0075055748041315,38.13188147166784],[-3.007701981247334,38.131435425311196]]]},"properties":{"dn_surface":5179.048999034398,"provincia":23,"municipio":97,"agregado":0,"zona":0,"poligono":22,"parcela":441,"recinto":2,"uso_sigpac":"OV","idPanel":"23:97:0:0:22:441:2"},"id":1210223026},{"type":"Feature","geometry":{"type":"Polygon","coordinates":[[[-3.0097719979709088,38.12953076091591],[-3.0099985013156236,38.12964394511397],[-3.0100158417979386,38.12962618888923],[-3.0104142982200854,38.1297645062254],[-3.0105408448489515,38.129831100450076],[-3.010685416761661,38.12987624370686],[-3.0107065341297705,38.12993635704362],[-3.0104893170961327,38.13011797697055],[-3.0104971952473933,38.130151323536126],[-3.010473588453894,38.13017509377676],[-3.0104273765043836,38.130221626753155],[-3.0103768378161986,38.13027237163618],[-3.009868376452081,38.13006781798262],[-3.0098727551585585,38.13001696497304],[-3.009897081119393,38.12973443866056],[-3.00985326136519,38.12972774738688],[-3.0096788037749405,38.129701106344214],[-3.0097719979709088,38.12953076091591]]]},"properties":{"dn_surface":3537.332862494841,"provincia":23,"municipio":97,"agregado":0,"zona":0,"poligono":22,"parcela":452,"recinto":1,"uso_sigpac":"OV","idPanel":"23:97:0:0:22:452:1"},"id":1328611570},{"type":"Feature","geometry":{"type":"Polygon","coordinates":[[[-3.011343614129341,38.12961554890069],[-3.0120154656181017,38.1297660568776],[-3.0120156609164574,38.12976653296971],[-3.0119992734565897,38.1297970657302],[-3.011326942522939,38.129637921877986],[-3.011343614129341,38.12961554890069]]]},"properties":{"dn_surface":199.2474365234375,"provincia":23,"municipio":97,"agregado":0,"zona":0,"poligono":22,"parcela":450,"recinto":3,"uso_sigpac":"OV","idPanel":"23:97:0:0:22:450:3"},"id":1429256565},{"type":"Feature","geometry":{"type":"Polygon","coordinates":[[[-3.011326942522939,38.129637921877986],[-3.0119992734565897,38.1297970657302],[-3.0126653774740024,38.13007878654176],[-3.0127269316599925,38.130110138214235],[-3.012530044933709,38.13037891401373],[-3.012212014553667,38.130824345976805],[-3.012142668550024,38.1309923461485],[-3.0111473912498283,38.13048077761269],[-3.011184469438908,38.130452746012224],[-3.0111873226389183,38.13045409717509],[-3.011555237080469,38.13010509901375],[-3.0111843755615877,38.12988404809738],[-3.0111560757402223,38.12986719628006],[-3.0111843663414937,38.12982925140213],[-3.011326942522939,38.129637921877986]]]},"properties":{"dn_surface":11438.669921875,"provincia":23,"municipio":97,"agregado":0,"zona":0,"poligono":22,"parcela":450,"recinto":2,"uso_sigpac":"OV","idPanel":"23:97:0:0:22:450:2"},"id":1355289065},{"type":"Feature","geometry":{"type":"Polygon","coordinates":[[[-3.0095997314102783,38.12968903388838],[-3.0096788037749405,38.129701106344214],[-3.00985326136519,38.12972774738688],[-3.009826416642303,38.129967794211524],[-3.0098727551585585,38.13001696497304],[-3.009868376452081,38.13006781798262],[-3.0103768378161986,38.13027237163618],[-3.0104273765043836,38.130221626753155],[-3.010473588453894,38.13017509377676],[-3.011014159214595,38.130443716187386],[-3.011084345923176,38.13047742820396],[-3.011103470074592,38.13045852282025],[-3.0111473912498283,38.13048077761269],[-3.012142668550024,38.1309923461485],[-3.012120696227741,38.13126858938597],[-3.012049156679908,38.131280037389985],[-3.0118712742438185,38.13129699565752],[-3.011824087478911,38.13130148584332],[-3.0118068081844935,38.131303129534615],[-3.011773265482382,38.131325844493574],[-3.0117188610602232,38.13145175493594],[-3.0095057115967987,38.13047926887003],[-3.0094488864808606,38.13045800230404],[-3.009475112619258,38.13033687038492],[-3.0095841410694506,38.12997771000357],[-3.009590185260188,38.12995797229681],[-3.0095452280816573,38.12994553690453],[-3.0094750522695515,38.12991255495177],[-3.0095997314102783,38.12968903388838]]]},"properties":{"dn_surface":16554.924141369644,"provincia":23,"municipio":97,"agregado":0,"zona":0,"poligono":22,"parcela":449,"recinto":2,"uso_sigpac":"OV","idPanel":"23:97:0:0:22:449:2"},"id":1331432593},{"type":"Feature","geometry":{"type":"Polygon","coordinates":[[[-3.0111560757402223,38.12986719628006],[-3.0111843755615877,38.12988404809738],[-3.011555237080469,38.13010509901375],[-3.0111873226389183,38.13045409717509],[-3.011184469438908,38.130452746012224],[-3.0111473912498283,38.13048077761269],[-3.011103470074592,38.13045852282025],[-3.0104971952473933,38.130151323536126],[-3.0104893170961327,38.13011797697055],[-3.0107065341297705,38.12993635704362],[-3.0108120622969903,38.12984811487635],[-3.0111560757402223,38.12986719628006]]]},"properties":{"dn_surface":3772.9812840864056,"provincia":23,"municipio":97,"agregado":0,"zona":0,"poligono":22,"parcela":451,"recinto":1,"uso_sigpac":"OV","idPanel":"23:97:0:0:22:451:1"},"id":1328611571},{"type":"Feature","geometry":{"type":"Polygon","coordinates":[[[-3.0111862623281036,38.129563198044934],[-3.011184322755594,38.12956382920228],[-3.011034860840282,38.129612869206085],[-3.010678911566222,38.12915045634438],[-3.0104822989281885,38.129013027489975],[-3.010131873328649,38.12881972989484],[-3.010276165285776,38.128543392780045],[-3.0107255216561573,38.128794182690655],[-3.011134966754017,38.12916754620778],[-3.011184320241023,38.12954823718508],[-3.0111862623281036,38.129563198044934]]]},"properties":{"dn_surface":3846.22728308698,"provincia":23,"municipio":97,"agregado":0,"zona":0,"poligono":22,"parcela":459,"recinto":1,"uso_sigpac":"OV","idPanel":"23:97:0:0:22:459:1"},"id":1112596595},{"type":"Feature","geometry":{"type":"Polygon","coordinates":[[[-3.0099564358938595,38.12912112471068],[-3.010136492595761,38.129185282315945],[-3.0103451894243167,38.129252412982424],[-3.010519897633486,38.12940318163655],[-3.010661628919043,38.12953133172354],[-3.010812602929777,38.129660382027055],[-3.0109135931343487,38.12973761288748],[-3.01101823281978,38.12980051320724],[-3.0111560757402223,38.12986719628006],[-3.0108120622969903,38.12984811487635],[-3.0107065341297705,38.12993635704362],[-3.010685416761661,38.12987624370686],[-3.0105408448489515,38.129831100450076],[-3.0104142982200854,38.1297645062254],[-3.0100158417979386,38.12962618888923],[-3.0100966123362847,38.129543447765315],[-3.0098849432846873,38.12944197895405],[-3.010006884057485,38.12923513117343],[-3.0099564358938595,38.12912112471068]]]},"properties":{"dn_surface":3712.9733222062837,"provincia":23,"municipio":97,"agregado":0,"zona":0,"poligono":22,"parcela":453,"recinto":1,"uso_sigpac":"OV","idPanel":"23:97:0:0:22:453:1"},"id":1331432605},{"type":"Feature","geometry":{"type":"Polygon","coordinates":[[[-3.010890198403013,38.12829234722136],[-3.0106275606715713,38.12838023902506],[-3.0103813456039936,38.128425770364004],[-3.0102413359614513,38.128346468335195],[-3.0100611677802305,38.12829033221172],[-3.0096683238807813,38.128241148039166],[-3.009901277938561,38.12802320764726],[-3.010140870464049,38.127951541532696],[-3.010303343608429,38.127946122631954],[-3.0104240648142437,38.12799550377923],[-3.0108261506006806,38.128048379342175],[-3.010890198403013,38.12829234722136]]]},"properties":{"dn_surface":3575.76945865723,"provincia":23,"municipio":97,"agregado":0,"zona":0,"poligono":22,"parcela":465,"recinto":1,"uso_sigpac":"OV","idPanel":"23:97:0:0:22:465:1"},"id":1112596589},{"type":"Feature","geometry":{"type":"Polygon","coordinates":[[[-3.0096683238807813,38.128241148039166],[-3.0100611677802305,38.12829033221172],[-3.0102413359614513,38.128346468335195],[-3.0103813456039936,38.128425770364004],[-3.010276165285776,38.128543392780045],[-3.010131873328649,38.12881972989484],[-3.0099564358938595,38.12912112471068],[-3.010006884057485,38.12923513117343],[-3.0098849432846873,38.12944197895405],[-3.0097719979709088,38.12953076091591],[-3.0096788037749405,38.129701106344214],[-3.0095997314102783,38.12968903388838],[-3.0094750522695515,38.12991255495177],[-3.0095452280816573,38.12994553690453],[-3.009590185260188,38.12995797229681],[-3.0095841410694506,38.12997771000357],[-3.009475112619258,38.13033687038492],[-3.0094488864808606,38.13045800230404],[-3.0094446167391307,38.13047771067414],[-3.0094133111671098,38.13062221553159],[-3.009054687227588,38.13057194506433],[-3.0090612896531095,38.13047983716308],[-3.008108764252589,38.13035578498875],[-3.007992450251725,38.13033774377928],[-3.0080717547951195,38.130066742584376],[-3.0081005633980364,38.13004123812789],[-3.00825623714216,38.12985782866451],[-3.008388111308998,38.129680814593655],[-3.008610147099056,38.12966223610414],[-3.0087927770453855,38.12933939283502],[-3.0088089658541355,38.12923060829823],[-3.0088441027943253,38.12918428486941],[-3.008889854577325,38.12916805834206],[-3.0089344513339964,38.12908910164768],[-3.0093383819774315,38.128433318268264],[-3.0094959424880705,38.12837553761531],[-3.0096165237160935,38.12824115139196],[-3.0096683238807813,38.128241148039166]]]},"properties":{"dn_surface":24781.131727243173,"provincia":23,"municipio":97,"agregado":0,"zona":0,"poligono":22,"parcela":460,"recinto":1,"uso_sigpac":"OV","idPanel":"23:97:0:0:22:460:1"},"id":1346099130},{"type":"Feature","geometry":{"type":"Polygon","coordinates":[[[-3.010140870464049,38.127951541532696],[-3.009901277938561,38.12802320764726],[-3.0096683238807813,38.128241148039166],[-3.0096165237160935,38.12824115139196],[-3.0094959424880705,38.12837553761531],[-3.0093383819774315,38.128433318268264],[-3.008991947840419,38.12818233641207],[-3.0091107068425837,38.128066516943505],[-3.0091129557073386,38.127823715825286],[-3.0093011864417,38.12762083017057],[-3.0095679388496546,38.12758899989137],[-3.0100573347356816,38.12784087190573],[-3.010140870464049,38.127951541532696]]]},"properties":{"dn_surface":5241.48834540323,"provincia":23,"municipio":97,"agregado":0,"zona":0,"poligono":22,"parcela":464,"recinto":1,"uso_sigpac":"OV","idPanel":"23:97:0:0:22:464:1"},"id":1112596590},{"type":"Feature","geometry":{"type":"Polygon","coordinates":[[[-3.0108539542133483,38.124982995632024],[-3.0116521528416658,38.12504602251849],[-3.0118600341109953,38.125078811687445],[-3.011931917316879,38.12510575364041],[-3.012313596520638,38.125332570468345],[-3.0122687700998045,38.12539890736855],[-3.0121587073226994,38.125604134927215],[-3.0120340323729238,38.125765381799056],[-3.011973569510792,38.12580116666041],[-3.011928174796889,38.12588480800076],[-3.0118511702478625,38.12593645645299],[-3.011769466803638,38.12586093717729],[-3.011580504329085,38.12572359968564],[-3.0114641207584216,38.125673948641065],[-3.0112650086367134,38.125555988434314],[-3.0112431008550877,38.12554156988361],[-3.011221192235273,38.12552706164658],[-3.0111836614233947,38.12556257409602],[-3.0108738318979045,38.12585550821828],[-3.0107762958758353,38.12593942364691],[-3.010766941671338,38.12594888765432],[-3.010741158097455,38.12595889313275],[-3.010731345402827,38.125956009757886],[-3.0107276942455883,38.12595330659394],[-3.010718217665298,38.125909235382665],[-3.010730074706231,38.125856329644876],[-3.0107429627213156,38.12582631656238],[-3.0107701050017837,38.12575421375061],[-3.0107790845351863,38.12554295625051],[-3.0107797576020516,38.12547148627246],[-3.0108137344867725,38.12532710127621],[-3.0108414165618367,38.12506149635087],[-3.0108539542133483,38.124982995632024]]]},"properties":{"dn_surface":9366.63048997157,"provincia":23,"municipio":97,"agregado":0,"zona":0,"poligono":22,"parcela":476,"recinto":1,"uso_sigpac":"OV","idPanel":"23:97:0:0:22:476:1"},"id":1112596578},{"type":"Feature","geometry":{"type":"Polygon","coordinates":[[[-3.011274524611951,38.12652097269648],[-3.0111838449870847,38.12667221157534],[-3.0111828182038853,38.12667392399828],[-3.0099687899816803,38.126263483968444],[-3.0101169501873515,38.12594388533424],[-3.0104474964259555,38.126054087250964],[-3.0107136822172214,38.126087145479005],[-3.010689739309384,38.12619629043766],[-3.0111838114594702,38.126470598293594],[-3.011274524611951,38.12652097269648]]]},"properties":{"dn_surface":3731.01255090789,"provincia":23,"municipio":97,"agregado":0,"zona":0,"poligono":22,"parcela":469,"recinto":1,"uso_sigpac":"OV","idPanel":"23:97:0:0:22:469:1"},"id":1112596585},{"type":"Feature","geometry":{"type":"Polygon","coordinates":[[[-3.0118279012450815,38.12727961376859],[-3.0112610280706598,38.12700287935152],[-3.011183894440316,38.126970800967996],[-3.0099179302665844,38.12644374015966],[-3.0099643324853083,38.12627928134228],[-3.0099687899816803,38.126263483968444],[-3.0111828182038853,38.12667392399828],[-3.0111838449870847,38.12667446463104],[-3.0116142481968846,38.12689388945813],[-3.0118116814232874,38.12717569911783],[-3.0118279012450815,38.12727961376859]]]},"properties":{"dn_surface":4561.051025390625,"provincia":23,"municipio":97,"agregado":0,"zona":0,"poligono":22,"parcela":468,"recinto":1,"uso_sigpac":"OV","idPanel":"23:97:0:0:22:468:1"},"id":1179274352},{"type":"Feature","geometry":{"type":"Polygon","coordinates":[[[-3.0124697731789807,38.12711814309989],[-3.0122208767404177,38.12745064064566],[-3.0121060840550715,38.127379630834156],[-3.0119715092388692,38.12771193811071],[-3.0116769054413974,38.12766960279163],[-3.0118725549986993,38.12752358164781],[-3.0118279012450815,38.12727961376859],[-3.0118116814232874,38.12717569911783],[-3.0116142481968846,38.12689388945813],[-3.0111838449870847,38.12667446463104],[-3.0111828182038853,38.12667392399828],[-3.0111838449870847,38.12667221157534],[-3.011274524611951,38.12652097269648],[-3.0114784957232175,38.12634430898916],[-3.0120599986723073,38.126787233086645],[-3.0124697731789807,38.12711814309989]]]},"properties":{"dn_surface":6208.93347354382,"provincia":23,"municipio":97,"agregado":0,"zona":0,"poligono":22,"parcela":471,"recinto":1,"uso_sigpac":"OV","idPanel":"23:97:0:0:22:471:1"},"id":1112596583},{"type":"Feature","geometry":{"type":"Polygon","coordinates":[[[-3.0118725549986993,38.12752358164781],[-3.011183940540787,38.127250463184],[-3.00989355820528,38.12673872533375],[-3.009879622452236,38.12663210668086],[-3.009909146869728,38.12648692959468],[-3.0099179302665844,38.12644374015966],[-3.011183894440316,38.126970800967996],[-3.0112610280706598,38.12700287935152],[-3.0118279012450815,38.12727961376859],[-3.0118725549986993,38.12752358164781]]]},"properties":{"dn_surface":5314.049560546875,"provincia":23,"municipio":97,"agregado":0,"zona":0,"poligono":22,"parcela":467,"recinto":1,"uso_sigpac":"OV","idPanel":"23:97:0:0:22:467:1"},"id":1179274353},{"type":"Feature","geometry":{"type":"Polygon","coordinates":[[[-3.012846321819503,38.12790518373802],[-3.0127628875121704,38.12834194462175],[-3.0127960002226226,38.12848749554081],[-3.0125705437776773,38.12848517207712],[-3.0119232479139124,38.128371397793074],[-3.0111941564049807,38.12831215198335],[-3.0111841157225734,38.128311521664216],[-3.010890198403013,38.12829234722136],[-3.0108261506006806,38.128048379342175],[-3.0104240648142437,38.12799550377923],[-3.010303343608429,38.127946122631954],[-3.010140870464049,38.127951541532696],[-3.0100573347356816,38.12784087190573],[-3.0095679388496546,38.12758899989137],[-3.009754335623493,38.127339067449526],[-3.009838637457856,38.12723938146914],[-3.0098890479029152,38.12710427859301],[-3.0099008898564215,38.126940067880014],[-3.00989355820528,38.12673872533375],[-3.011183940540787,38.127250463184],[-3.0118725549986993,38.12752358164781],[-3.0116769054413974,38.12766960279163],[-3.0119715092388692,38.12771193811071],[-3.012846321819503,38.12790518373802]]]},"properties":{"dn_surface":26139.464233398438,"provincia":23,"municipio":97,"agregado":0,"zona":0,"poligono":22,"parcela":466,"recinto":1,"uso_sigpac":"OV","idPanel":"23:97:0:0:22:466:1"},"id":1355289059},{"type":"Feature","geometry":{"type":"Polygon","coordinates":[[[-3.0118511702478625,38.12593645645299],[-3.011889348142704,38.125971726665455],[-3.0119145852164677,38.12599504093052],[-3.0119244306005197,38.126004135296],[-3.0119228506116777,38.12604700705691],[-3.0119226134038035,38.12605343513883],[-3.0119372314438064,38.12606817304007],[-3.0121745399005433,38.126307420231115],[-3.012203563080195,38.12633667894224],[-3.0123025374369337,38.12641044472372],[-3.0123262263730894,38.1264280995274],[-3.01233535929533,38.126434905633204],[-3.0120599986723073,38.126787233086645],[-3.0114784957232175,38.12634430898916],[-3.0113185153569884,38.126218774894284],[-3.0111837586534773,38.12615119076676],[-3.0108198842894964,38.12596862117013],[-3.010916736348225,38.12588524721252],[-3.01118367315806,38.1256328731221],[-3.0112650086367134,38.125555988434314],[-3.0114641207584216,38.125673948641065],[-3.011580504329085,38.12572359968564],[-3.011769466803638,38.12586093717729],[-3.0118511702478625,38.12593645645299]]]},"properties":{"dn_surface":7286.2288818359375,"provincia":23,"municipio":97,"agregado":0,"zona":0,"poligono":22,"parcela":475,"recinto":1,"uso_sigpac":"OV","idPanel":"23:97:0:0:22:475:1"},"id":1112596579},{"type":"Feature","geometry":{"type":"Polygon","coordinates":[[[-3.0107132857531775,38.12574691730347],[-3.0106886521764786,38.12581262136999],[-3.010674623384304,38.12584506855728],[-3.010660371633492,38.12590905936267],[-3.010674644339063,38.12597593186652],[-3.0107007749237584,38.12599503673957],[-3.0107441319968777,38.12600792140191],[-3.010803799416351,38.12598484518287],[-3.0108198842894964,38.12596862117013],[-3.0111837586534773,38.12615119076676],[-3.0113185153569884,38.126218774894284],[-3.0114784957232175,38.12634430898916],[-3.011274524611951,38.12652097269648],[-3.0111838114594702,38.126470598293594],[-3.010689739309384,38.12619629043766],[-3.0107136822172214,38.126087145479005],[-3.0104474964259555,38.126054087250964],[-3.0101169501873515,38.12594388533424],[-3.010144669142792,38.125906120667224],[-3.010239688079189,38.125768581171684],[-3.0103611745528083,38.12561941346121],[-3.0104112639709566,38.125635903180296],[-3.0107132857531775,38.12574691730347]]]},"properties":{"dn_surface":3695.18946501528,"provincia":23,"municipio":97,"agregado":0,"zona":0,"poligono":22,"parcela":470,"recinto":1,"uso_sigpac":"OV","idPanel":"23:97:0:0:22:470:1"},"id":1112596584},{"type":"Feature","geometry":{"type":"Polygon","coordinates":[[[-3.0136252898462286,38.13495101280219],[-3.0136535754183575,38.134883144528175],[-3.01335277068855,38.134792956921046],[-3.013585035753848,38.1345062430095],[-3.013707361256025,38.13452047129098],[-3.0137382988624752,38.134482134139944],[-3.0138125415742425,38.13439013855623],[-3.013702187945079,38.13432724075108],[-3.01396660766924,38.133934804212146],[-3.013982691704195,38.13391091913945],[-3.0140020899438613,38.13391217893957],[-3.0140913220139636,38.13391784845922],[-3.0146325465631514,38.13401296546385],[-3.015008781720476,38.13413432537078],[-3.0148508012764634,38.13439967464802],[-3.014771756572083,38.13454722046015],[-3.0147710902107407,38.1346295056085],[-3.014770531975956,38.1346871865168],[-3.0146273573265883,38.134828068715535],[-3.014041821843644,38.13458190393939],[-3.0138866795122135,38.13479587969087],[-3.0138537461744987,38.13501326771532],[-3.0136252898462286,38.13495101280219]]]},"properties":{"dn_surface":9079.529663085938,"provincia":23,"municipio":97,"agregado":0,"zona":0,"poligono":22,"parcela":68,"recinto":1,"uso_sigpac":"OV","idPanel":"23:97:0:0:22:68:1"},"id":1339584959},{"type":"Feature","geometry":{"type":"Polygon","coordinates":[[[-3.0146273573265883,38.134828068715535],[-3.014524011807085,38.134999860860404],[-3.014373495448291,38.13496022116158],[-3.014394592699831,38.134897130572654],[-3.0138866795122135,38.13479587969087],[-3.014041821843644,38.13458190393939],[-3.0146273573265883,38.134828068715535]]]},"properties":{"dn_surface":1289.88343470028,"provincia":23,"municipio":97,"agregado":0,"zona":0,"poligono":22,"parcela":69,"recinto":1,"uso_sigpac":"OV","idPanel":"23:97:0:0:22:69:1"},"id":1112595817},{"type":"Feature","geometry":{"type":"Polygon","coordinates":[[[-3.0138866795122135,38.13479587969087],[-3.014394592699831,38.134897130572654],[-3.014373495448291,38.13496022116158],[-3.014524011807085,38.134999860860404],[-3.014431415240849,38.13510650968814],[-3.0143356586969294,38.135077338987],[-3.0143356586969294,38.13507539941449],[-3.014346268510596,38.135013314653975],[-3.0143383015111573,38.13501331549216],[-3.0142081716184714,38.13500750850932],[-3.013867190747988,38.13492452347202],[-3.0138866795122135,38.13479587969087]]]},"properties":{"dn_surface":829.578125,"provincia":23,"municipio":97,"agregado":0,"zona":0,"poligono":22,"parcela":70,"recinto":1,"uso_sigpac":"OV","idPanel":"23:97:0:0:22:70:1"},"id":1429402836},{"type":"Feature","geometry":{"type":"Polygon","coordinates":[[[-3.013867190747988,38.13492452347202],[-3.0142081716184714,38.13500750850932],[-3.0143383015111573,38.13501331549216],[-3.014346268510596,38.135013314653975],[-3.0143356586969294,38.13507539941449],[-3.0143356586969294,38.135077338987],[-3.014431415240849,38.13510650968814],[-3.0144038857164315,38.13513821759153],[-3.0138537461744987,38.13501326771532],[-3.013867190747988,38.13492452347202]]]},"properties":{"dn_surface":459.4517822265625,"provincia":23,"municipio":97,"agregado":0,"zona":0,"poligono":22,"parcela":70,"recinto":2,"uso_sigpac":"OV","idPanel":"23:97:0:0:22:70:2"},"id":1429402837},{"type":"Feature","geometry":{"type":"Polygon","coordinates":[[[-3.0144038857164315,38.13513821759153],[-3.0143250622943083,38.13525782316597],[-3.0143117292001382,38.13534353483652],[-3.0137740284032533,38.13522939845424],[-3.013812870144866,38.135124089892884],[-3.0138537461744987,38.13501326771532],[-3.0144038857164315,38.13513821759153]]]},"properties":{"dn_surface":1189.29072950529,"provincia":23,"municipio":97,"agregado":0,"zona":0,"poligono":22,"parcela":64,"recinto":2,"uso_sigpac":"OV","idPanel":"23:97:0:0:22:64:2"},"id":1112595824},{"type":"Feature","geometry":{"type":"Polygon","coordinates":[[[-3.0138537461744987,38.13501326771532],[-3.013812870144866,38.135124089892884],[-3.0135839050350426,38.13505015060605],[-3.0136252898462286,38.13495101280219],[-3.0138537461744987,38.13501326771532]]]},"properties":{"dn_surface":260.699417826296,"provincia":23,"municipio":97,"agregado":0,"zona":0,"poligono":22,"parcela":65,"recinto":4,"uso_sigpac":"OV","idPanel":"23:97:0:0:22:65:4"},"id":1112595822},{"type":"Feature","geometry":{"type":"Polygon","coordinates":[[[-3.013812870144866,38.135124089892884],[-3.0137740284032533,38.13522939845424],[-3.0135380392581546,38.13516002395215],[-3.0135839050350426,38.13505015060605],[-3.013812870144866,38.135124089892884]]]},"properties":{"dn_surface":272.721933721997,"provincia":23,"municipio":97,"agregado":0,"zona":0,"poligono":22,"parcela":65,"recinto":3,"uso_sigpac":"OV","idPanel":"23:97:0:0:22:65:3"},"id":1112595823},{"type":"Feature","geometry":{"type":"Polygon","coordinates":[[[-3.0143117292001382,38.13534353483652],[-3.0143075223226856,38.135415366074625],[-3.01430490716874,38.13545988823233],[-3.014194892168485,38.13546638672227],[-3.013886133850285,38.13548462490647],[-3.01352828020771,38.13543346847197],[-3.0134124448135466,38.13535804391179],[-3.013171037605914,38.13529032902659],[-3.0130761502654044,38.13526371312969],[-3.0126901057662128,38.13514955914542],[-3.0126475114463274,38.134966606495794],[-3.012878464743702,38.1349968668444],[-3.013207221445872,38.135062808956974],[-3.0135380392581546,38.13516002395215],[-3.0137740284032533,38.13522939845424],[-3.0143117292001382,38.13534353483652]]]},"properties":{"dn_surface":3451.70054893686,"provincia":23,"municipio":97,"agregado":0,"zona":0,"poligono":22,"parcela":60,"recinto":3,"uso_sigpac":"OV","idPanel":"23:97:0:0:22:60:3"},"id":1112595828},{"type":"Feature","geometry":{"type":"Polygon","coordinates":[[[-3.0126901057662128,38.13514955914542],[-3.0130761502654044,38.13526371312969],[-3.013171037605914,38.13529032902659],[-3.0134124448135466,38.13535804391179],[-3.01352828020771,38.13543346847197],[-3.013886133850285,38.13548462490647],[-3.014194892168485,38.13546638672227],[-3.01430490716874,38.13545988823233],[-3.0142881752126325,38.1356655583555],[-3.0142761002422036,38.135764427938426],[-3.014241242419406,38.13604896087864],[-3.0139186564747185,38.136055212102406],[-3.0136844987755715,38.13602864733511],[-3.013632898938382,38.13591644549618],[-3.0128934616457492,38.135860006786004],[-3.012738989866614,38.13541578684618],[-3.0126901057662128,38.13514955914542]]]},"properties":{"dn_surface":8363.663940429688,"provincia":23,"municipio":97,"agregado":0,"zona":0,"poligono":22,"parcela":59,"recinto":1,"uso_sigpac":"OV","idPanel":"23:97:0:0:22:59:1"},"id":1355289079},{"type":"Feature","geometry":{"type":"Polygon","coordinates":[[[-3.0132716162590154,38.13263594693382],[-3.0132504217773923,38.132669988359225],[-3.0132531735563672,38.132778953106936],[-3.0131821981106515,38.13292139098698],[-3.0130450508882127,38.13317842122487],[-3.0129988707899376,38.13326496773303],[-3.0129692365695075,38.13331547876092],[-3.012853952704605,38.13329248971374],[-3.012907225569768,38.133213353646596],[-3.012502248026564,38.13310911377798],[-3.0124749288879284,38.13283810923028],[-3.012467276209877,38.132804669625585],[-3.013022765082733,38.132960358457126],[-3.0131129761591833,38.132723498432256],[-3.01319246929541,38.13252899803393],[-3.0132716162590154,38.13263594693382]]]},"properties":{"dn_surface":2290.0687255859375,"provincia":23,"municipio":97,"agregado":0,"zona":0,"poligono":22,"parcela":318,"recinto":1,"uso_sigpac":"OV","idPanel":"23:97:0:0:22:318:1"},"id":1355289077},{"type":"Feature","geometry":{"type":"Polygon","coordinates":[[[-3.0132531735563672,38.132778953106936],[-3.0132346252417337,38.13291401742629],[-3.0132197733466195,38.13297946919752],[-3.0130080003594157,38.13332320855247],[-3.0129692365695075,38.13331547876092],[-3.0129988707899376,38.13326496773303],[-3.0130450508882127,38.13317842122487],[-3.0131821981106515,38.13292139098698],[-3.0132531735563672,38.132778953106936]]]},"properties":{"dn_surface":250.305524411037,"provincia":23,"municipio":97,"agregado":0,"zona":0,"poligono":22,"parcela":318,"recinto":5,"uso_sigpac":"PR","idPanel":"23:97:0:0:22:318:5"},"id":1112596774},{"type":"Feature","geometry":{"type":"Polygon","coordinates":[[[-3.01319246929541,38.13252899803393],[-3.0131129761591833,38.132723498432256],[-3.012663720371647,38.13257293764934],[-3.0129471351659074,38.1324680054355],[-3.01319246929541,38.13252899803393]]]},"properties":{"dn_surface":692.242100627757,"provincia":23,"municipio":97,"agregado":0,"zona":0,"poligono":22,"parcela":316,"recinto":1,"uso_sigpac":"OV","idPanel":"23:97:0:0:22:316:1"},"id":1112596777},{"type":"Feature","geometry":{"type":"Polygon","coordinates":[[[-3.012663720371647,38.13257293764934],[-3.012670855886242,38.132575329844684],[-3.0125759551346865,38.13266884087659],[-3.0126188704814836,38.132702597317234],[-3.0126765379787406,38.13266145725768],[-3.0127972373916045,38.13266251170114],[-3.0131064458180328,38.1327406444544],[-3.013022765082733,38.132960358457126],[-3.012467276209877,38.132804669625585],[-3.0124249207742464,38.13265100586199],[-3.012663720371647,38.13257293764934]]]},"properties":{"dn_surface":1316.937255859375,"provincia":23,"municipio":97,"agregado":0,"zona":0,"poligono":22,"parcela":317,"recinto":1,"uso_sigpac":"OV","idPanel":"23:97:0:0:22:317:1"},"id":1434835585},{"type":"Feature","geometry":{"type":"Polygon","coordinates":[[[-3.0130080003594157,38.13332320855247],[-3.0129077435714144,38.13354015233608],[-3.012853215097082,38.13361658440107],[-3.0128037006775257,38.133656875373816],[-3.0126032625386574,38.13388410375322],[-3.012631515421362,38.133632730462125],[-3.012853952704605,38.13329248971374],[-3.0129692365695075,38.13331547876092],[-3.0130080003594157,38.13332320855247]]]},"properties":{"dn_surface":865.678955078125,"provincia":23,"municipio":97,"agregado":0,"zona":0,"poligono":22,"parcela":319,"recinto":1,"uso_sigpac":"OV","idPanel":"23:97:0:0:22:319:1"},"id":1355289076},{"type":"Feature","geometry":{"type":"Polygon","coordinates":[[[-3.012502248026564,38.13310911377798],[-3.012907225569768,38.133213353646596],[-3.012853952704605,38.13329248971374],[-3.012631515421362,38.133632730462125],[-3.012581048817548,38.13347592180824],[-3.0125479294015722,38.13340332027323],[-3.01252431590255,38.13335155195975],[-3.012522891817116,38.13333590881294],[-3.012502248026564,38.13310911377798]]]},"properties":{"dn_surface":1046.3841552734375,"provincia":23,"municipio":97,"agregado":0,"zona":0,"poligono":22,"parcela":320,"recinto":1,"uso_sigpac":"OV","idPanel":"23:97:0:0:22:320:1"},"id":1355289078},{"type":"Feature","geometry":{"type":"Polygon","coordinates":[[[-3.012959782620357,38.13355907448363],[-3.0135812471333887,38.13373707678093],[-3.0135813468780426,38.13373710527941],[-3.01355910298208,38.13377270741526],[-3.0137096277227773,38.13386732569663],[-3.0137698424805603,38.13386731899112],[-3.0137956629348195,38.13386731647657],[-3.01396660766924,38.133934804212146],[-3.013702187945079,38.13432724075108],[-3.0138125415742425,38.13439013855623],[-3.0137382988624752,38.134482134139944],[-3.01373493101358,38.134481672297085],[-3.0135234463638634,38.13441011263265],[-3.013333770589308,38.134787221184354],[-3.012551359276554,38.13455106859212],[-3.0124914160924505,38.13439422808702],[-3.0124835077663366,38.134197664064004],[-3.0125103231525614,38.13414162936161],[-3.012539404167348,38.13408086391277],[-3.012594370177052,38.13396601925962],[-3.0126127382807573,38.13392763181716],[-3.0128473025022324,38.13368606619156],[-3.012899319758225,38.13364379708955],[-3.012959782620357,38.13355907448363]]]},"properties":{"dn_surface":11071.238525390625,"provincia":23,"municipio":97,"agregado":0,"zona":0,"poligono":22,"parcela":67,"recinto":3,"uso_sigpac":"OV","idPanel":"23:97:0:0:22:67:3"},"id":1355276486},{"type":"Feature","geometry":{"type":"Polygon","coordinates":[[[-3.012551359276554,38.13455106859212],[-3.013333770589308,38.134787221184354],[-3.01335277068855,38.134792956921046],[-3.0136535754183575,38.134883144528175],[-3.0136252898462286,38.13495101280219],[-3.0135839050350426,38.13505015060605],[-3.0135380392581546,38.13516002395215],[-3.013207221445872,38.135062808956974],[-3.012878464743702,38.1349968668444],[-3.0126475114463274,38.134966606495794],[-3.0126370902254935,38.134817361671765],[-3.012551359276554,38.13455106859212]]]},"properties":{"dn_surface":3192.449951171875,"provincia":23,"municipio":97,"agregado":0,"zona":0,"poligono":22,"parcela":66,"recinto":3,"uso_sigpac":"OV","idPanel":"23:97:0:0:22:66:3"},"id":1355276487},{"type":"Feature","geometry":{"type":"Polygon","coordinates":[[[-3.012406338093807,38.13311393504898],[-3.0123892163791783,38.13311281774122],[-3.0123009666681866,38.13310705853519],[-3.012275728756233,38.13299223902777],[-3.0123794497850214,38.1328843312381],[-3.0123808260936036,38.132882899608944],[-3.0123807900514175,38.13290101290278],[-3.012403743894621,38.13309879649276],[-3.012406338093807,38.13311393504898]]]},"properties":{"dn_surface":186.503476832845,"provincia":23,"municipio":97,"agregado":0,"zona":0,"poligono":22,"parcela":788,"recinto":1,"uso_sigpac":"OV","idPanel":"23:97:0:0:22:788:1"},"id":1155760492},{"type":"Feature","geometry":{"type":"Polygon","coordinates":[[[-3.01255943104979,38.130447073139806],[-3.0128342451726935,38.13054141398021],[-3.0129294686275405,38.1306612508952],[-3.0130257859208154,38.13068573946495],[-3.013105003292412,38.13070588034128],[-3.013438234254761,38.130853887996324],[-3.0135899626368263,38.13085622068013],[-3.0137803952972826,38.13101834429909],[-3.013842874845438,38.13103243679373],[-3.0139410453776145,38.131006575268174],[-3.014068960771349,38.13094158450167],[-3.014062883052998,38.13086852950565],[-3.0141177074085297,38.13081579475869],[-3.014203027644189,38.13084605007819],[-3.0142414243067157,38.13085966480429],[-3.014153584470813,38.13095574991888],[-3.0142983231834064,38.13122449219077],[-3.0143661235640122,38.131350480584814],[-3.0135999220147687,38.13169077246283],[-3.0134550634409525,38.1315745347373],[-3.013413269592867,38.13146909038912],[-3.013440860305182,38.13137329612661],[-3.0132758155927544,38.13128409842233],[-3.0128071556982197,38.13112775580228],[-3.0127701889884584,38.13119015823693],[-3.0122261087246898,38.13101721525669],[-3.0122277582833323,38.13097914045923],[-3.0122277666652355,38.130978955219206],[-3.01225734305053,38.13089769685405],[-3.0123343425704143,38.130764090985906],[-3.0124309624504124,38.13061139533215],[-3.0125412046002564,38.13047898975262],[-3.01255943104979,38.130447073139806]]]},"properties":{"dn_surface":11142.296020507812,"provincia":23,"municipio":97,"agregado":0,"zona":0,"poligono":22,"parcela":298,"recinto":1,"uso_sigpac":"OV","idPanel":"23:97:0:0:22:298:1"},"id":1419337297},{"type":"Feature","geometry":{"type":"Polygon","coordinates":[[[-3.012768826929112,38.13011072578567],[-3.012781866656653,38.13011269385666],[-3.0135976412987793,38.13023575696636],[-3.013851308716911,38.13065351104535],[-3.0140396785908745,38.13078812525649],[-3.0141177074085297,38.13081579475869],[-3.014062883052998,38.13086852950565],[-3.014068960771349,38.13094158450167],[-3.0139410453776145,38.131006575268174],[-3.013842874845438,38.13103243679373],[-3.0137803952972826,38.13101834429909],[-3.0135899626368263,38.13085622068013],[-3.013438234254761,38.130853887996324],[-3.013105003292412,38.13070588034128],[-3.0130257859208154,38.13068573946495],[-3.0129294686275405,38.1306612508952],[-3.0128342451726935,38.13054141398021],[-3.0125502000592763,38.130443904780236],[-3.01258048220086,38.13040504627483],[-3.0125836128418815,38.130400151243066],[-3.012768826929112,38.13011072578567]]]},"properties":{"dn_surface":6792.947509765625,"provincia":23,"municipio":97,"agregado":0,"zona":0,"poligono":22,"parcela":294,"recinto":1,"uso_sigpac":"OV","idPanel":"23:97:0:0:22:294:1"},"id":1355289062},{"type":"Feature","geometry":{"type":"Polygon","coordinates":[[[-3.0121939942989644,38.13145794329543],[-3.0121943438243473,38.131458041363686],[-3.0130947539006026,38.13171065936746],[-3.0133478488347145,38.13179057830442],[-3.0134550634409525,38.1315745347373],[-3.0135999220147687,38.13169077246283],[-3.0136808618675683,38.13173186055465],[-3.013710489382475,38.13190094785921],[-3.0123849198153567,38.13228614913888],[-3.012388527386697,38.13226770727442],[-3.012365961625633,38.13216682435822],[-3.012323365629367,38.13203330566188],[-3.0122707482290707,38.131880006511096],[-3.012226909196491,38.131781102562314],[-3.0122060675930116,38.13175191425918],[-3.012206015625209,38.13175174997386],[-3.012180560621951,38.1316705444147],[-3.012173608671045,38.13150854233331],[-3.012173602803713,38.13150840822286],[-3.0121939942989644,38.13145794329543]]]},"properties":{"dn_surface":6529.98291015625,"provincia":23,"municipio":97,"agregado":0,"zona":0,"poligono":22,"parcela":299,"recinto":1,"uso_sigpac":"OV","idPanel":"23:97:0:0:22:299:1"},"id":1419337302},{"type":"Feature","geometry":{"type":"Polygon","coordinates":[[[-3.0122261087246898,38.13101721525669],[-3.0127701889884584,38.13119015823693],[-3.0128071556982197,38.13112775580228],[-3.0132758155927544,38.13128409842233],[-3.013440860305182,38.13137329612661],[-3.013413269592867,38.13146909038912],[-3.0134550634409525,38.1315745347373],[-3.0133478488347145,38.13179057830442],[-3.0130947539006026,38.13171065936746],[-3.0121943438243473,38.131458041363686],[-3.012202845589241,38.13141558283064],[-3.0122108503072464,38.13133005975294],[-3.012225500198484,38.1310312566217],[-3.0122261087246898,38.13101721525669]]]},"properties":{"dn_surface":5413.5743408203125,"provincia":23,"municipio":97,"agregado":0,"zona":0,"poligono":22,"parcela":299,"recinto":2,"uso_sigpac":"OV","idPanel":"23:97:0:0:22:299:2"},"id":1419337298},{"type":"Feature","geometry":{"type":"Polygon","coordinates":[[[-3.013710489382475,38.13190094785921],[-3.0137063386637766,38.131996963403935],[-3.0133059233907415,38.132119813613286],[-3.0132972020199715,38.132452831675266],[-3.013343579092984,38.132459011652855],[-3.013328976978599,38.13253382517226],[-3.0133116758912304,38.13256760005311],[-3.0132716162590154,38.13263594693382],[-3.01319246929541,38.13252899803393],[-3.0129471351659074,38.1324680054355],[-3.012663720371647,38.13257293764934],[-3.0124249207742464,38.13265100586199],[-3.0124082927537437,38.13250331588111],[-3.0123838854884437,38.13228645004921],[-3.0123849198153567,38.13228614913888],[-3.013710489382475,38.13190094785921]]]},"properties":{"dn_surface":3912.7803955078125,"provincia":23,"municipio":97,"agregado":0,"zona":0,"poligono":22,"parcela":803,"recinto":3,"uso_sigpac":"OV","idPanel":"23:97:0:0:22:803:3"},"id":1419337924},{"type":"Feature","geometry":{"type":"Polygon","coordinates":[[[-3.015596737897201,38.131964017493374],[-3.0155758527078236,38.132001855921146],[-3.015535147669026,38.13207560074781],[-3.0153957658310695,38.132309494417],[-3.0152343705995,38.1325893552841],[-3.0150615877136038,38.13297466385217],[-3.0150222732326246,38.13302319255982],[-3.0150130129054493,38.13303462380006],[-3.015008428842332,38.13304028158504],[-3.014614276527719,38.132872868984805],[-3.014164235355808,38.132808925956255],[-3.014125575501506,38.13291158415967],[-3.013844863871179,38.132840502263775],[-3.013739513400317,38.13281496176512],[-3.013765175436596,38.13273693043291],[-3.013735828715463,38.13251128120416],[-3.013772875891499,38.132331025012945],[-3.0143679181295884,38.132292841250774],[-3.0145771572673112,38.132168625629305],[-3.014864463779447,38.132142188266954],[-3.0151816584836926,38.13208717615677],[-3.0154038099440226,38.13205227307171],[-3.015596737897201,38.131964017493374]]]},"properties":{"dn_surface":10326.245971679688,"provincia":23,"municipio":97,"agregado":0,"zona":0,"poligono":22,"parcela":308,"recinto":5,"uso_sigpac":"OV","idPanel":"23:97:0:0:22:308:5"},"id":1419341257},{"type":"Feature","geometry":{"type":"Polygon","coordinates":[[[-3.0136849405018946,38.132504500244096],[-3.013735828715463,38.13251128120416],[-3.013765175436596,38.13273693043291],[-3.013739513400317,38.13281496176512],[-3.0137070419054948,38.132913702266734],[-3.013436712939245,38.13284000102598],[-3.0133425774554956,38.132777871003185],[-3.0133596656425095,38.13268508835867],[-3.0133313683357157,38.13268183953281],[-3.01330317915548,38.132678600765246],[-3.0132878411099515,38.13265787147924],[-3.013324166604082,38.13261227643787],[-3.013369999691545,38.13253763307108],[-3.0136288043784383,38.13256165728342],[-3.0136849405018946,38.132504500244096]]]},"properties":{"dn_surface":1280.3809814453125,"provincia":23,"municipio":97,"agregado":0,"zona":0,"poligono":22,"parcela":803,"recinto":2,"uso_sigpac":"OV","idPanel":"23:97:0:0:22:803:2"},"id":1419341256},{"type":"Feature","geometry":{"type":"Polygon","coordinates":[[[-3.0133425774554956,38.132777871003185],[-3.013436712939245,38.13284000102598],[-3.0137070419054948,38.132913702266734],[-3.013739513400317,38.13281496176512],[-3.013844863871179,38.132840502263775],[-3.014125575501506,38.13291158415967],[-3.014164235355808,38.132808925956255],[-3.014614276527719,38.132872868984805],[-3.015008428842332,38.13304028158504],[-3.0150171376402457,38.13320998915049],[-3.01460998666942,38.13309304818321],[-3.0145873932480742,38.13308791342902],[-3.014609521473766,38.13305204139587],[-3.0143544869671453,38.13299871237197],[-3.0140657857062396,38.132918619929626],[-3.0135813468780426,38.13373710527941],[-3.0135812471333887,38.13373707678093],[-3.012959782620357,38.13355907448363],[-3.0130606068632364,38.13334086838532],[-3.01330870618276,38.13293816149982],[-3.01332694855791,38.1328627235286],[-3.0133425774554956,38.132777871003185]]]},"properties":{"dn_surface":7241.234375,"provincia":23,"municipio":97,"agregado":0,"zona":0,"poligono":22,"parcela":315,"recinto":1,"uso_sigpac":"OV","idPanel":"23:97:0:0:22:315:1"},"id":1419341553},{"type":"Feature","geometry":{"type":"Polygon","coordinates":[[[-3.0135813468780426,38.13373710527941],[-3.0140657857062396,38.132918619929626],[-3.0143544869671453,38.13299871237197],[-3.014609521473766,38.13305204139587],[-3.0145873932480742,38.13308791342902],[-3.0140291173922487,38.13383574938911],[-3.0140020899438613,38.13391217893957],[-3.013982691704195,38.13391091913945],[-3.01396660766924,38.133934804212146],[-3.0137956629348195,38.13386731647657],[-3.0137698424805603,38.13386731899112],[-3.0137096277227773,38.13386732569663],[-3.01355910298208,38.13377270741526],[-3.0135813468780426,38.13373710527941]]]},"properties":{"dn_surface":4837.114013671875,"provincia":23,"municipio":97,"agregado":0,"zona":0,"poligono":22,"parcela":314,"recinto":1,"uso_sigpac":"OV","idPanel":"23:97:0:0:22:314:1"},"id":1339584963},{"type":"Feature","geometry":{"type":"Polygon","coordinates":[[[-3.0152076138866013,38.13303706377221],[-3.0151455425371556,38.13308073851948],[-3.0150836254147366,38.13311987530409],[-3.015055484011351,38.13314922537799],[-3.015043104777819,38.13317768529373],[-3.0150171376402457,38.13320998915049],[-3.015008428842332,38.13304028158504],[-3.0150130129054493,38.13303462380006],[-3.0150222732326246,38.13302319255982],[-3.0150615877136038,38.13297466385217],[-3.0151316822212446,38.13300461658491],[-3.0152076138866013,38.13303706377221]]]},"properties":{"dn_surface":199.790322478268,"provincia":23,"municipio":97,"agregado":0,"zona":0,"poligono":22,"parcela":311,"recinto":3,"uso_sigpac":"OV","idPanel":"23:97:0:0:22:311:3"},"id":1112596783},{"type":"Feature","geometry":{"type":"Polygon","coordinates":[[[-3.016000847075185,38.131281263662515],[-3.015955676996301,38.131344176555075],[-3.015726878686361,38.131740939832724],[-3.0156718154465745,38.131835325935356],[-3.015596737897201,38.131964017493374],[-3.0154038099440226,38.13205227307171],[-3.0151816584836926,38.13208717615677],[-3.0152856670117774,38.131844905613065],[-3.0152065711777847,38.13174162882518],[-3.015115813601214,38.13153074348156],[-3.01461688078519,38.13170212742776],[-3.014682846367082,38.131235806084334],[-3.0147139935211236,38.131224446928485],[-3.015021245611235,38.13111229705737],[-3.0153758420460424,38.13097256150306],[-3.015885590870564,38.13122431700896],[-3.016000847075185,38.131281263662515]]]},"properties":{"dn_surface":8019.60529030498,"provincia":23,"municipio":97,"agregado":0,"zona":0,"poligono":22,"parcela":301,"recinto":2,"uso_sigpac":"OV","idPanel":"23:97:0:0:22:301:2"},"id":1112596796},{"type":"Feature","geometry":{"type":"Polygon","coordinates":[[[-3.0156718154465745,38.131835325935356],[-3.015770959955958,38.13181541304681],[-3.0159209356819647,38.13182670514743],[-3.0159304633918675,38.131868052240065],[-3.0157441965375362,38.13193840742491],[-3.0155758527078236,38.132001855921146],[-3.015596737897201,38.131964017493374],[-3.0156718154465745,38.131835325935356]]]},"properties":{"dn_surface":296.00118082454,"provincia":23,"municipio":97,"agregado":0,"zona":0,"poligono":22,"parcela":303,"recinto":2,"uso_sigpac":"OV","idPanel":"23:97:0:0:22:303:2"},"id":1112596793},{"type":"Feature","geometry":{"type":"Polygon","coordinates":[[[-3.0152065711777847,38.13174162882518],[-3.0152856670117774,38.131844905613065],[-3.0151816584836926,38.13208717615677],[-3.014864463779447,38.132142188266954],[-3.0145771572673112,38.132168625629305],[-3.0143679181295884,38.132292841250774],[-3.013772875891499,38.132331025012945],[-3.0138236182599436,38.13216428631779],[-3.0144592381318946,38.13192782024237],[-3.0145787179777743,38.13199441111425],[-3.0152065711777847,38.13174162882518]]]},"properties":{"dn_surface":3631.02820603728,"provincia":23,"municipio":97,"agregado":0,"zona":0,"poligono":22,"parcela":305,"recinto":3,"uso_sigpac":"OV","idPanel":"23:97:0:0:22:305:3"},"id":1112596791},{"type":"Feature","geometry":{"type":"Polygon","coordinates":[[[-3.0152065711777847,38.13174162882518],[-3.0145787179777743,38.13199441111425],[-3.0144592381318946,38.13192782024237],[-3.0138236182599436,38.13216428631779],[-3.0137681267048793,38.131978000185086],[-3.0144033861549726,38.13166033106509],[-3.014497203126383,38.13177820661463],[-3.01461688078519,38.13170212742776],[-3.015115813601214,38.13153074348156],[-3.0152065711777847,38.13174162882518]]]},"properties":{"dn_surface":3329.63535084247,"provincia":23,"municipio":97,"agregado":0,"zona":0,"poligono":22,"parcela":306,"recinto":3,"uso_sigpac":"OV","idPanel":"23:97:0:0:22:306:3"},"id":1112596790},{"type":"Feature","geometry":{"type":"Polygon","coordinates":[[[-3.0145786878029215,38.13023694635851],[-3.014827326917042,38.1303024417156],[-3.014868851706019,38.13026746822251],[-3.0150213067991314,38.13034595217755],[-3.014740463572917,38.130683776423126],[-3.014622573774164,38.13056662507009],[-3.0145612039900542,38.13061380764407],[-3.014394676518868,38.130525254508115],[-3.014434742018416,38.13046714444636],[-3.0145786878029215,38.13023694635851]]]},"properties":{"dn_surface":1489.367229127019,"provincia":23,"municipio":97,"agregado":0,"zona":0,"poligono":22,"parcela":813,"recinto":2,"uso_sigpac":"OV","idPanel":"23:97:0:0:22:813:2"},"id":1210237234},{"type":"Feature","geometry":{"type":"Polygon","coordinates":[[[-3.014682846367082,38.131235806084334],[-3.01461688078519,38.13170212742776],[-3.014497203126383,38.13177820661463],[-3.0144033861549726,38.13166033106509],[-3.0137681267048793,38.131978000185086],[-3.013725235665603,38.13199116061202],[-3.0137063386637766,38.131996963403935],[-3.013710489382475,38.13190094785921],[-3.0136808618675683,38.13173186055465],[-3.0135999220147687,38.13169077246283],[-3.0143661235640122,38.131350480584814],[-3.014682846367082,38.131235806084334]]]},"properties":{"dn_surface":3446.8626708984375,"provincia":23,"municipio":97,"agregado":0,"zona":0,"poligono":22,"parcela":300,"recinto":1,"uso_sigpac":"OV","idPanel":"23:97:0:0:22:300:1"},"id":1419337301},{"type":"Feature","geometry":{"type":"Polygon","coordinates":[[[-3.014427335768332,38.128337727686045],[-3.0144733457139634,38.12847796028723],[-3.01331735882192,38.12872592214353],[-3.0131058817159166,38.12844871331072],[-3.0133787956612585,38.128411104547155],[-3.013671102817125,38.12835790208996],[-3.013923366266391,38.128329847858396],[-3.0141400409908616,38.128350826086916],[-3.0143378832541634,38.12833719627332],[-3.014427335768332,38.128337727686045]]]},"properties":{"dn_surface":3042.00725169614,"provincia":23,"municipio":97,"agregado":0,"zona":0,"poligono":22,"parcela":625,"recinto":1,"uso_sigpac":"OV","idPanel":"23:97:0:0:22:625:1"},"id":1112596333},{"type":"Feature","geometry":{"type":"Polygon","coordinates":[[[-3.0130157435620273,38.128443403374774],[-3.0131058817159166,38.12844871331072],[-3.01331735882192,38.12872592214353],[-3.013507153619507,38.12898159283665],[-3.0135794475386706,38.129333980639814],[-3.013525627335198,38.12951045323973],[-3.0135075023066995,38.129570120659196],[-3.01331916260759,38.12979013724865],[-3.0132992069713302,38.129816830259074],[-3.013008920692439,38.12973554758642],[-3.0131473956084185,38.12953392173182],[-3.013178948446598,38.129267687325495],[-3.013078037870111,38.12901263773145],[-3.0128432406317134,38.128491275779396],[-3.0130157435620273,38.128443403374774]]]},"properties":{"dn_surface":4889.0836181640625,"provincia":23,"municipio":97,"agregado":0,"zona":0,"poligono":22,"parcela":293,"recinto":1,"uso_sigpac":"OV","idPanel":"23:97:0:0:22:293:1"},"id":1355289060},{"type":"Feature","geometry":{"type":"Polygon","coordinates":[[[-3.013525627335198,38.12951045323973],[-3.0138956707802813,38.12960541015002],[-3.0143141180426847,38.129825637125265],[-3.014282449534234,38.1298680378232],[-3.01421408086056,38.129959574916796],[-3.01370394982123,38.12989578862985],[-3.0134302412714202,38.12985352120421],[-3.0132992069713302,38.129816830259074],[-3.01331916260759,38.12979013724865],[-3.0135075023066995,38.129570120659196],[-3.013525627335198,38.12951045323973]]]},"properties":{"dn_surface":2446.448057589677,"provincia":23,"municipio":97,"agregado":0,"zona":0,"poligono":22,"parcela":829,"recinto":1,"uso_sigpac":"OV","idPanel":"23:97:0:0:22:829:1"},"id":1210237233},{"type":"Feature","geometry":{"type":"Polygon","coordinates":[[[-3.013008920692439,38.12973554758642],[-3.0132992069713302,38.129816830259074],[-3.0134302412714202,38.12985352120421],[-3.01370394982123,38.12989578862985],[-3.01421408086056,38.129959574916796],[-3.014217418534601,38.130100352341714],[-3.014201605235136,38.13032413743505],[-3.014117577489023,38.13063958870333],[-3.014216737924024,38.13067175342047],[-3.0143293446088935,38.13062000941457],[-3.014394676518868,38.130525254508115],[-3.0145612039900542,38.13061380764407],[-3.0144240374892375,38.13067121446409],[-3.0143027463139735,38.13075187771409],[-3.014203027644189,38.13084605007819],[-3.0141177074085297,38.13081579475869],[-3.0140396785908745,38.13078812525649],[-3.013851308716911,38.13065351104535],[-3.0135976412987793,38.13023575696636],[-3.012781866656653,38.13011269385666],[-3.012768826929112,38.13011072578567],[-3.012824092172777,38.13002436535578],[-3.013008920692439,38.12973554758642]]]},"properties":{"dn_surface":7095.787413919134,"provincia":23,"municipio":97,"agregado":0,"zona":0,"poligono":22,"parcela":849,"recinto":1,"uso_sigpac":"OV","idPanel":"23:97:0:0:22:849:1"},"id":1210237235},{"type":"Feature","geometry":{"type":"Polygon","coordinates":[[[-3.0145786878029215,38.13023694635851],[-3.014434742018416,38.13046714444636],[-3.0143293446088935,38.13062000941457],[-3.014216737924024,38.13067175342047],[-3.014117577489023,38.13063958870333],[-3.014201605235136,38.13032413743505],[-3.014217418534601,38.130100352341714],[-3.0143479658460897,38.13014329451059],[-3.0144910491327073,38.13019036057608],[-3.0145786878029215,38.13023694635851]]]},"properties":{"dn_surface":1394.1624755859375,"provincia":23,"municipio":97,"agregado":0,"zona":0,"poligono":22,"parcela":295,"recinto":2,"uso_sigpac":"OV","idPanel":"23:97:0:0:22:295:2"},"id":1179274348},{"type":"Feature","geometry":{"type":"Polygon","coordinates":[[[-3.0127960002226226,38.12848749554081],[-3.012953526367457,38.12884961138144],[-3.013110050036612,38.12923356208108],[-3.0131285187231613,38.129278867946795],[-3.013078135100194,38.12952401515986],[-3.0129726304023046,38.12970941281077],[-3.0127269316599925,38.130110138214235],[-3.0126653774740024,38.13007878654176],[-3.012079583828424,38.129780420945934],[-3.0122293525214103,38.129535715459184],[-3.01218823174019,38.12928543768288],[-3.0120315295364866,38.12903363775291],[-3.0119178524825183,38.128831674107545],[-3.0119232479139124,38.128371397793074],[-3.0125705437776773,38.12848517207712],[-3.0127960002226226,38.12848749554081]]]},"properties":{"dn_surface":13472.335693359375,"provincia":23,"municipio":97,"agregado":0,"zona":0,"poligono":22,"parcela":456,"recinto":1,"uso_sigpac":"OV","idPanel":"23:97:0:0:22:456:1"},"id":1355289061},{"type":"Feature","geometry":{"type":"Polygon","coordinates":[[[-3.0120154656181017,38.1297660568776],[-3.012079583828424,38.129780420945934],[-3.0126653774740024,38.13007878654176],[-3.0119992734565897,38.1297970657302],[-3.0120156609164574,38.12976653296971],[-3.0120154656181017,38.1297660568776]]]},"properties":{"dn_surface":174.64599609375,"provincia":23,"municipio":97,"agregado":0,"zona":0,"poligono":22,"parcela":450,"recinto":1,"uso_sigpac":"OV","idPanel":"23:97:0:0:22:450:1"},"id":1429256566},{"type":"Feature","geometry":{"type":"Polygon","coordinates":[[[-3.015056680947195,38.126700424224936],[-3.0153806155401837,38.12678708975611],[-3.015821494453191,38.12683841550506],[-3.015773603608375,38.126975770598705],[-3.0157640256070506,38.12700326072817],[-3.0157526312472007,38.12702345860146],[-3.0156884141304143,38.127137289882455],[-3.0156249857507635,38.12720011225048],[-3.0148942907836607,38.1270723033069],[-3.0149126329034646,38.12694873812114],[-3.014981510358691,38.126783979231675],[-3.015056680947195,38.126700424224936]]]},"properties":{"dn_surface":2965.45589916209,"provincia":23,"municipio":97,"agregado":0,"zona":0,"poligono":22,"parcela":266,"recinto":1,"uso_sigpac":"OV","idPanel":"23:97:0:0:22:266:1"},"id":1112596841},{"type":"Feature","geometry":{"type":"Polygon","coordinates":[[[-3.0149126329034646,38.12694873812114],[-3.0148942907836607,38.1270723033069],[-3.0156249857507635,38.12720011225048],[-3.0154690563585795,38.12737344247466],[-3.0153719620628334,38.127354418906094],[-3.0141551904435566,38.12711600152352],[-3.013860674656074,38.12702189286185],[-3.01389110012821,38.12700386673981],[-3.0139152827584907,38.12697720306602],[-3.0139259646565297,38.12694476509884],[-3.013920893604808,38.12690432911913],[-3.013896700078052,38.12687722623363],[-3.0138584433933158,38.12685323554891],[-3.0138185027841327,38.1268447966483],[-3.0137780022637846,38.12684791136371],[-3.01373694015589,38.126858579850705],[-3.013706569166127,38.12688657624716],[-3.013686324354191,38.1269163496072],[-3.013685206208241,38.1269492318153],[-3.013695001300871,38.126968953596446],[-3.013525001206994,38.126914631316964],[-3.013644999892711,38.12676374783078],[-3.013938519071848,38.1268440514971],[-3.0140727653174255,38.126880780160775],[-3.014220400815928,38.12686445221243],[-3.014447795157003,38.12687839802376],[-3.0149126329034646,38.12694873812114]]]},"properties":{"dn_surface":4173.1435546875,"provincia":23,"municipio":97,"agregado":0,"zona":0,"poligono":22,"parcela":267,"recinto":1,"uso_sigpac":"OV","idPanel":"23:97:0:0:22:267:1"},"id":1339578369},{"type":"Feature","geometry":{"type":"Polygon","coordinates":[[[-3.0153719620628334,38.127354418906094],[-3.0150570715439065,38.127561537422196],[-3.0137947954077893,38.12727637248645],[-3.0132998272322014,38.127159794455594],[-3.013525001206994,38.126914631316964],[-3.013695001300871,38.126968953596446],[-3.0137136049360698,38.12700068748376],[-3.013737778346257,38.12701977726934],[-3.0137675273987665,38.12703005515962],[-3.013821443994131,38.12703151780181],[-3.013860674656074,38.12702189286185],[-3.0141551904435566,38.12711600152352],[-3.0153719620628334,38.127354418906094]],[[-3.013678801595646,38.12701782177123],[-3.013654597172415,38.12701654939826],[-3.0136537841277584,38.12698786987667],[-3.0136021465720026,38.12698341405667],[-3.0135940915625747,38.12704905944983],[-3.0136747749291217,38.12705160084303],[-3.013678801595646,38.12701782177123]],[[-3.0139006881878183,38.12706751137256],[-3.0138272635498504,38.127049036818704],[-3.013800651005694,38.12710958517627],[-3.013869234256102,38.12712678651897],[-3.0139006881878183,38.12706751137256]],[[-3.0138660977477483,38.127193061393086],[-3.0138660868512743,38.127141660207],[-3.013799153159508,38.12712698014093],[-3.013782430423494,38.12717544682249],[-3.0138512232214945,38.1271886575409],[-3.0138660977477483,38.127193061393086]]]},"properties":{"dn_surface":4469.31704897019,"provincia":23,"municipio":97,"agregado":0,"zona":0,"poligono":22,"parcela":268,"recinto":1,"uso_sigpac":"OV","idPanel":"23:97:0:0:22:268:1"},"id":1112596838},{"type":"Feature","geometry":{"type":"Polygon","coordinates":[[[-3.0150570715439065,38.127561537422196],[-3.0150551286186356,38.127595163105156],[-3.014932410005176,38.127638702903766],[-3.014837244385465,38.12769213167235],[-3.014794681916814,38.12777127528318],[-3.014739584311222,38.127795022892656],[-3.0146394255914943,38.12792561211367],[-3.0145092160707243,38.12808390352632],[-3.0145893537753436,38.128024541208106],[-3.014832251285448,38.12776929296294],[-3.0149649829210325,38.12769805348728],[-3.0150292888859975,38.12768716455622],[-3.0150200629246267,38.12769360102007],[-3.014905167141865,38.12777375632666],[-3.01465238401457,38.128030463023094],[-3.0143355916416987,38.12829213348283],[-3.0141410585539674,38.12830549172273],[-3.013922786238657,38.12828442464601],[-3.0136607109329527,38.128313560981354],[-3.0133674918259676,38.128366943649496],[-3.013103020972193,38.12840337978474],[-3.0130173327709633,38.128398340584226],[-3.0128337514785675,38.12840791020366],[-3.012814801670748,38.128341941269014],[-3.012893564743165,38.12792636145585],[-3.0130178742419402,38.12763641296769],[-3.0132163376043044,38.12730536046209],[-3.0132998272322014,38.127159794455594],[-3.0137947954077893,38.12727637248645],[-3.0150570715439065,38.127561537422196]]]},"properties":{"dn_surface":17274.866577148438,"provincia":23,"municipio":97,"agregado":0,"zona":0,"poligono":22,"parcela":269,"recinto":1,"uso_sigpac":"OV","idPanel":"23:97:0:0:22:269:1"},"id":1355289053},{"type":"Feature","geometry":{"type":"Polygon","coordinates":[[[-3.0149308568384257,38.12775583414023],[-3.01533370956905,38.127966329725325],[-3.015401920662935,38.1279303604621],[-3.015473528104187,38.127931161772096],[-3.0155843368707194,38.1280268076749],[-3.0157216735241814,38.12806803155351],[-3.0158718747233966,38.12813912183131],[-3.015728368150643,38.128253228038744],[-3.0156661970565435,38.128297849941134],[-3.015680028035791,38.128420237469385],[-3.015438246157064,38.128377814978535],[-3.0152043348858855,38.12832322447812],[-3.0151189802844214,38.12827763027491],[-3.0151537668610375,38.12821922433193],[-3.01465238401457,38.128030463023094],[-3.014905167141865,38.12777375632666],[-3.0149308568384257,38.12775583414023]]]},"properties":{"dn_surface":3635.7281730743043,"provincia":23,"municipio":97,"agregado":0,"zona":0,"poligono":22,"parcela":271,"recinto":2,"uso_sigpac":"OV","idPanel":"23:97:0:0:22:271:2"},"id":1210240531},{"type":"Feature","geometry":{"type":"Polygon","coordinates":[[[-3.0130178532871814,38.1275343884362],[-3.012846321819503,38.12790518373802],[-3.0119715092388692,38.12771193811071],[-3.0121060840550715,38.127379630834156],[-3.0122208767404177,38.12745064064566],[-3.0124697731789807,38.12711814309989],[-3.0130178532871814,38.1275343884362]]]},"properties":{"dn_surface":4474.27465500752,"provincia":23,"municipio":97,"agregado":0,"zona":0,"poligono":22,"parcela":472,"recinto":1,"uso_sigpac":"OV","idPanel":"23:97:0:0:22:472:1"},"id":1112596582},{"type":"Feature","geometry":{"type":"Polygon","coordinates":[[[-3.0128602617634983,38.126799871321026],[-3.0128452615086885,38.126831798830295],[-3.0127646887832693,38.127003295932155],[-3.012615888200157,38.126893264168075],[-3.0124697731789807,38.12711814309989],[-3.0120599986723073,38.126787233086645],[-3.01233535929533,38.126434905633204],[-3.012564721707387,38.126611353087355],[-3.0126632350594247,38.12667419305737],[-3.0128602617634983,38.126799871321026]]]},"properties":{"dn_surface":2604.4720458984375,"provincia":23,"municipio":97,"agregado":0,"zona":0,"poligono":22,"parcela":474,"recinto":1,"uso_sigpac":"OV","idPanel":"23:97:0:0:22:474:1"},"id":1318877940},{"type":"Feature","geometry":{"type":"Polygon","coordinates":[[[-3.0128452615086885,38.126831798830295],[-3.013297470240889,38.127090179392866],[-3.0130178532871814,38.1275343884362],[-3.0124697731789807,38.12711814309989],[-3.012615888200157,38.126893264168075],[-3.0127646887832693,38.127003295932155],[-3.0128452615086885,38.126831798830295]]]},"properties":{"dn_surface":2891.0155029296875,"provincia":23,"municipio":97,"agregado":0,"zona":0,"poligono":22,"parcela":473,"recinto":1,"uso_sigpac":"OV","idPanel":"23:97:0:0:22:473:1"},"id":1318877937},{"type":"Feature","geometry":{"type":"Polygon","coordinates":[[[-3.0146130586371154,38.1260579596904],[-3.014102918377692,38.12592534623968],[-3.0141390527644187,38.12575112921007],[-3.014268155873904,38.12552093196041],[-3.0151422601836773,38.12569811786031],[-3.015281461810706,38.12573406281601],[-3.015051314014274,38.12615524928452],[-3.0146130586371154,38.1260579596904]]]},"properties":{"dn_surface":4506.447265625,"provincia":23,"municipio":97,"agregado":0,"zona":0,"poligono":22,"parcela":261,"recinto":1,"uso_sigpac":"OV","idPanel":"23:97:0:0:22:261:1"},"id":1355289055},{"type":"Feature","geometry":{"type":"Polygon","coordinates":[[[-3.0146130586371154,38.1260579596904],[-3.014548631972738,38.126229116487025],[-3.0143476179970867,38.12632358976148],[-3.014294377821349,38.12652547880788],[-3.015056680947195,38.126700424224936],[-3.014981510358691,38.126783979231675],[-3.0140206776534426,38.12658697264416],[-3.0139983038379725,38.12653001509415],[-3.013867660972784,38.12650659521711],[-3.013973826164682,38.126217821033606],[-3.0140289078446574,38.12608965502096],[-3.014102918377692,38.12592534623968],[-3.0146130586371154,38.1260579596904]]]},"properties":{"dn_surface":3613.287841796875,"provincia":23,"municipio":97,"agregado":0,"zona":0,"poligono":22,"parcela":264,"recinto":1,"uso_sigpac":"OV","idPanel":"23:97:0:0:22:264:1"},"id":1355289054},{"type":"Feature","geometry":{"type":"Polygon","coordinates":[[[-3.015056680947195,38.126700424224936],[-3.014294377821349,38.12652547880788],[-3.0143476179970867,38.12632358976148],[-3.014548631972738,38.126229116487025],[-3.0146130586371154,38.1260579596904],[-3.015051314014274,38.12615524928452],[-3.015901363098702,38.12634775730433],[-3.0159014452413584,38.12634867763737],[-3.015905317680854,38.12639209589838],[-3.0159242373138206,38.12660425110036],[-3.015821494453191,38.12683841550506],[-3.0153806155401837,38.12678708975611],[-3.015056680947195,38.126700424224936]]]},"properties":{"dn_surface":7603.0225830078125,"provincia":23,"municipio":97,"agregado":0,"zona":0,"poligono":22,"parcela":263,"recinto":1,"uso_sigpac":"OV","idPanel":"23:97:0:0:22:263:1"},"id":1339925859},{"type":"Feature","geometry":{"type":"Polygon","coordinates":[[[-3.013867660972784,38.12650659521711],[-3.0139983038379725,38.12653001509415],[-3.0140206776534426,38.12658697264416],[-3.014981510358691,38.126783979231675],[-3.0149126329034646,38.12694873812114],[-3.014447795157003,38.12687839802376],[-3.014220400815928,38.12686445221243],[-3.0140727653174255,38.126880780160775],[-3.013938519071848,38.1268440514971],[-3.01395395770022,38.126799474856966],[-3.0139313374567824,38.12678491632849],[-3.0139323038902757,38.126779301291236],[-3.0139202766966986,38.126774164022464],[-3.013917224845572,38.126756554481034],[-3.013725145141044,38.126673473051824],[-3.0138356110877162,38.1265490495592],[-3.013867660972784,38.12650659521711]]]},"properties":{"dn_surface":2502.2960205078125,"provincia":23,"municipio":97,"agregado":0,"zona":0,"poligono":22,"parcela":265,"recinto":2,"uso_sigpac":"OV","idPanel":"23:97:0:0:22:265:2"},"id":1355289056},{"type":"Feature","geometry":{"type":"Polygon","coordinates":[[[-3.013725145141044,38.126673473051824],[-3.013917224845572,38.126756554481034],[-3.0139202766966986,38.126774164022464],[-3.0139323038902757,38.126779301291236],[-3.0139313374567824,38.12678491632849],[-3.01395395770022,38.126799474856966],[-3.013938519071848,38.1268440514971],[-3.013644999892711,38.12676374783078],[-3.013725145141044,38.126673473051824]]]},"properties":{"dn_surface":241.8782958984375,"provincia":23,"municipio":97,"agregado":0,"zona":0,"poligono":22,"parcela":265,"recinto":3,"uso_sigpac":"OV","idPanel":"23:97:0:0:22:265:3"},"id":1339578367},{"type":"Feature","geometry":{"type":"Polygon","coordinates":[[[-3.0123029565321175,38.1254245995797],[-3.0123411344269595,38.12544186043394],[-3.012343095792418,38.12543933664273],[-3.0123651879759246,38.12545009062515],[-3.012446690254461,38.125489584478856],[-3.0129133175373557,38.1257156955505],[-3.0139083115292076,38.12619782432603],[-3.0139122216872702,38.12619971863626],[-3.013914836841216,38.12620098598009],[-3.013915446205612,38.1262012810231],[-3.0139187134716634,38.126202863526515],[-3.013880977303146,38.12629550619323],[-3.013787686715286,38.12652453752011],[-3.013598060393963,38.1267380774126],[-3.013597189514172,38.126739058095296],[-3.013479931710955,38.126891294420744],[-3.0133150714004073,38.12706283007935],[-3.0133139549308385,38.12706399097303],[-3.0128602617634983,38.126799871321026],[-3.0126632350594247,38.12667419305737],[-3.012564721707387,38.126611353087355],[-3.01233535929533,38.126434905633204],[-3.0123262263730894,38.1264280995274],[-3.0123025374369337,38.12641044472372],[-3.012203563080195,38.12633667894224],[-3.0121745399005433,38.126307420231115],[-3.0119372314438064,38.12606817304007],[-3.0119226134038035,38.12605343513883],[-3.0119228506116777,38.12604700705691],[-3.0119244306005197,38.126004135296],[-3.0119145852164677,38.12599504093052],[-3.011889348142704,38.125971726665455],[-3.0123029565321175,38.1254245995797]]]},"properties":{"dn_surface":16646.686767578125,"provincia":23,"municipio":97,"agregado":0,"zona":0,"poligono":22,"parcela":477,"recinto":1,"uso_sigpac":"OV","idPanel":"23:97:0:0:22:477:1"},"id":1439851350},{"type":"Feature","geometry":{"type":"Polygon","coordinates":[[[-3.012408181274425,38.12534130441196],[-3.0128600304229574,38.12556685138148],[-3.0128878616959067,38.12552818482166],[-3.013481196540218,38.12579156938071],[-3.0135585363653923,38.125712520485365],[-3.0140430137503453,38.12589678238834],[-3.0139863445378143,38.12605730338737],[-3.0139187134716634,38.126202863526515],[-3.013915446205612,38.1262012810231],[-3.013914836841216,38.12620098598009],[-3.0139122216872702,38.12619971863626],[-3.0139083115292076,38.12619782432603],[-3.0129133175373557,38.1257156955505],[-3.012446690254461,38.125489584478856],[-3.0123651879759246,38.12545009062515],[-3.012343095792418,38.12543933664273],[-3.0123318699088317,38.12543387080336],[-3.012408181274425,38.12534130441196]]]},"properties":{"dn_surface":3315.8258056640625,"provincia":23,"municipio":97,"agregado":0,"zona":0,"poligono":22,"parcela":478,"recinto":1,"uso_sigpac":"OV","idPanel":"23:97:0:0:22:478:1"},"id":1355289057},{"type":"Feature","geometry":{"type":"Polygon","coordinates":[[[-3.01357184263747,38.12549873919406],[-3.0140887361966806,38.125757441621715],[-3.0140430137503453,38.12589678238834],[-3.0135585363653923,38.125712520485365],[-3.013481196540218,38.12579156938071],[-3.0128878616959067,38.12552818482166],[-3.0131174906525007,38.12529663054178],[-3.01357184263747,38.12549873919406]]]},"properties":{"dn_surface":2696.69215843099,"provincia":23,"municipio":97,"agregado":0,"zona":0,"poligono":22,"parcela":479,"recinto":1,"uso_sigpac":"OV","idPanel":"23:97:0:0:22:479:1"},"id":1112596575},{"type":"Feature","geometry":{"type":"Polygon","coordinates":[[[-3.0125832147014564,38.125104600290484],[-3.012709348102471,38.12513887976192],[-3.013100198785227,38.1253140665778],[-3.0128878616959067,38.12552818482166],[-3.0128600304229574,38.12556685138148],[-3.012408181274425,38.12534130441196],[-3.0125832147014564,38.125104600290484]]]},"properties":{"dn_surface":1623.4431564291992,"provincia":23,"municipio":97,"agregado":0,"zona":0,"poligono":22,"parcela":486,"recinto":2,"uso_sigpac":"OV","idPanel":"23:97:0:0:22:486:2"},"id":1405793014},{"type":"Feature","geometry":{"type":"Polygon","coordinates":[[[-3.0147682378489216,38.128244951747064],[-3.014833388709777,38.12824981157482],[-3.014988791718411,38.12826060998128],[-3.0151189802844214,38.12827763027491],[-3.0152043348858855,38.12832322447812],[-3.015438246157064,38.128377814978535],[-3.015680028035791,38.128420237469385],[-3.015842395568186,38.128448699061494],[-3.0161211416421025,38.12847561419238],[-3.016239736358955,38.12849545583475],[-3.016239746417239,38.12854156552504],[-3.01623924769397,38.128541482544165],[-3.0161117958195085,38.128520137188275],[-3.015832706925732,38.12849313237106],[-3.0154239935680622,38.12842143775799],[-3.015179698794615,38.12836450535369],[-3.0150973105488603,38.128320442524284],[-3.0149816126179174,38.12830531402636],[-3.014828264013872,38.12829469583076],[-3.0147703014736056,38.12829037579763],[-3.0146336169322505,38.12830841533068],[-3.014427335768332,38.128337727686045],[-3.0143378832541634,38.12833719627332],[-3.0141400409908616,38.128350826086916],[-3.013923366266391,38.128329847858396],[-3.013671102817125,38.12835790208996],[-3.0133787956612585,38.128411104547155],[-3.0131058817159166,38.12844871331072],[-3.0130157435620273,38.128443403374774],[-3.0128432406317134,38.128491275779396],[-3.0128337514785675,38.12840791020366],[-3.0130173327709633,38.128398340584226],[-3.013103020972193,38.12840337978474],[-3.0133674918259676,38.128366943649496],[-3.0136607109329527,38.128313560981354],[-3.013922786238657,38.12828442464601],[-3.0141410585539674,38.12830549172273],[-3.0143355916416987,38.12829213348283],[-3.014422419781829,38.128292664895525],[-3.014623909011418,38.128263983697536],[-3.0147682378489216,38.128244951747064]]]},"properties":{"dn_surface":1553.7642822265625,"provincia":23,"municipio":97,"agregado":0,"zona":0,"poligono":22,"parcela":9007,"recinto":16,"uso_sigpac":"OV","idPanel":"23:97:0:0:22:9007:16"},"id":1428511541},{"type":"Feature","geometry":{"type":"Polygon","coordinates":[[[-3.014828264013872,38.12829469583076],[-3.0149816126179174,38.12830531402636],[-3.0150973105488603,38.128320442524284],[-3.015179698794615,38.12836450535369],[-3.0154239935680622,38.12842143775799],[-3.015832706925732,38.12849313237106],[-3.0161117958195085,38.128520137188275],[-3.01623924769397,38.128541482544165],[-3.0161752032444,38.12887685089197],[-3.015241623460747,38.12874501192914],[-3.0151959563349755,38.128616586915655],[-3.014863106749243,38.128493690605836],[-3.014828264013872,38.12829469583076]]]},"properties":{"dn_surface":4178.81857167381,"provincia":23,"municipio":97,"agregado":0,"zona":0,"poligono":22,"parcela":276,"recinto":1,"uso_sigpac":"OV","idPanel":"23:97:0:0:22:276:1"},"id":1112596824},{"type":"Feature","geometry":{"type":"Polygon","coordinates":[[[-3.0161752032444,38.12887685089197],[-3.0161654031226273,38.12892804336866],[-3.0160054185654466,38.129341742282605],[-3.0152093112220952,38.12916094964956],[-3.015321329497327,38.12904061820228],[-3.015241623460747,38.12874501192914],[-3.0161752032444,38.12887685089197]]]},"properties":{"dn_surface":3670.00177933276,"provincia":23,"municipio":97,"agregado":0,"zona":0,"poligono":22,"parcela":277,"recinto":1,"uso_sigpac":"OV","idPanel":"23:97:0:0:22:277:1"},"id":1112596823},{"type":"Feature","geometry":{"type":"Polygon","coordinates":[[[-3.0151312161874,38.12944575751621],[-3.0154478719352404,38.12958199362572],[-3.0154129722029244,38.129647699368604],[-3.0153334606265103,38.12971944930223],[-3.015307692978245,38.12980651381204],[-3.0149618212669678,38.129639097020885],[-3.0150225112786897,38.12958952057522],[-3.0151312161874,38.12944575751621]]]},"properties":{"dn_surface":867.355570347956,"provincia":23,"municipio":97,"agregado":0,"zona":0,"poligono":22,"parcela":282,"recinto":3,"uso_sigpac":"OV","idPanel":"23:97:0:0:22:282:3"},"id":1112596817},{"type":"Feature","geometry":{"type":"Polygon","coordinates":[[[-3.01331735882192,38.12872592214353],[-3.0144733457139634,38.12847796028723],[-3.014427335768332,38.128337727686045],[-3.0146336169322505,38.12830841533068],[-3.0147703014736056,38.12829037579763],[-3.014828264013872,38.12829469583076],[-3.014863106749243,38.128493690605836],[-3.0151959563349755,38.128616586915655],[-3.015241623460747,38.12874501192914],[-3.015321329497327,38.12904061820228],[-3.0152093112220952,38.12916094964956],[-3.0150517356240294,38.12913473943681],[-3.014523072195683,38.12892326987452],[-3.0145076754768296,38.12949368105046],[-3.014475973440764,38.129579214186464],[-3.01440673807825,38.12968584122126],[-3.0143275785417893,38.129807610165045],[-3.0143141180426847,38.129825637125265],[-3.0138956707802813,38.12960541015002],[-3.013525627335198,38.12951045323973],[-3.0135794475386706,38.129333980639814],[-3.013507153619507,38.12898159283665],[-3.01331735882192,38.12872592214353]]]},"properties":{"dn_surface":15096.5623656136,"provincia":23,"municipio":97,"agregado":0,"zona":0,"poligono":22,"parcela":292,"recinto":1,"uso_sigpac":"OV","idPanel":"23:97:0:0:22:292:1"},"id":1112596807},{"type":"Feature","geometry":{"type":"Polygon","coordinates":[[[-3.0152093112220952,38.12916094964956],[-3.0151312161874,38.12944575751621],[-3.0150225112786897,38.12958952057522],[-3.0149618212669678,38.129639097020885],[-3.014929194706928,38.129665687772075],[-3.0148138362430825,38.12964614284911],[-3.0146208873351448,38.12961434861205],[-3.014475973440764,38.129579214186464],[-3.0145076754768296,38.12949368105046],[-3.014523072195683,38.12892326987452],[-3.0150517356240294,38.12913473943681],[-3.0152093112220952,38.12916094964956]]]},"properties":{"dn_surface":3534.16720822534,"provincia":23,"municipio":97,"agregado":0,"zona":0,"poligono":22,"parcela":281,"recinto":1,"uso_sigpac":"OV","idPanel":"23:97:0:0:22:281:1"},"id":1112596818},{"type":"Feature","geometry":{"type":"Polygon","coordinates":[[[-3.0156579274703814,38.13612992084802],[-3.0164897853092723,38.136129822779736],[-3.0170011174753975,38.136160582689826],[-3.016933649856367,38.13651010136738],[-3.0169032009149017,38.13658599112324],[-3.0168008344017463,38.13654526680605],[-3.0157385798238865,38.13653043251293],[-3.015667387286865,38.136582083479766],[-3.015647877567879,38.13659614579953],[-3.0153304213482386,38.13658716878069],[-3.0154942322444462,38.13635840986572],[-3.0156579274703814,38.13612992084802]]]},"properties":{"dn_surface":5909.61620635651,"provincia":23,"municipio":97,"agregado":0,"zona":0,"poligono":22,"parcela":56,"recinto":2,"uso_sigpac":"OV","idPanel":"23:97:0:0:22:56:2"},"id":1112595832},{"type":"Feature","geometry":{"type":"Polygon","coordinates":[[[-3.0169032009149017,38.13658599112324],[-3.016822574545298,38.13678752393869],[-3.0167889295839623,38.13686134168799],[-3.0167704533537,38.136901900043455],[-3.0165669868330354,38.13734841075754],[-3.0162036472345077,38.13731204419207],[-3.0162031744951414,38.13724165547961],[-3.0154994047172012,38.13703543801819],[-3.0157485425545905,38.13668211395634],[-3.015667387286865,38.136582083479766],[-3.0157385798238865,38.13653043251293],[-3.0168008344017463,38.13654526680605],[-3.0169032009149017,38.13658599112324]]]},"properties":{"dn_surface":7604.07838912537,"provincia":23,"municipio":97,"agregado":0,"zona":0,"poligono":22,"parcela":52,"recinto":3,"uso_sigpac":"OV","idPanel":"23:97:0:0:22:52:3"},"id":1112595836},{"type":"Feature","geometry":{"type":"Polygon","coordinates":[[[-3.0162036472345077,38.13731204419207],[-3.0162235215663027,38.137393425771194],[-3.0162408905470897,38.137495536636294],[-3.0159775026352706,38.13741454397751],[-3.01593562999729,38.137441226091454],[-3.0158087221083765,38.13737220446748],[-3.0151432953487807,38.137175263258825],[-3.0146141331971665,38.137038058201256],[-3.0140445685934756,38.136857683825184],[-3.014093491250634,38.13670437377789],[-3.0145787330652016,38.13691648120309],[-3.0154994047172012,38.13703543801819],[-3.0162031744951414,38.13724165547961],[-3.0162036472345077,38.13731204419207]]]},"properties":{"dn_surface":3993.88443242047,"provincia":23,"municipio":97,"agregado":0,"zona":0,"poligono":22,"parcela":843,"recinto":3,"uso_sigpac":"OV","idPanel":"23:97:0:0:22:843:3"},"id":1112595975},{"type":"Feature","geometry":{"type":"Polygon","coordinates":[[[-3.01593562999729,38.137441226091454],[-3.0157681386071826,38.137547865699105],[-3.015867197621148,38.137592646857684],[-3.0158496358565765,38.13764221827418],[-3.013965198671233,38.13710617038868],[-3.0140445685934756,38.136857683825184],[-3.0146141331971665,38.137038058201256],[-3.0151432953487807,38.137175263258825],[-3.0158087221083765,38.13737220446748],[-3.01593562999729,38.137441226091454]]]},"properties":{"dn_surface":4698.86975609879,"provincia":23,"municipio":97,"agregado":0,"zona":0,"poligono":22,"parcela":45,"recinto":3,"uso_sigpac":"OV","idPanel":"23:97:0:0:22:45:3"},"id":1112595843},{"type":"Feature","geometry":{"type":"Polygon","coordinates":[[[-3.0156579274703814,38.13612992084802],[-3.0154942322444462,38.13635840986572],[-3.0153304213482386,38.13658716878069],[-3.015647877567879,38.13659614579953],[-3.015667387286865,38.136582083479766],[-3.0157485425545905,38.13668211395634],[-3.0154994047172012,38.13703543801819],[-3.0145787330652016,38.13691648120309],[-3.014093491250634,38.13670437377789],[-3.01417081598838,38.13650347463437],[-3.01423611437074,38.13608203754691],[-3.0145113501033993,38.13609985412137],[-3.0153100038690868,38.13611094337992],[-3.0156579249558106,38.13611577135643],[-3.0156579274703814,38.13612992084802]]]},"properties":{"dn_surface":11260.5380099328,"provincia":23,"municipio":97,"agregado":0,"zona":0,"poligono":22,"parcela":44,"recinto":3,"uso_sigpac":"OV","idPanel":"23:97:0:0:22:44:3"},"id":1112595844},{"type":"Feature","geometry":{"type":"Polygon","coordinates":[[[-3.0151471703028485,38.13767258004384],[-3.015729423432316,38.13791234020741],[-3.0158019847342064,38.13785230817513],[-3.0167892439053503,38.138159970978506],[-3.017010296498107,38.13822889034324],[-3.017099882284545,38.138256818008074],[-3.017019125995435,38.1384018408672],[-3.0156118244856196,38.137945790708585],[-3.0156276453287982,38.1379109982646],[-3.0152710850139615,38.1377839847637],[-3.0152533799188364,38.13785120679296],[-3.0152467263637024,38.13790176056858],[-3.0150464390990996,38.137810123730304],[-3.015065832309623,38.13778371486643],[-3.015108155894021,38.137725939242586],[-3.0151471703028485,38.13767258004384]]]},"properties":{"dn_surface":2622.247802734375,"provincia":23,"municipio":97,"agregado":0,"zona":0,"poligono":22,"parcela":37,"recinto":1,"uso_sigpac":"OV","idPanel":"23:97:0:0:22:37:1"},"id":1419267100},{"type":"Feature","geometry":{"type":"Polygon","coordinates":[[[-3.0156118244856196,38.137945790708585],[-3.017019125995435,38.1384018408672],[-3.016948054996017,38.13848972345082],[-3.016789310122389,38.13843566771587],[-3.0161821803410156,38.138228991764294],[-3.0160735802061014,38.13819202337814],[-3.0155744403570552,38.13799384080954],[-3.015580610276347,38.13797820353008],[-3.015599231513544,38.13796851237302],[-3.0156118244856196,38.137945790708585]]]},"properties":{"dn_surface":1289.84130859375,"provincia":23,"municipio":97,"agregado":0,"zona":0,"poligono":22,"parcela":828,"recinto":1,"uso_sigpac":"OV","idPanel":"23:97:0:0:22:828:1"},"id":1419267101},{"type":"Feature","geometry":{"type":"Polygon","coordinates":[[[-3.015390383810722,38.13791877164209],[-3.015580610276347,38.13797820353008],[-3.0155744403570552,38.13799384080954],[-3.0160735802061014,38.13819202337814],[-3.0161821803410156,38.138228991764294],[-3.016789310122389,38.13843566771587],[-3.016948054996017,38.13848972345082],[-3.0169103624133977,38.13853629414581],[-3.015361286870318,38.137984090141],[-3.015372967891274,38.1379535137946],[-3.015390383810722,38.13791877164209]]]},"properties":{"dn_surface":866.5474853515625,"provincia":23,"municipio":97,"agregado":0,"zona":0,"poligono":22,"parcela":859,"recinto":1,"uso_sigpac":"OV","idPanel":"23:97:0:0:22:859:1"},"id":1419267217},{"type":"Feature","geometry":{"type":"Polygon","coordinates":[[[-3.0152710850139615,38.1377839847637],[-3.0156276453287982,38.1379109982646],[-3.0156118244856196,38.137945790708585],[-3.015599231513544,38.13796851237302],[-3.015580610276347,38.13797820353008],[-3.015390383810722,38.13791877164209],[-3.015372967891274,38.1379535137946],[-3.015361286870318,38.137984090141],[-3.0169103624133977,38.13853629414581],[-3.0167893713102862,38.13868576779578],[-3.016674487262188,38.13880601039489],[-3.0165915231796516,38.13877871640199],[-3.0165066362884123,38.138846497504204],[-3.016499572858189,38.13889498681695],[-3.0158457617406995,38.13866253818796],[-3.015830126975782,38.138656952487366],[-3.0154104978649614,38.13850477651164],[-3.015036294481086,38.13838341828114],[-3.014903918238217,38.13835855755485],[-3.0150047491866196,38.13825508043945],[-3.0149291092115105,38.138229133418434],[-3.0143672920013835,38.138036413336465],[-3.014444303255934,38.137882733647245],[-3.0148559326778908,38.138014203806335],[-3.015069087841009,38.13808600738412],[-3.0151206063737335,38.13812259271728],[-3.0151529429199067,38.13806485732661],[-3.0151728105461784,38.138001816190894],[-3.015213074696843,38.13795484819366],[-3.0152467263637024,38.13790176056858],[-3.0152533799188364,38.13785120679296],[-3.0152710850139615,38.1377839847637]]]},"properties":{"dn_surface":9633.408569335938,"provincia":23,"municipio":97,"agregado":0,"zona":0,"poligono":22,"parcela":860,"recinto":1,"uso_sigpac":"OV","idPanel":"23:97:0:0:22:860:1"},"id":1419267102},{"type":"Feature","geometry":{"type":"Polygon","coordinates":[[[-3.015036294481086,38.13838341828114],[-3.0154104978649614,38.13850477651164],[-3.015830126975782,38.138656952487366],[-3.0158457617406995,38.13866253818796],[-3.016499572858189,38.13889498681695],[-3.016490800357806,38.13895474140821],[-3.01625735176771,38.13907544836479],[-3.015561657953957,38.13883435128761],[-3.015488504051477,38.13880398700337],[-3.0148612887143367,38.138585230214005],[-3.0147300507339865,38.13854955431742],[-3.014798379174523,38.13843319337789],[-3.014805676459859,38.13840336134453],[-3.014903918238217,38.13835855755485],[-3.015036294481086,38.13838341828114]]]},"properties":{"dn_surface":4150.71284912426,"provincia":23,"municipio":97,"agregado":0,"zona":0,"poligono":22,"parcela":34,"recinto":2,"uso_sigpac":"OV","idPanel":"23:97:0:0:22:34:2"},"id":1112595854},{"type":"Feature","geometry":{"type":"Polygon","coordinates":[[[-3.01625735176771,38.13907544836479],[-3.016205777914421,38.139102041630565],[-3.016065550342384,38.13918245090889],[-3.0160318919700018,38.13920462607322],[-3.0154498592846015,38.13898127013334],[-3.0147166271152566,38.138745129275776],[-3.014817136198559,38.138629306454476],[-3.0148612887143367,38.138585230214005],[-3.015488504051477,38.13880398700337],[-3.015561657953957,38.13883435128761],[-3.01625735176771,38.13907544836479]]]},"properties":{"dn_surface":2622.89579794663,"provincia":23,"municipio":97,"agregado":0,"zona":0,"poligono":22,"parcela":33,"recinto":2,"uso_sigpac":"OV","idPanel":"23:97:0:0:22:33:2"},"id":1112595855},{"type":"Feature","geometry":{"type":"Polygon","coordinates":[[[-3.0170024694764592,38.13855083591051],[-3.0173343434086046,38.138552311963736],[-3.017353190119009,38.13862350952991],[-3.0174394591861637,38.13862349779521],[-3.017485563847307,38.13863295509714],[-3.0175158074321335,38.13864764186877],[-3.017569155734429,38.138873581949554],[-3.017529153099158,38.138859557348326],[-3.017459078708087,38.13886064615761],[-3.017418928551312,38.13887405720348],[-3.0173633565299722,38.1389129492365],[-3.0172725872187365,38.138951723084716],[-3.017243912726278,38.13896433030601],[-3.017248692087751,38.13900322317721],[-3.0172650242270542,38.13903178199942],[-3.0172151032851695,38.13904639920125],[-3.0170330198389594,38.13907433021885],[-3.017004000012069,38.1390787818479],[-3.0169956700762013,38.13908004416257],[-3.016594668908099,38.13908122014365],[-3.016545325479377,38.13908136515059],[-3.0166611893720137,38.13897505495177],[-3.016790268173978,38.13884350348823],[-3.016858330069979,38.1387741382062],[-3.0169360294788197,38.138665758515344],[-3.0170024694764592,38.13855083591051]]]},"properties":{"dn_surface":3085.422314252001,"provincia":23,"municipio":97,"agregado":0,"zona":0,"poligono":23,"parcela":1,"recinto":3,"uso_sigpac":"OV","idPanel":"23:97:0:0:23:1:3"},"id":1163172833},{"type":"Feature","geometry":{"type":"Polygon","coordinates":[[[-3.017138999790787,38.13908795751783],[-3.017153506351471,38.13914725864814],[-3.017199404817784,38.139246481947396],[-3.017219105644173,38.13928912655871],[-3.0172410796428366,38.139336693023864],[-3.017079046548399,38.13937546771021],[-3.0168639375635347,38.13912710855169],[-3.0168480136229396,38.139108722846004],[-3.016998415987844,38.1391094252495],[-3.0170040075557836,38.13910861304305],[-3.017138999790787,38.13908795751783]]]},"properties":{"dn_surface":587.78510021095,"provincia":23,"municipio":48,"agregado":0,"zona":0,"poligono":11,"parcela":184,"recinto":1,"uso_sigpac":"OV","idPanel":"23:48:0:0:11:184:1"},"id":1112036226},{"type":"Feature","geometry":{"type":"Polygon","coordinates":[[[-3.017079046548399,38.13937546771021],[-3.0170063561651923,38.13938016325267],[-3.0167864644660924,38.139408941680756],[-3.016716177174668,38.13943661872665],[-3.0164144278043166,38.13917496251614],[-3.0164050367194437,38.13916681865854],[-3.0164052647072235,38.139166547923026],[-3.016435724545164,38.1391314855818],[-3.0164825081405042,38.13911462622076],[-3.0165032743068494,38.139107142857114],[-3.0168480136229396,38.139108722846004],[-3.0168639375635347,38.13912710855169],[-3.017079046548399,38.13937546771021]]]},"properties":{"dn_surface":1283.81618576363,"provincia":23,"municipio":48,"agregado":0,"zona":0,"poligono":11,"parcela":183,"recinto":1,"uso_sigpac":"OV","idPanel":"23:48:0:0:11:183:1"},"id":1112036227},{"type":"Feature","geometry":{"type":"Polygon","coordinates":[[[-3.01816244447827,38.13628606816968],[-3.0181126182518967,38.13643946957973],[-3.0180290137919195,38.13658954085943],[-3.018028974396972,38.13658961042924],[-3.017986469763456,38.13666588323807],[-3.016933649856367,38.13651010136738],[-3.0170011174753975,38.136160582689826],[-3.0170069294874033,38.13613056960736],[-3.0172182607482827,38.136132435419086],[-3.0172260265820343,38.13615730955647],[-3.0175991721696658,38.13618637213105],[-3.017781754339144,38.13621401732573],[-3.01816244447827,38.13628606816968]]]},"properties":{"dn_surface":4459.15231737095,"provincia":23,"municipio":97,"agregado":0,"zona":0,"poligono":22,"parcela":54,"recinto":2,"uso_sigpac":"OV","idPanel":"23:97:0:0:22:54:2"},"id":1112595834},{"type":"Feature","geometry":{"type":"Polygon","coordinates":[[[-3.017986469763456,38.13666588323807],[-3.017811162248174,38.136980446862765],[-3.0177486583924975,38.137092572426354],[-3.0173125085495416,38.13702215102447],[-3.017254879609041,38.13700936023946],[-3.0167704533537,38.136901900043455],[-3.0167889295839623,38.13686134168799],[-3.016822574545298,38.13678752393869],[-3.0169032009149017,38.13658599112324],[-3.016933649856367,38.13651010136738],[-3.017986469763456,38.13666588323807]]]},"properties":{"dn_surface":4439.64962149443,"provincia":23,"municipio":97,"agregado":0,"zona":0,"poligono":22,"parcela":53,"recinto":2,"uso_sigpac":"OV","idPanel":"23:97:0:0:22:53:2"},"id":1112595835},{"type":"Feature","geometry":{"type":"Polygon","coordinates":[[[-3.0162036472345077,38.13731204419207],[-3.0165669868330354,38.13734841075754],[-3.01678906201804,38.13740768674211],[-3.0170301951374223,38.1374720069563],[-3.0174768550493924,38.13758037155975],[-3.0174383024834572,38.13764959351121],[-3.0167890871637515,38.13751268433481],[-3.0162235215663027,38.137393425771194],[-3.0162036472345077,38.13731204419207]]]},"properties":{"dn_surface":1159.08836310457,"provincia":23,"municipio":97,"agregado":0,"zona":0,"poligono":22,"parcela":48,"recinto":2,"uso_sigpac":"OV","idPanel":"23:97:0:0:22:48:2"},"id":1112595840},{"type":"Feature","geometry":{"type":"Polygon","coordinates":[[[-3.0162235215663027,38.137393425771194],[-3.0167890871637515,38.13751268433481],[-3.0174383024834572,38.13764959351121],[-3.0173661016034243,38.137779114877674],[-3.0167891165004144,38.13763372405299],[-3.0162408905470897,38.137495536636294],[-3.0162235215663027,38.137393425771194]]]},"properties":{"dn_surface":1389.64383457429,"provincia":23,"municipio":97,"agregado":0,"zona":0,"poligono":22,"parcela":47,"recinto":1,"uso_sigpac":"OV","idPanel":"23:97:0:0:22:47:1"},"id":1112595841},{"type":"Feature","geometry":{"type":"Polygon","coordinates":[[[-3.0173661016034243,38.137779114877674],[-3.017242802124042,38.13800048011544],[-3.016789172659169,38.137865979059995],[-3.015867197621148,38.137592646857684],[-3.0157681386071826,38.137547865699105],[-3.01593562999729,38.137441226091454],[-3.0159775026352706,38.13741454397751],[-3.0162408905470897,38.137495536636294],[-3.0167891165004144,38.13763372405299],[-3.0173661016034243,38.137779114877674]]]},"properties":{"dn_surface":3152.38881819654,"provincia":23,"municipio":97,"agregado":0,"zona":0,"poligono":22,"parcela":46,"recinto":2,"uso_sigpac":"OV","idPanel":"23:97:0:0:22:46:2"},"id":1112595842},{"type":"Feature","geometry":{"type":"Polygon","coordinates":[[[-3.017254879609041,38.13700936023946],[-3.0172016142875915,38.13710832537612],[-3.0170301951374223,38.1374720069563],[-3.01678906201804,38.13740768674211],[-3.0165669868330354,38.13734841075754],[-3.0167704533537,38.136901900043455],[-3.017254879609041,38.13700936023946]]]},"properties":{"dn_surface":2323.10354332045,"provincia":23,"municipio":97,"agregado":0,"zona":0,"poligono":22,"parcela":50,"recinto":2,"uso_sigpac":"OV","idPanel":"23:97:0:0:22:50:2"},"id":1112595838},{"type":"Feature","geometry":{"type":"Polygon","coordinates":[[[-3.017242802124042,38.13800048011544],[-3.0171807525675445,38.138111884835325],[-3.016789204510403,38.137999185949525],[-3.0158568451319248,38.13773072111863],[-3.0158496358565765,38.13764221827418],[-3.015867197621148,38.137592646857684],[-3.016789172659169,38.137865979059995],[-3.017242802124042,38.13800048011544]]]},"properties":{"dn_surface":1785.51145025953,"provincia":23,"municipio":97,"agregado":0,"zona":0,"poligono":22,"parcela":39,"recinto":1,"uso_sigpac":"OV","idPanel":"23:97:0:0:22:39:1"},"id":1112595849},{"type":"Feature","geometry":{"type":"Polygon","coordinates":[[[-3.0171807525675445,38.138111884835325],[-3.0171155086675587,38.1382288769322],[-3.017099882284545,38.138256818008074],[-3.017010296498107,38.13822889034324],[-3.0167892439053503,38.138159970978506],[-3.0158019847342064,38.13785230817513],[-3.0158568451319248,38.13773072111863],[-3.016789204510403,38.137999185949525],[-3.0171807525675445,38.138111884835325]]]},"properties":{"dn_surface":1957.41485858336,"provincia":23,"municipio":97,"agregado":0,"zona":0,"poligono":22,"parcela":38,"recinto":1,"uso_sigpac":"OV","idPanel":"23:97:0:0:22:38:1"},"id":1112595850},{"type":"Feature","geometry":{"type":"Polygon","coordinates":[[[-3.017894691271018,38.13696484730184],[-3.0187881619692245,38.13731946133862],[-3.0187724400325084,38.137413285015555],[-3.0187498692423023,38.13750170236466],[-3.018707786218541,38.13759291591677],[-3.018649734830096,38.137711980858455],[-3.0185919256786655,38.137689892865865],[-3.017683909863019,38.13734295330005],[-3.017894691271018,38.13696484730184]]]},"properties":{"dn_surface":4151.714285844229,"provincia":23,"municipio":97,"agregado":0,"zona":0,"poligono":23,"parcela":4,"recinto":1,"uso_sigpac":"OV","idPanel":"23:97:0:0:23:4:1"},"id":1155760714},{"type":"Feature","geometry":{"type":"Polygon","coordinates":[[[-3.0177486583924975,38.137092572426354],[-3.017690602813101,38.137196766194506],[-3.0172016142875915,38.13710832537612],[-3.017254879609041,38.13700936023946],[-3.0173125085495416,38.13702215102447],[-3.0177486583924975,38.137092572426354]]]},"properties":{"dn_surface":524.394994130096,"provincia":23,"municipio":97,"agregado":0,"zona":0,"poligono":22,"parcela":51,"recinto":1,"uso_sigpac":"OV","idPanel":"23:97:0:0:22:51:1"},"id":1112595837},{"type":"Feature","geometry":{"type":"Polygon","coordinates":[[[-3.017690602813101,38.137196766194506],[-3.0174768550493924,38.13758037155975],[-3.0170301951374223,38.1374720069563],[-3.0172016142875915,38.13710832537612],[-3.017690602813101,38.137196766194506]]]},"properties":{"dn_surface":1883.89707823801,"provincia":23,"municipio":97,"agregado":0,"zona":0,"poligono":22,"parcela":49,"recinto":1,"uso_sigpac":"OV","idPanel":"23:97:0:0:22:49:1"},"id":1112595839},{"type":"Feature","geometry":{"type":"Polygon","coordinates":[[[-3.017683909863019,38.13734295330005],[-3.0185919256786655,38.137689892865865],[-3.018588322298278,38.13776137876951],[-3.0185608137286195,38.13787998354465],[-3.018580854860297,38.13793137383425],[-3.0185433148283254,38.137982773343936],[-3.018505769767211,38.138014405810196],[-3.018485779765146,38.13816463634606],[-3.0184779309505476,38.13828282789336],[-3.0184717593548744,38.138294040365906],[-3.0184024929793174,38.13837592737383],[-3.0183510649711534,38.13843672635028],[-3.018137590457504,38.138561489310064],[-3.017854391078168,38.13868463959156],[-3.0176591681597627,38.13878137095085],[-3.0176123895935643,38.13881301096083],[-3.0176022902378317,38.138827159614266],[-3.017569155734429,38.138873581949554],[-3.0175158074321335,38.13864764186877],[-3.017485563847307,38.13863295509714],[-3.0174394591861637,38.13862349779521],[-3.0173624093748574,38.13852842521467],[-3.017514275220142,38.13845513217257],[-3.0174346395915537,38.13834051718359],[-3.0172645087399785,38.13809565327887],[-3.017683909863019,38.13734295330005]]]},"properties":{"dn_surface":11937.99761014686,"provincia":23,"municipio":97,"agregado":0,"zona":0,"poligono":23,"parcela":3,"recinto":1,"uso_sigpac":"OV","idPanel":"23:97:0:0:23:3:1"},"id":1155760716},{"type":"Feature","geometry":{"type":"Polygon","coordinates":[[[-3.0172645087399785,38.13809565327887],[-3.0174346395915537,38.13834051718359],[-3.017514275220142,38.13845513217257],[-3.0173624093748574,38.13852842521467],[-3.0174394591861637,38.13862349779521],[-3.017353190119009,38.13862350952991],[-3.0173343434086046,38.138552311963736],[-3.0170024694764592,38.13855083591051],[-3.0169797964270293,38.138550736165826],[-3.017003865901611,38.138521083505225],[-3.0170796156796587,38.13842743081912],[-3.0172303239840454,38.13815699540271],[-3.0172645087399785,38.13809565327887]]]},"properties":{"dn_surface":1212.98366118365,"provincia":23,"municipio":97,"agregado":0,"zona":0,"poligono":23,"parcela":2,"recinto":1,"uso_sigpac":"OV","idPanel":"23:97:0:0:23:2:1"},"id":1112597412},{"type":"Feature","geometry":{"type":"Polygon","coordinates":[[[-3.0220810087520484,38.1319606823339],[-3.022538939809885,38.13206425081202],[-3.0233027768241034,38.1321406367766],[-3.023297888497882,38.132194983363604],[-3.0232412368873502,38.13237082983531],[-3.0231266059727435,38.1325035162086],[-3.0230896635705027,38.13258770069629],[-3.022790481577246,38.132590996460834],[-3.02278875490509,38.1325907642821],[-3.022311107095248,38.13252636695438],[-3.0218432510252744,38.1324377601743],[-3.021819629982539,38.132433258253826],[-3.0220362787231076,38.131956814085356],[-3.0220810087520484,38.1319606823339]]]},"properties":{"dn_surface":6249.72811948701,"provincia":23,"municipio":97,"agregado":0,"zona":0,"poligono":23,"parcela":15,"recinto":2,"uso_sigpac":"OV","idPanel":"23:97:0:0:23:15:2"},"id":1112597396},{"type":"Feature","geometry":{"type":"Polygon","coordinates":[[[-3.022830153127322,38.133180596328856],[-3.022653276519673,38.133493815496195],[-3.022534903085077,38.13370779543865],[-3.0224163871581187,38.13383597570055],[-3.02239944816899,38.133777071034274],[-3.0223748741038077,38.13369161836454],[-3.0223575570908223,38.13363139857762],[-3.0222618441328017,38.13334201922072],[-3.02204603525898,38.13323255155879],[-3.0219482318541844,38.133182908057876],[-3.021703709092957,38.133202235051385],[-3.0215627464279677,38.13306454468159],[-3.02154048995915,38.13304706338329],[-3.021743573426817,38.132600545125484],[-3.021819629982539,38.132433258253826],[-3.0218432510252744,38.1324377601743],[-3.022311107095248,38.13252636695438],[-3.02278875490509,38.1325907642821],[-3.022790481577246,38.132590996460834],[-3.0230896635705027,38.13258770069629],[-3.0231266059727435,38.1325035162086],[-3.0232412368873502,38.13237082983531],[-3.023297888497882,38.132194983363604],[-3.023290680060725,38.13247996473564],[-3.0232735725953326,38.13250349022468],[-3.023230350470862,38.132576590482984],[-3.0231859842165396,38.13263887557096],[-3.0230619035437343,38.13283753590807],[-3.022884291004943,38.13310045694786],[-3.0227925611275475,38.13307800266611],[-3.022782191874515,38.13317658139701],[-3.022830153127322,38.133180596328856]]]},"properties":{"dn_surface":11261.8104270138,"provincia":23,"municipio":97,"agregado":0,"zona":0,"poligono":23,"parcela":16,"recinto":1,"uso_sigpac":"OV","idPanel":"23:97:0:0:23:16:1"},"id":1112597395},{"type":"Feature","geometry":{"type":"Polygon","coordinates":[[[-3.0223575570908223,38.13363139857762],[-3.022125582877581,38.13364351461939],[-3.0220461609875358,38.133632081702785],[-3.021674956648794,38.13357842662282],[-3.021709807766068,38.133366353563446],[-3.0207308441649885,38.13320292907301],[-3.020643124190308,38.13329685417099],[-3.019767318354089,38.13312872156524],[-3.019867015230925,38.133021366143026],[-3.0200528378443616,38.132812786661106],[-3.0206329770577236,38.1329352689049],[-3.020669351166895,38.13285135599085],[-3.0209986728093723,38.13289681859817],[-3.0214252161525317,38.13295650529602],[-3.02154048995915,38.13304706338329],[-3.0215627464279677,38.13306454468159],[-3.021703709092957,38.133202235051385],[-3.0219482318541844,38.133182908057876],[-3.02204603525898,38.13323255155879],[-3.0222618441328017,38.13334201922072],[-3.0223575570908223,38.13363139857762]]]},"properties":{"dn_surface":8314.6201171875,"provincia":23,"municipio":97,"agregado":0,"zona":0,"poligono":23,"parcela":13,"recinto":2,"uso_sigpac":"OV","idPanel":"23:97:0:0:23:13:2"},"id":1316642453},{"type":"Feature","geometry":{"type":"Polygon","coordinates":[[[-3.019767318354089,38.13312872156524],[-3.020643124190308,38.13329685417099],[-3.0207308441649885,38.13320292907301],[-3.021709807766068,38.133366353563446],[-3.021674956648794,38.13357842662282],[-3.0220461609875358,38.133632081702785],[-3.022125582877581,38.13364351461939],[-3.022046168531249,38.13365515373084],[-3.0205253089904964,38.133877736859176],[-3.020505758200184,38.13388059760291],[-3.0203495924383157,38.1339034491869],[-3.0201641637743504,38.13388563177426],[-3.020117038197341,38.13388681110811],[-3.02014233310624,38.13380637584589],[-3.0201428024928445,38.133804882190645],[-3.020136220183892,38.13380361317044],[-3.0193378547556904,38.133649712198974],[-3.019389285278427,38.13353560515333],[-3.0195243479214215,38.13339021265227],[-3.019767318354089,38.13312872156524]]]},"properties":{"dn_surface":12088.192383261847,"provincia":23,"municipio":97,"agregado":0,"zona":0,"poligono":23,"parcela":12,"recinto":2,"uso_sigpac":"OV","idPanel":"23:97:0:0:23:12:2"},"id":1163172831},{"type":"Feature","geometry":{"type":"Polygon","coordinates":[[[-3.0223575570908223,38.13363139857762],[-3.0223748741038077,38.13369161836454],[-3.022351924451555,38.133791053725986],[-3.022340311324019,38.1339085051512],[-3.0222442572225185,38.13401670798385],[-3.0220950677190754,38.13421528031097],[-3.0220463772406507,38.13431992502555],[-3.0220131941222066,38.134391311184544],[-3.0218250840872574,38.134562041342235],[-3.0217377228580546,38.13456418124227],[-3.0216795147280107,38.1345443194833],[-3.0215711233024964,38.13449270036773],[-3.0215337492322174,38.134483854106605],[-3.0214814402859766,38.134520748732],[-3.021453411200101,38.13452075459932],[-3.0213824039031505,38.1345119150437],[-3.021335678981135,38.1344750380203],[-3.021260940060672,38.13448980609641],[-3.0212048802125384,38.13447948797298],[-3.0210348264744775,38.13442787975387],[-3.020954482575028,38.13444559909826],[-3.0208853427662157,38.13443528348941],[-3.0207835420315585,38.13438283791811],[-3.0206841318158286,38.134217669153514],[-3.0206078707416575,38.134089881164726],[-3.0205713331853645,38.13401066630772],[-3.0204173735405426,38.133909928398424],[-3.0203495924383157,38.1339034491869],[-3.020505758200184,38.13388059760291],[-3.0205253089904964,38.133877736859176],[-3.022046168531249,38.13365515373084],[-3.022125582877581,38.13364351461939],[-3.0223575570908223,38.13363139857762]]]},"properties":{"dn_surface":11160.929866030163,"provincia":23,"municipio":97,"agregado":0,"zona":0,"poligono":23,"parcela":11,"recinto":1,"uso_sigpac":"OV","idPanel":"23:97:0:0:23:11:1"},"id":1155760742},{"type":"Feature","geometry":{"type":"Polygon","coordinates":[[[-3.020382133502938,38.133974644238464],[-3.020498887553745,38.13405105367235],[-3.0205288025679473,38.13411593966504],[-3.020606776065038,38.134246611028715],[-3.0207158020006597,38.13442765847162],[-3.0206160959037303,38.13450896796638],[-3.0203864091120005,38.13455145164514],[-3.020143148665466,38.13461142248954],[-3.0199171297947838,38.1347110456056],[-3.0201603039077107,38.13395331732278],[-3.020382133502938,38.133974644238464]]]},"properties":{"dn_surface":3225.26898719651,"provincia":23,"municipio":97,"agregado":0,"zona":0,"poligono":23,"parcela":9,"recinto":1,"uso_sigpac":"OV","idPanel":"23:97:0:0:23:9:1"},"id":1112597403},{"type":"Feature","geometry":{"type":"Polygon","coordinates":[[[-3.0235093488400784,38.130904066262644],[-3.0234745102956597,38.13113407491949],[-3.0225240879147703,38.13093722339718],[-3.0224049307721805,38.1308282812806],[-3.0221934721063652,38.13038128944524],[-3.0224549715752875,38.13031509252281],[-3.022645884518824,38.13073595042073],[-3.0235093488400784,38.130904066262644]]]},"properties":{"dn_surface":3437.03397613026,"provincia":23,"municipio":97,"agregado":0,"zona":0,"poligono":23,"parcela":20,"recinto":1,"uso_sigpac":"OV","idPanel":"23:97:0:0:23:20:1"},"id":1112597389},{"type":"Feature","geometry":{"type":"Polygon","coordinates":[[[-3.0237717828912603,38.13052497958168],[-3.023802679426382,38.1305506290451],[-3.0237889540591207,38.1306615207925],[-3.023742224107964,38.13085939071607],[-3.0237340106805566,38.13099202512157],[-3.0237175637091727,38.131198586241084],[-3.023717620706118,38.13136600806138],[-3.0236690693672936,38.13151716815037],[-3.0237012030713974,38.13165954148977],[-3.023678590371673,38.131949272048445],[-3.023681383221977,38.13206994547741],[-3.023666289928036,38.13220801638562],[-3.0236360354467355,38.132286296660396],[-3.0235589923409516,38.132388502240985],[-3.0234186323348355,38.13248419675881],[-3.0232920521783564,38.132629896875756],[-3.0232618010498165,38.132719049317785],[-3.0232081593808924,38.132833209169405],[-3.023199927513297,38.13291366035719],[-3.0232357450640643,38.133007148758026],[-3.023235777753489,38.13310499239594],[-3.0232192897107772,38.133194141485205],[-3.023150499427348,38.133283299794556],[-3.023084465113846,38.13338550369875],[-3.023043219442261,38.133526841034836],[-3.0229909498909686,38.13363121585212],[-3.0229102011455713,38.133713680373205],[-3.0227955693927746,38.13384650588611],[-3.022718734158202,38.13395966577664],[-3.022602897925848,38.133929162352786],[-3.022550591494178,38.133920473671424],[-3.0225065387230536,38.13389873855701],[-3.0224456039597447,38.13385399595521],[-3.0225222573070076,38.133771066238495],[-3.0225671993981114,38.13372248053389],[-3.0226043764936557,38.133655330588994],[-3.022687169585357,38.13350570690295],[-3.022882293597298,38.1331628325604],[-3.0230061529878465,38.13298111624158],[-3.0230948846583,38.13285095868861],[-3.02313867759041,38.132780922854295],[-3.023218851337215,38.132652569087014],[-3.0232633315854267,38.13259001326355],[-3.0232878503300453,38.13254855133883],[-3.0233065528717074,38.132517003529784],[-3.023311799105215,38.13250979257805],[-3.0233214936150015,38.1324964519402],[-3.023361759442047,38.13245597824192],[-3.0233707708266833,38.132447054029086],[-3.023415371774308,38.13240486706974],[-3.0234789074423256,38.13234501189558],[-3.0235411883393635,38.132284075455914],[-3.023578929537024,38.13220124296927],[-3.0236109157196234,38.13197159557248],[-3.0236540825235294,38.13139874442439],[-3.0236877786144776,38.13082553453077],[-3.0237038467238158,38.130766769842324],[-3.023760485761492,38.13055964881164],[-3.0237717828912603,38.13052497958168]]]},"properties":{"dn_surface":4788.69390457753,"provincia":23,"municipio":48,"agregado":0,"zona":0,"poligono":13,"parcela":9020,"recinto":2,"uso_sigpac":"OV","idPanel":"23:48:0:0:13:9020:2"},"id":1112036828},{"type":"Feature","geometry":{"type":"Polygon","coordinates":[[[-3.0220810087520484,38.1319606823339],[-3.022052201825511,38.13142957222786],[-3.0220454661277216,38.13141713599737],[-3.0219269585826667,38.131197968494774],[-3.021637315195788,38.131032453557566],[-3.0219525476963844,38.13092911725815],[-3.0220453320172624,38.13099119950405],[-3.02214496435344,38.13105778618504],[-3.0223288951712184,38.13105117621578],[-3.0225240879147703,38.13093722339718],[-3.0234745102956597,38.13113407491949],[-3.0234861686854764,38.13119355626068],[-3.023499249484345,38.13141364241994],[-3.023365646130779,38.13144539055648],[-3.0233027768241034,38.1321406367766],[-3.022538939809885,38.13206425081202],[-3.0220810087520484,38.1319606823339]]]},"properties":{"dn_surface":14239.2187602601,"provincia":23,"municipio":97,"agregado":0,"zona":0,"poligono":23,"parcela":370,"recinto":1,"uso_sigpac":"OV","idPanel":"23:97:0:0:23:370:1"},"id":1112597587},{"type":"Feature","geometry":{"type":"Polygon","coordinates":[[[-3.0234861686854764,38.13119355626068],[-3.023616603679454,38.13123940778834],[-3.023513452620116,38.131575056929904],[-3.023450261448339,38.13232636132176],[-3.0233420100006168,38.13242849314159],[-3.023290680060725,38.13247996473564],[-3.023297888497882,38.132194983363604],[-3.0233027768241034,38.1321406367766],[-3.023365646130779,38.13144539055648],[-3.023499249484345,38.13141364241994],[-3.0234861686854764,38.13119355626068]]]},"properties":{"dn_surface":1740.41613867987,"provincia":23,"municipio":97,"agregado":0,"zona":0,"poligono":23,"parcela":17,"recinto":2,"uso_sigpac":"OV","idPanel":"23:97:0:0:23:17:2"},"id":1112597393},{"type":"Feature","geometry":{"type":"Polygon","coordinates":[[[-3.0229142303266663,38.12891823570317],[-3.02284122478388,38.12962188226712],[-3.0228329040681063,38.12970207864507],[-3.0225944866855134,38.12964718974885],[-3.0225606405584893,38.12963939709303],[-3.022676442425038,38.12890241402178],[-3.0229142303266663,38.12891823570317]]]},"properties":{"dn_surface":1923.42163623714,"provincia":23,"municipio":97,"agregado":0,"zona":0,"poligono":23,"parcela":27,"recinto":2,"uso_sigpac":"OV","idPanel":"23:97:0:0:23:27:2"},"id":1112597379},{"type":"Feature","geometry":{"type":"Polygon","coordinates":[[[-3.0237296353268404,38.129078337606984],[-3.0237243220381034,38.129225334404424],[-3.023732574860458,38.12933537706499],[-3.0237787281366417,38.12950390529656],[-3.0238376847706845,38.12974552372816],[-3.0233291437784815,38.129755347319275],[-3.023063464254198,38.12959253554598],[-3.023010792371529,38.129566842496644],[-3.0229725759199306,38.12957149110045],[-3.022955662076513,38.129579288785436],[-3.022927467867134,38.12957818069776],[-3.0228992736577553,38.129578186565084],[-3.0228640394874837,38.1296060312491],[-3.02284122478388,38.12962188226712],[-3.0229142303266663,38.12891823570317],[-3.023268626433976,38.12893385621882],[-3.0235590233539953,38.128977606403254],[-3.0237296353268404,38.129078337606984]]]},"properties":{"dn_surface":6292.20859391125,"provincia":23,"municipio":97,"agregado":0,"zona":0,"poligono":23,"parcela":26,"recinto":1,"uso_sigpac":"OV","idPanel":"23:97:0:0:23:26:1"},"id":1112597381},{"type":"Feature","geometry":{"type":"Polygon","coordinates":[[[-3.0224677120688677,38.12964360313228],[-3.022506537046673,38.12965426910472],[-3.0226095506427915,38.129681995603846],[-3.0227211439555073,38.1297211399322],[-3.0228226270160152,38.12974796537671],[-3.0228386381284076,38.12977654850641],[-3.022835182269524,38.12985829805112],[-3.022791474832831,38.130021404029236],[-3.0226692884702557,38.13007027304218],[-3.0225003034249127,38.12970808427906],[-3.0224677120688677,38.12964360313228]]]},"properties":{"dn_surface":825.730657264035,"provincia":23,"municipio":97,"agregado":0,"zona":0,"poligono":23,"parcela":23,"recinto":1,"uso_sigpac":"OV","idPanel":"23:97:0:0:23:23:1"},"id":1112597386},{"type":"Feature","geometry":{"type":"Polygon","coordinates":[[[-3.023450261448339,38.13232636132176],[-3.023513452620116,38.131575056929904],[-3.023616603679454,38.13123940778834],[-3.0234861686854764,38.13119355626068],[-3.0234745102956597,38.13113407491949],[-3.0235093488400784,38.130904066262644],[-3.023529362311475,38.13069929551776],[-3.022860205604744,38.130502937689585],[-3.0227621993578793,38.13030561761889],[-3.022770099302089,38.13029414279279],[-3.022777032812805,38.13028878759451],[-3.022785180861365,38.13028463268486],[-3.022816000282973,38.130272176337826],[-3.022824174315433,38.13026887805873],[-3.0229303302872377,38.13018524593846],[-3.022877996195286,38.130149093111555],[-3.0228718128649485,38.13014394578451],[-3.022866941302534,38.13013798373643],[-3.022862744483366,38.130128311019604],[-3.022715609384513,38.130091434834384],[-3.0227156286628922,38.13015040152672],[-3.0227003786273525,38.13015014839323],[-3.0226692884702557,38.13007027304218],[-3.022791474832831,38.130021404029236],[-3.0229699515458908,38.130092392885985],[-3.023033449495342,38.1299208714766],[-3.0230489300332324,38.12987579862781],[-3.0230675328302397,38.12982163644267],[-3.023232448461351,38.12994399882521],[-3.0233291437784815,38.129755347319275],[-3.0238376847706845,38.12974552372816],[-3.023858988217055,38.12998264191572],[-3.02385139588871,38.13013694018943],[-3.0237970350524503,38.13033000057669],[-3.023724427650089,38.13055289551187],[-3.0236509217076546,38.13082175596858],[-3.023616998467117,38.1313972189179],[-3.023573944818911,38.131969078486776],[-3.02354252776757,38.13219458019404],[-3.0235084352125785,38.13226948088524],[-3.023450261448339,38.13232636132176]]]},"properties":{"dn_surface":8928.55722964012,"provincia":23,"municipio":97,"agregado":0,"zona":0,"poligono":23,"parcela":18,"recinto":2,"uso_sigpac":"OV","idPanel":"23:97:0:0:23:18:2"},"id":1112597392},{"type":"Feature","geometry":{"type":"Polygon","coordinates":[[[-3.023033449495342,38.1299208714766],[-3.0229699515458908,38.130092392885985],[-3.022791474832831,38.130021404029236],[-3.022835182269524,38.12985829805112],[-3.022841276751684,38.12983555459368],[-3.0228594654826497,38.12984362971969],[-3.0229892567464263,38.129901251954664],[-3.023033449495342,38.1299208714766]]]},"properties":{"dn_surface":365.071003103844,"provincia":23,"municipio":97,"agregado":0,"zona":0,"poligono":23,"parcela":24,"recinto":1,"uso_sigpac":"OV","idPanel":"23:97:0:0:23:24:1"},"id":1112597383},{"type":"Feature","geometry":{"type":"Polygon","coordinates":[[[-3.0227621993578793,38.13030561761889],[-3.022860205604744,38.130502937689585],[-3.023529362311475,38.13069929551776],[-3.0235093488400784,38.130904066262644],[-3.022645884518824,38.13073595042073],[-3.0224549715752875,38.13031509252281],[-3.022731410949314,38.13022987622276],[-3.022759046085717,38.13029926916505],[-3.0227621993578793,38.13030561761889]]]},"properties":{"dn_surface":2907.22750426081,"provincia":23,"municipio":97,"agregado":0,"zona":0,"poligono":23,"parcela":19,"recinto":1,"uso_sigpac":"OV","idPanel":"23:97:0:0:23:19:1"},"id":1112597390},{"type":"Feature","geometry":{"type":"Polygon","coordinates":[[[-3.0225003034249127,38.12970808427906],[-3.0226692884702557,38.13007027304218],[-3.0227003786273525,38.13015014839323],[-3.022731410949314,38.13022987622276],[-3.0224549715752875,38.13031509252281],[-3.0221934721063652,38.13038128944524],[-3.022045151806334,38.13041511126477],[-3.0212818679977578,38.130589358469194],[-3.0211484834118774,38.13021157014512],[-3.0210840936278758,38.129969156270874],[-3.0210783444801472,38.12994751084281],[-3.0211115401714466,38.12994091344643],[-3.0218008989424052,38.129803914583704],[-3.021774788474279,38.12986430284687],[-3.02204496069893,38.12980612740628],[-3.0225003034249127,38.12970808427906]]]},"properties":{"dn_surface":8924.727665827259,"provincia":23,"municipio":97,"agregado":0,"zona":0,"poligono":23,"parcela":22,"recinto":1,"uso_sigpac":"OV","idPanel":"23:97:0:0:23:22:1"},"id":1324666312},{"type":"Feature","geometry":{"type":"Polygon","coordinates":[[[-3.0225606405584893,38.12963939709303],[-3.0224565758716504,38.1296215704603],[-3.022295337381681,38.12957491175533],[-3.0222996641203563,38.12954203038541],[-3.0223893563569697,38.1288604642703],[-3.022676442425038,38.12890241402178],[-3.0225606405584893,38.12963939709303]]]},"properties":{"dn_surface":2013.07020825078,"provincia":23,"municipio":97,"agregado":0,"zona":0,"poligono":23,"parcela":28,"recinto":2,"uso_sigpac":"OV","idPanel":"23:97:0:0:23:28:2"},"id":1112597378},{"type":"Feature","geometry":{"type":"Polygon","coordinates":[[[-3.0225240879147703,38.13093722339718],[-3.0223288951712184,38.13105117621578],[-3.02214496435344,38.13105778618504],[-3.0220453320172624,38.13099119950405],[-3.0219525476963844,38.13092911725815],[-3.021637315195788,38.131032453557566],[-3.021515801900077,38.13104527116462],[-3.0214591528041153,38.13085961786564],[-3.0212818679977578,38.130589358469194],[-3.022045151806334,38.13041511126477],[-3.0221934721063652,38.13038128944524],[-3.0224049307721805,38.1308282812806],[-3.0225240879147703,38.13093722339718]]]},"properties":{"dn_surface":5071.13435287526,"provincia":23,"municipio":97,"agregado":0,"zona":0,"poligono":23,"parcela":21,"recinto":4,"uso_sigpac":"OV","idPanel":"23:97:0:0:23:21:4"},"id":1112597388},{"type":"Feature","geometry":{"type":"Polygon","coordinates":[[[-3.0210188245821783,38.12955151953855],[-3.0210151533083716,38.12952709131852],[-3.0210091376161055,38.129487071919414],[-3.0210070547130434,38.12947321160351],[-3.02188043231177,38.129259063184804],[-3.0219297908279175,38.1293395680168],[-3.0219682268853916,38.12941461706771],[-3.0220228383405705,38.129497648205444],[-3.022095197638583,38.1295481776736],[-3.022144163881639,38.12957108625449],[-3.0222290801095415,38.12958544445547],[-3.0223483696862083,38.129615765992014],[-3.0224677120688677,38.12964360313228],[-3.0225003034249127,38.12970808427906],[-3.02204496069893,38.12980612740628],[-3.021774788474279,38.12986430284687],[-3.0218008989424052,38.129803914583704],[-3.0211115401714466,38.12994091344643],[-3.021086697047156,38.129811040878224],[-3.0210188245821783,38.12955151953855]]]},"properties":{"dn_surface":5513.067823135631,"provincia":23,"municipio":97,"agregado":0,"zona":0,"poligono":23,"parcela":31,"recinto":1,"uso_sigpac":"OV","idPanel":"23:97:0:0:23:31:1"},"id":1324666305},{"type":"Feature","geometry":{"type":"Polygon","coordinates":[[[-3.021936421751911,38.1289890870967],[-3.0219562650706626,38.12903283644292],[-3.021999099112993,38.1290123192191],[-3.0219653292612927,38.12895490150257],[-3.021943193491887,38.12894518184709],[-3.0219686484951467,38.12878014132562],[-3.022044644701162,38.12879977593494],[-3.0221035242216896,38.12881490778565],[-3.0223893563569697,38.1288604642703],[-3.0222996641203563,38.12954203038541],[-3.022295337381681,38.12957491175533],[-3.0222129734434464,38.129563909668576],[-3.022180611751563,38.12955958712084],[-3.022135450892773,38.1295368126504],[-3.022082390927964,38.12949297361783],[-3.022028319267381,38.129427137117204],[-3.0220207923178846,38.12941350981825],[-3.0220055783245305,38.129385964368225],[-3.0219252092793707,38.129248084567365],[-3.0219031740928095,38.12920464702799],[-3.021908688547235,38.12916889317967],[-3.021936421751911,38.1289890870967]]]},"properties":{"dn_surface":2658.09125168303,"provincia":23,"municipio":97,"agregado":0,"zona":0,"poligono":23,"parcela":29,"recinto":1,"uso_sigpac":"OV","idPanel":"23:97:0:0:23:29:1"},"id":1112597377},{"type":"Feature","geometry":{"type":"Polygon","coordinates":[[[-3.0210819663007236,38.13022438272307],[-3.020204130367435,38.130429370559284],[-3.0201597800387305,38.130153860738346],[-3.0200453385551476,38.130162259405836],[-3.019909590272432,38.129870810556895],[-3.0209375796280846,38.12968103252314],[-3.0210819663007236,38.13022438272307]]]},"properties":{"dn_surface":5420.208290890525,"provincia":23,"municipio":97,"agregado":0,"zona":0,"poligono":22,"parcela":79,"recinto":1,"uso_sigpac":"OV","idPanel":"23:97:0:0:22:79:1"},"id":1337916702},{"type":"Feature","geometry":{"type":"Polygon","coordinates":[[[-3.019885958333221,38.129825570908224],[-3.019909590272432,38.129870810556895],[-3.0200453385551476,38.130162259405836],[-3.0201597800387305,38.130153860738346],[-3.020204130367435,38.130429370559284],[-3.0201446993176457,38.13043275768655],[-3.0198426632861888,38.13044997244032],[-3.019723885005646,38.130050278849154],[-3.019698193632704,38.12998422022815],[-3.0196474998793006,38.12986688279685],[-3.019885958333221,38.129825570908224]]]},"properties":{"dn_surface":1869.9275808315203,"provincia":23,"municipio":97,"agregado":0,"zona":0,"poligono":22,"parcela":80,"recinto":1,"uso_sigpac":"OV","idPanel":"23:97:0:0:22:80:1"},"id":1337916713},{"type":"Feature","geometry":{"type":"Polygon","coordinates":[[[-3.0227231371722008,38.12878179088423],[-3.022687830917557,38.128835357954245],[-3.022405651615897,38.128794128208256],[-3.022472650686511,38.12877080723766],[-3.022510614842809,38.128759375997475],[-3.0225684675801374,38.128755081948185],[-3.022631748438283,38.128763639871835],[-3.0227231371722008,38.12878179088423]]]},"properties":{"dn_surface":141.028411374281,"provincia":23,"municipio":97,"agregado":0,"zona":0,"poligono":23,"parcela":35,"recinto":3,"uso_sigpac":"OV","idPanel":"23:97:0:0:23:35:3"},"id":1112597356},{"type":"Feature","geometry":{"type":"Polygon","coordinates":[[[-3.0219686484951467,38.12878014132562],[-3.021943193491887,38.12894518184709],[-3.02192806164119,38.12894975417552],[-3.0219085058217345,38.12899906323847],[-3.0219054950419357,38.12899906407662],[-3.0217700526987046,38.128942671466945],[-3.0217502730824224,38.1288100990875],[-3.0217592601595378,38.12872618952625],[-3.0219686484951467,38.12878014132562]]]},"properties":{"dn_surface":414.09645141613,"provincia":23,"municipio":97,"agregado":0,"zona":0,"poligono":23,"parcela":30,"recinto":1,"uso_sigpac":"OV","idPanel":"23:97:0:0:23:30:1"},"id":1112597374},{"type":"Feature","geometry":{"type":"Polygon","coordinates":[[[-3.0217700526987046,38.128942671466945],[-3.0219054950419357,38.12899906407662],[-3.0219085058217345,38.12899906323847],[-3.02192806164119,38.12894975417552],[-3.021943193491887,38.12894518184709],[-3.021936421751911,38.1289890870967],[-3.021908688547235,38.12916889317967],[-3.0219031740928095,38.12920464702799],[-3.0217700526987046,38.128942671466945]]]},"properties":{"dn_surface":175.502299126621,"provincia":23,"municipio":97,"agregado":0,"zona":0,"poligono":23,"parcela":30,"recinto":2,"uso_sigpac":"OV","idPanel":"23:97:0:0:23:30:2"},"id":1112597373},{"type":"Feature","geometry":{"type":"Polygon","coordinates":[[[-3.02188043231177,38.129259063184804],[-3.0210070547130434,38.12947321160351],[-3.0209541799883057,38.129364989492444],[-3.020827987075775,38.12905616914816],[-3.020801245450302,38.12895399122783],[-3.0207946405102093,38.12888044086131],[-3.0208342827236216,38.12878239605769],[-3.02096268426777,38.12876342361872],[-3.0211754362613226,38.128780118694465],[-3.0213101208804622,38.12878752913551],[-3.0213670365209593,38.12879800735331],[-3.0214796096782153,38.12882826770192],[-3.021593943873432,38.12887411922955],[-3.02163401188755,38.12891720389081],[-3.0217449103404523,38.129017957725694],[-3.02188043231177,38.129259063184804]]]},"properties":{"dn_surface":5061.1802867385,"provincia":23,"municipio":97,"agregado":0,"zona":0,"poligono":23,"parcela":32,"recinto":1,"uso_sigpac":"OV","idPanel":"23:97:0:0:23:32:1"},"id":1112597368},{"type":"Feature","geometry":{"type":"Polygon","coordinates":[[[-3.020727732802345,38.12847003268271],[-3.0208554093118254,38.128478696218366],[-3.0208079367240033,38.128556656304426],[-3.020762619961805,38.1286438700121],[-3.020737009893329,38.12871005687626],[-3.020717311581511,38.12876300619993],[-3.0207104317149773,38.12882919054948],[-3.020719526918651,38.12888840366978],[-3.020712818881143,38.128968704821546],[-3.020736011608602,38.12906784430177],[-3.0207361272788713,38.12906817035784],[-3.020736243787333,38.12906849641388],[-3.020761247005984,38.12913867557876],[-3.0203549426074288,38.12914982351063],[-3.020056355729333,38.12918862250453],[-3.0198564598996316,38.12921460808229],[-3.0198049246031,38.12921731627537],[-3.0197320028793517,38.129166975400125],[-3.0196145439104463,38.12908588802583],[-3.0193801029029546,38.12913515601741],[-3.0189141495251146,38.12908365843944],[-3.018733964580086,38.12915165579477],[-3.0187222944556047,38.128723399190505],[-3.018752868287436,38.128705189504785],[-3.0187646104962886,38.1286678757842],[-3.0189668842720616,38.12858348929262],[-3.0191616352892896,38.12852830451524],[-3.0193099572657025,38.12850683343078],[-3.019469236904784,38.128501673530906],[-3.019692527465822,38.128502903156146],[-3.0199938552264185,38.128481229229635],[-3.020341173654268,38.128491271588445],[-3.0205313716214217,38.12847862497219],[-3.020727732802345,38.12847003268271]]]},"properties":{"dn_surface":12298.941340597301,"provincia":23,"municipio":97,"agregado":0,"zona":0,"poligono":22,"parcela":84,"recinto":2,"uso_sigpac":"OV","idPanel":"23:97:0:0:22:84:2"},"id":1440572357},{"type":"Feature","geometry":{"type":"Polygon","coordinates":[[[-3.0208355944915466,38.12934791387829],[-3.020838101518935,38.129354970603],[-3.020258647945293,38.129443040941254],[-3.02019338644331,38.12955088754302],[-3.0196621740780576,38.1296306824278],[-3.019456446119782,38.12950960415287],[-3.0196400911146455,38.12948817330158],[-3.0196466901874057,38.12946135456261],[-3.019688261076854,38.129493005469016],[-3.0207330821332676,38.12936088152145],[-3.0208355944915466,38.12934791387829]]]},"properties":{"dn_surface":942.1449504312567,"provincia":23,"municipio":97,"agregado":0,"zona":0,"poligono":22,"parcela":83,"recinto":2,"uso_sigpac":"OV","idPanel":"23:97:0:0:22:83:2"},"id":1440572341},{"type":"Feature","geometry":{"type":"Polygon","coordinates":[[[-3.020761247005984,38.12913867557876],[-3.0208355944915466,38.12934791387829],[-3.0207330821332676,38.12936088152145],[-3.0196565037202237,38.129421475979456],[-3.0196466901874057,38.12946135456261],[-3.0196400911146455,38.12948817330158],[-3.019456446119782,38.12950960415287],[-3.019437794707733,38.129498628050015],[-3.019305992625266,38.129453282789314],[-3.018837102228379,38.1295260301695],[-3.018549234966888,38.12956123919406],[-3.018037425032253,38.12968105096331],[-3.0180325191040343,38.12960572279505],[-3.0180233928873177,38.12946559245307],[-3.018123369719736,38.129463935350714],[-3.018553873512379,38.12937339402728],[-3.0188257598363313,38.129278110222714],[-3.0190426415938223,38.129272820403315],[-3.0191241136975058,38.12927736171872],[-3.019141645287224,38.12927833904865],[-3.0193835260724144,38.12923946126486],[-3.0198049246031,38.12921731627537],[-3.0198564598996316,38.12921460808229],[-3.020056355729333,38.12918862250453],[-3.0203549426074288,38.12914982351063],[-3.020761247005984,38.12913867557876]]]},"properties":{"dn_surface":5843.442571553431,"provincia":23,"municipio":97,"agregado":0,"zona":0,"poligono":22,"parcela":83,"recinto":4,"uso_sigpac":"OV","idPanel":"23:97:0:0:22:83:4"},"id":1440572343},{"type":"Feature","geometry":{"type":"Polygon","coordinates":[[[-3.0207330821332676,38.12936088152145],[-3.019688261076854,38.129493005469016],[-3.0196466901874057,38.12946135456261],[-3.0196565037202237,38.129421475979456],[-3.0207330821332676,38.12936088152145]]]},"properties":{"dn_surface":393.34931414463966,"provincia":23,"municipio":97,"agregado":0,"zona":0,"poligono":22,"parcela":83,"recinto":5,"uso_sigpac":"OV","idPanel":"23:97:0:0:22:83:5"},"id":1440572351},{"type":"Feature","geometry":{"type":"Polygon","coordinates":[[[-3.0189141495251146,38.12908365843944],[-3.0193801029029546,38.12913515601741],[-3.0196145439104463,38.12908588802583],[-3.0197320028793517,38.129166975400125],[-3.0196886793338464,38.129172525896735],[-3.0196419586027834,38.129199814022314],[-3.0196051863531874,38.12918322372039],[-3.019531653588661,38.129193607222646],[-3.0194817577924877,38.12920398653398],[-3.01934093594348,38.12922967706871],[-3.0191241136975058,38.12927736171872],[-3.0190426415938223,38.129272820403315],[-3.0187675072821976,38.12925748235779],[-3.0187364682547133,38.12924351642988],[-3.018733964580086,38.12915165579477],[-3.0189141495251146,38.12908365843944]]]},"properties":{"dn_surface":1196.7442433370702,"provincia":23,"municipio":97,"agregado":0,"zona":0,"poligono":22,"parcela":83,"recinto":3,"uso_sigpac":"OV","idPanel":"23:97:0:0:22:83:3"},"id":1440572342},{"type":"Feature","geometry":{"type":"Polygon","coordinates":[[[-3.0187222944556047,38.128723399190505],[-3.018733964580086,38.12915165579477],[-3.0187364682547133,38.12924351642988],[-3.018652500020116,38.12927696525466],[-3.018240164003679,38.129351374766316],[-3.0180169891129123,38.12936726601748],[-3.0179122572265418,38.12913691789356],[-3.017912180951219,38.1291367502555],[-3.01784665625746,38.128992633480124],[-3.0179509212717965,38.12891105492628],[-3.017985826033254,38.12887166500818],[-3.0180639730357504,38.128830557638],[-3.018134705406261,38.12879729153869],[-3.0182803979794923,38.12875184820976],[-3.0183643704050405,38.1287354339278],[-3.018542706302119,38.128733967932874],[-3.018570320483763,38.12874306732746],[-3.018675292930769,38.128751344457385],[-3.0187222944556047,38.128723399190505]]]},"properties":{"dn_surface":4316.341295310676,"provincia":23,"municipio":97,"agregado":0,"zona":0,"poligono":22,"parcela":85,"recinto":1,"uso_sigpac":"OV","idPanel":"23:97:0:0:22:85:1"},"id":1440572347},{"type":"Feature","geometry":{"type":"Polygon","coordinates":[[[-3.020838101518935,38.129354970603],[-3.0208854031159222,38.129488170787],[-3.020889146474102,38.12949871270726],[-3.0209375796280846,38.12968103252314],[-3.019909590272432,38.129870810556895],[-3.019885958333221,38.129825570908224],[-3.0196474998793006,38.12986688279685],[-3.019526817230244,38.129587057971946],[-3.0194278822684515,38.129620624981555],[-3.01871814960424,38.12986142617757],[-3.0185908628532796,38.12990867915954],[-3.0180859805620304,38.130096109422055],[-3.0180411600085293,38.129738404139204],[-3.018706782904671,38.12959708691966],[-3.019456446119782,38.12950960415287],[-3.0196621740780576,38.1296306824278],[-3.02019338644331,38.12955088754302],[-3.020258647945293,38.129443040941254],[-3.020838101518935,38.129354970603]]]},"properties":{"dn_surface":7276.957248394067,"provincia":23,"municipio":97,"agregado":0,"zona":0,"poligono":22,"parcela":82,"recinto":1,"uso_sigpac":"OV","idPanel":"23:97:0:0:22:82:1"},"id":1368227793},{"type":"Feature","geometry":{"type":"Polygon","coordinates":[[[-3.0179122572265418,38.12913691789356],[-3.0180169891129123,38.12936726601748],[-3.0180233928873177,38.12946559245307],[-3.0180325191040343,38.12960572279505],[-3.0179778414318172,38.129601579620015],[-3.0179643105247203,38.12960020498784],[-3.0179122572265418,38.12913691789356]]]},"properties":{"dn_surface":256.37709660987366,"provincia":23,"municipio":97,"agregado":0,"zona":0,"poligono":22,"parcela":86,"recinto":2,"uso_sigpac":"OV","idPanel":"23:97:0:0:22:86:2"},"id":1440572349},{"type":"Feature","geometry":{"type":"Polygon","coordinates":[[[-3.01784665625746,38.128992633480124],[-3.017912180951219,38.1291367502555],[-3.0179122572265418,38.12913691789356],[-3.0179643105247203,38.12960020498784],[-3.0179778414318172,38.129601579620015],[-3.0180325191040343,38.12960572279505],[-3.018037425032253,38.12968105096331],[-3.0180411600085293,38.129738404139204],[-3.017976316763539,38.12974850768589],[-3.0180145022020937,38.13012606634578],[-3.0179109010345275,38.130169486283194],[-3.0177140528650015,38.130251986846474],[-3.0176951131154657,38.130254603676775],[-3.017625721011354,38.13018124944679],[-3.0176394011163357,38.13013203845216],[-3.0176606039798624,38.13005542869081],[-3.0177506172433866,38.13000990321922],[-3.017727766497597,38.129442740030925],[-3.017766770848141,38.12937279723573],[-3.0176613273381476,38.129310263205184],[-3.0176524517403513,38.129304998531495],[-3.0176549780461173,38.12909407966026],[-3.0177064529929427,38.129083769918765],[-3.0177567653697293,38.12906303392725],[-3.01784665625746,38.128992633480124]]]},"properties":{"dn_surface":2953.516560658819,"provincia":23,"municipio":97,"agregado":0,"zona":0,"poligono":22,"parcela":86,"recinto":3,"uso_sigpac":"OV","idPanel":"23:97:0:0:22:86:3"},"id":1440572348},{"type":"Feature","geometry":{"type":"Polygon","coordinates":[[[-3.015535147669026,38.13207560074781],[-3.0155758527078236,38.132001855921146],[-3.0157441965375362,38.13193840742491],[-3.0159304633918675,38.131868052240065],[-3.0159209356819647,38.13182670514743],[-3.015770959955958,38.13181541304681],[-3.0156718154465745,38.131835325935356],[-3.015726878686361,38.131740939832724],[-3.01594813915033,38.1318098608738],[-3.0161316315945457,38.13187500083819],[-3.016500535938921,38.13191677540789],[-3.016353676604699,38.13236012446791],[-3.0156650085026033,38.1321259667688],[-3.015535147669026,38.13207560074781]]]},"properties":{"dn_surface":2969.2494556121,"provincia":23,"municipio":97,"agregado":0,"zona":0,"poligono":22,"parcela":303,"recinto":1,"uso_sigpac":"OV","idPanel":"23:97:0:0:22:303:1"},"id":1112596794},{"type":"Feature","geometry":{"type":"Polygon","coordinates":[[[-3.015535147669026,38.13207560074781],[-3.0156650085026033,38.1321259667688],[-3.016353676604699,38.13236012446791],[-3.0163125147521503,38.13248801890691],[-3.016253204401773,38.132586984881726],[-3.015635286272185,38.13238670599904],[-3.0153957658310695,38.132309494417],[-3.015535147669026,38.13207560074781]]]},"properties":{"dn_surface":2199.94828949766,"provincia":23,"municipio":97,"agregado":0,"zona":0,"poligono":22,"parcela":304,"recinto":2,"uso_sigpac":"OV","idPanel":"23:97:0:0:22:304:2"},"id":1112596792},{"type":"Feature","geometry":{"type":"Polygon","coordinates":[[[-3.016253204401773,38.132586984881726],[-3.0160916993672666,38.13287225375308],[-3.015474807182688,38.13267738119825],[-3.0152343705995,38.1325893552841],[-3.0153957658310695,38.132309494417],[-3.015635286272185,38.13238670599904],[-3.016253204401773,38.132586984881726]]]},"properties":{"dn_surface":2833.15257658196,"provincia":23,"municipio":97,"agregado":0,"zona":0,"poligono":22,"parcela":309,"recinto":1,"uso_sigpac":"OV","idPanel":"23:97:0:0:22:309:1"},"id":1112596785},{"type":"Feature","geometry":{"type":"Polygon","coordinates":[[[-3.0160916993672666,38.13287225375308],[-3.0159488960362304,38.13311146574014],[-3.0157912282372252,38.133221618203606],[-3.0155627568215277,38.133072305486195],[-3.015481877318434,38.133165685760446],[-3.015414775150405,38.13312558673326],[-3.0152785004841385,38.13306735429569],[-3.0152649335348563,38.13306155653291],[-3.0152076138866013,38.13303706377221],[-3.0151316822212446,38.13300461658491],[-3.0150615877136038,38.13297466385217],[-3.0152343705995,38.1325893552841],[-3.015474807182688,38.13267738119825],[-3.0160916993672666,38.13287225375308]]]},"properties":{"dn_surface":3505.49560546875,"provincia":23,"municipio":97,"agregado":0,"zona":0,"poligono":22,"parcela":310,"recinto":1,"uso_sigpac":"OV","idPanel":"23:97:0:0:22:310:1"},"id":1112596784},{"type":"Feature","geometry":{"type":"Polygon","coordinates":[[[-3.016179598714685,38.130108787889554],[-3.016427907581801,38.130221236156444],[-3.0163206736971837,38.13031002314747],[-3.0167301271769476,38.13056322872271],[-3.016532895116233,38.130675995501946],[-3.016339270626859,38.13078669949468],[-3.0162315941777282,38.13093686297529],[-3.015587497686594,38.13045656480756],[-3.0157140174933685,38.1303769685739],[-3.016179598714685,38.130108787889554]]]},"properties":{"dn_surface":4359.20178311423,"provincia":23,"municipio":97,"agregado":0,"zona":0,"poligono":22,"parcela":285,"recinto":1,"uso_sigpac":"OV","idPanel":"23:97:0:0:22:285:1"},"id":1112596814},{"type":"Feature","geometry":{"type":"Polygon","coordinates":[[[-3.0148626692138714,38.13069890408286],[-3.014740463572917,38.130683776423126],[-3.0150213067991314,38.13034595217755],[-3.015153393866324,38.130158024029924],[-3.0157140174933685,38.1303769685739],[-3.015587497686594,38.13045656480756],[-3.015394351803919,38.13057194757894],[-3.0153052639025604,38.13068695903192],[-3.0150712612686315,38.1307704419543],[-3.0148626692138714,38.13069890408286]]]},"properties":{"dn_surface":2805.80283278588,"provincia":23,"municipio":97,"agregado":0,"zona":0,"poligono":22,"parcela":289,"recinto":2,"uso_sigpac":"OV","idPanel":"23:97:0:0:22:289:2"},"id":1112596810},{"type":"Feature","geometry":{"type":"Polygon","coordinates":[[[-3.0153758420460424,38.13097256150306],[-3.0154586678271684,38.1309207303253],[-3.0153052639025604,38.13068695903192],[-3.015394351803919,38.13057194757894],[-3.015587497686594,38.13045656480756],[-3.0162315941777282,38.13093686297529],[-3.016045990331977,38.131103619272494],[-3.016015324299205,38.13122430192155],[-3.016000847075185,38.131281263662515],[-3.015885590870564,38.13122431700896],[-3.0153758420460424,38.13097256150306]]]},"properties":{"dn_surface":3775.54145840624,"provincia":23,"municipio":97,"agregado":0,"zona":0,"poligono":22,"parcela":288,"recinto":3,"uso_sigpac":"OV","idPanel":"23:97:0:0:22:288:3"},"id":1112596811},{"type":"Feature","geometry":{"type":"Polygon","coordinates":[[[-3.016938245654151,38.13055716441539],[-3.016849472074179,38.13071419183697],[-3.016787468618152,38.13082386737011],[-3.016782564366314,38.13083252000931],[-3.016339270626859,38.13078669949468],[-3.016532895116233,38.130675995501946],[-3.0167301271769476,38.13056322872271],[-3.0167873990483525,38.13053519293132],[-3.0168357718526284,38.13051148304038],[-3.0168866977847633,38.130534185426484],[-3.016938245654151,38.13055716441539]]]},"properties":{"dn_surface":892.0256708294518,"provincia":23,"municipio":97,"agregado":0,"zona":0,"poligono":22,"parcela":286,"recinto":2,"uso_sigpac":"OV","idPanel":"23:97:0:0:22:286:2"},"id":1337916707},{"type":"Feature","geometry":{"type":"Polygon","coordinates":[[[-3.016339270626859,38.13078669949468],[-3.016782564366314,38.13083252000931],[-3.01672314588938,38.130948610213295],[-3.0167394931161104,38.13107667815771],[-3.016743861764303,38.13111071874488],[-3.016754125405349,38.13119068629686],[-3.0167413538987247,38.13122421474975],[-3.0166651825109234,38.13142493535878],[-3.015955676996301,38.131344176555075],[-3.016000847075185,38.131281263662515],[-3.016015324299205,38.13122430192155],[-3.016045990331977,38.131103619272494],[-3.0162315941777282,38.13093686297529],[-3.016339270626859,38.13078669949468]]]},"properties":{"dn_surface":3542.1552125415787,"provincia":23,"municipio":97,"agregado":0,"zona":0,"poligono":22,"parcela":287,"recinto":2,"uso_sigpac":"OV","idPanel":"23:97:0:0:22:287:2"},"id":1329867602},{"type":"Feature","geometry":{"type":"Polygon","coordinates":[[[-3.014622573774164,38.13056662507009],[-3.014740463572917,38.130683776423126],[-3.0148626692138714,38.13069890408286],[-3.015021245611235,38.13111229705737],[-3.0147139935211236,38.131224446928485],[-3.014682846367082,38.131235806084334],[-3.0143661235640122,38.131350480584814],[-3.0142983231834064,38.13122449219077],[-3.014153584470813,38.13095574991888],[-3.0142414243067157,38.13085966480429],[-3.014203027644189,38.13084605007819],[-3.0143027463139735,38.13075187771409],[-3.0144240374892375,38.13067121446409],[-3.0145612039900542,38.13061380764407],[-3.014622573774164,38.13056662507009]]]},"properties":{"dn_surface":4014.4344262854906,"provincia":23,"municipio":97,"agregado":0,"zona":0,"poligono":22,"parcela":297,"recinto":3,"uso_sigpac":"OV","idPanel":"23:97:0:0:22:297:3"},"id":1210237236},{"type":"Feature","geometry":{"type":"Polygon","coordinates":[[[-3.0153052639025604,38.13068695903192],[-3.0154586678271684,38.1309207303253],[-3.0153758420460424,38.13097256150306],[-3.015021245611235,38.13111229705737],[-3.0148626692138714,38.13069890408286],[-3.0150712612686315,38.1307704419543],[-3.0153052639025604,38.13068695903192]]]},"properties":{"dn_surface":1405.89807497871,"provincia":23,"municipio":97,"agregado":0,"zona":0,"poligono":22,"parcela":296,"recinto":2,"uso_sigpac":"OV","idPanel":"23:97:0:0:22:296:2"},"id":1112596802},{"type":"Feature","geometry":{"type":"Polygon","coordinates":[[[-3.015955676996301,38.131344176555075],[-3.0166651825109234,38.13142493535878],[-3.01655423460479,38.13174782389018],[-3.0165218553109083,38.13184205744221],[-3.016500535938921,38.13191677540789],[-3.0161316315945457,38.13187500083819],[-3.01594813915033,38.1318098608738],[-3.015726878686361,38.131740939832724],[-3.015955676996301,38.131344176555075]]]},"properties":{"dn_surface":3590.1950925886995,"provincia":23,"municipio":97,"agregado":0,"zona":0,"poligono":22,"parcela":302,"recinto":1,"uso_sigpac":"OV","idPanel":"23:97:0:0:22:302:1"},"id":1329867604},{"type":"Feature","geometry":{"type":"Polygon","coordinates":[[[-3.0173655383394977,38.129129417766165],[-3.0174417885171945,38.12925720743132],[-3.0175408676477287,38.12942329736714],[-3.0176157633097924,38.12960696583133],[-3.017548805310506,38.129681599139815],[-3.0175626237168975,38.12972909352058],[-3.0171908603051816,38.13008009411874],[-3.017182647715965,38.13008919770431],[-3.0170438819479277,38.130009003002726],[-3.0167872657760832,38.12998668366964],[-3.0164005733557384,38.1299530227827],[-3.016596445033487,38.12979248418168],[-3.0166455906492815,38.12966188490236],[-3.0167074013215243,38.1295340784734],[-3.016787135856577,38.12944916895103],[-3.0167951212962048,38.129440696522806],[-3.01692130415045,38.129397239705014],[-3.0171370426162802,38.1293072666746],[-3.0171759346493143,38.12924264135913],[-3.01732424070011,38.12915402787351],[-3.0173655383394977,38.129129417766165]]]},"properties":{"dn_surface":5902.84883849987,"provincia":23,"municipio":97,"agregado":0,"zona":0,"poligono":22,"parcela":279,"recinto":2,"uso_sigpac":"OV","idPanel":"23:97:0:0:22:279:2"},"id":1112596821},{"type":"Feature","geometry":{"type":"Polygon","coordinates":[[[-3.016065210037095,38.12935534443588],[-3.01603133960255,38.129430063239795],[-3.0166455906492815,38.12966188490236],[-3.016596445033487,38.12979248418168],[-3.0164005733557384,38.1299530227827],[-3.0163373687729162,38.129981510358704],[-3.0159980005806983,38.12982887673104],[-3.0154129722029244,38.129647699368604],[-3.0154478719352404,38.12958199362572],[-3.0151312161874,38.12944575751621],[-3.0152093112220952,38.12916094964956],[-3.0160054185654466,38.129341742282605],[-3.016065210037095,38.12935534443588]]]},"properties":{"dn_surface":5654.75832452235,"provincia":23,"municipio":97,"agregado":0,"zona":0,"poligono":22,"parcela":811,"recinto":1,"uso_sigpac":"OV","idPanel":"23:97:0:0:22:811:1"},"id":1112596015},{"type":"Feature","geometry":{"type":"Polygon","coordinates":[[[-3.01692130415045,38.129397239705014],[-3.0167951212962048,38.129440696522806],[-3.016787135856577,38.12944916895103],[-3.0167074013215243,38.1295340784734],[-3.0166455906492815,38.12966188490236],[-3.01603133960255,38.129430063239795],[-3.016065210037095,38.12935534443588],[-3.016158384116494,38.12916543732081],[-3.016597020032079,38.12933671481679],[-3.016787117416389,38.129372201282365],[-3.01692130415045,38.129397239705014]]]},"properties":{"dn_surface":1956.99252093113,"provincia":23,"municipio":97,"agregado":0,"zona":0,"poligono":22,"parcela":278,"recinto":2,"uso_sigpac":"OV","idPanel":"23:97:0:0:22:278:2"},"id":1112596822},{"type":"Feature","geometry":{"type":"Polygon","coordinates":[[[-3.0163373687729162,38.129981510358704],[-3.016179598714685,38.130108787889554],[-3.0157140174933685,38.1303769685739],[-3.015153393866324,38.130158024029924],[-3.0152123630732213,38.13006536795217],[-3.0152334645157133,38.13003210855837],[-3.015272121017255,38.12992674635285],[-3.015307692978245,38.12980651381204],[-3.0153334606265103,38.12971944930223],[-3.0154129722029244,38.129647699368604],[-3.0159980005806983,38.12982887673104],[-3.0163373687729162,38.129981510358704]]]},"properties":{"dn_surface":4712.7997787047,"provincia":23,"municipio":97,"agregado":0,"zona":0,"poligono":22,"parcela":284,"recinto":1,"uso_sigpac":"OV","idPanel":"23:97:0:0:22:284:1"},"id":1112596815},{"type":"Feature","geometry":{"type":"Polygon","coordinates":[[[-3.0167301271769476,38.13056322872271],[-3.0163206736971837,38.13031002314747],[-3.016427907581801,38.130221236156444],[-3.016179598714685,38.130108787889554],[-3.0163373687729162,38.129981510358704],[-3.0164005733557384,38.1299530227827],[-3.0167872657760832,38.12998668366964],[-3.0170438819479277,38.130009003002726],[-3.017182647715965,38.13008919770431],[-3.017062755480424,38.13020096955157],[-3.0170477233743798,38.13031741431013],[-3.0170367078765747,38.13035752507196],[-3.016995929077025,38.130385005143154],[-3.0169409454653233,38.13040238585859],[-3.0169173872868646,38.13043465367315],[-3.0168866977847633,38.130534185426484],[-3.0168357718526284,38.13051148304038],[-3.0167873990483525,38.13053519293132],[-3.0167301271769476,38.13056322872271]]]},"properties":{"dn_surface":3515.583049734305,"provincia":23,"municipio":97,"agregado":0,"zona":0,"poligono":22,"parcela":280,"recinto":1,"uso_sigpac":"OV","idPanel":"23:97:0:0:22:280:1"},"id":1337916705},{"type":"Feature","geometry":{"type":"Polygon","coordinates":[[[-3.015307692978245,38.12980651381204],[-3.015272121017255,38.12992674635285],[-3.0152334645157133,38.13003210855837],[-3.0152123630732213,38.13006536795217],[-3.0146211522033006,38.129786760179655],[-3.01440673807825,38.12968584122126],[-3.014475973440764,38.129579214186464],[-3.0146208873351448,38.12961434861205],[-3.0148138362430825,38.12964614284911],[-3.014929194706928,38.129665687772075],[-3.0149618212669678,38.129639097020885],[-3.015307692978245,38.12980651381204]]]},"properties":{"dn_surface":1919.21467898347,"provincia":23,"municipio":97,"agregado":0,"zona":0,"poligono":22,"parcela":283,"recinto":2,"uso_sigpac":"OV","idPanel":"23:97:0:0:22:283:2"},"id":1112596816},{"type":"Feature","geometry":{"type":"Polygon","coordinates":[[[-3.0152123630732213,38.13006536795217],[-3.015153393866324,38.130158024029924],[-3.0146212997248054,38.12994655446764],[-3.0145116468227893,38.12993052323867],[-3.0143275785417893,38.129807610165045],[-3.01440673807825,38.12968584122126],[-3.0146211522033006,38.129786760179655],[-3.0152123630732213,38.13006536795217]]]},"properties":{"dn_surface":1204.55822640466,"provincia":23,"municipio":97,"agregado":0,"zona":0,"poligono":22,"parcela":290,"recinto":1,"uso_sigpac":"OV","idPanel":"23:97:0:0:22:290:1"},"id":1112596809},{"type":"Feature","geometry":{"type":"Polygon","coordinates":[[[-3.0143275785417893,38.129807610165045],[-3.0145116468227893,38.12993052323867],[-3.0146212997248054,38.12994655446764],[-3.015153393866324,38.130158024029924],[-3.0150213067991314,38.13034595217755],[-3.014868851706019,38.13026746822251],[-3.014827326917042,38.1303024417156],[-3.0145786878029215,38.13023694635851],[-3.0144910491327073,38.13019036057608],[-3.0143479658460897,38.13014329451059],[-3.0143464604561903,38.130128746040384],[-3.014341381860756,38.13007276414396],[-3.0143502147108445,38.12997478891015],[-3.01439454492298,38.12991980278386],[-3.0143552916298977,38.12989880779156],[-3.014282449534234,38.1298680378232],[-3.0143141180426847,38.129825637125265],[-3.0143275785417893,38.129807610165045]]]},"properties":{"dn_surface":1970.669189453125,"provincia":23,"municipio":97,"agregado":0,"zona":0,"poligono":22,"parcela":291,"recinto":2,"uso_sigpac":"OV","idPanel":"23:97:0:0:22:291:2"},"id":1179274346},{"type":"Feature","geometry":{"type":"Polygon","coordinates":[[[-3.014282449534234,38.1298680378232],[-3.0143552916298977,38.12989880779156],[-3.01439454492298,38.12991980278386],[-3.0143502147108445,38.12997478891015],[-3.014341381860756,38.13007276414396],[-3.0143464604561903,38.130128746040384],[-3.0143479658460897,38.13014329451059],[-3.014217418534601,38.130100352341714],[-3.01421408086056,38.129959574916796],[-3.014282449534234,38.1298680378232]]]},"properties":{"dn_surface":302.4805908203125,"provincia":23,"municipio":97,"agregado":0,"zona":0,"poligono":22,"parcela":291,"recinto":3,"uso_sigpac":"OV","idPanel":"23:97:0:0:22:291:3"},"id":1179274347},{"type":"Feature","geometry":{"type":"Polygon","coordinates":[[[-3.0185475267349196,38.135275159457336],[-3.0167885222234445,38.13517688079861],[-3.0165622426755574,38.13516438086566],[-3.016562678534548,38.135076867924],[-3.015302687305372,38.13501870337984],[-3.014524011807085,38.134999860860404],[-3.0146273573265883,38.134828068715535],[-3.014770531975956,38.1346871865168],[-3.0147710902107407,38.1346295056085],[-3.015301580894088,38.13466252444164],[-3.0158145047837204,38.134716090673436],[-3.0164529476808277,38.13476982119053],[-3.0167884291843134,38.13479447488376],[-3.0170212097366873,38.134801024503304],[-3.018101925457383,38.13481566517447],[-3.018751087132906,38.13491700238984],[-3.0185981626531873,38.135154491057534],[-3.0185475267349196,38.135275159457336]]]},"properties":{"dn_surface":14478.6373842109,"provincia":23,"municipio":97,"agregado":0,"zona":0,"poligono":22,"parcela":71,"recinto":1,"uso_sigpac":"OV","idPanel":"23:97:0:0:22:71:1"},"id":1112595815},{"type":"Feature","geometry":{"type":"Polygon","coordinates":[[[-3.0151425703141137,38.13543267135293],[-3.0151425627704,38.135396981207094],[-3.015173764406816,38.1351074015227],[-3.0153075001944596,38.13511351528325],[-3.015302687305372,38.13501870337984],[-3.016562678534548,38.135076867924],[-3.0165622426755574,38.13516438086566],[-3.0167885222234445,38.13517688079861],[-3.0185475267349196,38.135275159457336],[-3.018384669699351,38.1356192835417],[-3.0183666553119806,38.13567408275151],[-3.017782736698254,38.13559340692868],[-3.0172758486174547,38.135523444855124],[-3.016958620385594,38.135493743579474],[-3.0159727132155125,38.13544997160213],[-3.0151425703141137,38.13543267135293]]]},"properties":{"dn_surface":11783.4819633427,"provincia":23,"municipio":97,"agregado":0,"zona":0,"poligono":22,"parcela":62,"recinto":1,"uso_sigpac":"OV","idPanel":"23:97:0:0:22:62:1"},"id":1112595826},{"type":"Feature","geometry":{"type":"Polygon","coordinates":[[[-3.017249217633111,38.135805904112374],[-3.017171053028617,38.135805914170646],[-3.0171424263130087,38.13586422958906],[-3.016714738001807,38.135832198144186],[-3.016042402877206,38.13581163984907],[-3.0156628761463096,38.135811684273136],[-3.0145830572893058,38.135783412950246],[-3.0142761002422036,38.135764427938426],[-3.0142881752126325,38.1356655583555],[-3.01430490716874,38.13545988823233],[-3.0143075223226856,38.135415366074625],[-3.0150171653005278,38.135430071286436],[-3.0151425703141137,38.13543267135293],[-3.0159727132155125,38.13544997160213],[-3.016958620385594,38.135493743579474],[-3.0172758486174547,38.135523444855124],[-3.017782736698254,38.13559340692868],[-3.0183666553119806,38.13567408275151],[-3.0183529676632865,38.13569860149616],[-3.018271332112481,38.13595015248359],[-3.0182640339889546,38.13597286660436],[-3.0181266462058804,38.13597288336817],[-3.0181261675991813,38.135887984742254],[-3.017249217633111,38.135805904112374]]]},"properties":{"dn_surface":13130.1335313735,"provincia":23,"municipio":97,"agregado":0,"zona":0,"poligono":22,"parcela":61,"recinto":3,"uso_sigpac":"OV","idPanel":"23:97:0:0:22:61:3"},"id":1112595827},{"type":"Feature","geometry":{"type":"Polygon","coordinates":[[[-3.0156579249558106,38.13611577135643],[-3.0153100038690868,38.13611094337992],[-3.0145113501033993,38.13609985412137],[-3.01423611437074,38.13608203754691],[-3.014241242419406,38.13604896087864],[-3.0142761002422036,38.135764427938426],[-3.0145830572893058,38.135783412950246],[-3.0156628761463096,38.135811684273136],[-3.01570477393,38.13589847134196],[-3.0156579182502874,38.136088192378764],[-3.0156579249558106,38.13611577135643]]]},"properties":{"dn_surface":4330.17554614219,"provincia":23,"municipio":97,"agregado":0,"zona":0,"poligono":22,"parcela":58,"recinto":1,"uso_sigpac":"OV","idPanel":"23:97:0:0:22:58:1"},"id":1112595830},{"type":"Feature","geometry":{"type":"Polygon","coordinates":[[[-3.017249217633111,38.135805904112374],[-3.0181261675991813,38.135887984742254],[-3.0181266462058804,38.13597288336817],[-3.0182640339889546,38.13597286660436],[-3.0181810296732805,38.1362286546441],[-3.01816244447827,38.13628606816968],[-3.017781754339144,38.13621401732573],[-3.0175991721696658,38.13618637213105],[-3.0172260265820343,38.13615730955647],[-3.0172182607482827,38.136132435419086],[-3.017196895275825,38.13602230391041],[-3.0172026863330714,38.135905679779086],[-3.0172150010259453,38.135869627535016],[-3.0172224123051707,38.135847996356205],[-3.017249217633111,38.135805904112374]]]},"properties":{"dn_surface":3471.73621645129,"provincia":23,"municipio":97,"agregado":0,"zona":0,"poligono":22,"parcela":55,"recinto":1,"uso_sigpac":"OV","idPanel":"23:97:0:0:22:55:1"},"id":1112595833},{"type":"Feature","geometry":{"type":"Polygon","coordinates":[[[-3.017249217633111,38.135805904112374],[-3.0172224123051707,38.135847996356205],[-3.0172150010259453,38.135869627535016],[-3.0172026863330714,38.135905679779086],[-3.017196895275825,38.13602230391041],[-3.0172182607482827,38.136132435419086],[-3.0170069294874033,38.13613056960736],[-3.0170011174753975,38.136160582689826],[-3.0164897853092723,38.136129822779736],[-3.0156579274703814,38.13612992084802],[-3.0156579249558106,38.13611577135643],[-3.0156579182502874,38.136088192378764],[-3.01570477393,38.13589847134196],[-3.0156628761463096,38.135811684273136],[-3.016042402877206,38.13581163984907],[-3.016714738001807,38.135832198144186],[-3.0171424263130087,38.13586422958906],[-3.017171053028617,38.135805914170646],[-3.017249217633111,38.135805904112374]]]},"properties":{"dn_surface":4591.91582954659,"provincia":23,"municipio":97,"agregado":0,"zona":0,"poligono":22,"parcela":57,"recinto":2,"uso_sigpac":"OV","idPanel":"23:97:0:0:22:57:2"},"id":1112595831},{"type":"Feature","geometry":{"type":"Polygon","coordinates":[[[-3.015302687305372,38.13501870337984],[-3.0153075001944596,38.13511351528325],[-3.015173764406816,38.1351074015227],[-3.0151425627704,38.135396981207094],[-3.0151425703141137,38.13543267135293],[-3.0150171653005278,38.135430071286436],[-3.0143075223226856,38.135415366074625],[-3.0143117292001382,38.13534353483652],[-3.0143250622943083,38.13525782316597],[-3.0144038857164315,38.13513821759153],[-3.014524011807085,38.134999860860404],[-3.015302687305372,38.13501870337984]]]},"properties":{"dn_surface":3302.72042091409,"provincia":23,"municipio":97,"agregado":0,"zona":0,"poligono":22,"parcela":63,"recinto":3,"uso_sigpac":"OV","idPanel":"23:97:0:0:22:63:3"},"id":1112595825},{"type":"Feature","geometry":{"type":"Polygon","coordinates":[[[-3.0208078361411594,38.13445395501802],[-3.0209716579338406,38.134515582126596],[-3.021188694756549,38.13452843577585],[-3.0214917776877748,38.13457020615459],[-3.021637207069231,38.134566643845545],[-3.0216955560152563,38.134565214731],[-3.0217272580513215,38.1345644377285],[-3.0217377228580546,38.13456418124227],[-3.0218250840872574,38.134562041342235],[-3.021796687874,38.13461765359668],[-3.021780722862078,38.134648749621135],[-3.0214823270913858,38.134637532119456],[-3.0211781025448805,38.134595581529794],[-3.0209562729496526,38.134582457983214],[-3.0208476350961706,38.134557329874184],[-3.020630493499666,38.13457574910751],[-3.0204089078178353,38.134616699736085],[-3.0201770568185773,38.13467387521558],[-3.01985052048269,38.13481776484133],[-3.019673565923337,38.134915487779864],[-3.019524788809555,38.1349865286044],[-3.019472648339578,38.135011411123685],[-3.0194505033500794,38.13498248349771],[-3.01942835836058,38.134953556709945],[-3.0195247670166054,38.13490757777737],[-3.019626880396269,38.13485880515631],[-3.0198050897266016,38.13476036137405],[-3.0199171297947838,38.1347110456056],[-3.020143148665466,38.13461142248954],[-3.0203864091120005,38.13455145164514],[-3.0206160959037303,38.13450896796638],[-3.0208078361411594,38.13445395501802]]]},"properties":{"dn_surface":1732.2978711540686,"provincia":23,"municipio":97,"agregado":0,"zona":0,"poligono":23,"parcela":9002,"recinto":1,"uso_sigpac":"OV","idPanel":"23:97:0:0:23:9002:1"},"id":1155760730},{"type":"Feature","geometry":{"type":"Polygon","coordinates":[[[-3.0210310982037245,38.134460338675865],[-3.021143222090943,38.134495728749556],[-3.0212385285266357,38.13452817006947],[-3.0214029663892368,38.13454289455967],[-3.0215188193853986,38.1345487753033],[-3.0216234624235905,38.13455908336846],[-3.021637207069231,38.134566643845545],[-3.0214917776877748,38.13457020615459],[-3.021188694756549,38.13452843577585],[-3.0209716579338406,38.134515582126596],[-3.020917444619086,38.134480083088164],[-3.020928333550145,38.13448248869449],[-3.0209825183664267,38.13447067523944],[-3.0210310982037245,38.134460338675865]]]},"properties":{"dn_surface":159.18393502975812,"provincia":23,"municipio":97,"agregado":0,"zona":0,"poligono":23,"parcela":11,"recinto":4,"uso_sigpac":"OV","idPanel":"23:97:0:0:23:11:4"},"id":1155760744},{"type":"Feature","geometry":{"type":"Polygon","coordinates":[[[-3.021780722862078,38.134648749621135],[-3.0217569040064163,38.13474527897657],[-3.021740048836323,38.13484991866201],[-3.0217197646294394,38.13493743411823],[-3.021680099784886,38.1350827243601],[-3.021646135473021,38.135213503012125],[-3.0216006292798,38.135290208327206],[-3.0215116453140456,38.13535709591849],[-3.021435077462201,38.13535638764762],[-3.0212680101964176,38.13531603716336],[-3.0211057474378196,38.135319037046685],[-3.0208555149238117,38.135347376262985],[-3.020557493824213,38.13545521280648],[-3.0206023680218976,38.13516472871467],[-3.0198179567869277,38.135067689739486],[-3.01985052048269,38.13481776484133],[-3.0201770568185773,38.13467387521558],[-3.0204089078178353,38.134616699736085],[-3.020630493499666,38.13457574910751],[-3.0208476350961706,38.134557329874184],[-3.0209562729496526,38.134582457983214],[-3.0211781025448805,38.134595581529794],[-3.0214823270913858,38.134637532119456],[-3.021780722862078,38.134648749621135]]]},"properties":{"dn_surface":11278.1096978529,"provincia":23,"municipio":97,"agregado":0,"zona":0,"poligono":23,"parcela":10,"recinto":1,"uso_sigpac":"OV","idPanel":"23:97:0:0:23:10:1"},"id":1112597402},{"type":"Feature","geometry":{"type":"Polygon","coordinates":[[[-3.0198179567869277,38.135067689739486],[-3.0206023680218976,38.13516472871467],[-3.020557493824213,38.13545521280648],[-3.020471924646015,38.13549767553047],[-3.0202708905537956,38.135589093601055],[-3.020106611109174,38.1357210633216],[-3.019944728889002,38.135860242317506],[-3.01992997590035,38.13588730329349],[-3.0198832560074775,38.135972999038444],[-3.019843605412162,38.13595958715436],[-3.019525031046571,38.13585183107716],[-3.019177306096393,38.13573426649626],[-3.018417898918265,38.135716266358116],[-3.0184960149077185,38.13550760389538],[-3.0187884578504236,38.135015114248716],[-3.019308242328211,38.135099127745576],[-3.0195248164698367,38.13508575777101],[-3.0198179567869277,38.135067689739486]]]},"properties":{"dn_surface":12851.321040650146,"provincia":23,"municipio":97,"agregado":0,"zona":0,"poligono":23,"parcela":7,"recinto":1,"uso_sigpac":"OV","idPanel":"23:97:0:0:23:7:1"},"id":1155760719},{"type":"Feature","geometry":{"type":"Polygon","coordinates":[[[-3.018417898918265,38.135716266358116],[-3.019177306096393,38.13573426649626],[-3.019525031046571,38.13585183107716],[-3.019843605412162,38.13595958715436],[-3.019561990212618,38.13634194948327],[-3.019455415145631,38.13651776661831],[-3.019362889825575,38.136609592887595],[-3.0193064947012958,38.136622442345924],[-3.0190699531887444,38.136658886863074],[-3.0188448144179474,38.136668200834436],[-3.018177555374208,38.13645721826077],[-3.0182057747292985,38.13640172167655],[-3.0182832645905466,38.136249357108],[-3.01833939317029,38.13613899174416],[-3.0183397552685287,38.13613828012055],[-3.018417898918265,38.135716266358116]]]},"properties":{"dn_surface":10886.374246395384,"provincia":23,"municipio":97,"agregado":0,"zona":0,"poligono":23,"parcela":6,"recinto":1,"uso_sigpac":"OV","idPanel":"23:97:0:0:23:6:1"},"id":1155760721},{"type":"Feature","geometry":{"type":"Polygon","coordinates":[[[-3.0188448144179474,38.136668200834436],[-3.0187824270707324,38.13667393992387],[-3.0187192794848547,38.13669426939305],[-3.0186760179654373,38.13673214637754],[-3.018653805920709,38.136765402418575],[-3.0186444609363052,38.13680512258367],[-3.0186567001920466,38.13687596810988],[-3.018656954163727,38.13697069116506],[-3.0187143827767304,38.13708424249049],[-3.0187881619692245,38.13731946133862],[-3.017894691271018,38.13696484730184],[-3.018177555374208,38.13645721826077],[-3.0188448144179474,38.136668200834436]]]},"properties":{"dn_surface":4138.01894832531,"provincia":23,"municipio":97,"agregado":0,"zona":0,"poligono":23,"parcela":5,"recinto":1,"uso_sigpac":"OV","idPanel":"23:97:0:0:23:5:1"},"id":1112597409},{"type":"Feature","geometry":{"type":"Polygon","coordinates":[[[-3.0193378547556904,38.133649712198974],[-3.020136220183892,38.13380361317044],[-3.0201428024928445,38.133804882190645],[-3.02014233310624,38.13380637584589],[-3.020117038197341,38.13388681110811],[-3.0200655758233714,38.133888080128315],[-3.020032283740179,38.133888919156874],[-3.019928877032779,38.133891525090746],[-3.0199302558559333,38.13392532260272],[-3.0199316355172767,38.13395911927651],[-3.0201603039077107,38.13395331732278],[-3.0199171297947838,38.1347110456056],[-3.0198050897266016,38.13476036137405],[-3.019626880396269,38.13485880515631],[-3.0195247670166054,38.13490757777737],[-3.01942835836058,38.134953556709945],[-3.0194505033500794,38.13498248349771],[-3.019472648339578,38.135011411123685],[-3.019524788809555,38.1349865286044],[-3.019673565923337,38.134915487779864],[-3.01985052048269,38.13481776484133],[-3.0198179567869277,38.135067689739486],[-3.0195248164698367,38.13508575777101],[-3.019308242328211,38.135099127745576],[-3.0187884578504236,38.135015114248716],[-3.018879367977641,38.1348834286747],[-3.0191016409755727,38.134431861158106],[-3.0192340834354807,38.133879821438626],[-3.019234881392711,38.13387792796658],[-3.0193378547556904,38.133649712198974]]]},"properties":{"dn_surface":11722.34428346726,"provincia":23,"municipio":97,"agregado":0,"zona":0,"poligono":23,"parcela":8,"recinto":3,"uso_sigpac":"OV","idPanel":"23:97:0:0:23:8:3"},"id":1163172832},{"type":"Feature","geometry":{"type":"Polygon","coordinates":[[[-3.0177521318533795,38.132369772039056],[-3.0181555319223126,38.13253167605217],[-3.0197390428402446,38.133032828396296],[-3.0195758631013847,38.13318123586811],[-3.019411135224917,38.133376488961346],[-3.0193742808326642,38.13342997053593],[-3.019042930769499,38.13339505571619],[-3.018187868468485,38.13314074540605],[-3.017753010276884,38.13313034849273],[-3.017360919072385,38.133021076129154],[-3.0177521318533795,38.132369772039056]]]},"properties":{"dn_surface":11845.513561295866,"provincia":23,"municipio":97,"agregado":0,"zona":0,"poligono":22,"parcela":75,"recinto":1,"uso_sigpac":"OV","idPanel":"23:97:0:0:22:75:1"},"id":1329867601},{"type":"Feature","geometry":{"type":"Polygon","coordinates":[[[-3.019078989719092,38.134235659233354],[-3.017322111696578,38.13388836678942],[-3.017224369479678,38.13407737452624],[-3.0172099920003106,38.134074942935996],[-3.0172225363573455,38.13404519975083],[-3.017057413693214,38.13400168928888],[-3.017057391900265,38.133912194026976],[-3.0168516547218953,38.13389662799369],[-3.0168904352756107,38.133831731942706],[-3.017360919072385,38.133021076129154],[-3.017753010276884,38.13313034849273],[-3.018187868468485,38.13314074540605],[-3.019042930769499,38.13339505571619],[-3.0193742808326642,38.13342997053593],[-3.019319597293114,38.133489902823584],[-3.019257629879274,38.1335753378913],[-3.01919435572665,38.13370765294627],[-3.0191677783864908,38.133865588128],[-3.019078989719092,38.134235659233354]]]},"properties":{"dn_surface":17926.6014267711,"provincia":23,"municipio":97,"agregado":0,"zona":0,"poligono":22,"parcela":74,"recinto":1,"uso_sigpac":"OV","idPanel":"23:97:0:0:22:74:1"},"id":1112595810},{"type":"Feature","geometry":{"type":"Polygon","coordinates":[[[-3.019078989719092,38.134235659233354],[-3.0190221922634355,38.134375032689434],[-3.018952231866254,38.134540921459546],[-3.0188822605725982,38.134668676758935],[-3.018751087132906,38.13491700238984],[-3.018101925457383,38.13481566517447],[-3.0170212097366873,38.134801024503304],[-3.0173067770038116,38.13416794099541],[-3.017180797829824,38.1341441640493],[-3.0172099920003106,38.134074942935996],[-3.017224369479678,38.13407737452624],[-3.017322111696578,38.13388836678942],[-3.019078989719092,38.134235659233354]]]},"properties":{"dn_surface":13626.9816572539,"provincia":23,"municipio":97,"agregado":0,"zona":0,"poligono":22,"parcela":72,"recinto":2,"uso_sigpac":"OV","idPanel":"23:97:0:0:22:72:2"},"id":1112595813},{"type":"Feature","geometry":{"type":"Polygon","coordinates":[[[-3.0177521318533795,38.132369772039056],[-3.017360919072385,38.133021076129154],[-3.0168904352756107,38.133831731942706],[-3.0168516547218953,38.13389662799369],[-3.0163478679454543,38.13385856576912],[-3.0162636465773667,38.13380990798012],[-3.0158619907825877,38.13379715742823],[-3.015755061999265,38.13374606804899],[-3.015696849678269,38.13366162623683],[-3.015632034931751,38.13365144976757],[-3.0155820477728277,38.13361198022142],[-3.0153912555287037,38.1335750495538],[-3.0154340334122796,38.13352466425445],[-3.015602081360792,38.13339567430069],[-3.0156780524210958,38.133325765033135],[-3.0157912282372252,38.133221618203606],[-3.0159488960362304,38.13311146574014],[-3.0160916993672666,38.13287225375308],[-3.016253204401773,38.132586984881726],[-3.0163125147521503,38.13248801890691],[-3.016353676604699,38.13236012446791],[-3.016500535938921,38.13191677540789],[-3.0165218553109083,38.13184205744221],[-3.016787753602877,38.13200073777517],[-3.016865354943445,38.13204705282209],[-3.0173003355108396,38.13212802201156],[-3.0177521318533795,38.132369772039056]]]},"properties":{"dn_surface":23538.070376079628,"provincia":23,"municipio":97,"agregado":0,"zona":0,"poligono":22,"parcela":76,"recinto":1,"uso_sigpac":"OV","idPanel":"23:97:0:0:22:76:1"},"id":1329867603},{"type":"Feature","geometry":{"type":"Polygon","coordinates":[[[-3.0168516547218953,38.13389662799369],[-3.017057391900265,38.133912194026976],[-3.017057413693214,38.13400168928888],[-3.0172225363573455,38.13404519975083],[-3.0172099920003106,38.134074942935996],[-3.017180797829824,38.1341441640493],[-3.0173067770038116,38.13416794099541],[-3.0170212097366873,38.134801024503304],[-3.0167884291843134,38.13479447488376],[-3.0164529476808277,38.13476982119053],[-3.0158145047837204,38.134716090673436],[-3.015301580894088,38.13466252444164],[-3.0147710902107407,38.1346295056085],[-3.014771756572083,38.13454722046015],[-3.0148508012764634,38.13439967464802],[-3.015008781720476,38.13413432537078],[-3.015187188025545,38.133881682221244],[-3.0153912555287037,38.1335750495538],[-3.0155820477728277,38.13361198022142],[-3.015632034931751,38.13365144976757],[-3.015696849678269,38.13366162623683],[-3.015755061999265,38.13374606804899],[-3.0158619907825877,38.13379715742823],[-3.0162636465773667,38.13380990798012],[-3.0163478679454543,38.13385856576912],[-3.0168516547218953,38.13389662799369]]]},"properties":{"dn_surface":19890.5904906911,"provincia":23,"municipio":97,"agregado":0,"zona":0,"poligono":22,"parcela":73,"recinto":4,"uso_sigpac":"OV","idPanel":"23:97:0:0:22:73:4"},"id":1112595811},{"type":"Feature","geometry":{"type":"Polygon","coordinates":[[[-3.0157912282372252,38.133221618203606],[-3.0156780524210958,38.133325765033135],[-3.015602081360792,38.13339567430069],[-3.0154340334122796,38.13352466425445],[-3.0152640064963103,38.13348043127243],[-3.0150143263497546,38.13339862389259],[-3.0150171376402457,38.13320998915049],[-3.015043104777819,38.13317768529373],[-3.015055484011351,38.13314922537799],[-3.0150836254147366,38.13311987530409],[-3.0151455425371556,38.13308073851948],[-3.0152076138866013,38.13303706377221],[-3.0152649335348563,38.13306155653291],[-3.0152785004841385,38.13306735429569],[-3.015414775150405,38.13312558673326],[-3.015481877318434,38.133165685760446],[-3.0155627568215277,38.133072305486195],[-3.0157912282372252,38.133221618203606]]]},"properties":{"dn_surface":2328.9776611328125,"provincia":23,"municipio":97,"agregado":0,"zona":0,"poligono":22,"parcela":311,"recinto":4,"uso_sigpac":"OV","idPanel":"23:97:0:0:22:311:4"},"id":1112596782},{"type":"Feature","geometry":{"type":"Polygon","coordinates":[[[-3.0150171376402457,38.13320998915049],[-3.0150143263497546,38.13339862389259],[-3.0146325465631514,38.13401296546385],[-3.0140913220139636,38.13391784845922],[-3.0140020899438613,38.13391217893957],[-3.0140291173922487,38.13383574938911],[-3.0145873932480742,38.13308791342902],[-3.01460998666942,38.13309304818321],[-3.0150171376402457,38.13320998915049]]]},"properties":{"dn_surface":5146.60686147819,"provincia":23,"municipio":97,"agregado":0,"zona":0,"poligono":22,"parcela":313,"recinto":1,"uso_sigpac":"OV","idPanel":"23:97:0:0:22:313:1"},"id":1112596780},{"type":"Feature","geometry":{"type":"Polygon","coordinates":[[[-3.0220810087520484,38.1319606823339],[-3.0220362787231076,38.131956814085356],[-3.021819629982539,38.132433258253826],[-3.021743573426817,38.132600545125484],[-3.02154048995915,38.13304706338329],[-3.0214252161525317,38.13295650529602],[-3.0209986728093723,38.13289681859817],[-3.0213130947798845,38.13160283036771],[-3.021450754974828,38.131384610020206],[-3.021522468866257,38.13119109449559],[-3.021515801900077,38.13104527116462],[-3.021637315195788,38.131032453557566],[-3.0219269585826667,38.131197968494774],[-3.0220454661277216,38.13141713599737],[-3.022052201825511,38.13142957222786],[-3.0220810087520484,38.1319606823339]]]},"properties":{"dn_surface":12270.65771484375,"provincia":23,"municipio":97,"agregado":0,"zona":0,"poligono":23,"parcela":14,"recinto":4,"uso_sigpac":"OV","idPanel":"23:97:0:0:23:14:4"},"id":1316642454},{"type":"Feature","geometry":{"type":"Polygon","coordinates":[[[-3.0210819663007236,38.13022438272307],[-3.021094211423797,38.13033000644401],[-3.0211761914708424,38.13056362770132],[-3.02126497846186,38.13073254904421],[-3.021365144725302,38.130910454111415],[-3.0214062671829027,38.131064639229464],[-3.021394971729515,38.131174927479776],[-3.0213745969980716,38.13123089764153],[-3.0213390376099367,38.13129151053977],[-3.021308923944618,38.13134284047965],[-3.0213044287296786,38.13138459577095],[-3.0212500745989423,38.13147856780759],[-3.021177571970377,38.131551912817486],[-3.021002348274132,38.13172751034665],[-3.0208785777317626,38.131851544080774],[-3.020794762047813,38.131912462080265],[-3.0207873700469654,38.1319192447167],[-3.020566091142808,38.13212228376031],[-3.020483122869319,38.13213226157845],[-3.020394051731768,38.13226522623094],[-3.018657866953037,38.131852235587814],[-3.0185594030542315,38.13145316980129],[-3.0174250858977483,38.131358506257584],[-3.0173500720508435,38.131164294196765],[-3.0171250556558404,38.13112998455048],[-3.0167394931161104,38.13107667815771],[-3.01672314588938,38.130948610213295],[-3.016782564366314,38.13083252000931],[-3.016787468618152,38.13082386737011],[-3.016849472074179,38.13071419183697],[-3.016938245654151,38.13055716441539],[-3.0169906660797094,38.130516554930324],[-3.01744086650779,38.130425067289934],[-3.0179625754706603,38.13034319536945],[-3.0179981071985127,38.13047834686063],[-3.018038430860694,38.130655710456864],[-3.018115083369767,38.13064485002428],[-3.0181237536109236,38.1306436212372],[-3.0181931473914174,38.13063378926421],[-3.0189778251709236,38.130546347568725],[-3.0189885146126754,38.13064280400161],[-3.019001526679934,38.13063973957759],[-3.019001702699912,38.130642119200076],[-3.019784468567191,38.13055705209791],[-3.019837182359378,38.13055105065487],[-3.019838775759266,38.130521670406125],[-3.0201589292755084,38.130483964412434],[-3.0201446993176457,38.13043275768655],[-3.020204130367435,38.130429370559284],[-3.0210819663007236,38.13022438272307]]]},"properties":{"dn_surface":53858.14775125423,"provincia":23,"municipio":97,"agregado":0,"zona":0,"poligono":22,"parcela":78,"recinto":4,"uso_sigpac":"OV","idPanel":"23:97:0:0:22:78:4"},"id":1341074654},{"type":"Feature","geometry":{"type":"Polygon","coordinates":[[[-3.0213130947798845,38.13160283036771],[-3.0213119137696576,38.131607690195466],[-3.0213108501060812,38.131612067225575],[-3.021213846334895,38.13201128304817],[-3.021049167073468,38.1325669906887],[-3.0209544985006445,38.13288644599237],[-3.0207029860699466,38.13285549413669],[-3.020687997549801,38.132853649279724],[-3.020669351166895,38.13285135599085],[-3.0206329770577236,38.1329352689049],[-3.0204226474343323,38.1328908632556],[-3.0202123245164643,38.13284645844453],[-3.020112123887218,38.13282530335786],[-3.02007459307534,38.13281737994433],[-3.0200528378443616,38.132812786661106],[-3.0201539982015784,38.13269920683723],[-3.0202732123411122,38.1325653562175],[-3.0203994681179203,38.1324037640112],[-3.0204564575191712,38.132330824685454],[-3.020472999206066,38.132316800084226],[-3.0204743813819808,38.132315628294094],[-3.020474562431101,38.13231546819972],[-3.020479291501152,38.13231128730621],[-3.0204796326446313,38.132310985557666],[-3.020548623255558,38.13224998793007],[-3.020576614622868,38.132222429068975],[-3.02058246351525,38.132216669863],[-3.020647005849898,38.13215312413669],[-3.020961870384924,38.13191895302646],[-3.0210903498807755,38.13180331376887],[-3.0211451524433577,38.13175398794212],[-3.021286871994249,38.13162643297025],[-3.0213130947798845,38.13160283036771]]]},"properties":{"dn_surface":6579.5181884765625,"provincia":23,"municipio":97,"agregado":0,"zona":0,"poligono":23,"parcela":371,"recinto":1,"uso_sigpac":"OV","idPanel":"23:97:0:0:23:371:1"},"id":1316642455},{"type":"Feature","geometry":{"type":"Polygon","coordinates":[[[-3.0167394931161104,38.13107667815771],[-3.0171250556558404,38.13112998455048],[-3.0173500720508435,38.131164294196765],[-3.0174250858977483,38.131358506257584],[-3.0185594030542315,38.13145316980129],[-3.018657866953037,38.131852235587814],[-3.020394051731768,38.13226522623094],[-3.0204220305262224,38.13227188146246],[-3.0203982393308424,38.1323023312421],[-3.0195019112416746,38.132087417555596],[-3.0185620651468374,38.131867997757666],[-3.01854344055688,38.13165313100984],[-3.0185361198022136,38.131568670757474],[-3.0185272006185175,38.13156911918935],[-3.018520725597931,38.131535624264075],[-3.018397343975892,38.13148920863432],[-3.0176060922693364,38.13142169407661],[-3.017493817507852,38.13140268978643],[-3.0173418611380076,38.13132663574527],[-3.0173083670509375,38.13121071234113],[-3.016743861764303,38.13111071874488],[-3.0167394931161104,38.13107667815771]]]},"properties":{"dn_surface":1773.7164987869135,"provincia":23,"municipio":97,"agregado":0,"zona":0,"poligono":22,"parcela":77,"recinto":2,"uso_sigpac":"OV","idPanel":"23:97:0:0:22:77:2"},"id":1337916714},{"type":"Feature","geometry":{"type":"Polygon","coordinates":[[[-3.016743861764303,38.13111071874488],[-3.0173083670509375,38.13121071234113],[-3.0173418611380076,38.13132663574527],[-3.017493817507852,38.13140268978643],[-3.0176060922693364,38.13142169407661],[-3.018397343975892,38.13148920863432],[-3.018520725597931,38.131535624264075],[-3.0185272006185175,38.13156911918935],[-3.0185361198022136,38.131568670757474],[-3.01854344055688,38.13165313100984],[-3.0185620651468374,38.131867997757666],[-3.0195019112416746,38.132087417555596],[-3.0203982393308424,38.1323023312421],[-3.0202160343470297,38.132535531727854],[-3.020156693821799,38.13260216031833],[-3.0198114339894917,38.132989828392255],[-3.019764094673937,38.133040756838966],[-3.0197390428402446,38.133032828396296],[-3.0181555319223126,38.13253167605217],[-3.0177521318533795,38.132369772039056],[-3.0173003355108396,38.13212802201156],[-3.016865354943445,38.13204705282209],[-3.016787753602877,38.13200073777517],[-3.0165218553109083,38.13184205744221],[-3.01655423460479,38.13174782389018],[-3.0166651825109234,38.13142493535878],[-3.0167413538987247,38.13122421474975],[-3.016754125405349,38.13119068629686],[-3.016743861764303,38.13111071874488]]]},"properties":{"dn_surface":30421.815815597707,"provincia":23,"municipio":97,"agregado":0,"zona":0,"poligono":22,"parcela":77,"recinto":4,"uso_sigpac":"OV","idPanel":"23:97:0:0:22:77:4"},"id":1341074656},{"type":"Feature","geometry":{"type":"Polygon","coordinates":[[[-3.0201446993176457,38.13043275768655],[-3.0201589292755084,38.130483964412434],[-3.019838775759266,38.130521670406125],[-3.019837182359378,38.13055105065487],[-3.019784468567191,38.13055705209791],[-3.019001702699912,38.130642119200076],[-3.019001526679934,38.13063973957759],[-3.0189885146126754,38.13064280400161],[-3.0189778251709236,38.130546347568725],[-3.0189940944459495,38.13054453456297],[-3.019728764949963,38.13046266515707],[-3.01975494666427,38.13045974741635],[-3.019760476206122,38.13045913134647],[-3.0197651667194165,38.13045860831565],[-3.0198426632861888,38.13044997244032],[-3.0201446993176457,38.13043275768655]]]},"properties":{"dn_surface":1016.4642657106546,"provincia":23,"municipio":97,"agregado":0,"zona":0,"poligono":22,"parcela":78,"recinto":5,"uso_sigpac":"OV","idPanel":"23:97:0:0:22:78:5"},"id":1337916710},{"type":"Feature","geometry":{"type":"Polygon","coordinates":[[[-3.0194278822684515,38.129620624981555],[-3.019502805590797,38.12977174316103],[-3.0196287420170744,38.13004285918805],[-3.0196720127565864,38.13012339838588],[-3.0197651667194165,38.13045860831565],[-3.019760476206122,38.13045913134647],[-3.01975494666427,38.13045974741635],[-3.019728764949963,38.13046266515707],[-3.0189940944459495,38.13054453456297],[-3.0189778251709236,38.130546347568725],[-3.0181931473914174,38.13063378926421],[-3.0181237536109236,38.1306436212372],[-3.018115083369767,38.13064485002428],[-3.018038430860694,38.130655710456864],[-3.0179981071985127,38.13047834686063],[-3.0179625754706603,38.13034319536945],[-3.0179389443696407,38.130253309510834],[-3.017934792812752,38.13025328520331],[-3.0179109010345275,38.130169486283194],[-3.0180145022020937,38.13012606634578],[-3.0180859805620304,38.130096109422055],[-3.0185908628532796,38.12990867915954],[-3.01871814960424,38.12986142617757],[-3.0194278822684515,38.129620624981555]]]},"properties":{"dn_surface":11539.84146127541,"provincia":23,"municipio":97,"agregado":0,"zona":0,"poligono":22,"parcela":81,"recinto":2,"uso_sigpac":"OV","idPanel":"23:97:0:0:22:81:2"},"id":1341074655},{"type":"Feature","geometry":{"type":"Polygon","coordinates":[[[-3.0180411600085293,38.129738404139204],[-3.0180859805620304,38.130096109422055],[-3.0180145022020937,38.13012606634578],[-3.017976316763539,38.12974850768589],[-3.0180411600085293,38.129738404139204]]]},"properties":{"dn_surface":251.75633209414676,"provincia":23,"municipio":97,"agregado":0,"zona":0,"poligono":22,"parcela":86,"recinto":1,"uso_sigpac":"OV","idPanel":"23:97:0:0:22:86:1"},"id":1329867581},{"type":"Feature","geometry":{"type":"Polygon","coordinates":[[[-3.0177140528650015,38.130251986846474],[-3.017934792812752,38.13025328520331],[-3.0179389443696407,38.130253309510834],[-3.0179625754706603,38.13034319536945],[-3.01744086650779,38.130425067289934],[-3.0169906660797094,38.130516554930324],[-3.016938245654151,38.13055716441539],[-3.0170159174027096,38.13043323126411],[-3.017036904013121,38.130399791659386],[-3.0170805955241975,38.13036481732814],[-3.017601782294469,38.13026759395109],[-3.0176951131154657,38.130254603676775],[-3.0177140528650015,38.130251986846474]]]},"properties":{"dn_surface":1154.8948421327448,"provincia":23,"municipio":97,"agregado":0,"zona":0,"poligono":22,"parcela":78,"recinto":1,"uso_sigpac":"OV","idPanel":"23:97:0:0:22:78:1"},"id":1337916700},{"type":"Feature","geometry":{"type":"Polygon","coordinates":[[[-3.0175122920617334,38.129221868487264],[-3.0176524517403513,38.129304998531495],[-3.0176613273381476,38.129310263205184],[-3.017766770848141,38.12937279723573],[-3.017727766497597,38.129442740030925],[-3.0177506172433866,38.13000990321922],[-3.0176606039798624,38.13005542869081],[-3.0176394011163357,38.13013203845216],[-3.017625721011354,38.13018124944679],[-3.0176951131154657,38.130254603676775],[-3.017601782294469,38.13026759395109],[-3.0170805955241975,38.13036481732814],[-3.017036904013121,38.130399791659386],[-3.0170159174027096,38.13043323126411],[-3.0170477233743798,38.13031741431013],[-3.017062755480424,38.13020096955157],[-3.017182647715965,38.13008919770431],[-3.0171908603051816,38.13008009411874],[-3.0175626237168975,38.12972909352058],[-3.017548805310506,38.129681599139815],[-3.0176157633097924,38.12960696583133],[-3.0175408676477287,38.12942329736714],[-3.0174417885171945,38.12925720743132],[-3.0175122920617334,38.129221868487264]]]},"properties":{"dn_surface":3323.343358952757,"provincia":23,"municipio":97,"agregado":0,"zona":0,"poligono":22,"parcela":87,"recinto":1,"uso_sigpac":"OV","idPanel":"23:97:0:0:22:87:1"},"id":1337916704},{"type":"Feature","geometry":{"type":"Polygon","coordinates":[[[-3.016239736358955,38.12849545583475],[-3.016271870063058,38.12850083114955],[-3.016273274031924,38.12850119492421],[-3.0162909992436164,38.12850577563455],[-3.016294655429998,38.128506720275084],[-3.0164430268596423,38.128545063293444],[-3.0166105383663195,38.128611916518935],[-3.0167303702521537,38.128677283632896],[-3.0167850462479917,38.128707108960754],[-3.0167869564838377,38.128708149993145],[-3.0168096655754546,38.1287204940227],[-3.0169746708929344,38.12880086642059],[-3.0170621989220203,38.12886268212202],[-3.0171258485839276,38.12893127962167],[-3.017164469043282,38.12897290164071],[-3.0171653726124985,38.1289738756179],[-3.017167575376783,38.12897624937304],[-3.0171935609545444,38.1290042541514],[-3.0171977954922786,38.1290075163883],[-3.017280976666121,38.129071567543406],[-3.0173666682201126,38.12908381350465],[-3.0173683110732323,38.129129112664856],[-3.0173655383394977,38.129129417766165],[-3.017253603883302,38.12911347957632],[-3.0171503245808373,38.129033911841134],[-3.0170197621819232,38.12889315034184],[-3.016940450094816,38.12883710139019],[-3.0167869698948846,38.128762406055614],[-3.016778525965126,38.12875826120427],[-3.0165813391666907,38.12865076496607],[-3.0164211299744923,38.128586794277254],[-3.0162570483427973,38.12854445476722],[-3.016239746417239,38.12854156552504],[-3.016239736358955,38.12849545583475]]]},"properties":{"dn_surface":607.558837890625,"provincia":23,"municipio":97,"agregado":0,"zona":0,"poligono":22,"parcela":9007,"recinto":17,"uso_sigpac":"OV","idPanel":"23:97:0:0:22:9007:17"},"id":1428511542},{"type":"Feature","geometry":{"type":"Polygon","coordinates":[[[-3.0170621989220203,38.12886268212202],[-3.0173674510899158,38.129020365008444],[-3.0173666682201126,38.12908381350465],[-3.017280976666121,38.129071567543406],[-3.0171935609545444,38.1290042541514],[-3.0170621989220203,38.12886268212202]]]},"properties":{"dn_surface":185.95501770947,"provincia":23,"municipio":97,"agregado":0,"zona":0,"poligono":22,"parcela":842,"recinto":2,"uso_sigpac":"OV","idPanel":"23:97:0:0:22:842:2"},"id":1112595976},{"type":"Feature","geometry":{"type":"Polygon","coordinates":[[[-3.0173655383394977,38.129129417766165],[-3.01732424070011,38.12915402787351],[-3.0171759346493143,38.12924264135913],[-3.0171370426162802,38.1293072666746],[-3.01692130415045,38.129397239705014],[-3.016787117416389,38.129372201282365],[-3.016597020032079,38.12933671481679],[-3.016158384116494,38.12916543732081],[-3.016065210037095,38.12935534443588],[-3.0160054185654466,38.129341742282605],[-3.0161654031226273,38.12892804336866],[-3.0161752032444,38.12887685089197],[-3.01623924769397,38.128541482544165],[-3.0162570483427973,38.12854445476722],[-3.0164211299744923,38.128586794277254],[-3.0165813391666907,38.12865076496607],[-3.016778525965126,38.12875826120427],[-3.0167869698948846,38.128762406055614],[-3.016940450094816,38.12883710139019],[-3.0170197621819232,38.12889315034184],[-3.0171503245808373,38.129033911841134],[-3.017253603883302,38.12911347957632],[-3.0173655383394977,38.129129417766165]]]},"properties":{"dn_surface":6028.70644242162,"provincia":23,"municipio":97,"agregado":0,"zona":0,"poligono":22,"parcela":275,"recinto":1,"uso_sigpac":"OV","idPanel":"23:97:0:0:22:275:1"},"id":1112596825},{"type":"Feature","geometry":{"type":"Polygon","coordinates":[[[-3.0169265352965318,38.1279278190689],[-3.017282700823706,38.12804926614754],[-3.01733104345313,38.12806574999931],[-3.017310398824388,38.12809333149153],[-3.017294929182972,38.12828277927835],[-3.0167869128979388,38.12852708578646],[-3.0166105383663195,38.128611916518935],[-3.0164430268596423,38.128545063293444],[-3.016271870063058,38.12850083114955],[-3.0161211416421025,38.12847561419238],[-3.015842395568186,38.128448699061494],[-3.015680028035791,38.128420237469385],[-3.0156661970565435,38.128297849941134],[-3.015728368150643,38.128253228038744],[-3.0158718747233966,38.12813912183131],[-3.016049875344329,38.12796699105749],[-3.0161560916658394,38.12803303962025],[-3.0162598705297623,38.127932134911106],[-3.0167077391122423,38.128094489032435],[-3.0167867938749073,38.12803427427468],[-3.0169265352965318,38.1279278190689]]]},"properties":{"dn_surface":6953.202187469203,"provincia":23,"municipio":97,"agregado":0,"zona":0,"poligono":22,"parcela":273,"recinto":1,"uso_sigpac":"OV","idPanel":"23:97:0:0:22:273:1"},"id":1210240534},{"type":"Feature","geometry":{"type":"Polygon","coordinates":[[[-3.017788992951154,38.127035816042024],[-3.0178207142655977,38.12704644681045],[-3.017841049602094,38.1270528120281],[-3.0178466160243214,38.127054554625886],[-3.0178040870832854,38.127148112596444],[-3.0178965076295436,38.1271793729062],[-3.017497861776373,38.1281006975085],[-3.0173408578241374,38.12806780608028],[-3.01733104345313,38.12806574999931],[-3.017282700823706,38.12804926614754],[-3.0169265352965318,38.1279278190689],[-3.016863171457539,38.12788562540402],[-3.017128393329882,38.12738820887438],[-3.01726866700239,38.127261020191696],[-3.017494607921368,38.126937169417715],[-3.017788992951154,38.127035816042024]]]},"properties":{"dn_surface":6322.95905370188,"provincia":23,"municipio":97,"agregado":0,"zona":0,"poligono":22,"parcela":106,"recinto":2,"uso_sigpac":"OV","idPanel":"23:97:0:0:22:106:2"},"id":1112595771},{"type":"Feature","geometry":{"type":"Polygon","coordinates":[[[-3.017128393329882,38.12738820887438],[-3.016863171457539,38.12788562540402],[-3.016843119429386,38.12787227219326],[-3.0167867452598656,38.12783473467587],[-3.0164606213136387,38.12761768695671],[-3.0162741440735252,38.12749357778543],[-3.015973285699533,38.12735756882549],[-3.0156249857507635,38.12720011225048],[-3.0156884141304143,38.127137289882455],[-3.0157526312472007,38.12702345860146],[-3.016355275871919,38.12721315281618],[-3.0163942894425557,38.1271358138292],[-3.017128393329882,38.12738820887438]]]},"properties":{"dn_surface":4998.07504566822,"provincia":23,"municipio":97,"agregado":0,"zona":0,"poligono":22,"parcela":108,"recinto":2,"uso_sigpac":"OV","idPanel":"23:97:0:0:22:108:2"},"id":1112595769},{"type":"Feature","geometry":{"type":"Polygon","coordinates":[[[-3.0178965076295436,38.1271793729062],[-3.0179381279722235,38.12708320229626],[-3.018213006635785,38.12716238781661],[-3.0181849565951495,38.127232690195456],[-3.018401754533604,38.12728673671032],[-3.018470102252519,38.12730376203305],[-3.0183157176451805,38.12768925332662],[-3.0181848149409776,38.12800083802276],[-3.018120173699866,38.12820083694987],[-3.0180358768946456,38.12828511615308],[-3.0180408792147566,38.12821454639149],[-3.017497861776373,38.1281006975085],[-3.0178965076295436,38.1271793729062]]]},"properties":{"dn_surface":6031.75008425471,"provincia":23,"municipio":97,"agregado":0,"zona":0,"poligono":22,"parcela":105,"recinto":2,"uso_sigpac":"OV","idPanel":"23:97:0:0:22:105:2"},"id":1112595772},{"type":"Feature","geometry":{"type":"Polygon","coordinates":[[[-3.0162598705297623,38.127932134911106],[-3.0153446001764896,38.12747565978992],[-3.0154690563585795,38.12737344247466],[-3.0156249857507635,38.12720011225048],[-3.015973285699533,38.12735756882549],[-3.0162741440735252,38.12749357778543],[-3.0164606213136387,38.12761768695671],[-3.0167867452598656,38.12783473467587],[-3.016843119429386,38.12787227219326],[-3.016863171457539,38.12788562540402],[-3.0169265352965318,38.1279278190689],[-3.0167867938749073,38.12803427427468],[-3.0167077391122423,38.128094489032435],[-3.0162598705297623,38.127932134911106]]]},"properties":{"dn_surface":5182.93388174607,"provincia":23,"municipio":97,"agregado":0,"zona":0,"poligono":22,"parcela":107,"recinto":1,"uso_sigpac":"OV","idPanel":"23:97:0:0:22:107:1"},"id":1112595770},{"type":"Feature","geometry":{"type":"Polygon","coordinates":[[[-3.0153446001764896,38.12747565978992],[-3.0162598705297623,38.127932134911106],[-3.0161560916658394,38.12803303962025],[-3.016049875344329,38.12796699105749],[-3.0158718747233966,38.12813912183131],[-3.0157216735241814,38.12806803155351],[-3.0155843368707194,38.1280268076749],[-3.015473528104187,38.127931161772096],[-3.015401920662935,38.1279303604621],[-3.01533370956905,38.127966329725325],[-3.0149308568384257,38.12775583414023],[-3.0150200629246267,38.12769360102007],[-3.0150322971512256,38.12769663694556],[-3.0150469855992186,38.12769431264368],[-3.01509100819549,38.12767572158134],[-3.015130163420299,38.12767187596393],[-3.0152006409809373,38.12766105157351],[-3.0152309373717565,38.12761463594376],[-3.0152436896000014,38.12760615178087],[-3.015305335986932,38.127541202085695],[-3.015328821242828,38.1274940287318],[-3.015322310180057,38.12749011522101],[-3.0153446001764896,38.12747565978992]]]},"properties":{"dn_surface":3681.9507940071603,"provincia":23,"municipio":97,"agregado":0,"zona":0,"poligono":22,"parcela":272,"recinto":1,"uso_sigpac":"OV","idPanel":"23:97:0:0:22:272:1"},"id":1210240533},{"type":"Feature","geometry":{"type":"Polygon","coordinates":[[[-3.015322310180057,38.12749011522101],[-3.015328821242828,38.1274940287318],[-3.015305335986932,38.127541202085695],[-3.0152436896000014,38.12760615178087],[-3.0152309373717565,38.12761463594376],[-3.0152006409809373,38.12766105157351],[-3.015130163420299,38.12767187596393],[-3.01509100819549,38.12767572158134],[-3.0150469855992186,38.12769431264368],[-3.0150322971512256,38.12769663694556],[-3.0150200629246267,38.12769360102007],[-3.0150292888859975,38.12768716455622],[-3.0151721114954113,38.12758752635273],[-3.015322310180057,38.12749011522101]]]},"properties":{"dn_surface":149.06076716287387,"provincia":23,"municipio":97,"agregado":0,"zona":0,"poligono":22,"parcela":272,"recinto":3,"uso_sigpac":"OV","idPanel":"23:97:0:0:22:272:3"},"id":1210240532},{"type":"Feature","geometry":{"type":"Polygon","coordinates":[[[-3.0173815377172257,38.12603753802031],[-3.0173693663549046,38.12605618272687],[-3.0172946316253917,38.12617066611995],[-3.0173704903681866,38.12655712133244],[-3.016971595572477,38.1264774982767],[-3.0169373412467446,38.12638295878517],[-3.0161963767712634,38.12621280111151],[-3.016150943500605,38.1261232203542],[-3.0159973685851615,38.1260901654789],[-3.016068054017011,38.12587934719053],[-3.016098497929334,38.1257956161638],[-3.016325716250432,38.12583846445534],[-3.0167862834169736,38.12592531522665],[-3.0173815377172257,38.12603753802031]]]},"properties":{"dn_surface":5448.99487725461,"provincia":23,"municipio":97,"agregado":0,"zona":0,"poligono":22,"parcela":110,"recinto":1,"uso_sigpac":"OV","idPanel":"23:97:0:0:22:110:1"},"id":1112595767},{"type":"Feature","geometry":{"type":"Polygon","coordinates":[[[-3.017912077853803,38.126046844447956],[-3.0179754341490823,38.12617571034957],[-3.0180321662258898,38.126291249024376],[-3.0180310581382246,38.12641940916967],[-3.017919966901539,38.12656317558145],[-3.0178935639049747,38.126823914811695],[-3.017788992951154,38.127035816042024],[-3.017494607921368,38.126937169417715],[-3.0173820272203993,38.12661614921265],[-3.0173704903681866,38.12655712133244],[-3.0172946316253917,38.12617066611995],[-3.0173693663549046,38.12605618272687],[-3.0173815377172257,38.12603753802031],[-3.017591594090557,38.12607752724455],[-3.017912077853803,38.126046844447956]]]},"properties":{"dn_surface":5070.30119677122,"provincia":23,"municipio":97,"agregado":0,"zona":0,"poligono":22,"parcela":111,"recinto":1,"uso_sigpac":"OV","idPanel":"23:97:0:0:22:111:1"},"id":1112595766},{"type":"Feature","geometry":{"type":"Polygon","coordinates":[[[-3.0159973685851615,38.1260901654789],[-3.016150943500605,38.1261232203542],[-3.0161963767712634,38.12621280111151],[-3.0169373412467446,38.12638295878517],[-3.016971595572477,38.1264774982767],[-3.0173704903681866,38.12655712133244],[-3.0173820272203993,38.12661614921265],[-3.017494607921368,38.126937169417715],[-3.01726866700239,38.127261020191696],[-3.017128393329882,38.12738820887438],[-3.0163942894425557,38.1271358138292],[-3.016355275871919,38.12721315281618],[-3.0157526312472007,38.12702345860146],[-3.0157640256070506,38.12700326072817],[-3.015773603608375,38.126975770598705],[-3.015821494453191,38.12683841550506],[-3.0159242373138206,38.12660425110036],[-3.015905317680854,38.12639209589838],[-3.016978081489538,38.126649240968334],[-3.017378491733431,38.126747072033396],[-3.0173820012364985,38.12661701254871],[-3.0173516579070183,38.126606126970415],[-3.0172745209239134,38.12658066945258],[-3.017127890415662,38.12655036970901],[-3.0170080275167837,38.12652560202184],[-3.0169150302955523,38.126506384831316],[-3.016903783457206,38.12644857400352],[-3.016870930585768,38.126441031128394],[-3.016783952409563,38.126421059566496],[-3.0166467741740806,38.12638384056143],[-3.016540544441523,38.126355018547486],[-3.0160906214544547,38.126271628664256],[-3.0160886642799474,38.12625012489036],[-3.0160799253071797,38.12615410766924],[-3.0159826516386956,38.12613410928529],[-3.0159973685851615,38.1260901654789]]]},"properties":{"dn_surface":10871.557250976562,"provincia":23,"municipio":97,"agregado":0,"zona":0,"poligono":22,"parcela":109,"recinto":1,"uso_sigpac":"OV","idPanel":"23:97:0:0:22:109:1"},"id":1339925857},{"type":"Feature","geometry":{"type":"Polygon","coordinates":[[[-3.018401754533604,38.12728673671032],[-3.0181849565951495,38.127232690195456],[-3.018213006635785,38.12716238781661],[-3.0179381279722235,38.12708320229626],[-3.0178965076295436,38.1271793729062],[-3.0178040870832854,38.127148112596444],[-3.0178466160243214,38.127054554625886],[-3.017841049602094,38.1270528120281],[-3.0178207142655977,38.12704644681045],[-3.017788992951154,38.127035816042024],[-3.0178935639049747,38.126823914811695],[-3.017919966901539,38.12656317558145],[-3.0180310581382246,38.12641940916967],[-3.0180321662258898,38.126291249024376],[-3.0179754341490823,38.12617571034957],[-3.01800040803107,38.12613326271304],[-3.0180175833898835,38.12614715655653],[-3.0181074549992357,38.1262198586744],[-3.018151618411488,38.12625563683022],[-3.0183066056777,38.12644064388442],[-3.0184503109015712,38.126655488839305],[-3.0184909061374317,38.126996878746695],[-3.01840962262658,38.12726105036651],[-3.018401754533604,38.12728673671032]]]},"properties":{"dn_surface":4484.8439285321,"provincia":23,"municipio":97,"agregado":0,"zona":0,"poligono":22,"parcela":103,"recinto":1,"uso_sigpac":"OV","idPanel":"23:97:0:0:22:103:1"},"id":1112595773},{"type":"Feature","geometry":{"type":"Polygon","coordinates":[[[-3.0159826516386956,38.12613410928529],[-3.0160799253071797,38.12615410766924],[-3.0160886642799474,38.12625012489036],[-3.0160906214544547,38.126271628664256],[-3.016540544441523,38.126355018547486],[-3.0166467741740806,38.12638384056143],[-3.016783952409563,38.126421059566496],[-3.016870930585768,38.126441031128394],[-3.016903783457206,38.12644857400352],[-3.0169150302955523,38.126506384831316],[-3.0170080275167837,38.12652560202184],[-3.017127890415662,38.12655036970901],[-3.0172745209239134,38.12658066945258],[-3.0173516579070183,38.126606126970415],[-3.0173820012364985,38.12661701254871],[-3.017378491733431,38.126747072033396],[-3.016978081489538,38.126649240968334],[-3.015905317680854,38.12639209589838],[-3.0159014452413584,38.12634867763737],[-3.015901363098702,38.12634775730433],[-3.015911352651498,38.126324650910476],[-3.015930004901737,38.126281507575925],[-3.01594457767946,38.12624780058849],[-3.0159759628795655,38.1261540841999],[-3.0159826516386956,38.12613410928529]]]},"properties":{"dn_surface":2459.4561767578125,"provincia":23,"municipio":97,"agregado":0,"zona":0,"poligono":22,"parcela":109,"recinto":2,"uso_sigpac":"OV","idPanel":"23:97:0:0:22:109:2"},"id":1339925858},{"type":"Feature","geometry":{"type":"Polygon","coordinates":[[[-3.016068054017011,38.12587934719053],[-3.0159973685851615,38.1260901654789],[-3.0159826516386956,38.12613410928529],[-3.0159759628795655,38.1261540841999],[-3.01594457767946,38.12624780058849],[-3.015930004901737,38.126281507575925],[-3.015911352651498,38.126324650910476],[-3.015901363098702,38.12634775730433],[-3.015051314014274,38.12615524928452],[-3.015281461810706,38.12573406281601],[-3.0154891234741577,38.12578757540362],[-3.0157069414902886,38.12584838611474],[-3.016068054017011,38.12587934719053]]]},"properties":{"dn_surface":3751.001708984375,"provincia":23,"municipio":97,"agregado":0,"zona":0,"poligono":22,"parcela":262,"recinto":1,"uso_sigpac":"OV","idPanel":"23:97:0:0:22:262:1"},"id":1339925860},{"type":"Feature","geometry":{"type":"Polygon","coordinates":[[[-3.0207276053974095,38.12842487936766],[-3.020902793889659,38.12842654066097],[-3.0208554093118254,38.128478696218366],[-3.020727732802345,38.12847003268271],[-3.0205313716214217,38.12847862497219],[-3.020341173654268,38.128491271588445],[-3.0199938552264185,38.128481229229635],[-3.019692527465822,38.128502903156146],[-3.019469236904784,38.128501673530906],[-3.0193099572657025,38.12850683343078],[-3.0191616352892896,38.12852830451524],[-3.0189668842720616,38.12858348929262],[-3.0187646104962886,38.1286678757842],[-3.018752868287436,38.128705189504785],[-3.0187222944556047,38.128723399190505],[-3.018675292930769,38.128751344457385],[-3.018570320483763,38.12874306732746],[-3.018542706302119,38.128733967932874],[-3.0183643704050405,38.1287354339278],[-3.0182803979794923,38.12875184820976],[-3.018134705406261,38.12879729153869],[-3.0180639730357504,38.128830557638],[-3.017985826033254,38.12887166500818],[-3.0179509212717965,38.12891105492628],[-3.01784665625746,38.128992633480124],[-3.0177567653697293,38.12906303392725],[-3.0177064529929427,38.129083769918765],[-3.0176549780461173,38.12909407966026],[-3.01756326660891,38.12911244860217],[-3.0174812312413,38.12911669487457],[-3.0173683110732323,38.129129112664856],[-3.0173666682201126,38.12908381350465],[-3.0174754007891065,38.12907181313315],[-3.0175543558071167,38.1290677470717],[-3.0176860187499828,38.12904141280674],[-3.0177227541192027,38.12902626670683],[-3.0179071006794036,38.12888195044218],[-3.0179451981079692,38.128838864942736],[-3.018033612942464,38.128792437578284],[-3.0181094792289724,38.12875673821236],[-3.0182630432479405,38.1287088607786],[-3.0183570555177064,38.12869046250003],[-3.01855376119487,38.128688813779604],[-3.0185844565643043,38.12869890391522],[-3.0186587361564476,38.12870475196942],[-3.018702429343904,38.128678789022814],[-3.0187154254855466,38.128637419299025],[-3.0189438248168714,38.128542124598],[-3.0191467900996978,38.12848459540217],[-3.0193036691615673,38.12846195168942],[-3.019468311542619,38.12845661074036],[-3.0195735103010244,38.1284572268103],[-3.019690119344897,38.128457840365655],[-3.019960070287291,38.12843842368579],[-3.0199922450627232,38.12843607591455],[-3.020339791478353,38.12844611827336],[-3.0205273650714677,38.12843365270621],[-3.0207276053974095,38.12842487936766]]]},"properties":{"dn_surface":1659.552001953125,"provincia":23,"municipio":97,"agregado":0,"zona":0,"poligono":22,"parcela":9007,"recinto":14,"uso_sigpac":"OV","idPanel":"23:97:0:0:22:9007:14"},"id":1428511540},{"type":"Feature","geometry":{"type":"Polygon","coordinates":[[[-3.0199215847765855,38.12831775025683],[-3.0198868032291113,38.12838264630781],[-3.0197960951057725,38.12838265971885],[-3.0195996165781986,38.12837664989394],[-3.0195735103010244,38.1284572268103],[-3.019468311542619,38.12845661074036],[-3.0193036691615673,38.12846195168942],[-3.0191467900996978,38.12848459540217],[-3.0189438248168714,38.128542124598],[-3.0187154254855466,38.128637419299025],[-3.018702429343904,38.128678789022814],[-3.0186587361564476,38.12870475196942],[-3.0185844565643043,38.12869890391522],[-3.01855376119487,38.128688813779604],[-3.0183570555177064,38.12869046250003],[-3.0182630432479405,38.1287088607786],[-3.0181094792289724,38.12875673821236],[-3.018033612942464,38.128792437578284],[-3.0179451981079692,38.128838864942736],[-3.0179071006794036,38.12888195044218],[-3.0177227541192027,38.12902626670683],[-3.0176860187499828,38.12904141280674],[-3.0175543558071167,38.1290677470717],[-3.0174754007891065,38.12907181313315],[-3.0173666682201126,38.12908381350465],[-3.0173674510899158,38.129020365008444],[-3.0178738203308773,38.12858156313115],[-3.01800065613542,38.12842265313401],[-3.0180358768946456,38.12828511615308],[-3.018120173699866,38.12820083694987],[-3.0190193985749416,38.128272636336675],[-3.019835552079115,38.12830884029324],[-3.0199215847765855,38.12831775025683]]]},"properties":{"dn_surface":7130.40282459275,"provincia":23,"municipio":97,"agregado":0,"zona":0,"poligono":22,"parcela":88,"recinto":2,"uso_sigpac":"OV","idPanel":"23:97:0:0:22:88:2"},"id":1112595792},{"type":"Feature","geometry":{"type":"Polygon","coordinates":[[[-3.0173674510899158,38.129020365008444],[-3.0170621989220203,38.12886268212202],[-3.0169746708929344,38.12880086642059],[-3.0168096655754546,38.1287204940227],[-3.0167869564838377,38.128708149993145],[-3.0166105383663195,38.128611916518935],[-3.0167869128979388,38.12852708578646],[-3.017294929182972,38.12828277927835],[-3.017310398824388,38.12809333149153],[-3.01733104345313,38.12806574999931],[-3.0173408578241374,38.12806780608028],[-3.017497861776373,38.1281006975085],[-3.0180408792147566,38.12821454639149],[-3.0180358768946456,38.12828511615308],[-3.01800065613542,38.12842265313401],[-3.0178738203308773,38.12858156313115],[-3.0173674510899158,38.129020365008444]]]},"properties":{"dn_surface":6721.41120316606,"provincia":23,"municipio":97,"agregado":0,"zona":0,"poligono":22,"parcela":274,"recinto":2,"uso_sigpac":"OV","idPanel":"23:97:0:0:22:274:2"},"id":1112596826},{"type":"Feature","geometry":{"type":"Polygon","coordinates":[[[-3.0176549780461173,38.12909407966026],[-3.0176524517403513,38.129304998531495],[-3.0175122920617334,38.129221868487264],[-3.0174417885171945,38.12925720743132],[-3.0173655383394977,38.129129417766165],[-3.0174812312413,38.12911669487457],[-3.01756326660891,38.12911244860217],[-3.0176549780461173,38.12909407966026]]]},"properties":{"dn_surface":349.5831055498792,"provincia":23,"municipio":97,"agregado":0,"zona":0,"poligono":22,"parcela":86,"recinto":4,"uso_sigpac":"OV","idPanel":"23:97:0:0:22:86:4"},"id":1329867579},{"type":"Feature","geometry":{"type":"Polygon","coordinates":[[[-3.0213360813125125,38.12787005853252],[-3.0204431973475634,38.12777862621269],[-3.0202372481070308,38.12776504836697],[-3.020337256790683,38.127576038115535],[-3.0214882354952826,38.12769016611594],[-3.021457807508576,38.12772614208467],[-3.0213524520085717,38.12785070387875],[-3.0213360813125125,38.12787005853252]]]},"properties":{"dn_surface":2119.48434001096,"provincia":23,"municipio":97,"agregado":0,"zona":0,"poligono":22,"parcela":93,"recinto":1,"uso_sigpac":"OV","idPanel":"23:97:0:0:22:93:1"},"id":1112595785},{"type":"Feature","geometry":{"type":"Polygon","coordinates":[[[-3.0213360813125125,38.12787005853252],[-3.0211134185560593,38.12813700875341],[-3.019996814038415,38.12805529105992],[-3.019583087464159,38.128024978743525],[-3.019516941671338,38.12813377082401],[-3.0181848149409776,38.12800083802276],[-3.0183157176451805,38.12768925332662],[-3.018799122984655,38.127601675006076],[-3.0196681202005218,38.12772574645879],[-3.0202372481070308,38.12776504836697],[-3.0204431973475634,38.12777862621269],[-3.0213360813125125,38.12787005853252]]]},"properties":{"dn_surface":10233.1530484885,"provincia":23,"municipio":97,"agregado":0,"zona":0,"poligono":22,"parcela":92,"recinto":2,"uso_sigpac":"OV","idPanel":"23:97:0:0:22:92:2"},"id":1112595787},{"type":"Feature","geometry":{"type":"Polygon","coordinates":[[[-3.0197619321427904,38.12740686615376],[-3.019711299577284,38.12750123549259],[-3.0201821513396294,38.12741094981723],[-3.020309835392822,38.127444097731654],[-3.020337256790683,38.127576038115535],[-3.0202372481070308,38.12776504836697],[-3.0196681202005218,38.12772574645879],[-3.018799122984655,38.127601675006076],[-3.0183157176451805,38.12768925332662],[-3.018470102252519,38.12730376203305],[-3.018401754533604,38.12728673671032],[-3.01840962262658,38.12726105036651],[-3.01842562870983,38.12726221545114],[-3.018481276168303,38.12726626810158],[-3.0197619321427904,38.12740686615376]]]},"properties":{"dn_surface":5943.53788583168,"provincia":23,"municipio":97,"agregado":0,"zona":0,"poligono":22,"parcela":94,"recinto":1,"uso_sigpac":"OV","idPanel":"23:97:0:0:22:94:1"},"id":1112595783},{"type":"Feature","geometry":{"type":"Polygon","coordinates":[[[-3.020026719832523,38.126502858564464],[-3.0200194686476562,38.12668067981264],[-3.020126725163413,38.12670472749423],[-3.0199665310586408,38.12709103267065],[-3.01983645564833,38.127065095707934],[-3.0197569541301994,38.127138651941806],[-3.019894681380372,38.12719991611391],[-3.0197962568765138,38.127342871157396],[-3.0197619321427904,38.12740686615376],[-3.018481276168303,38.12726626810158],[-3.01842562870983,38.12726221545114],[-3.01840962262658,38.12726105036651],[-3.0184909061374317,38.126996878746695],[-3.0184503109015712,38.126655488839305],[-3.0183066056777,38.12644064388442],[-3.018151618411488,38.12625563683022],[-3.0181074549992357,38.1262198586744],[-3.0182578372475706,38.12624201120761],[-3.018643833969911,38.126298288985225],[-3.019001714434577,38.12632912181792],[-3.0195477418145678,38.1264051456842],[-3.019705637601354,38.126435986060585],[-3.0197047331939477,38.12645414796941],[-3.020026719832523,38.126502858564464]]]},"properties":{"dn_surface":14862.7638184169,"provincia":23,"municipio":97,"agregado":0,"zona":0,"poligono":22,"parcela":96,"recinto":1,"uso_sigpac":"OV","idPanel":"23:97:0:0:22:96:1"},"id":1112595780},{"type":"Feature","geometry":{"type":"Polygon","coordinates":[[[-3.021926321557988,38.127320101716066],[-3.0220441912401728,38.12735432838153],[-3.0232536161208814,38.12770516553255],[-3.0234529629358917,38.12776299144778],[-3.0235153553122496,38.12770511943208],[-3.023533833218892,38.12768799185011],[-3.0235914579684406,38.12770510602104],[-3.0242591084470813,38.127903263443926],[-3.024274318249483,38.12800600462813],[-3.0242677426460527,38.12812776686641],[-3.02334220110802,38.1278425030242],[-3.022783269787327,38.12869055470097],[-3.022615647639522,38.12867655189274],[-3.022479072062913,38.12864061783347],[-3.022386049695972,38.12863906969585],[-3.022281140113243,38.12859844009418],[-3.022201973033069,38.128600016730275],[-3.0221049960839745,38.128610976069325],[-3.022008016620309,38.12861411928324],[-3.0219248924434123,38.12862038643257],[-3.0218160274403405,38.12858913701933],[-3.021742796424346,38.12858445824071],[-3.0217036713743903,38.12858632321425],[-3.0216554226222883,38.12858492008357],[-3.021633984227269,38.1286018615873],[-3.021629121884949,38.128631336551535],[-3.0209955346246375,38.12850901943128],[-3.0216430266249494,38.127705437106215],[-3.021817753274307,38.12748865425519],[-3.021926321557988,38.127320101716066]]]},"properties":{"dn_surface":20956.8913041204,"provincia":23,"municipio":97,"agregado":0,"zona":0,"poligono":23,"parcela":35,"recinto":1,"uso_sigpac":"OV","idPanel":"23:97:0:0:23:35:1"},"id":1112597358},{"type":"Feature","geometry":{"type":"Polygon","coordinates":[[[-3.0242677426460527,38.12812776686641],[-3.024255721319807,38.128338844993806],[-3.0242153079712573,38.128604905056505],[-3.0241448547181395,38.12878003403722],[-3.0240617045573415,38.128861342693796],[-3.0240338959155317,38.12887324583522],[-3.023915130207844,38.12884380356036],[-3.02381504692525,38.128821422201185],[-3.0237419542106663,38.128830726114245],[-3.0235306397135937,38.12880624760277],[-3.0234601453891488,38.12880557621227],[-3.0232932549815335,38.1287559519898],[-3.0232856274491926,38.12876592645517],[-3.023334830061932,38.12881930157957],[-3.023404670597891,38.12888554460247],[-3.023361342861434,38.128879014261315],[-3.023279102137184,38.12886661994034],[-3.022920255239025,38.12885082005192],[-3.022687830917557,38.128835357954245],[-3.0227231371722008,38.12878179088423],[-3.022783269787327,38.12869055470097],[-3.02334220110802,38.1278425030242],[-3.0242677426460527,38.12812776686641]]]},"properties":{"dn_surface":10523.0653711546,"provincia":23,"municipio":97,"agregado":0,"zona":0,"poligono":23,"parcela":34,"recinto":2,"uso_sigpac":"OV","idPanel":"23:97:0:0:23:34:2"},"id":1112597360},{"type":"Feature","geometry":{"type":"Polygon","coordinates":[[[-3.0242074700531347,38.12737936764236],[-3.0242074843023707,38.12741992432149],[-3.0241723750224634,38.12751465408218],[-3.0241290389041033,38.12757513706089],[-3.0241156085798506,38.1276725657946],[-3.0241471111266085,38.12770500543817],[-3.0241935644749445,38.12775276384892],[-3.0242591084470813,38.127903263443926],[-3.0235914579684406,38.12770510602104],[-3.023533833218892,38.12768799185011],[-3.0235153553122496,38.12770511943208],[-3.0234529629358917,38.12776299144778],[-3.0232536161208814,38.12770516553255],[-3.0220441912401728,38.12735432838153],[-3.021926321557988,38.127320101716066],[-3.022033946039316,38.1270606088749],[-3.0220440864663773,38.12701446230426],[-3.0220673286470667,38.1269085594659],[-3.022044022763909,38.12680275888684],[-3.0220128253184444,38.126661171770024],[-3.0220439766634386,38.12667135075384],[-3.0242074700531347,38.12737936764236]]]},"properties":{"dn_surface":12884.0332738999,"provincia":23,"municipio":97,"agregado":0,"zona":0,"poligono":23,"parcela":386,"recinto":1,"uso_sigpac":"OV","idPanel":"23:97:0:0:23:386:1"},"id":1112597561},{"type":"Feature","geometry":{"type":"Polygon","coordinates":[[[-3.021944019109399,38.126734406976965],[-3.021944219436897,38.126904926748864],[-3.0219374376386368,38.12695266420485],[-3.021837828771789,38.12720782192545],[-3.021799347452035,38.1273181152049],[-3.0216589262580227,38.127479452601335],[-3.0214882354952826,38.12769016611594],[-3.020337256790683,38.127576038115535],[-3.020309835392822,38.127444097731654],[-3.0201821513396294,38.12741094981723],[-3.019711299577284,38.12750123549259],[-3.0197619321427904,38.12740686615376],[-3.0197962568765138,38.127342871157396],[-3.019894681380372,38.12719991611391],[-3.0197569541301994,38.127138651941806],[-3.01983645564833,38.127065095707934],[-3.0199665310586408,38.12709103267065],[-3.020126725163413,38.12670472749423],[-3.0200194686476562,38.12668067981264],[-3.020026719832523,38.126502858564464],[-3.020260964703468,38.126528600228795],[-3.0205895453856613,38.12648078398294],[-3.020976577273105,38.12655066223746],[-3.0211682688954933,38.12621238788367],[-3.021329155345508,38.126253009103436],[-3.0213062241334447,38.1266355994201],[-3.021944019109399,38.126734406976965]]]},"properties":{"dn_surface":19528.4604522975,"provincia":23,"municipio":97,"agregado":0,"zona":0,"poligono":22,"parcela":95,"recinto":1,"uso_sigpac":"OV","idPanel":"23:97:0:0:22:95:1"},"id":1112595782},{"type":"Feature","geometry":{"type":"Polygon","coordinates":[[[-3.021706446622696,38.128717854561245],[-3.02094912234763,38.12859833951134],[-3.0209729571289095,38.12855237147525],[-3.0209955346246375,38.12850901943128],[-3.021629121884949,38.128631336551535],[-3.021699720145,38.1286449663651],[-3.021702570830439,38.12869197794819],[-3.021706446622696,38.128717854561245]]]},"properties":{"dn_surface":600.487519378775,"provincia":23,"municipio":97,"agregado":0,"zona":0,"poligono":23,"parcela":9003,"recinto":3,"uso_sigpac":"OV","idPanel":"23:97:0:0:23:9003:3"},"id":1112597470},{"type":"Feature","geometry":{"type":"Polygon","coordinates":[[[-3.021706446622696,38.128717854561245],[-3.0217043519849685,38.12878907056759],[-3.0216945300702474,38.12883244691909],[-3.0216486232220303,38.12885085190317],[-3.021220828460653,38.12872528428065],[-3.0210664748663585,38.128748089764144],[-3.0208706057031813,38.12872417954574],[-3.02094912234763,38.12859833951134],[-3.021706446622696,38.128717854561245]]]},"properties":{"dn_surface":903.340803991202,"provincia":23,"municipio":97,"agregado":0,"zona":0,"poligono":23,"parcela":33,"recinto":1,"uso_sigpac":"OV","idPanel":"23:97:0:0:23:33:1"},"id":1112597363},{"type":"Feature","geometry":{"type":"Polygon","coordinates":[[[-3.0209093837423255,38.12841994745554],[-3.0200109258114356,38.128327020642274],[-3.0199215847765855,38.12831775025683],[-3.019835552079115,38.12830884029324],[-3.019996814038415,38.12805529105992],[-3.0211134185560593,38.12813700875341],[-3.02101542655843,38.128278705673154],[-3.0209093837423255,38.12841994745554]]]},"properties":{"dn_surface":3034.10298066911,"provincia":23,"municipio":97,"agregado":0,"zona":0,"poligono":22,"parcela":90,"recinto":1,"uso_sigpac":"OV","idPanel":"23:97:0:0:22:90:1"},"id":1112595790},{"type":"Feature","geometry":{"type":"Polygon","coordinates":[[[-3.0209093837423255,38.12841994745554],[-3.02098021921025,38.12842727407755],[-3.020902793889659,38.12842654066097],[-3.0207276053974095,38.12842487936766],[-3.0205273650714677,38.12843365270621],[-3.020339791478353,38.12844611827336],[-3.0199922450627232,38.12843607591455],[-3.019960070287291,38.12843842368579],[-3.019690119344897,38.128457840365655],[-3.0195735103010244,38.1284572268103],[-3.0195996165781986,38.12837664989394],[-3.0197960951057725,38.12838265971885],[-3.0198868032291113,38.12838264630781],[-3.0199215847765855,38.12831775025683],[-3.0200109258114356,38.128327020642274],[-3.0209093837423255,38.12841994745554]]]},"properties":{"dn_surface":885.498917892884,"provincia":23,"municipio":97,"agregado":0,"zona":0,"poligono":22,"parcela":89,"recinto":1,"uso_sigpac":"OV","idPanel":"23:97:0:0:22:89:1"},"id":1112595791}]}