{"type":"FeatureCollection","features":[{"type":"Feature","geometry":{"type":"Polygon","coordinates":[[[-3.0390238518803625,38.130768794072054],[-3.039086524212302,38.13103176372687],[-3.038247257608757,38.13116297404696],[-3.038182317971874,38.13092091472723],[-3.0390238518803625,38.130768794072054]]]},"properties":{"dn_surface":2151.49436107374,"provincia":23,"municipio":48,"agregado":0,"zona":0,"poligono":20,"parcela":340,"recinto":1,"uso_sigpac":"OV","idPanel":"23:48:0:0:20:340:1"},"id":1112039814},{"type":"Feature","geometry":{"type":"Polygon","coordinates":[[[-3.039159570826415,38.13127994854182],[-3.0383001097023548,38.13141738493994],[-3.0382829393726847,38.13131617848225],[-3.038247257608757,38.13116297404696],[-3.039086524212302,38.13103176372687],[-3.039159570826415,38.13127994854182]]]},"properties":{"dn_surface":2153.00645982718,"provincia":23,"municipio":48,"agregado":0,"zona":0,"poligono":20,"parcela":339,"recinto":1,"uso_sigpac":"OV","idPanel":"23:48:0:0:20:339:1"},"id":1112039815},{"type":"Feature","geometry":{"type":"Polygon","coordinates":[[[-3.039515882198714,38.131222517414244],[-3.039586612892842,38.13140527057456],[-3.0397485789320515,38.13191326171386],[-3.039609979125707,38.131977745375195],[-3.0393882207766607,38.13208641759448],[-3.039246656290988,38.132156669681905],[-3.039120839725932,38.13181296720734],[-3.0390698811043726,38.13168770803884],[-3.038368358514807,38.13187160029986],[-3.0383387427345663,38.13175399464768],[-3.0383375483132924,38.1316543153728],[-3.0383074354861637,38.13146109405301],[-3.0383001097023548,38.13141738493994],[-3.039159570826415,38.13127994854182],[-3.039515882198714,38.131222517414244]]]},"properties":{"dn_surface":7337.19419230034,"provincia":23,"municipio":48,"agregado":0,"zona":0,"poligono":20,"parcela":338,"recinto":1,"uso_sigpac":"OV","idPanel":"23:48:0:0:20:338:1"},"id":1112039816},{"type":"Feature","geometry":{"type":"Polygon","coordinates":[[[-3.0385435185085847,38.132526224462026],[-3.0385283942016006,38.13241014599262],[-3.038516905964429,38.132266579070176],[-3.0384584203933724,38.13214618811136],[-3.038410312457252,38.132015699473214],[-3.038368358514807,38.13187160029986],[-3.0390698811043726,38.13168770803884],[-3.039120839725932,38.13181296720734],[-3.039246656290988,38.132156669681905],[-3.0392363918117518,38.13216469451652],[-3.03902775114195,38.13226651201495],[-3.038833492142468,38.13237769712896],[-3.0385435185085847,38.132526224462026]]]},"properties":{"dn_surface":4220.61226679189,"provincia":23,"municipio":48,"agregado":0,"zona":0,"poligono":20,"parcela":337,"recinto":1,"uso_sigpac":"OV","idPanel":"23:48:0:0:20:337:1"},"id":1112039817},{"type":"Feature","geometry":{"type":"Polygon","coordinates":[[[-3.0386241683475173,38.13037515556812],[-3.0394695579316946,38.13019238815858],[-3.039466922661181,38.13017283150094],[-3.039424091133421,38.13009344313852],[-3.04071771978022,38.12981030578527],[-3.0407776788899405,38.12990924493798],[-3.04109780223133,38.12983559734141],[-3.041577881631427,38.12973990533814],[-3.0418512272448077,38.12967348126611],[-3.04195527768241,38.12985279784593],[-3.0409917468423693,38.13013539205184],[-3.040844698077124,38.13018374725411],[-3.040834755462989,38.13015617246742],[-3.040460780066894,38.130238758526076],[-3.0397476267477948,38.13040508902253],[-3.0396392068238085,38.13036312418362],[-3.03955098980224,38.130332779177735],[-3.0386634920485904,38.130509521674924],[-3.0386241683475173,38.13037515556812]]]},"properties":{"dn_surface":8468.91277922912,"provincia":23,"municipio":48,"agregado":0,"zona":0,"poligono":20,"parcela":342,"recinto":1,"uso_sigpac":"OV","idPanel":"23:48:0:0:20:342:1"},"id":1112039812},{"type":"Feature","geometry":{"type":"Polygon","coordinates":[[[-3.04071771978022,38.12981030578527],[-3.039424091133421,38.13009344313852],[-3.039466922661181,38.13017283150094],[-3.0394695579316946,38.13019238815858],[-3.0386241683475173,38.13037515556812],[-3.0385392713979944,38.13015211897877],[-3.0406260234304385,38.12968127392196],[-3.040676374363981,38.1297388483801],[-3.04071771978022,38.12981030578527]]]},"properties":{"dn_surface":3807.90513343071,"provincia":23,"municipio":48,"agregado":0,"zona":0,"poligono":20,"parcela":343,"recinto":1,"uso_sigpac":"OV","idPanel":"23:48:0:0:20:343:1"},"id":1112039811},{"type":"Feature","geometry":{"type":"Polygon","coordinates":[[[-3.04195527768241,38.12985279784593],[-3.042016499106824,38.129962010697994],[-3.042026223791464,38.13000680023842],[-3.041988868999563,38.13012568916014],[-3.0409276881435625,38.13045040410836],[-3.0407499507144062,38.13050778242993],[-3.0406232071108046,38.13054819996944],[-3.0405505318150237,38.13056156240026],[-3.0405229209861404,38.13056364362697],[-3.0404796561139618,38.13052787804398],[-3.0404888669879053,38.130472807260475],[-3.040522734069689,38.13043638537445],[-3.0405591224280966,38.13041825866958],[-3.0407003625340976,38.13038811063845],[-3.040794721814675,38.13038303288121],[-3.040841271554903,38.13037761062773],[-3.040918286162215,38.13037001494661],[-3.0408741881288104,38.130274585296945],[-3.040844698077124,38.13018374725411],[-3.0409917468423693,38.13013539205184],[-3.04195527768241,38.12985279784593]]]},"properties":{"dn_surface":3630.36761532737,"provincia":23,"municipio":48,"agregado":0,"zona":0,"poligono":20,"parcela":330,"recinto":2,"uso_sigpac":"OV","idPanel":"23:48:0:0:20:330:2"},"id":1112039824},{"type":"Feature","geometry":{"type":"Polygon","coordinates":[[[-3.0407538776362766,38.130991759415224],[-3.0407905920507363,38.130944881942554],[-3.0408068881478543,38.13090945666488],[-3.0407944158751916,38.13084745404706],[-3.04077898059958,38.130791219855325],[-3.0408968377089103,38.13077468906491],[-3.0409957542305137,38.13075699151349],[-3.0409823373173075,38.13063992230309],[-3.0409276881435625,38.13045040410836],[-3.041988868999563,38.13012568916014],[-3.041963357837549,38.13020681173842],[-3.041870673261325,38.13034266311854],[-3.0418128909319866,38.13045678189886],[-3.04177607090554,38.13051726906849],[-3.041764839992812,38.13062830833738],[-3.041668148028442,38.13074280095057],[-3.041612275934951,38.13080671883341],[-3.041510183510046,38.13085650231207],[-3.041408410435671,38.13086744153455],[-3.041380538929584,38.13087165176478],[-3.041313942190345,38.13088171256376],[-3.0411827511486553,38.130927900205734],[-3.041067430403377,38.13099138642053],[-3.041008528251709,38.13102406578656],[-3.0409243915408486,38.13107074460808],[-3.0407538776362766,38.130991759415224]]]},"properties":{"dn_surface":5183.86209557626,"provincia":23,"municipio":48,"agregado":0,"zona":0,"poligono":20,"parcela":327,"recinto":1,"uso_sigpac":"OV","idPanel":"23:48:0:0:20:327:1"},"id":1112039827},{"type":"Feature","geometry":{"type":"Polygon","coordinates":[[[-3.0409276881435625,38.13045040410836],[-3.0409823373173075,38.13063992230309],[-3.0409957542305137,38.13075699151349],[-3.0408968377089103,38.13077468906491],[-3.04077898059958,38.130791219855325],[-3.0407944158751916,38.13084745404706],[-3.0408068881478543,38.13090945666488],[-3.0407905920507363,38.130944881942554],[-3.0407538776362766,38.130991759415224],[-3.040739060106966,38.131019162372894],[-3.0406821344081836,38.131038287362514],[-3.04058767035381,38.13106066955987],[-3.04042485690414,38.13108027902351],[-3.039515882198714,38.131222517414244],[-3.0393686347823516,38.130708933030604],[-3.0404796561139618,38.13052787804398],[-3.0405229209861404,38.13056364362697],[-3.0405505318150237,38.13056156240026],[-3.0406232071108046,38.13054819996944],[-3.0407499507144062,38.13050778242993],[-3.0409276881435625,38.13045040410836]]]},"properties":{"dn_surface":7516.74687302698,"provincia":23,"municipio":48,"agregado":0,"zona":0,"poligono":20,"parcela":331,"recinto":1,"uso_sigpac":"OV","idPanel":"23:48:0:0:20:331:1"},"id":1112039823},{"type":"Feature","geometry":{"type":"Polygon","coordinates":[[[-3.039515882198714,38.131222517414244],[-3.039159570826415,38.13127994854182],[-3.039086524212302,38.13103176372687],[-3.0390238518803625,38.130768794072054],[-3.0393686347823516,38.130708933030604],[-3.039515882198714,38.131222517414244]]]},"properties":{"dn_surface":1845.00778669017,"provincia":23,"municipio":48,"agregado":0,"zona":0,"poligono":20,"parcela":332,"recinto":1,"uso_sigpac":"OV","idPanel":"23:48:0:0:20:332:1"},"id":1112039822},{"type":"Feature","geometry":{"type":"Polygon","coordinates":[[[-3.039507731635584,38.129275070106246],[-3.039290858259997,38.12932993469491],[-3.039127941712912,38.12936216059995],[-3.039071238134577,38.129369839261926],[-3.038991692192357,38.129336066057476],[-3.038941130873032,38.129308233108134],[-3.037726353308639,38.12960151256482],[-3.0376689917508655,38.129443357777205],[-3.03759235516741,38.12929962908399],[-3.038611028037132,38.12907337468181],[-3.0387620925724264,38.12906864225903],[-3.038869575399582,38.12907041167887],[-3.039058295637119,38.12907044353011],[-3.039215284501927,38.12904966562908],[-3.0393869802549176,38.12900716267197],[-3.039396922030862,38.1290346477723],[-3.039507731635584,38.129275070106246]]]},"properties":{"dn_surface":5299.37774050017,"provincia":23,"municipio":48,"agregado":0,"zona":0,"poligono":20,"parcela":347,"recinto":1,"uso_sigpac":"OV","idPanel":"23:48:0:0:20:347:1"},"id":1112039807},{"type":"Feature","geometry":{"type":"Polygon","coordinates":[[[-3.039628484692632,38.12954541164535],[-3.0384262548380345,38.12983608013903],[-3.0384147280441063,38.12983022537932],[-3.038343427380528,38.12985268888116],[-3.0382793133611568,38.12987181470896],[-3.0381949947629865,38.1298758061715],[-3.038145808075863,38.12985833660787],[-3.0381039228650284,38.129838611473986],[-3.038070708733541,38.129818883825465],[-3.0380153806255983,38.12983800713869],[-3.037981518572957,38.129887135990685],[-3.037944798291164,38.129924820191405],[-3.0378599063707834,38.1299228630169],[-3.037798094860351,38.12976579117125],[-3.037726353308639,38.12960151256482],[-3.038941130873032,38.129308233108134],[-3.038991692192357,38.129336066057476],[-3.039071238134577,38.129369839261926],[-3.039127941712912,38.12936216059995],[-3.039290858259997,38.12932993469491],[-3.039507731635584,38.129275070106246],[-3.0395703318831524,38.129408527614686],[-3.039628484692632,38.12954541164535]]]},"properties":{"dn_surface":6164.08210319215,"provincia":23,"municipio":48,"agregado":0,"zona":0,"poligono":20,"parcela":346,"recinto":2,"uso_sigpac":"OV","idPanel":"23:48:0:0:20:346:2"},"id":1112039808},{"type":"Feature","geometry":{"type":"Polygon","coordinates":[[[-3.0406260234304385,38.12968127392196],[-3.0385392713979944,38.13015211897877],[-3.0384373491257337,38.129885375790934],[-3.0384262548380345,38.12983608013903],[-3.039628484692632,38.12954541164535],[-3.040436315804649,38.12934976041166],[-3.0405648020060236,38.12956782485577],[-3.040584788655328,38.12960179587313],[-3.0406260234304385,38.12968127392196]]]},"properties":{"dn_surface":7168.83376151743,"provincia":23,"municipio":48,"agregado":0,"zona":0,"poligono":20,"parcela":345,"recinto":1,"uso_sigpac":"OV","idPanel":"23:48:0:0:20:345:1"},"id":1112039809},{"type":"Feature","geometry":{"type":"Polygon","coordinates":[[[-3.0386634920485904,38.130509521674924],[-3.0381033143388216,38.130622440166604],[-3.0380400183932488,38.1304652786346],[-3.0379233364268146,38.13011904901603],[-3.0378768252433432,38.12998279195176],[-3.0378599063707834,38.1299228630169],[-3.037944798291164,38.129924820191405],[-3.037981518572957,38.129887135990685],[-3.0380153806255983,38.12983800713869],[-3.038070708733541,38.129818883825465],[-3.0381039228650284,38.129838611473986],[-3.038145808075863,38.12985833660787],[-3.0381949947629865,38.1298758061715],[-3.0382793133611568,38.12987181470896],[-3.038343427380528,38.12985268888116],[-3.0384147280441063,38.12983022537932],[-3.0384262548380345,38.12983608013903],[-3.0384373491257337,38.129885375790934],[-3.0385392713979944,38.13015211897877],[-3.0386241683475173,38.13037515556812],[-3.0386634920485904,38.130509521674924]]]},"properties":{"dn_surface":4106.82817804425,"provincia":23,"municipio":48,"agregado":0,"zona":0,"poligono":20,"parcela":344,"recinto":1,"uso_sigpac":"OV","idPanel":"23:48:0:0:20:344:1"},"id":1112039810},{"type":"Feature","geometry":{"type":"Polygon","coordinates":[[[-3.040844698077124,38.13018374725411],[-3.0408741881288104,38.130274585296945],[-3.040918286162215,38.13037001494661],[-3.040841271554903,38.13037761062773],[-3.040794721814675,38.13038303288121],[-3.0407003625340976,38.13038811063845],[-3.0405591224280966,38.13041825866958],[-3.040522734069689,38.13043638537445],[-3.0404888669879053,38.130472807260475],[-3.0404796561139618,38.13052787804398],[-3.0393686347823516,38.130708933030604],[-3.0390238518803625,38.130768794072054],[-3.038182317971874,38.13092091472723],[-3.038138075769727,38.130761854694015],[-3.0381033143388216,38.130622440166604],[-3.0386634920485904,38.130509521674924],[-3.03955098980224,38.130332779177735],[-3.0396392068238085,38.13036312418362],[-3.0397476267477948,38.13040508902253],[-3.040460780066894,38.130238758526076],[-3.040834755462989,38.13015617246742],[-3.040844698077124,38.13018374725411]]]},"properties":{"dn_surface":7781.26512191587,"provincia":23,"municipio":48,"agregado":0,"zona":0,"poligono":20,"parcela":341,"recinto":1,"uso_sigpac":"OV","idPanel":"23:48:0:0:20:341:1"},"id":1112039813},{"type":"Feature","geometry":{"type":"Polygon","coordinates":[[[-3.0400001525506473,38.12860437532021],[-3.0397431139308573,38.12865087141623],[-3.0395880646385582,38.12867029731618],[-3.0391625011399386,38.128713961166994],[-3.0391019812808624,38.12862799971572],[-3.039405583890115,38.1286023997055],[-3.0393507830039135,38.1285412210288],[-3.0394526675576072,38.128531815694686],[-3.0396583678556004,38.128496872376445],[-3.0398259648576946,38.128473837228796],[-3.0399041621516143,38.12854474226651],[-3.0400001525506473,38.12860437532021]]]},"properties":{"dn_surface":1037.34697860418,"provincia":23,"municipio":48,"agregado":0,"zona":0,"poligono":20,"parcela":352,"recinto":1,"uso_sigpac":"OV","idPanel":"23:48:0:0:20:352:1"},"id":1112039802},{"type":"Feature","geometry":{"type":"Polygon","coordinates":[[[-3.040120681810867,38.12867914190096],[-3.04012057619888,38.128692930970686],[-3.040156210185957,38.12875618835949],[-3.0402983194953688,38.12905869713032],[-3.040436315804649,38.12934976041166],[-3.039628484692632,38.12954541164535],[-3.0395703318831524,38.129408527614686],[-3.039507731635584,38.129275070106246],[-3.039396922030862,38.1290346477723],[-3.0393869802549176,38.12900716267197],[-3.039192075848852,38.12875595115159],[-3.0391625011399386,38.128713961166994],[-3.0395880646385582,38.12867029731618],[-3.0397431139308573,38.12865087141623],[-3.0400001525506473,38.12860437532021],[-3.040120681810867,38.12867914190096]]]},"properties":{"dn_surface":6947.54087313567,"provincia":23,"municipio":48,"agregado":0,"zona":0,"poligono":20,"parcela":353,"recinto":1,"uso_sigpac":"OV","idPanel":"23:48:0:0:20:353:1"},"id":1112039801},{"type":"Feature","geometry":{"type":"Polygon","coordinates":[[[-3.04144900399515,38.128850762216786],[-3.0402983194953688,38.12905869713032],[-3.040156210185957,38.12875618835949],[-3.04012057619888,38.128692930970686],[-3.040120681810867,38.12867914190096],[-3.040383881968044,38.12863381424225],[-3.040446374927245,38.12877637365992],[-3.0413451689724718,38.12864503761128],[-3.04144900399515,38.128850762216786]]]},"properties":{"dn_surface":3111.9308913222,"provincia":23,"municipio":48,"agregado":0,"zona":0,"poligono":20,"parcela":355,"recinto":1,"uso_sigpac":"OV","idPanel":"23:48:0:0:20:355:1"},"id":1112039799},{"type":"Feature","geometry":{"type":"Polygon","coordinates":[[[-3.0415944970790743,38.12927241471917],[-3.0413533220501727,38.129326930620664],[-3.0410812462951986,38.12941804778089],[-3.04112262188629,38.12954285851748],[-3.040999408740515,38.12956831519713],[-3.0409698055331287,38.12947873863081],[-3.040999239426061,38.1294722401409],[-3.040960729607834,38.129369689225825],[-3.040881667301456,38.12938575733514],[-3.040807318139512,38.12926257855523],[-3.040436315804649,38.12934976041166],[-3.0402983194953688,38.12905869713032],[-3.04144900399515,38.128850762216786],[-3.0415041954780633,38.12899197130977],[-3.0415445685934754,38.129157249877295],[-3.041586018783511,38.129212483269725],[-3.0415944970790743,38.12927241471917]]]},"properties":{"dn_surface":4661.36436878194,"provincia":23,"municipio":48,"agregado":0,"zona":0,"poligono":20,"parcela":357,"recinto":1,"uso_sigpac":"OV","idPanel":"23:48:0:0:20:357:1"},"id":1112039797},{"type":"Feature","geometry":{"type":"Polygon","coordinates":[[[-3.0418512272448077,38.12967348126611],[-3.041577881631427,38.12973990533814],[-3.04109780223133,38.12983559734141],[-3.0407776788899405,38.12990924493798],[-3.04071771978022,38.12981030578527],[-3.040676374363981,38.1297388483801],[-3.0406260234304385,38.12968127392196],[-3.040584788655328,38.12960179587313],[-3.0405648020060236,38.12956782485577],[-3.0409698055331287,38.12947873863081],[-3.040999408740515,38.12956831519713],[-3.04112262188629,38.12954285851748],[-3.0410812462951986,38.12941804778089],[-3.0413533220501727,38.129326930620664],[-3.0415944970790743,38.12927241471917],[-3.0416050373229404,38.12934658534658],[-3.0416307337250252,38.12938803469842],[-3.041670705347252,38.12945129041083],[-3.0417443185780537,38.12948380130058],[-3.041758594636386,38.12950677861312],[-3.0418059758614584,38.129557504217786],[-3.0418512272448077,38.12967348126611]]]},"properties":{"dn_surface":4224.78378759774,"provincia":23,"municipio":48,"agregado":0,"zona":0,"poligono":20,"parcela":358,"recinto":2,"uso_sigpac":"OV","idPanel":"23:48:0:0:20:358:2"},"id":1112039796},{"type":"Feature","geometry":{"type":"Polygon","coordinates":[[[-3.0390787013816056,38.12861989525305],[-3.0388427868354486,38.128696396049634],[-3.0385849720513796,38.128785338944084],[-3.0386652354845545,38.12888102927096],[-3.03873588906517,38.12892958563893],[-3.0388105525485005,38.12900923384038],[-3.038869575399582,38.12907041167887],[-3.0387620925724264,38.12906864225903],[-3.038611028037132,38.12907337468181],[-3.03759235516741,38.12929962908399],[-3.0375205021363794,38.129138865009764],[-3.037429575245355,38.128941064656004],[-3.037380236007585,38.12884833900844],[-3.037316472351787,38.12866368902334],[-3.0372774897941937,38.128520670277396],[-3.037252460591642,38.12844109583668],[-3.0372436277415527,38.128350341612844],[-3.0372539609523983,38.128254264042056],[-3.0372802675570703,38.12815854186391],[-3.037310706440252,38.12811094606212],[-3.0374025260040183,38.12805549138744],[-3.037488549481395,38.128043479281274],[-3.0376214839590485,38.12806326727946],[-3.0378064734112606,38.12813342046044],[-3.0383011884533575,38.128322086215604],[-3.0384729453942443,38.12839539685967],[-3.0386598693898237,38.12845302077102],[-3.0388265938357466,38.128503349911625],[-3.038900791285234,38.128563712190925],[-3.0389659496898025,38.128580185146205],[-3.0390787013816056,38.12861989525305]]]},"properties":{"dn_surface":13152.9421040588,"provincia":23,"municipio":48,"agregado":0,"zona":0,"poligono":20,"parcela":348,"recinto":1,"uso_sigpac":"OV","idPanel":"23:48:0:0:20:348:1"},"id":1112039806},{"type":"Feature","geometry":{"type":"Polygon","coordinates":[[[-3.0398533041128992,38.12839073316849],[-3.0399949348156112,38.128455397878895],[-3.0398259648576946,38.128473837228796],[-3.0396583678556004,38.128496872376445],[-3.0394526675576072,38.128531815694686],[-3.0393507830039135,38.1285412210288],[-3.039333959685055,38.128479350845026],[-3.0393355698487503,38.12847209966017],[-3.0395598721055612,38.12844454079911],[-3.0398533041128992,38.12839073316849]]]},"properties":{"dn_surface":416.826416015625,"provincia":23,"municipio":48,"agregado":0,"zona":0,"poligono":18,"parcela":9006,"recinto":54,"uso_sigpac":"OV","idPanel":"23:48:0:0:18:9006:54"},"id":1441127909},{"type":"Feature","geometry":{"type":"Polygon","coordinates":[[[-3.038853760423735,38.12846092406801],[-3.0389449002151125,38.12847816815844],[-3.039168194967103,38.12848603038404],[-3.0393355698487503,38.12847209966017],[-3.039333959685055,38.128479350845026],[-3.0393507830039135,38.1285412210288],[-3.039138677255134,38.12854732556923],[-3.0389502956465058,38.12853783054874],[-3.0388265938357466,38.128503349911625],[-3.038853760423735,38.12846092406801]]]},"properties":{"dn_surface":296.6793212890625,"provincia":23,"municipio":48,"agregado":0,"zona":0,"poligono":18,"parcela":9006,"recinto":55,"uso_sigpac":"OV","idPanel":"23:48:0:0:18:9006:55"},"id":1441127910},{"type":"Feature","geometry":{"type":"Polygon","coordinates":[[[-3.0388265938357466,38.128503349911625],[-3.0389502956465058,38.12853783054874],[-3.039138677255134,38.12854732556923],[-3.0393507830039135,38.1285412210288],[-3.039405583890115,38.1286023997055],[-3.0391019812808624,38.12862799971572],[-3.0390787013816056,38.12861989525305],[-3.0389659496898025,38.128580185146205],[-3.038900791285234,38.128563712190925],[-3.0388265938357466,38.128503349911625]]]},"properties":{"dn_surface":315.289439550652,"provincia":23,"municipio":48,"agregado":0,"zona":0,"poligono":20,"parcela":351,"recinto":2,"uso_sigpac":"OV","idPanel":"23:48:0:0:20:351:2"},"id":1112039803},{"type":"Feature","geometry":{"type":"Polygon","coordinates":[[[-3.0393869802549176,38.12900716267197],[-3.039215284501927,38.12904966562908],[-3.039058295637119,38.12907044353011],[-3.038869575399582,38.12907041167887],[-3.0388105525485005,38.12900923384038],[-3.03873588906517,38.12892958563893],[-3.0386652354845545,38.12888102927096],[-3.0385849720513796,38.128785338944084],[-3.0388427868354486,38.128696396049634],[-3.0390787013816056,38.12861989525305],[-3.0391019812808624,38.12862799971572],[-3.0391625011399386,38.128713961166994],[-3.039192075848852,38.12875595115159],[-3.0393869802549176,38.12900716267197]]]},"properties":{"dn_surface":2087.17051733381,"provincia":23,"municipio":48,"agregado":0,"zona":0,"poligono":20,"parcela":350,"recinto":1,"uso_sigpac":"OV","idPanel":"23:48:0:0:20:350:1"},"id":1112039804},{"type":"Feature","geometry":{"type":"Polygon","coordinates":[[[-3.04106364513568,38.12797422966955],[-3.0410433399740366,38.127980995542174],[-3.0410069449101056,38.12798479254454],[-3.0409526645401215,38.128002071000736],[-3.0408881909370837,38.12802259493009],[-3.04078943702441,38.128118070680216],[-3.0406954641495925,38.128195339259236],[-3.0405291261094285,38.128225224936784],[-3.040114785141634,38.12833738486617],[-3.039853302436519,38.128390732330274],[-3.0395598721055612,38.128444539960896],[-3.0393355698487503,38.12847209882199],[-3.039168194967103,38.12848603038404],[-3.0389449002151125,38.12847816815844],[-3.038853760423735,38.12846092406801],[-3.0387689431022964,38.128444876075235],[-3.038709135705033,38.128409294055956],[-3.039432138599136,38.12813346404633],[-3.040066774435596,38.12797355995542],[-3.040830100991881,38.12779873942873],[-3.04106364513568,38.12797422966955]]]},"properties":{"dn_surface":6524.60123178042,"provincia":23,"municipio":48,"agregado":0,"zona":0,"poligono":18,"parcela":233,"recinto":4,"uso_sigpac":"OV","idPanel":"23:48:0:0:18:233:4"},"id":1112038764},{"type":"Feature","geometry":{"type":"Polygon","coordinates":[[[-3.039432138599136,38.12813346404633],[-3.038709135705033,38.128409294055956],[-3.038262812745589,38.12825026755036],[-3.039032830575575,38.12798767340482],[-3.039432138599136,38.12813346404633]]]},"properties":{"dn_surface":2213.3182976433,"provincia":23,"municipio":48,"agregado":0,"zona":0,"poligono":18,"parcela":231,"recinto":1,"uso_sigpac":"OV","idPanel":"23:48:0:0:18:231:1"},"id":1112038766},{"type":"Feature","geometry":{"type":"Polygon","coordinates":[[[-3.0409526645401215,38.128002071000736],[-3.0409681970458147,38.12806429741542],[-3.040892579701846,38.12811551336142],[-3.0407959782620355,38.12818467161043],[-3.04070861032731,38.12823913638229],[-3.0404725843018343,38.12831464811427],[-3.040149973211436,38.12841839680337],[-3.0399949348156112,38.128455397878895],[-3.0398533041128992,38.12839073316849],[-3.040114785141634,38.12833738486617],[-3.0405291261094285,38.128225224936784],[-3.0406954641495925,38.128195339259236],[-3.04078943702441,38.128118070680216],[-3.0408881909370837,38.12802259493009],[-3.0409526645401215,38.128002071000736]]]},"properties":{"dn_surface":791.121337890625,"provincia":23,"municipio":48,"agregado":0,"zona":0,"poligono":18,"parcela":9006,"recinto":28,"uso_sigpac":"OV","idPanel":"23:48:0:0:18:9006:28"},"id":1441127908},{"type":"Feature","geometry":{"type":"Polygon","coordinates":[[[-3.041095737768455,38.12802829462461],[-3.0411316022578836,38.12809389559365],[-3.041175052370134,38.12825565795265],[-3.041275810395974,38.1284704861437],[-3.0412880655773322,38.12855186604645],[-3.0413451689724718,38.12864503761128],[-3.040446374927245,38.12877637365992],[-3.040383881968044,38.12863381424225],[-3.040120681810867,38.12867914190096],[-3.0400001525506473,38.12860437532021],[-3.0399041621516143,38.12854474226651],[-3.0398259648576946,38.128473837228796],[-3.0399949348156112,38.128455397878895],[-3.040149973211436,38.12841839680337],[-3.0404725843018343,38.12831464811427],[-3.04070861032731,38.12823913638229],[-3.0407959782620355,38.12818467161043],[-3.040892579701846,38.12811551336142],[-3.0409681970458147,38.12806429741542],[-3.0409993333033816,38.12804310712474],[-3.041066417031223,38.12803299100523],[-3.041095737768455,38.12802829462461]]]},"properties":{"dn_surface":5507.7070158133,"provincia":23,"municipio":48,"agregado":0,"zona":0,"poligono":20,"parcela":354,"recinto":1,"uso_sigpac":"OV","idPanel":"23:48:0:0:20:354:1"},"id":1112039800},{"type":"Feature","geometry":{"type":"Polygon","coordinates":[[[-3.0379209115420824,38.135435868210976],[-3.0379206072789793,38.13550715881627],[-3.03790366912804,38.13555460290564],[-3.0378982745348377,38.13556971380157],[-3.037897565425787,38.13557226022391],[-3.0378785762230205,38.13564046880322],[-3.0378185207214066,38.13579622469004],[-3.037784484325169,38.135954946932486],[-3.037768559546384,38.13604408931624],[-3.0377560260858245,38.136088432101246],[-3.0375443696070827,38.13568752313407],[-3.0374598456522732,38.135528116928214],[-3.0373752848170867,38.135550148762064],[-3.037361153765687,38.135553830094125],[-3.0371645830371725,38.13518968918561],[-3.0370749176226504,38.135011356641286],[-3.037063954930839,38.13499540755498],[-3.0372532216684944,38.134919645204064],[-3.037268807818372,38.13491340655318],[-3.0374025461205867,38.13517827554739],[-3.0375594436226456,38.135490326277306],[-3.037603534112336,38.13557629359599],[-3.0376337776971623,38.135585206074126],[-3.0377007541366368,38.13557490974364],[-3.037754717670662,38.135555335484014],[-3.037792589626019,38.135531443705815],[-3.037808780949341,38.13550764496671],[-3.037808754127249,38.135456813750096],[-3.03783030986892,38.135435897547666],[-3.0378680753741008,38.135426962438345],[-3.0379209115420824,38.135435868210976]]]},"properties":{"dn_surface":2565.04702187649,"provincia":23,"municipio":48,"agregado":0,"zona":0,"poligono":18,"parcela":94,"recinto":1,"uso_sigpac":"OV","idPanel":"23:48:0:0:18:94:1"},"id":1112038930},{"type":"Feature","geometry":{"type":"Polygon","coordinates":[[[-3.0379186928521804,38.135336276946134],[-3.0379210104485455,38.13540396417105],[-3.0379209115420824,38.135435868210976],[-3.0378680753741008,38.135426962438345],[-3.03783030986892,38.135435897547666],[-3.037808754127249,38.135456813750096],[-3.037808780949341,38.13550764496671],[-3.0376026146175032,38.13511525369006],[-3.0378041315073747,38.13505177501895],[-3.0379121549673176,38.13527085283522],[-3.0379186928521804,38.135336276946134]]]},"properties":{"dn_surface":737.538824698072,"provincia":23,"municipio":48,"agregado":0,"zona":0,"poligono":18,"parcela":96,"recinto":1,"uso_sigpac":"OV","idPanel":"23:48:0:0:18:96:1"},"id":1112038928},{"type":"Feature","geometry":{"type":"Polygon","coordinates":[[[-3.0376026146175032,38.13511525369006],[-3.037808780949341,38.13550764496671],[-3.037792589626019,38.135531443705815],[-3.037754717670662,38.135555335484014],[-3.0377007541366368,38.13557490974364],[-3.0376337776971623,38.135585206074126],[-3.037603534112336,38.13557629359599],[-3.0375594436226456,38.135490326277306],[-3.0374025461205867,38.13517827554739],[-3.0376026146175032,38.13511525369006]]]},"properties":{"dn_surface":955.76100003851,"provincia":23,"municipio":48,"agregado":0,"zona":0,"poligono":18,"parcela":95,"recinto":2,"uso_sigpac":"OV","idPanel":"23:48:0:0:18:95:2"},"id":1112038929},{"type":"Feature","geometry":{"type":"Polygon","coordinates":[[[-3.0371645830371725,38.13518968918561],[-3.037361153765687,38.135553830094125],[-3.037719465060202,38.13621732314854],[-3.037678576457713,38.136363249576874],[-3.037639193245124,38.13655171584273],[-3.0370109402283094,38.135311403646995],[-3.0369942770038114,38.13527303045382],[-3.036983978158771,38.13524931469556],[-3.037029045140239,38.13523704442679],[-3.0371645830371725,38.13518968918561]]]},"properties":{"dn_surface":2651.67223111841,"provincia":23,"municipio":48,"agregado":0,"zona":0,"poligono":18,"parcela":92,"recinto":1,"uso_sigpac":"OV","idPanel":"23:48:0:0:18:92:1"},"id":1112038932},{"type":"Feature","geometry":{"type":"Polygon","coordinates":[[[-3.037639193245124,38.13655171584273],[-3.0376290427597783,38.13677847651189],[-3.0376242181360253,38.136933134369315],[-3.0376322873946893,38.13708805877124],[-3.0376437731172903,38.13722928295161],[-3.0375877099163957,38.13716377837443],[-3.0372759718314395,38.13653902564059],[-3.037270489228247,38.13652920288766],[-3.0373737425468117,38.136496907412806],[-3.0368285558717583,38.13545818251495],[-3.036725144973406,38.13540449726011],[-3.0369177275921535,38.1353383791276],[-3.0370109402283094,38.135311403646995],[-3.037639193245124,38.13655171584273]]]},"properties":{"dn_surface":4159.65313110409,"provincia":23,"municipio":48,"agregado":0,"zona":0,"poligono":18,"parcela":91,"recinto":1,"uso_sigpac":"OV","idPanel":"23:48:0:0:18:91:1"},"id":1112038933},{"type":"Feature","geometry":{"type":"Polygon","coordinates":[[[-3.0377560260858245,38.136088432101246],[-3.037719465060202,38.13621732314854],[-3.037361153765687,38.135553830094125],[-3.0373752848170867,38.135550148762064],[-3.0374598456522732,38.135528116928214],[-3.0375443696070827,38.13568752313407],[-3.0377560260858245,38.136088432101246]]]},"properties":{"dn_surface":649.060169404358,"provincia":23,"municipio":48,"agregado":0,"zona":0,"poligono":18,"parcela":93,"recinto":1,"uso_sigpac":"OV","idPanel":"23:48:0:0:18:93:1"},"id":1112038931},{"type":"Feature","geometry":{"type":"Polygon","coordinates":[[[-3.036725144973406,38.13540449726011],[-3.0368285558717583,38.13545818251495],[-3.0373737425468117,38.136496907412806],[-3.037270489228247,38.13652920288766],[-3.036723278323458,38.136721969070095],[-3.0366710590635866,38.136740363995926],[-3.0366059400539656,38.1365922155249],[-3.036556018273891,38.13648461870383],[-3.0366564183924445,38.13644989163873],[-3.0366168926874937,38.136365544542116],[-3.036543438712861,38.13620829583829],[-3.0364849447599016,38.136073032867785],[-3.0368169595080285,38.13598344121405],[-3.0369421189318366,38.135945551656675],[-3.0368991675428547,38.135857151071406],[-3.036686012379736,38.13541793764267],[-3.036725144973406,38.13540449726011]]]},"properties":{"dn_surface":4958.151123046875,"provincia":23,"municipio":48,"agregado":0,"zona":0,"poligono":18,"parcela":502,"recinto":1,"uso_sigpac":"OV","idPanel":"23:48:0:0:18:502:1"},"id":1326708609},{"type":"Feature","geometry":{"type":"Polygon","coordinates":[[[-3.03821345255306,38.13601051560107],[-3.037878152936884,38.13614256159693],[-3.037849016601533,38.136069747999755],[-3.037854202485335,38.13595059923904],[-3.0379237152888603,38.13577311997253],[-3.037966447910157,38.135662793165466],[-3.0379953847562002,38.135575091630955],[-3.03821345255306,38.13601051560107]]]},"properties":{"dn_surface":1036.21536608995,"provincia":23,"municipio":48,"agregado":0,"zona":0,"poligono":20,"parcela":138,"recinto":1,"uso_sigpac":"OV","idPanel":"23:48:0:0:20:138:1"},"id":1112040022},{"type":"Feature","geometry":{"type":"Polygon","coordinates":[[[-3.0382140409626985,38.13711032529832],[-3.037767486662715,38.13639720131587],[-3.037797633855649,38.136223519051754],[-3.037849016601533,38.136069747999755],[-3.037878152936884,38.13614256159693],[-3.0384200606112217,38.136987781028466],[-3.0382140409626985,38.13711032529832]]]},"properties":{"dn_surface":2202.03294202325,"provincia":23,"municipio":48,"agregado":0,"zona":0,"poligono":20,"parcela":137,"recinto":1,"uso_sigpac":"OV","idPanel":"23:48:0:0:20:137:1"},"id":1112040023},{"type":"Feature","geometry":{"type":"Polygon","coordinates":[[[-3.0344218992656105,38.13550103751206],[-3.034289901046598,38.135554968356615],[-3.033532246524527,38.13586448356074],[-3.033048761556968,38.13512521390618],[-3.0331342184176577,38.13510220977159],[-3.0332153334522447,38.1350676704611],[-3.0335022661314763,38.13495953384546],[-3.0338268419400953,38.13482840482985],[-3.0339775494062926,38.13476626726339],[-3.0344218992656105,38.13550103751206]]]},"properties":{"dn_surface":8087.44725720278,"provincia":23,"municipio":48,"agregado":0,"zona":0,"poligono":18,"parcela":122,"recinto":1,"uso_sigpac":"OV","idPanel":"23:48:0:0:18:122:1"},"id":1112038895},{"type":"Feature","geometry":{"type":"Polygon","coordinates":[[[-3.0326918223800847,38.134771226835795],[-3.0327322013628306,38.13482508308144],[-3.0326729555531116,38.134931026152884],[-3.0324988759867177,38.13528319183564],[-3.03249878965311,38.13528324380343],[-3.0324635068677965,38.13530430166],[-3.032400723056538,38.1353417729604],[-3.03264827168499,38.13487323963258],[-3.0326014813841264,38.13481258985399],[-3.0326918223800847,38.134771226835795]]]},"properties":{"dn_surface":341.087890625,"provincia":23,"municipio":48,"agregado":0,"zona":0,"poligono":18,"parcela":120,"recinto":4,"uso_sigpac":"OV","idPanel":"23:48:0:0:18:120:4"},"id":1179156941},{"type":"Feature","geometry":{"type":"Polygon","coordinates":[[[-3.033048761556968,38.13512521390618],[-3.033532246524527,38.13586448356074],[-3.0333077171181273,38.13594853980533],[-3.0332164549509555,38.13600254943981],[-3.0331484760358025,38.136070162065806],[-3.0330703441207314,38.136141382263105],[-3.0329908509845045,38.136230807955144],[-3.0329638947822986,38.13626449147324],[-3.032706739654048,38.13628243293806],[-3.03266621566437,38.13623425543216],[-3.032608208700014,38.13616529415788],[-3.032521501259297,38.13595306854788],[-3.0323842970399135,38.135604315138124],[-3.0323496764249906,38.13550455372064],[-3.0323730242176667,38.13540703194781],[-3.032400723056538,38.1353417729604],[-3.0324635068677965,38.13530430166],[-3.03249878965311,38.13528324380343],[-3.0324988759867177,38.13528319183564],[-3.032500883452647,38.135281994061586],[-3.0327328392257002,38.135222000586054],[-3.033048761556968,38.13512521390618]]]},"properties":{"dn_surface":8152.912109375,"provincia":23,"municipio":48,"agregado":0,"zona":0,"poligono":18,"parcela":121,"recinto":2,"uso_sigpac":"OV","idPanel":"23:48:0:0:18:121:2"},"id":1179156943},{"type":"Feature","geometry":{"type":"Polygon","coordinates":[[[-3.033189051993283,38.13694698965605],[-3.033178944255647,38.136922936107084],[-3.03318276556553,38.136914730223396],[-3.033208425925429,38.13685962758868],[-3.033151237873062,38.13671006844328],[-3.0331177270221845,38.1366465126587],[-3.0331170816156012,38.13664528890075],[-3.033108634333082,38.136629267730086],[-3.0330625271573672,38.13654182016728],[-3.0330560194473577,38.13650811066526],[-3.0330447575215844,38.13644977848304],[-3.033042763466702,38.13639656512942],[-3.0330191499676795,38.13635702182245],[-3.03299200349626,38.1363115625679],[-3.0329736370689355,38.13628080684876],[-3.0329638947822986,38.13626449147324],[-3.0329908509845045,38.136230807955144],[-3.0330703441207314,38.136141382263105],[-3.0331484760358025,38.136070162065806],[-3.0332164549509555,38.13600254943981],[-3.0333077171181273,38.13594853980533],[-3.033532246524527,38.13586448356074],[-3.034289901046598,38.135554968356615],[-3.03440979579671,38.13572076827862],[-3.034585071460758,38.135963431095405],[-3.03473604128054,38.13620186356542],[-3.0348215559763645,38.13629656315126],[-3.0334334263948155,38.13683498898283],[-3.033189051993283,38.13694698965605]]]},"properties":{"dn_surface":13327.6437787986,"provincia":23,"municipio":48,"agregado":0,"zona":0,"poligono":18,"parcela":125,"recinto":1,"uso_sigpac":"OV","idPanel":"23:48:0:0:18:125:1"},"id":1112038892},{"type":"Feature","geometry":{"type":"Polygon","coordinates":[[[-3.0385512994297623,38.1348922162625],[-3.038266464741019,38.13506705774395],[-3.038163455335852,38.13491153152134],[-3.0381057685602166,38.134795466463004],[-3.0381536216864653,38.13465882047842],[-3.038251282598899,38.13441770328464],[-3.0385250322200377,38.134850672195114],[-3.0385375522695512,38.134870473604366],[-3.0385452535626443,38.13488265418678],[-3.0385512994297623,38.1348922162625]]]},"properties":{"dn_surface":1422.7137451171875,"provincia":23,"municipio":48,"agregado":0,"zona":0,"poligono":20,"parcela":140,"recinto":1,"uso_sigpac":"OV","idPanel":"23:48:0:0:20:140:1"},"id":1179160012},{"type":"Feature","geometry":{"type":"Polygon","coordinates":[[[-3.0379531760038834,38.134521349714475],[-3.038003882330142,38.13460316715259],[-3.0380557269189192,38.1346786772082],[-3.038052758048639,38.13468697026369],[-3.038004800148594,38.13482091392254],[-3.0379428377638957,38.1350364227242],[-3.0379197472956627,38.1351677453618],[-3.0379121549673176,38.13527085283522],[-3.0378041315073747,38.13505177501895],[-3.037719446620014,38.13488002981276],[-3.037647985862075,38.13471635554157],[-3.0376052725191576,38.13461852280014],[-3.0376128430545535,38.134616443249826],[-3.037836234198435,38.13455508939134],[-3.0378948890839452,38.13456282588842],[-3.0379531760038834,38.134521349714475]]]},"properties":{"dn_surface":1571.11415615007,"provincia":23,"municipio":48,"agregado":0,"zona":0,"poligono":18,"parcela":97,"recinto":2,"uso_sigpac":"OV","idPanel":"23:48:0:0:18:97:2"},"id":1112038927},{"type":"Feature","geometry":{"type":"Polygon","coordinates":[[[-3.0378041315073747,38.13505177501895],[-3.0376026146175032,38.13511525369006],[-3.0374025461205867,38.13517827554739],[-3.037268807818372,38.13491340655318],[-3.0372353204368245,38.134847084740386],[-3.037140326646138,38.134658948721494],[-3.037570326686372,38.134538483163766],[-3.0376052725191576,38.13461852280014],[-3.037647985862075,38.13471635554157],[-3.037719446620014,38.13488002981276],[-3.0378041315073747,38.13505177501895]]]},"properties":{"dn_surface":2369.13420735809,"provincia":23,"municipio":48,"agregado":0,"zona":0,"poligono":18,"parcela":98,"recinto":2,"uso_sigpac":"OV","idPanel":"23:48:0:0:18:98:2"},"id":1112038926},{"type":"Feature","geometry":{"type":"Polygon","coordinates":[[[-3.0381057685602166,38.134795466463004],[-3.038163455335852,38.13491153152134],[-3.038266464741019,38.13506705774395],[-3.037993845838687,38.13525640494788],[-3.037992228131278,38.13521846258453],[-3.037990446976748,38.1350877803244],[-3.0381057685602166,38.134795466463004]]]},"properties":{"dn_surface":593.470849756597,"provincia":23,"municipio":48,"agregado":0,"zona":0,"poligono":20,"parcela":139,"recinto":1,"uso_sigpac":"OV","idPanel":"23:48:0:0:20:139:1"},"id":1112040021},{"type":"Feature","geometry":{"type":"Polygon","coordinates":[[[-3.036421911167914,38.13598427688984],[-3.0363852948217267,38.13600934213457],[-3.0360132137358615,38.13607343855193],[-3.0356646916666445,38.13533026544485],[-3.0354239944062527,38.13478678197259],[-3.035206946687069,38.13429718659728],[-3.035240947041121,38.13428870494897],[-3.035352645965823,38.134265601907856],[-3.0354236113532544,38.134246024295464],[-3.035590293051469,38.134188477497645],[-3.035956241098418,38.134878650989606],[-3.036061470031677,38.13514602533482],[-3.036095625450946,38.13521847767194],[-3.036132412787969,38.13530706098268],[-3.0361761797361777,38.135431152552],[-3.036421911167914,38.13598427688984]]]},"properties":{"dn_surface":8116.97832781979,"provincia":23,"municipio":48,"agregado":0,"zona":0,"poligono":18,"parcela":115,"recinto":1,"uso_sigpac":"OV","idPanel":"23:48:0:0:18:115:1"},"id":1112038905},{"type":"Feature","geometry":{"type":"Polygon","coordinates":[[[-3.0344218992656105,38.13550103751206],[-3.034792464903293,38.13537602141878],[-3.0349366814232877,38.135340652299874],[-3.0350419916610116,38.135314667560294],[-3.0351243715248626,38.13530157586496],[-3.035180276307778,38.13528335528275],[-3.035223169861624,38.13526000078457],[-3.035237758564964,38.13522583865978],[-3.0352186637502108,38.135147974965605],[-3.0351632635578962,38.13503127707355],[-3.035128049504193,38.13489267223807],[-3.035104399124795,38.1348306721348],[-3.035094542844268,38.13474478444425],[-3.0351011192858888,38.134658982249135],[-3.0350934381093646,38.13458661289286],[-3.0350548210027704,38.13448739462271],[-3.035003636069812,38.134355373772536],[-3.0351626785010204,38.13430828423773],[-3.035206946687069,38.13429718659728],[-3.0354239944062527,38.13478678197259],[-3.0356646916666445,38.13533026544485],[-3.0360132137358615,38.13607343855193],[-3.035952179227899,38.136101485239834],[-3.035737453296033,38.136159947341554],[-3.035454041016342,38.136237174849214],[-3.035302859972588,38.1362666883702],[-3.035049216023785,38.1363161483074],[-3.034976076370542,38.136325901490494],[-3.034891176068256,38.13632141884841],[-3.0348215559763645,38.13629656315126],[-3.03473604128054,38.13620186356542],[-3.034585071460758,38.135963431095405],[-3.03440979579671,38.13572076827862],[-3.034289901046598,38.135554968356615],[-3.0344218992656105,38.13550103751206]]]},"properties":{"dn_surface":14741.838943344,"provincia":23,"municipio":48,"agregado":0,"zona":0,"poligono":18,"parcela":124,"recinto":1,"uso_sigpac":"OV","idPanel":"23:48:0:0:18:124:1"},"id":1112038893},{"type":"Feature","geometry":{"type":"Polygon","coordinates":[[[-3.037268807818372,38.13491340655318],[-3.0372532216684944,38.134919645204064],[-3.037063954930839,38.13499540755498],[-3.0370749176226504,38.135011356641286],[-3.0371645830371725,38.13518968918561],[-3.037029045140239,38.13523704442679],[-3.036983978158771,38.13524931469556],[-3.0369942770038114,38.13527303045382],[-3.0370109402283094,38.135311403646995],[-3.0369177275921535,38.1353383791276],[-3.036773751632795,38.13507458217887],[-3.0365641168692186,38.1346904730612],[-3.036639761035279,38.13467260535717],[-3.0366878999844436,38.1346499708645],[-3.0370381227419148,38.13448241577194],[-3.037140326646138,38.134658948721494],[-3.0372353204368245,38.134847084740386],[-3.037268807818372,38.13491340655318]]]},"properties":{"dn_surface":3043.39845982537,"provincia":23,"municipio":48,"agregado":0,"zona":0,"poligono":18,"parcela":111,"recinto":3,"uso_sigpac":"OV","idPanel":"23:48:0:0:18:111:3"},"id":1112038909},{"type":"Feature","geometry":{"type":"Polygon","coordinates":[[[-3.0365641168692186,38.1346904730612],[-3.036773751632795,38.13507458217887],[-3.0369177275921535,38.1353383791276],[-3.036725144973406,38.13540449726011],[-3.036686012379736,38.13541793764267],[-3.036668557065341,38.13542389047063],[-3.036589042974355,38.13523996635843],[-3.0365394564704276,38.13511686804472],[-3.0364818090897385,38.135072992969924],[-3.036095625450946,38.13521847767194],[-3.036061470031677,38.13514602533482],[-3.035956241098418,38.134878650989606],[-3.0360819654625333,38.13483373236781],[-3.0365641168692186,38.1346904730612]]]},"properties":{"dn_surface":3181.26943896317,"provincia":23,"municipio":48,"agregado":0,"zona":0,"poligono":18,"parcela":113,"recinto":1,"uso_sigpac":"OV","idPanel":"23:48:0:0:18:113:1"},"id":1112038907},{"type":"Feature","geometry":{"type":"Polygon","coordinates":[[[-3.036686012379736,38.13541793764267],[-3.0368991675428547,38.135857151071406],[-3.0369421189318366,38.135945551656675],[-3.0368169595080285,38.13598344121405],[-3.036774231077685,38.13588449535578],[-3.0367187864612806,38.13590821446675],[-3.036421911167914,38.13598427688984],[-3.0361761797361777,38.135431152552],[-3.036132412787969,38.13530706098268],[-3.036095625450946,38.13521847767194],[-3.0364818090897385,38.135072992969924],[-3.0365394564704276,38.13511686804472],[-3.036589042974355,38.13523996635843],[-3.036668557065341,38.13542389047063],[-3.036686012379736,38.13541793764267]]]},"properties":{"dn_surface":4006.26814924098,"provincia":23,"municipio":48,"agregado":0,"zona":0,"poligono":18,"parcela":114,"recinto":1,"uso_sigpac":"OV","idPanel":"23:48:0:0:18:114:1"},"id":1112038906},{"type":"Feature","geometry":{"type":"Polygon","coordinates":[[[-3.0368169595080285,38.13598344121405],[-3.0364849447599016,38.136073032867785],[-3.036543438712861,38.13620829583829],[-3.0364557028125647,38.13623689070266],[-3.0363852948217267,38.13600934213457],[-3.036421911167914,38.13598427688984],[-3.0367187864612806,38.13590821446675],[-3.036774231077685,38.13588449535578],[-3.0368169595080285,38.13598344121405]]]},"properties":{"dn_surface":524.953084171137,"provincia":23,"municipio":48,"agregado":0,"zona":0,"poligono":18,"parcela":90,"recinto":2,"uso_sigpac":"OV","idPanel":"23:48:0:0:18:90:2"},"id":1112038934},{"type":"Feature","geometry":{"type":"Polygon","coordinates":[[[-3.033757833727171,38.13296109690285],[-3.0337703202490705,38.13298156299706],[-3.034447005581677,38.13409073528072],[-3.03419202555743,38.13419309676473],[-3.0338167945521644,38.134334605091624],[-3.0331291280875576,38.1332360560327],[-3.0334210588959487,38.133108382875974],[-3.033757833727171,38.13296109690285]]]},"properties":{"dn_surface":8566.92653340866,"provincia":23,"municipio":48,"agregado":0,"zona":0,"poligono":18,"parcela":118,"recinto":1,"uso_sigpac":"OV","idPanel":"23:48:0:0:18:118:1"},"id":1112038902},{"type":"Feature","geometry":{"type":"Polygon","coordinates":[[[-3.0327054714720236,38.13476497728837],[-3.0327140847162357,38.13474978424978],[-3.032718211127413,38.134742504566475],[-3.0329607163644265,38.13430239762681],[-3.032977157468477,38.134272558887886],[-3.0329705592339073,38.13420905171836],[-3.0329245626993213,38.134174866124226],[-3.032904856843791,38.13417487115339],[-3.032839178761195,38.13419442948742],[-3.0327932023431776,38.13420421200718],[-3.0327341107604866,38.134262850967076],[-3.0327209729646727,38.13426285431984],[-3.032668441059794,38.13430195003312],[-3.0326618813819812,38.13432149327974],[-3.0326421629535947,38.13435412235435],[-3.032635633450635,38.13438012385774],[-3.0326093762991952,38.13441921286548],[-3.0326093880338605,38.13444363940917],[-3.032583117471374,38.13445341689979],[-3.032576535162421,38.13442410622085],[-3.0325633772500384,38.134380142297914],[-3.0325502285577493,38.13435571910699],[-3.032534834353467,38.13432140946068],[-3.03253050258565,38.134311756022214],[-3.032530495880126,38.134297100263666],[-3.032569879092716,38.13423358135944],[-3.032576438770529,38.134214038112844],[-3.0325961186421586,38.134155409211246],[-3.0326303612332257,38.13407311903376],[-3.032740470110802,38.13380851490771],[-3.0326899993160366,38.1336254247949],[-3.0327453056310296,38.13354871361247],[-3.0328282185839543,38.13345703402652],[-3.032976504518181,38.13334487828806],[-3.0331291280875576,38.1332360560327],[-3.0338167945521644,38.134334605091624],[-3.0332530922519023,38.13455439117877],[-3.0327054714720236,38.13476497728837]]]},"properties":{"dn_surface":9457.126646652585,"provincia":23,"municipio":48,"agregado":0,"zona":0,"poligono":18,"parcela":119,"recinto":3,"uso_sigpac":"OV","idPanel":"23:48:0:0:18:119:3"},"id":1318201817},{"type":"Feature","geometry":{"type":"Polygon","coordinates":[[[-3.035206946687069,38.13429718659728],[-3.0351626785010204,38.13430828423773],[-3.035003636069812,38.134355373772536],[-3.034971203131747,38.13430175808756],[-3.034210729775472,38.13464904047319],[-3.034044049753639,38.13471460707649],[-3.03419202555743,38.13419309676473],[-3.034447005581677,38.13409073528072],[-3.035132433239813,38.13383062301685],[-3.0354236113532544,38.134246024295464],[-3.035352645965823,38.134265601907856],[-3.035240947041121,38.13428870494897],[-3.035206946687069,38.13429718659728]]]},"properties":{"dn_surface":5090.64138150446,"provincia":23,"municipio":48,"agregado":0,"zona":0,"poligono":18,"parcela":116,"recinto":2,"uso_sigpac":"OV","idPanel":"23:48:0:0:18:116:2"},"id":1112038904},{"type":"Feature","geometry":{"type":"Polygon","coordinates":[[[-3.034044049753639,38.13471460707649],[-3.0339789123038297,38.13475364914558],[-3.0339775494062926,38.13476626726339],[-3.0338268419400953,38.13482840482985],[-3.0335022661314763,38.13495953384546],[-3.0332153334522447,38.1350676704611],[-3.0331342184176577,38.13510220977159],[-3.033048761556968,38.13512521390618],[-3.0332530922519023,38.13455439117877],[-3.0338167945521644,38.134334605091624],[-3.03419202555743,38.13419309676473],[-3.034044049753639,38.13471460707649]]]},"properties":{"dn_surface":4659.46099405664,"provincia":23,"municipio":48,"agregado":0,"zona":0,"poligono":18,"parcela":87,"recinto":1,"uso_sigpac":"OV","idPanel":"23:48:0:0:18:87:1"},"id":1112038937},{"type":"Feature","geometry":{"type":"Polygon","coordinates":[[[-3.035003636069812,38.134355373772536],[-3.0350548210027704,38.13448739462271],[-3.0350934381093646,38.13458661289286],[-3.0351011192858888,38.134658982249135],[-3.035094542844268,38.13474478444425],[-3.035104399124795,38.1348306721348],[-3.035128049504193,38.13489267223807],[-3.0351632635578962,38.13503127707355],[-3.0352186637502108,38.135147974965605],[-3.035237758564964,38.13522583865978],[-3.035223169861624,38.13526000078457],[-3.035180276307778,38.13528335528275],[-3.0351243715248626,38.13530157586496],[-3.0350419916610116,38.135314667560294],[-3.0349366814232877,38.135340652299874],[-3.034792464903293,38.13537602141878],[-3.0344218992656105,38.13550103751206],[-3.0339775494062926,38.13476626726339],[-3.0339789123038297,38.13475364914558],[-3.034044049753639,38.13471460707649],[-3.034210729775472,38.13464904047319],[-3.034971203131747,38.13430175808756],[-3.035003636069812,38.134355373772536]]]},"properties":{"dn_surface":8780.53741519058,"provincia":23,"municipio":48,"agregado":0,"zona":0,"poligono":18,"parcela":123,"recinto":1,"uso_sigpac":"OV","idPanel":"23:48:0:0:18:123:1"},"id":1112038894},{"type":"Feature","geometry":{"type":"Polygon","coordinates":[[[-3.0332530922519023,38.13455439117877],[-3.033048761556968,38.13512521390618],[-3.0327328392257002,38.135222000586054],[-3.032500883452647,38.135281994061586],[-3.0324988759867177,38.13528319183564],[-3.0326729555531116,38.134931026152884],[-3.0327322013628306,38.13482508308144],[-3.0326918223800847,38.134771226835795],[-3.0327054714720236,38.13476497728837],[-3.0332530922519023,38.13455439117877]]]},"properties":{"dn_surface":2441.5169677734375,"provincia":23,"municipio":48,"agregado":0,"zona":0,"poligono":18,"parcela":120,"recinto":3,"uso_sigpac":"OV","idPanel":"23:48:0:0:18:120:3"},"id":1179156940},{"type":"Feature","geometry":{"type":"Polygon","coordinates":[[[-3.0385385212176157,38.13341568190475],[-3.038525897232496,38.13349346513263],[-3.038486919704045,38.1335798180188],[-3.038453646899232,38.133666258915014],[-3.0384274526120696,38.1337585562473],[-3.037886342056771,38.1328661089795],[-3.03810091292342,38.13275158451509],[-3.0385385212176157,38.13341568190475]]]},"properties":{"dn_surface":2328.58664916423,"provincia":23,"municipio":48,"agregado":0,"zona":0,"poligono":18,"parcela":104,"recinto":1,"uso_sigpac":"OV","idPanel":"23:48:0:0:18:104:1"},"id":1112038920},{"type":"Feature","geometry":{"type":"Polygon","coordinates":[[[-3.0384274526120696,38.1337585562473],[-3.0383476753293084,38.133940455291594],[-3.038296049508217,38.13405979767424],[-3.0382323336292703,38.13419149163016],[-3.0381916704999905,38.13432831614932],[-3.037410532398404,38.1331004887991],[-3.037886342056771,38.1328661089795],[-3.0384274526120696,38.1337585562473]]]},"properties":{"dn_surface":6216.88898026681,"provincia":23,"municipio":48,"agregado":0,"zona":0,"poligono":18,"parcela":103,"recinto":1,"uso_sigpac":"OV","idPanel":"23:48:0:0:18:103:1"},"id":1112038921},{"type":"Feature","geometry":{"type":"Polygon","coordinates":[[[-3.0381916704999905,38.13432831614932],[-3.0381696763847574,38.13438176754903],[-3.0381490770182946,38.13448226405947],[-3.038112141321578,38.134549149136205],[-3.0380557269189192,38.1346786772082],[-3.038003882330142,38.13460316715259],[-3.0379531760038834,38.134521349714475],[-3.037702497572601,38.13411730004802],[-3.037285956355092,38.133369191676024],[-3.0372017861166167,38.13321961073771],[-3.037410532398404,38.1331004887991],[-3.0381916704999905,38.13432831614932]]]},"properties":{"dn_surface":4319.9088430431,"provincia":23,"municipio":48,"agregado":0,"zona":0,"poligono":18,"parcela":102,"recinto":1,"uso_sigpac":"OV","idPanel":"23:48:0:0:18:102:1"},"id":1112038922},{"type":"Feature","geometry":{"type":"Polygon","coordinates":[[[-3.0379531760038834,38.134521349714475],[-3.0378948890839452,38.13456282588842],[-3.037836234198435,38.13455508939134],[-3.0376128430545535,38.134616443249826],[-3.0376052725191576,38.13461852280014],[-3.037570326686372,38.134538483163766],[-3.0373965153408955,38.134219773011324],[-3.0372954228770985,38.13402071285745],[-3.037273486597001,38.133937329679725],[-3.037264554002259,38.13390337710251],[-3.0371570552494855,38.13366385330866],[-3.036941243861093,38.133370376877224],[-3.037033762475625,38.1333251984164],[-3.0372017861166167,38.13321961073771],[-3.037285956355092,38.133369191676024],[-3.037702497572601,38.13411730004802],[-3.0379531760038834,38.134521349714475]]]},"properties":{"dn_surface":4263.11125198794,"provincia":23,"municipio":48,"agregado":0,"zona":0,"poligono":18,"parcela":101,"recinto":1,"uso_sigpac":"OV","idPanel":"23:48:0:0:18:101:1"},"id":1112038923},{"type":"Feature","geometry":{"type":"Polygon","coordinates":[[[-3.0372954228770985,38.13402071285745],[-3.037141060900901,38.13406564069933],[-3.03699833803614,38.13410713950438],[-3.036860050874802,38.134134939764266],[-3.0367005935393623,38.13381630001987],[-3.0371570552494855,38.13366385330866],[-3.037264554002259,38.13390337710251],[-3.037273486597001,38.133937329679725],[-3.0372954228770985,38.13402071285745]]]},"properties":{"dn_surface":1700.91359194753,"provincia":23,"municipio":48,"agregado":0,"zona":0,"poligono":18,"parcela":99,"recinto":1,"uso_sigpac":"OV","idPanel":"23:48:0:0:18:99:1"},"id":1112038925},{"type":"Feature","geometry":{"type":"Polygon","coordinates":[[[-3.037570326686372,38.134538483163766],[-3.037140326646138,38.134658948721494],[-3.0370381227419148,38.13448241577194],[-3.0369880995408054,38.134384800959964],[-3.036860050874802,38.134134939764266],[-3.03699833803614,38.13410713950438],[-3.037141060900901,38.13406564069933],[-3.0372954228770985,38.13402071285745],[-3.0373965153408955,38.134219773011324],[-3.037570326686372,38.134538483163766]]]},"properties":{"dn_surface":2498.56011298007,"provincia":23,"municipio":48,"agregado":0,"zona":0,"poligono":18,"parcela":524,"recinto":1,"uso_sigpac":"OV","idPanel":"23:48:0:0:18:524:1"},"id":1112038410},{"type":"Feature","geometry":{"type":"Polygon","coordinates":[[[-3.0351585596335564,38.133822594829525],[-3.035132433239813,38.13383062301685],[-3.034447005581677,38.13409073528072],[-3.0337703202490705,38.13298156299706],[-3.033757833727171,38.13296109690285],[-3.034422826304157,38.13269711890504],[-3.0351585596335564,38.133822594829525]]]},"properties":{"dn_surface":9383.26938679771,"provincia":23,"municipio":48,"agregado":0,"zona":0,"poligono":18,"parcela":117,"recinto":1,"uso_sigpac":"OV","idPanel":"23:48:0:0:18:117:1"},"id":1112038903},{"type":"Feature","geometry":{"type":"Polygon","coordinates":[[[-3.036616973153768,38.133188414130444],[-3.036809026036204,38.13343503404394],[-3.03659083586355,38.13361832364609],[-3.036172886486225,38.13388747076391],[-3.0360819730062465,38.13394589849983],[-3.0359538673432986,38.134018306412884],[-3.0357728266059056,38.13411253996492],[-3.035590293051469,38.134188477497645],[-3.0354236113532544,38.134246024295464],[-3.035132433239813,38.13383062301685],[-3.0351585596335564,38.133822594829525],[-3.0354670606273153,38.13369802884449],[-3.0355206209917736,38.13367640269482],[-3.0357419828767758,38.13358702226503],[-3.035759780172842,38.133579807122345],[-3.035774265778766,38.133568356603746],[-3.036082053472522,38.133428033478],[-3.0364505278252376,38.13325614661761],[-3.0365134993911385,38.13322674792869],[-3.036616973153768,38.133188414130444]]]},"properties":{"dn_surface":6995.551795141813,"provincia":23,"municipio":48,"agregado":0,"zona":0,"poligono":18,"parcela":109,"recinto":1,"uso_sigpac":"OV","idPanel":"23:48:0:0:18:109:1"},"id":1156720132},{"type":"Feature","geometry":{"type":"Polygon","coordinates":[[[-3.036860050874802,38.134134939764266],[-3.0369880995408054,38.134384800959964],[-3.0370381227419148,38.13448241577194],[-3.0366878999844436,38.1346499708645],[-3.036639761035279,38.13467260535717],[-3.0365641168692186,38.1346904730612],[-3.036269523968221,38.134091038705606],[-3.036196987812041,38.133936943273966],[-3.036172886486225,38.13388747076391],[-3.03659083586355,38.13361832364609],[-3.0367005935393623,38.13381630001987],[-3.036860050874802,38.134134939764266]]]},"properties":{"dn_surface":4656.89286611535,"provincia":23,"municipio":48,"agregado":0,"zona":0,"poligono":18,"parcela":110,"recinto":1,"uso_sigpac":"OV","idPanel":"23:48:0:0:18:110:1"},"id":1112038910},{"type":"Feature","geometry":{"type":"Polygon","coordinates":[[[-3.0365641168692186,38.1346904730612],[-3.0360819654625333,38.13483373236781],[-3.035956241098418,38.134878650989606],[-3.035590293051469,38.134188477497645],[-3.0357728266059056,38.13411253996492],[-3.0359538673432986,38.134018306412884],[-3.0360819730062465,38.13394589849983],[-3.036172886486225,38.13388747076391],[-3.036196987812041,38.133936943273966],[-3.036269523968221,38.134091038705606],[-3.0365641168692186,38.1346904730612]]]},"properties":{"dn_surface":5123.30260558966,"provincia":23,"municipio":48,"agregado":0,"zona":0,"poligono":18,"parcela":112,"recinto":1,"uso_sigpac":"OV","idPanel":"23:48:0:0:18:112:1"},"id":1112038908},{"type":"Feature","geometry":{"type":"Polygon","coordinates":[[[-3.0372849547176033,38.12883160369955],[-3.0373095120189793,38.12888242821066],[-3.0373624001547634,38.128996962733396],[-3.037445193246465,38.12913275879296],[-3.0375233151032512,38.129281083283956],[-3.037571081057702,38.12941851213833],[-3.0376434956762783,38.12956088966868],[-3.0377632546395508,38.129906128546224],[-3.0379394296818627,38.1303429179284],[-3.038042382090085,38.13061894323641],[-3.0380835489717755,38.130788278645355],[-3.038120713494462,38.1309403104523],[-3.0371822001223086,38.13136604326539],[-3.0368952012260375,38.13149621255303],[-3.0375979266187803,38.13251335069617],[-3.038385449216392,38.13225021591785],[-3.0384339167361802,38.1324127888069],[-3.0384480343765334,38.13256563868765],[-3.03810091292342,38.13275158451509],[-3.037886342056771,38.1328661089795],[-3.037410532398404,38.1331004887991],[-3.0372017861166167,38.13321961073771],[-3.037033762475625,38.1333251984164],[-3.036941243861093,38.133370376877224],[-3.036809026036204,38.13343503404394],[-3.036616973153768,38.133188414130444],[-3.0365134993911385,38.13322674792869],[-3.0364505278252376,38.13325614661761],[-3.0356974858647576,38.13222847074513],[-3.0352547478455154,38.132430477976385],[-3.0351418092372606,38.13248106947057],[-3.0351127215169504,38.13249919282268],[-3.0357419828767758,38.13358702226503],[-3.0355206209917736,38.13367640269482],[-3.0354670606273153,38.13369802884449],[-3.0351585596335564,38.133822594829525],[-3.034422826304157,38.13269711890504],[-3.033757833727171,38.13296109690285],[-3.0334210588959487,38.133108382875974],[-3.033414614050216,38.133103864191725],[-3.0334066168759235,38.13309880068371],[-3.033400044625255,38.13309258885491],[-3.033395156299034,38.13308547345687],[-3.0333921455192354,38.13307773612161],[-3.033391129632511,38.133069681112175],[-3.033392149710187,38.133061626102744],[-3.0333951655191282,38.13305388960566],[-3.033544024775566,38.13283484950796],[-3.0336024818481495,38.132747122827766],[-3.033643358715973,38.13265220866515],[-3.033667422323222,38.13259919982997],[-3.0336942913536302,38.132423604815386],[-3.033717285429972,38.13239286083086],[-3.0337652785340112,38.13229659382904],[-3.033785885444187,38.13220024300816],[-3.0337933478530252,38.13205576832553],[-3.0337929279196514,38.132052480104704],[-3.033783383445941,38.131977811592236],[-3.0337719295745744,38.13188606662743],[-3.033728605190879,38.131718533327785],[-3.033654924066658,38.13153956124421],[-3.0335594449637493,38.13135140343243],[-3.033558785307931,38.1313495946176],[-3.0334828972284726,38.13114142920176],[-3.03341348165503,38.13105312333201],[-3.03334402752483,38.13088217189204],[-3.033376201462072,38.13083238422246],[-3.0334562939044116,38.130788606377735],[-3.0334562905516496,38.130782595714635],[-3.0335388229661477,38.130752519767896],[-3.03360483464851,38.130698405359595],[-3.033613086632674,38.13069239302007],[-3.0337397933559,38.130608856453534],[-3.0337863799765037,38.130578142643884],[-3.0337844278311383,38.1305647542292],[-3.033782262785421,38.130549910715956],[-3.0337367574303897,38.13036529677302],[-3.0337284803005145,38.13033171635237],[-3.033674660097042,38.130270040628744],[-3.0336492679580607,38.130240942011994],[-3.033571458746281,38.12994105845337],[-3.033571450364378,38.12992302646404],[-3.0335605572423674,38.12987018191413],[-3.0357667421820307,38.129488340939645],[-3.035840420791681,38.129656947122925],[-3.0358865899934826,38.1298014964045],[-3.035976356829039,38.129966762399164],[-3.0360154131473847,38.130034436213066],[-3.0360819771971985,38.13011940692334],[-3.0360955810268573,38.13017059437084],[-3.0361088923280772,38.13031984003305],[-3.0361155727053033,38.130442950919615],[-3.0360991173520158,38.13062095489329],[-3.0360820467669996,38.130708832447766],[-3.03600097280374,38.13081304214154],[-3.0359107608890983,38.13089661475027],[-3.0358278588326484,38.130996317494464],[-3.0357478032706857,38.13108565517655],[-3.035693896733606,38.13121292935466],[-3.035673300719905,38.13132532230097],[-3.0356701826517387,38.13148006984474],[-3.0357120100274386,38.13161083173293],[-3.0357481209448354,38.13171978390781],[-3.0357929071325307,38.131834501994206],[-3.0358580009964404,38.13194362683632],[-3.035900022832305,38.13200553138586],[-3.035929109714425,38.131987227822805],[-3.035879888661497,38.13190234260796],[-3.0358321436618056,38.13180357779882],[-3.0357686121847394,38.13162460487706],[-3.035745520040126,38.1315386308529],[-3.0357310981366687,38.131447967991846],[-3.035728524054051,38.13132080026392],[-3.0357329471846186,38.13126798505073],[-3.035754819762249,38.13119686962719],[-3.0357883322895067,38.131130437173255],[-3.035833475546299,38.131047958402974],[-3.0359048642198654,38.13097006956309],[-3.036028486402541,38.13084286579297],[-3.036081975520818,38.1307936413873],[-3.0361282385999395,38.13066979540778],[-3.036152695318472,38.13052279190484],[-3.036161770405577,38.130416801056526],[-3.0361493668645236,38.13025782148958],[-3.036127971217213,38.130142285329384],[-3.036081946184155,38.13005857190467],[-3.0360011840277124,38.12987509706244],[-3.0359042238424254,38.129697215464546],[-3.0358508579381325,38.129536535209354],[-3.0358219529433224,38.12946200918927],[-3.0360819310967284,38.129351980777955],[-3.036859231124623,38.12901306269396],[-3.0372849547176033,38.12883160369955]],[[-3.035387264066175,38.13062345353876],[-3.0353932562891095,38.130682662468104],[-3.035296151096889,38.13068941828246],[-3.0352841993404436,38.13063828531733],[-3.035387264066175,38.13062345353876]],[[-3.0354682525340166,38.13075127170242],[-3.0354742573298075,38.13083537572385],[-3.0353473410589893,38.13085155950347],[-3.035337925666596,38.13075938203241],[-3.0354682525340166,38.13075127170242]]]},"properties":{"dn_surface":141245.001953125,"provincia":23,"municipio":48,"agregado":0,"zona":0,"poligono":18,"parcela":107,"recinto":1,"uso_sigpac":"OV","idPanel":"23:48:0:0:18:107:1"},"id":1280128124},{"type":"Feature","geometry":{"type":"Polygon","coordinates":[[[-3.0357667421820307,38.129488340939645],[-3.0335605572423674,38.12987018191413],[-3.0335449417558276,38.12987288423989],[-3.0335108215405535,38.12987992755353],[-3.033488746120855,38.12988448479456],[-3.033487999293237,38.12986952812565],[-3.0334842768898174,38.129852901781504],[-3.033455790990191,38.12983823931745],[-3.033444636352786,38.12981574731714],[-3.0334594840569484,38.129790313268614],[-3.0334668995271263,38.129759990893916],[-3.03346069608022,38.12973456271277],[-3.033461921514536,38.12970522018256],[-3.0334631494634237,38.129683702997625],[-3.033469333631952,38.12966707413892],[-3.033485426048811,38.1296572882664],[-3.0335039978327747,38.1296543487328],[-3.03352380510934,38.129645541028395],[-3.033536182666491,38.12963575683224],[-3.0335361801519203,38.12962988866147],[-3.033530035378339,38.12961638541469],[-3.033557369604401,38.12961160521502],[-3.0356742051273105,38.12925656202472],[-3.035727575222556,38.12942751681746],[-3.0357667421820307,38.129488340939645]]]},"properties":{"dn_surface":5524.64181941758,"provincia":23,"municipio":48,"agregado":0,"zona":0,"poligono":18,"parcela":191,"recinto":1,"uso_sigpac":"OV","idPanel":"23:48:0:0:18:191:1"},"id":1112038807},{"type":"Feature","geometry":{"type":"Polygon","coordinates":[[[-3.038120713494462,38.1309403104523],[-3.0381591143479407,38.131058093800874],[-3.038200640813299,38.13125834167056],[-3.03820981983601,38.13130278503837],[-3.037566745098933,38.13153927625953],[-3.0375944933910364,38.131578658633885],[-3.03712683597218,38.13175372391217],[-3.037091839009782,38.13170507618142],[-3.036974269399748,38.131523806618105],[-3.037223815435845,38.131387792629],[-3.0372017559417634,38.13136762325422],[-3.0371822001223086,38.13136604326539],[-3.038120713494462,38.1309403104523]]]},"properties":{"dn_surface":4020.41552734375,"provincia":23,"municipio":48,"agregado":0,"zona":0,"poligono":18,"parcela":106,"recinto":3,"uso_sigpac":"OV","idPanel":"23:48:0:0:18:106:3"},"id":1280128122},{"type":"Feature","geometry":{"type":"Polygon","coordinates":[[[-3.03820981983601,38.13130278503837],[-3.038252234783157,38.13150815676573],[-3.0382711342995545,38.131643791054586],[-3.0382771617264845,38.13181926453154],[-3.03830781351002,38.13195291314739],[-3.038347832909097,38.13210845864839],[-3.038385449216392,38.13225021591785],[-3.0375979266187803,38.13251335069617],[-3.0368952012260375,38.13149621255303],[-3.0371822001223086,38.13136604326539],[-3.0372017559417634,38.13136762325422],[-3.037223815435845,38.131387792629],[-3.036974269399748,38.131523806618105],[-3.037091839009782,38.13170507618142],[-3.03712683597218,38.13175372391217],[-3.0375944933910364,38.131578658633885],[-3.037566745098933,38.13153927625953],[-3.03820981983601,38.13130278503837]]]},"properties":{"dn_surface":9324.917724609375,"provincia":23,"municipio":48,"agregado":0,"zona":0,"poligono":18,"parcela":106,"recinto":2,"uso_sigpac":"OV","idPanel":"23:48:0:0:18:106:2"},"id":1280128121},{"type":"Feature","geometry":{"type":"Polygon","coordinates":[[[-3.0357419828767758,38.13358702226503],[-3.0351127215169504,38.13249919282268],[-3.0351418092372606,38.13248106947057],[-3.0352547478455154,38.132430477976385],[-3.0356974858647576,38.13222847074513],[-3.0364505278252376,38.13325614661761],[-3.036082053472522,38.133428033478],[-3.035774265778766,38.133568356603746],[-3.035759780172842,38.133579807122345],[-3.0357419828767758,38.13358702226503]]]},"properties":{"dn_surface":8677.90208241278,"provincia":23,"municipio":48,"agregado":0,"zona":0,"poligono":18,"parcela":108,"recinto":1,"uso_sigpac":"OV","idPanel":"23:48:0:0:18:108:1"},"id":1112038912},{"type":"Feature","geometry":{"type":"Polygon","coordinates":[[[-3.0384480343765334,38.13256563868765],[-3.0384883664206184,38.13266386370219],[-3.0385041394869474,38.132714600203286],[-3.0385511024550262,38.13283589556954],[-3.0385642972477847,38.13297027005825],[-3.0385649317578927,38.13308833503879],[-3.03856841862982,38.13320766149582],[-3.0385550084221373,38.133307164750676],[-3.0385385212176157,38.13341568190475],[-3.03810091292342,38.13275158451509],[-3.0384480343765334,38.13256563868765]]]},"properties":{"dn_surface":1908.33586403701,"provincia":23,"municipio":48,"agregado":0,"zona":0,"poligono":18,"parcela":105,"recinto":1,"uso_sigpac":"OV","idPanel":"23:48:0:0:18:105:1"},"id":1112038919},{"type":"Feature","geometry":{"type":"Polygon","coordinates":[[[-3.0371570552494855,38.13366385330866],[-3.0367005935393623,38.13381630001987],[-3.03659083586355,38.13361832364609],[-3.036809026036204,38.13343503404394],[-3.036941243861093,38.133370376877224],[-3.0371570552494855,38.13366385330866]]]},"properties":{"dn_surface":1330.0907540265,"provincia":23,"municipio":48,"agregado":0,"zona":0,"poligono":18,"parcela":100,"recinto":1,"uso_sigpac":"OV","idPanel":"23:48:0:0:18:100:1"},"id":1112038924},{"type":"Feature","geometry":{"type":"Polygon","coordinates":[[[-3.0354205544729855,38.12477813603897],[-3.0354608177854607,38.12480459854706],[-3.0354762580902133,38.12486237752364],[-3.0354986411257765,38.124884955019354],[-3.0355058126825574,38.124902137083666],[-3.0355354997089803,38.124895343550776],[-3.035551713663441,38.12489135125003],[-3.035600438507672,38.12487865518054],[-3.0356777515107543,38.12494149095963],[-3.0358011046343205,38.12497831852977],[-3.0359041442143404,38.12500703912272],[-3.0359810523714748,38.125025583246384],[-3.036083521982045,38.12505286299009],[-3.0361368199929193,38.12508637467914],[-3.036334803910392,38.12515066807126],[-3.03648201779914,38.125215787919046],[-3.0365587004830648,38.12524027984159],[-3.036256529502959,38.125585460884025],[-3.0360820132393838,38.12545338471327],[-3.0359440395612443,38.12538555918698],[-3.035839616128928,38.12532925961642],[-3.0357656667837896,38.12529593316742],[-3.035707686641526,38.1252556631494],[-3.035549722123129,38.12513511880175],[-3.035417780901061,38.12503520483364],[-3.035324885100865,38.12498809518223],[-3.0352050699788373,38.124924446358506],[-3.0352795180472447,38.124817473151126],[-3.0354205544729855,38.12477813603897]]]},"properties":{"dn_surface":3757.9285888671875,"provincia":23,"municipio":48,"agregado":0,"zona":0,"poligono":18,"parcela":284,"recinto":1,"uso_sigpac":"OV","idPanel":"23:48:0:0:18:284:1"},"id":1179158534},{"type":"Feature","geometry":{"type":"Polygon","coordinates":[[[-3.0359744222856713,38.12545215341163],[-3.0357224698050302,38.125841210367014],[-3.0356600346809643,38.125789765595044],[-3.03554983863159,38.12582665854407],[-3.0354339319912453,38.12585309758282],[-3.0353701624681153,38.125871591415034],[-3.035355816839982,38.125933511890224],[-3.0349894396395647,38.12589125368467],[-3.03499100621736,38.12582942708684],[-3.0349826033589307,38.125679098482664],[-3.03495673428963,38.12550822583265],[-3.0349381583147146,38.12531788369674],[-3.0349470205014657,38.12524226551457],[-3.03498497543767,38.12516537747399],[-3.0350344529768494,38.12508641323589],[-3.0350882715039416,38.1250176313344],[-3.0351624010600085,38.12495461282978],[-3.0352146622293983,38.124969559440444],[-3.0353146440909593,38.125043074602985],[-3.035626445040193,38.12524072492067],[-3.0357191304546074,38.1253245162971],[-3.0358453518656106,38.12539117506242],[-3.0359744222856713,38.12545215341163]]]},"properties":{"dn_surface":6258.87256910492,"provincia":23,"municipio":48,"agregado":0,"zona":0,"poligono":18,"parcela":283,"recinto":1,"uso_sigpac":"OV","idPanel":"23:48:0:0:18:283:1"},"id":1112038702},{"type":"Feature","geometry":{"type":"Polygon","coordinates":[[[-3.0372610310881454,38.12649796940002],[-3.037141239435448,38.1265146778868],[-3.0368533805558604,38.12652034992101],[-3.036589687542748,38.12648356426038],[-3.0364712361564483,38.12644394300173],[-3.036419192916553,38.12641277405473],[-3.0363886995509977,38.126354651420115],[-3.036378069620762,38.12631716167954],[-3.0361601979604473,38.1261896050313],[-3.0360820056956705,38.126116625472434],[-3.0357224698050302,38.125841210367014],[-3.0359744222856713,38.12545215341163],[-3.0361032739380462,38.125531789040224],[-3.0361176564465553,38.125545664443564],[-3.036207023465307,38.125606924424716],[-3.036364511891574,38.12569816396075],[-3.0364189582232504,38.125729706740685],[-3.036601805260885,38.1258625900887],[-3.0366966573973984,38.1259399810435],[-3.0367912966335595,38.12604711434528],[-3.036915028619172,38.12615090410566],[-3.037105069844727,38.12629189610732],[-3.037222651189426,38.12641398272524],[-3.0372610310881454,38.12649796940002]]]},"properties":{"dn_surface":6780.90067859877,"provincia":23,"municipio":48,"agregado":0,"zona":0,"poligono":18,"parcela":261,"recinto":1,"uso_sigpac":"OV","idPanel":"23:48:0:0:18:261:1"},"id":1112038725},{"type":"Feature","geometry":{"type":"Polygon","coordinates":[[[-3.0356600346809643,38.125789765595044],[-3.0357224698050302,38.125841210367014],[-3.0360820056956705,38.126116625472434],[-3.0361601979604473,38.1261896050313],[-3.0360819730062465,38.12650281665492],[-3.036026359913579,38.12663234388873],[-3.035999711327237,38.12673022859798],[-3.035937303025264,38.126960158464925],[-3.0347819992583687,38.12664989894779],[-3.034748495113015,38.126640900974195],[-3.0349514981144075,38.12599680280667],[-3.0349894396395647,38.12589125368467],[-3.035355816839982,38.125933511890224],[-3.0353701624681153,38.125871591415034],[-3.0354339319912453,38.12585309758282],[-3.03554983863159,38.12582665854407],[-3.0356600346809643,38.125789765595044]]]},"properties":{"dn_surface":10772.327190620372,"provincia":23,"municipio":48,"agregado":0,"zona":0,"poligono":18,"parcela":263,"recinto":1,"uso_sigpac":"OV","idPanel":"23:48:0:0:18:263:1"},"id":1156720152},{"type":"Feature","geometry":{"type":"Polygon","coordinates":[[[-3.0372610310881454,38.12649796940002],[-3.037289795266974,38.126521033046174],[-3.0373790147642206,38.12673352436249],[-3.037409876095347,38.12684022515805],[-3.0374206434888027,38.12692052463342],[-3.036649729633315,38.12676167666237],[-3.0366203368117115,38.12684640429745],[-3.036274132338859,38.12677133848271],[-3.035999711327237,38.12673022859798],[-3.036026359913579,38.12663234388873],[-3.0360819730062465,38.12650281665492],[-3.0361601979604473,38.1261896050313],[-3.036378069620762,38.12631716167954],[-3.0363886995509977,38.126354651420115],[-3.036419192916553,38.12641277405473],[-3.0364712361564483,38.12644394300173],[-3.036589687542748,38.12648356426038],[-3.0368533805558604,38.12652034992101],[-3.037141239435448,38.1265146778868],[-3.0372610310881454,38.12649796940002]]]},"properties":{"dn_surface":4738.27685421019,"provincia":23,"municipio":48,"agregado":0,"zona":0,"poligono":18,"parcela":262,"recinto":1,"uso_sigpac":"OV","idPanel":"23:48:0:0:18:262:1"},"id":1112038724},{"type":"Feature","geometry":{"type":"Polygon","coordinates":[[[-3.037153287583785,38.12357529179084],[-3.0373698332269394,38.1235796445134],[-3.0374492417059384,38.12358124294241],[-3.0374886031255777,38.12358204257606],[-3.0375916301327424,38.12358723935634],[-3.0378429774399387,38.12359761950583],[-3.037826531306745,38.123781842852054],[-3.0378265681871213,38.123851600407164],[-3.037527060976002,38.123817170899656],[-3.03729353108144,38.12384481860889],[-3.0372787764164073,38.12377344334638],[-3.0371346663465895,38.123791683206974],[-3.037089228884979,38.123797434031076],[-3.037087115807063,38.12379770141382],[-3.0370869691237488,38.123797719854],[-3.0369083474037555,38.123820327524555],[-3.036082042576047,38.12393313286057],[-3.0353751941248888,38.124078000654464],[-3.0353581260544433,38.12406175987792],[-3.0353406933711877,38.124055645279185],[-3.035350365249834,38.12403269395057],[-3.035373587313955,38.12399444061859],[-3.0353619347914718,38.12392712974113],[-3.035323181898039,38.123885834616345],[-3.0353038138332256,38.12388278108881],[-3.0352786278890744,38.123862900051506],[-3.035257308517086,38.12382924922284],[-3.0352144350798085,38.123787512371706],[-3.0355978661014356,38.12375743307217],[-3.035821133193143,38.12373997524321],[-3.036024089255875,38.1237166651691],[-3.036081931934919,38.12371430566321],[-3.036551158446142,38.12365703127725],[-3.036948283821987,38.12360851849519],[-3.037153287583785,38.12357529179084]]]},"properties":{"dn_surface":5725.700439453125,"provincia":23,"municipio":48,"agregado":0,"zona":0,"poligono":18,"parcela":337,"recinto":2,"uso_sigpac":"OV","idPanel":"23:48:0:0:18:337:2"},"id":1307433514},{"type":"Feature","geometry":{"type":"Polygon","coordinates":[[[-3.0372787764164073,38.12377344334638],[-3.03729353108144,38.12384481860889],[-3.037301897897685,38.1238851690932],[-3.0373036949778314,38.12389383598156],[-3.037315880589389,38.123952605699145],[-3.0373256714910664,38.12399982682987],[-3.037391265754626,38.12420151051964],[-3.03689237568631,38.12426411411997],[-3.036978918003524,38.124601792520394],[-3.0360820006665286,38.1247522921154],[-3.0356301179903817,38.124827854976985],[-3.035525786759006,38.12472685219956],[-3.0354707587232146,38.124655668044454],[-3.0354506329343094,38.12456392475599],[-3.036081941155013,38.12440963151141],[-3.0362334415492978,38.124381558839644],[-3.0362503956258533,38.12429214823496],[-3.0363086121378013,38.12412629885981],[-3.0368159452976853,38.124065227471476],[-3.0369627719424823,38.124046618807085],[-3.0369083474037555,38.123820327524555],[-3.0370869691237488,38.123797719854],[-3.037087115807063,38.12379770141382],[-3.037089228884979,38.123797434031076],[-3.0371346663465895,38.123791683206974],[-3.0372787764164073,38.12377344334638]]]},"properties":{"dn_surface":7806.93115234375,"provincia":23,"municipio":48,"agregado":0,"zona":0,"poligono":18,"parcela":297,"recinto":1,"uso_sigpac":"OV","idPanel":"23:48:0:0:18:297:1"},"id":1307433511},{"type":"Feature","geometry":{"type":"Polygon","coordinates":[[[-3.0369083474037555,38.123820327524555],[-3.0369627719424823,38.124046618807085],[-3.0368159452976853,38.124065227471476],[-3.0363086121378013,38.12412629885981],[-3.0360820442524283,38.124161152491666],[-3.0354942355972074,38.12433238221078],[-3.0354876541264444,38.12433429915214],[-3.0354839618978775,38.12433537455041],[-3.035480059283528,38.12431921172552],[-3.0354960251336407,38.12429957627802],[-3.0354960159135462,38.124279945021414],[-3.03547825968881,38.12426873254887],[-3.035458723985924,38.124247704867145],[-3.0354551600004824,38.12421966153204],[-3.035444495704442,38.12419021841902],[-3.0354444839697767,38.124166380284976],[-3.03544446888235,38.12413553152669],[-3.035428484592049,38.124117307591746],[-3.035408953918305,38.1241074974117],[-3.035396520202399,38.12409067493101],[-3.0353751941248888,38.124078000654464],[-3.036082042576047,38.12393313286057],[-3.0369083474037555,38.123820327524555]]]},"properties":{"dn_surface":3461.2482376052726,"provincia":23,"municipio":48,"agregado":0,"zona":0,"poligono":18,"parcela":506,"recinto":1,"uso_sigpac":"OV","idPanel":"23:48:0:0:18:506:1"},"id":1156720214},{"type":"Feature","geometry":{"type":"Polygon","coordinates":[[[-3.0363086121378013,38.12412629885981],[-3.0362503956258533,38.12429214823496],[-3.0362334415492978,38.124381558839644],[-3.036081941155013,38.12440963151141],[-3.0354506329343094,38.12456392475599],[-3.0354486724070413,38.124557652577494],[-3.0354187506873163,38.12446191112099],[-3.035400103466219,38.12435980277047],[-3.0354839618978775,38.12433537455041],[-3.0354876541264444,38.12433429915214],[-3.0354942355972074,38.12433238221078],[-3.0360820442524283,38.124161152491666],[-3.0363086121378013,38.12412629885981]]]},"properties":{"dn_surface":1934.8101074173107,"provincia":23,"municipio":48,"agregado":0,"zona":0,"poligono":18,"parcela":298,"recinto":1,"uso_sigpac":"OV","idPanel":"23:48:0:0:18:298:1"},"id":1179152424},{"type":"Feature","geometry":{"type":"Polygon","coordinates":[[[-3.0379583342274024,38.12435911126343],[-3.0377176084685384,38.12449414456975],[-3.036978918003524,38.124601792520394],[-3.03689237568631,38.12426411411997],[-3.037391265754626,38.12420151051964],[-3.03748401654789,38.124189856320754],[-3.0377625237375505,38.124207619251024],[-3.037816924806948,38.12421160065526],[-3.0378394444675414,38.12426373944888],[-3.0379583342274024,38.12435911126343]]]},"properties":{"dn_surface":2932.2955322265625,"provincia":23,"municipio":48,"agregado":0,"zona":0,"poligono":18,"parcela":296,"recinto":1,"uso_sigpac":"OV","idPanel":"23:48:0:0:18:296:1"},"id":1307433512},{"type":"Feature","geometry":{"type":"Polygon","coordinates":[[[-3.037609412341381,38.12387486438081],[-3.037609429105188,38.12387517870218],[-3.037611896737629,38.12391827006897],[-3.0376143928685417,38.123962612853944],[-3.03762308825541,38.12396278133022],[-3.037780879268401,38.12396688594845],[-3.0377625237375505,38.124207619251024],[-3.03748401654789,38.124189856320754],[-3.037391265754626,38.12420151051964],[-3.0373256714910664,38.12399982682987],[-3.037315880589389,38.123952605699145],[-3.0373036949778314,38.12389383598156],[-3.037301897897685,38.1238851690932],[-3.03731878491901,38.12388462343128],[-3.037387213942391,38.123882318407766],[-3.0375089091254113,38.1238782313915],[-3.037608913618112,38.12387488030643],[-3.037609412341381,38.12387486438081]]]},"properties":{"dn_surface":1201.1572265625,"provincia":23,"municipio":48,"agregado":0,"zona":0,"poligono":18,"parcela":294,"recinto":3,"uso_sigpac":"OV","idPanel":"23:48:0:0:18:294:3"},"id":1307433510},{"type":"Feature","geometry":{"type":"Polygon","coordinates":[[[-3.037826531306745,38.123781842852054],[-3.03882123528473,38.123889692806586],[-3.038692015666784,38.12396140334525],[-3.0385395664410035,38.1239454224077],[-3.0383439277801765,38.123924928653224],[-3.038138619755275,38.123903412306504],[-3.0380038362296715,38.123889257785805],[-3.038003804378438,38.12393993058444],[-3.038003892388426,38.1239782107385],[-3.037780879268401,38.12396688594845],[-3.03762308825541,38.12396278133022],[-3.0376143928685417,38.123962612853944],[-3.037611896737629,38.12391827006897],[-3.037609429105188,38.12387517870218],[-3.037609412341381,38.12387486438081],[-3.037608913618112,38.12387488030643],[-3.0375089091254113,38.1238782313915],[-3.037387213942391,38.123882318407766],[-3.03731878491901,38.12388462343128],[-3.037301897897685,38.1238851690932],[-3.03729353108144,38.12384481860889],[-3.037527060976002,38.123817170899656],[-3.0378265681871213,38.123851600407164],[-3.037826531306745,38.123781842852054]]]},"properties":{"dn_surface":1371.2579345703125,"provincia":23,"municipio":48,"agregado":0,"zona":0,"poligono":18,"parcela":293,"recinto":1,"uso_sigpac":"OV","idPanel":"23:48:0:0:18:293:1"},"id":1307433506},{"type":"Feature","geometry":{"type":"Polygon","coordinates":[[[-3.0371561726350293,38.12814361201711],[-3.0372101076705817,38.1279088860249],[-3.037314178224753,38.12759236187293],[-3.0373826390993672,38.12716158063927],[-3.037444274589823,38.12716349841884],[-3.0374492257803216,38.127249477472134],[-3.0374427566270685,38.12731464090584],[-3.037434269949601,38.12744974294378],[-3.03741139070534,38.12755276408362],[-3.037384398460948,38.12764650310331],[-3.037394120631016,38.12769237474754],[-3.03736394493961,38.12780675420504],[-3.0372868222057416,38.12803813078855],[-3.0372721086120364,38.12804831983067],[-3.0372134956360455,38.128111334982464],[-3.0371848747877705,38.1281463126665],[-3.0371561726350293,38.12814361201711]]]},"properties":{"dn_surface":908.9459763818152,"provincia":23,"municipio":48,"agregado":0,"zona":0,"poligono":18,"parcela":225,"recinto":2,"uso_sigpac":"OV","idPanel":"23:48:0:0:18:225:2"},"id":1156720160},{"type":"Feature","geometry":{"type":"Polygon","coordinates":[[[-3.035999711327237,38.12673022859798],[-3.036274132338859,38.12677133848271],[-3.0366203368117115,38.12684640429745],[-3.036649729633315,38.12676167666237],[-3.0374206434888027,38.12692052463342],[-3.0374415689113174,38.12700875255146],[-3.037436146657833,38.12711185834851],[-3.037444274589823,38.12716349841884],[-3.0373826390993672,38.12716158063927],[-3.0373467209657563,38.12716046249332],[-3.03731818980385,38.127157541399896],[-3.037084285238193,38.127133592624716],[-3.037054434764649,38.12721597667951],[-3.036081998990148,38.12700572165508],[-3.0359344615599184,38.12698305195843],[-3.035937303025264,38.126960158464925],[-3.035999711327237,38.12673022859798]]]},"properties":{"dn_surface":4269.89262221591,"provincia":23,"municipio":48,"agregado":0,"zona":0,"poligono":18,"parcela":499,"recinto":1,"uso_sigpac":"OV","idPanel":"23:48:0:0:18:499:1"},"id":1156720168},{"type":"Feature","geometry":{"type":"Polygon","coordinates":[[[-3.0371063279684676,38.128138922342],[-3.036995805863041,38.128128522914125],[-3.036875104773795,38.12815640699307],[-3.03661855230442,38.128260397080965],[-3.0360819604333917,38.12850758780212],[-3.035947583430116,38.12856855106392],[-3.03548775973843,38.12878507323771],[-3.0354429081718863,38.12876210430707],[-3.035713422378208,38.1278242631636],[-3.0359344615599184,38.12698305195843],[-3.036081998990148,38.12700572165508],[-3.037054434764649,38.12721597667951],[-3.037084285238193,38.127133592624716],[-3.03731818980385,38.127157541399896],[-3.0372739702328424,38.12735817148436],[-3.037241994108528,38.127544911078076],[-3.0371659668894684,38.127823447604385],[-3.03711795450705,38.12801019222721],[-3.0371063279684676,38.128138922342]]]},"properties":{"dn_surface":18692.69593887443,"provincia":23,"municipio":48,"agregado":0,"zona":0,"poligono":18,"parcela":225,"recinto":1,"uso_sigpac":"OV","idPanel":"23:48:0:0:18:225:1"},"id":1156720159},{"type":"Feature","geometry":{"type":"Polygon","coordinates":[[[-3.035733751009181,38.12922914733241],[-3.036082015753955,38.12906898424069],[-3.036210232896223,38.12900892370993],[-3.036081998990148,38.128808879520534],[-3.0371234027444367,38.12833063827193],[-3.03717092562368,38.12830881430932],[-3.037184655181894,38.12838127167561],[-3.037193261720583,38.128475541269836],[-3.0372030132273142,38.12857774182129],[-3.037241973991959,38.12867930283349],[-3.0372849547176033,38.12883160369955],[-3.036859231124623,38.12901306269396],[-3.0360819310967284,38.129351980777955],[-3.0358219529433224,38.12946200918927],[-3.0357567459237127,38.12935072097784],[-3.035733751009181,38.12922914733241]]]},"properties":{"dn_surface":6837.131230844984,"provincia":23,"municipio":48,"agregado":0,"zona":0,"poligono":18,"parcela":223,"recinto":1,"uso_sigpac":"OV","idPanel":"23:48:0:0:18:223:1"},"id":1156720166},{"type":"Feature","geometry":{"type":"Polygon","coordinates":[[[-3.036995805863041,38.128128522914125],[-3.0371063279684676,38.128138922342],[-3.0371107703774136,38.128199293003206],[-3.037112785387056,38.1282742112964],[-3.0371234027444367,38.12833063827193],[-3.036081998990148,38.128808879520534],[-3.035947583430116,38.12856855106392],[-3.0360819604333917,38.12850758780212],[-3.03661855230442,38.128260397080965],[-3.036875104773795,38.12815640699307],[-3.036995805863041,38.128128522914125]]]},"properties":{"dn_surface":3089.400314867833,"provincia":23,"municipio":48,"agregado":0,"zona":0,"poligono":18,"parcela":224,"recinto":1,"uso_sigpac":"OV","idPanel":"23:48:0:0:18:224:1"},"id":1156720163},{"type":"Feature","geometry":{"type":"Polygon","coordinates":[[[-3.036081998990148,38.128808879520534],[-3.036210232896223,38.12900892370993],[-3.036082015753955,38.12906898424069],[-3.035733751009181,38.12922914733241],[-3.0356962713269158,38.129119023367394],[-3.035580376421235,38.12894916744227],[-3.03548775973843,38.12878507323771],[-3.035947583430116,38.12856855106392],[-3.036081998990148,38.128808879520534]]]},"properties":{"dn_surface":2501.23177140948,"provincia":23,"municipio":48,"agregado":0,"zona":0,"poligono":18,"parcela":192,"recinto":1,"uso_sigpac":"OV","idPanel":"23:48:0:0:18:192:1"},"id":1112038805},{"type":"Feature","geometry":{"type":"Polygon","coordinates":[[[-3.034748495113015,38.126640900974195],[-3.0347819992583687,38.12664989894779],[-3.035937303025264,38.126960158464925],[-3.0359344615599184,38.12698305195843],[-3.035713422378208,38.1278242631636],[-3.0341878270618814,38.127414810522],[-3.034031413195664,38.127372830595704],[-3.0340634479933053,38.1273178453076],[-3.0341306608024627,38.12710125356398],[-3.0342135737553875,38.12702795884553],[-3.0343081182760367,38.12694321444664],[-3.0344112282640476,38.126875682286965],[-3.0345798118162044,38.12677154048663],[-3.034716453609851,38.126679844975],[-3.034748495113015,38.126640900974195]]]},"properties":{"dn_surface":13530.251161919263,"provincia":23,"municipio":48,"agregado":0,"zona":0,"poligono":18,"parcela":222,"recinto":1,"uso_sigpac":"OV","idPanel":"23:48:0:0:18:222:1"},"id":1179152425},{"type":"Feature","geometry":{"type":"Polygon","coordinates":[[[-3.034031413195664,38.127372830595704],[-3.0341878270618814,38.127414810522],[-3.035713422378208,38.1278242631636],[-3.0354429081718863,38.12876210430707],[-3.0353863848044806,38.12867253444628],[-3.0353140866943646,38.128524567024385],[-3.035208356523267,38.1283718319757],[-3.0350910140628224,38.12827200434114],[-3.0348431066888937,38.12809398276548],[-3.0347198466044576,38.128023898316115],[-3.034580610611624,38.12794687784145],[-3.03446454722968,38.127894005631305],[-3.0343196769211995,38.127726409467385],[-3.034031413195664,38.127372830595704]]]},"properties":{"dn_surface":7853.3285340954735,"provincia":23,"municipio":48,"agregado":0,"zona":0,"poligono":18,"parcela":221,"recinto":1,"uso_sigpac":"OV","idPanel":"23:48:0:0:18:221:1"},"id":1156720157},{"type":"Feature","geometry":{"type":"Polygon","coordinates":[[[-3.0339965210070625,38.12741871481279],[-3.0341356740190486,38.127562248207596],[-3.034329745263889,38.127783727439265],[-3.03448192123961,38.12795817078029],[-3.0346399787971365,38.12802491168827],[-3.0347121319003176,38.12806615065432],[-3.0348009012893384,38.12811688631723],[-3.034950302016753,38.12821219945846],[-3.035093783443795,38.12833509241551],[-3.0351966394601253,38.12844303540919],[-3.035290721299691,38.12857495400013],[-3.0353746543302926,38.1287172401677],[-3.0354195352335,38.12879762010934],[-3.0354905416922597,38.12887222491935],[-3.0353128361143376,38.12876322161486],[-3.034562935691352,38.128204283588616],[-3.03425488312944,38.127991669058304],[-3.033837588378792,38.128147067876],[-3.033728041088762,38.12811897760221],[-3.0339965210070625,38.12741871481279]]]},"properties":{"dn_surface":4750.58125456225,"provincia":23,"municipio":48,"agregado":0,"zona":0,"poligono":18,"parcela":220,"recinto":1,"uso_sigpac":"OV","idPanel":"23:48:0:0:18:220:1"},"id":1112038777},{"type":"Feature","geometry":{"type":"Polygon","coordinates":[[[-3.0356742051273105,38.12925656202472],[-3.033557369604401,38.12961160521502],[-3.033530035378339,38.12961638541469],[-3.033269405112827,38.129661971235976],[-3.033303102880156,38.129501446884206],[-3.033310570318137,38.12936616547353],[-3.0333050424526653,38.129257204078556],[-3.0332935793612052,38.12914364772402],[-3.0333169313448325,38.12906000470727],[-3.033391165674696,38.12896607374199],[-3.033410285635161,38.12886287406758],[-3.0334206205223864,38.12876084785975],[-3.033483218255384,38.128669082778345],[-3.0335428555000035,38.128592369919545],[-3.0335938174743236,38.128507547569],[-3.033728041088762,38.12811897760221],[-3.033837588378792,38.128147067876],[-3.03425488312944,38.127991669058304],[-3.034562935691352,38.128204283588616],[-3.0353128361143376,38.12876322161486],[-3.0354905416922597,38.12887222491935],[-3.035574578658466,38.12899270053538],[-3.035645395686203,38.12914301153751],[-3.0356742051273105,38.12925656202472]]]},"properties":{"dn_surface":23479.504529133,"provincia":23,"municipio":48,"agregado":0,"zona":0,"poligono":18,"parcela":193,"recinto":1,"uso_sigpac":"OV","idPanel":"23:48:0:0:18:193:1"},"id":1112038804},{"type":"Feature","geometry":{"type":"Polygon","coordinates":[[[-3.03861805458698,38.12624070195426],[-3.037926458685931,38.12740381178804],[-3.0378502445504214,38.12719347965006],[-3.037843617817379,38.12717482572347],[-3.037827268914268,38.12711300415475],[-3.03799716507254,38.12712593072658],[-3.038042164160589,38.126996315482785],[-3.0380218388823765,38.126966490154956],[-3.037866278293954,38.1268758700416],[-3.0378023671166514,38.126843713706336],[-3.0377352833888103,38.12685094393643],[-3.037724768290655,38.126817690410036],[-3.037360547754052,38.12654777970076],[-3.0378988730027596,38.12594638649426],[-3.0381036194401156,38.12606096544107],[-3.0381425357806706,38.12608078193773],[-3.038282780954706,38.12612282808112],[-3.038450635281243,38.126162793836045],[-3.03861805458698,38.12624070195426]]]},"properties":{"dn_surface":7587.08466239402,"provincia":23,"municipio":48,"agregado":0,"zona":0,"poligono":18,"parcela":258,"recinto":1,"uso_sigpac":"OV","idPanel":"23:48:0:0:18:258:1"},"id":1112038730},{"type":"Feature","geometry":{"type":"Polygon","coordinates":[[[-3.037827268914268,38.12711300415475],[-3.0377983194953693,38.127171323764145],[-3.0375952519533187,38.12721716858621],[-3.0375559081356767,38.127253230888584],[-3.0375611225179506,38.12740671444129],[-3.037485474160938,38.12740205075008],[-3.037484969570337,38.127310302432505],[-3.037483703064692,38.127287410615395],[-3.0374832387072286,38.12727299038829],[-3.0374803427595105,38.12719007492083],[-3.0374854381187517,38.12711562936698],[-3.0374900959426228,38.1270778647],[-3.0375497541420016,38.12705035864491],[-3.037616453978654,38.12696201505659],[-3.037644020383449,38.12687710721059],[-3.0377352833888103,38.12685094393643],[-3.0378023671166514,38.126843713706336],[-3.037866278293954,38.1268758700416],[-3.0380218388823765,38.126966490154956],[-3.038042164160589,38.126996315482785],[-3.03799716507254,38.12712593072658],[-3.037827268914268,38.12711300415475]]]},"properties":{"dn_surface":1430.42995062129,"provincia":23,"municipio":48,"agregado":0,"zona":0,"poligono":18,"parcela":227,"recinto":1,"uso_sigpac":"OV","idPanel":"23:48:0:0:18:227:1"},"id":1112038770},{"type":"Feature","geometry":{"type":"Polygon","coordinates":[[[-3.0374846057957177,38.12748568789951],[-3.037485474160938,38.12740205075008],[-3.0375611225179506,38.12740671444129],[-3.0375559081356767,38.127253230888584],[-3.0375952519533187,38.12721716858621],[-3.0377983194953693,38.127171323764145],[-3.037827268914268,38.12711300415475],[-3.037843617817379,38.12717482572347],[-3.0378502445504214,38.12719347965006],[-3.037926458685931,38.12740381178804],[-3.0374846057957177,38.12748568789951]]]},"properties":{"dn_surface":856.836551047317,"provincia":23,"municipio":48,"agregado":0,"zona":0,"poligono":18,"parcela":228,"recinto":1,"uso_sigpac":"OV","idPanel":"23:48:0:0:18:228:1"},"id":1112038769},{"type":"Feature","geometry":{"type":"Polygon","coordinates":[[[-3.0370192039471386,38.12594394316935],[-3.0370308908354278,38.125943350568775],[-3.0370408896083165,38.12594092903677],[-3.037193248309537,38.125917587111445],[-3.037314070936386,38.12589552426462],[-3.0373486278488415,38.125847708856924],[-3.0373402241522207,38.125846079414856],[-3.037287386307858,38.12584130089158],[-3.0375585400534293,38.125749472107685],[-3.0377026861654333,38.125836311144326],[-3.0378988730027596,38.12594638649426],[-3.037360547754052,38.12654777970076],[-3.037291924270506,38.12644776012067],[-3.0371945374463225,38.126325666797214],[-3.0370177287320925,38.12617899354126],[-3.03691260541082,38.12609827077972],[-3.036885550302151,38.12606724432516],[-3.0368251570098197,38.125997985493285],[-3.0369970002843143,38.1259501264997],[-3.0370192039471386,38.12594394316935]]]},"properties":{"dn_surface":3877.3729270619,"provincia":23,"municipio":48,"agregado":0,"zona":0,"poligono":18,"parcela":259,"recinto":1,"uso_sigpac":"OV","idPanel":"23:48:0:0:18:259:1"},"id":1112038729},{"type":"Feature","geometry":{"type":"Polygon","coordinates":[[[-3.0377352833888103,38.12685094393643],[-3.037644020383449,38.12687710721059],[-3.037616453978654,38.12696201505659],[-3.0375497541420016,38.12705035864491],[-3.0374900959426228,38.1270778647],[-3.0374907472165367,38.12701369452185],[-3.0374856904140533,38.12694375843222],[-3.03746794592398,38.12683029427856],[-3.037438677992742,38.12671665326678],[-3.0374049642997956,38.1266111250996],[-3.037360547754052,38.12654777970076],[-3.037724768290655,38.126817690410036],[-3.0377352833888103,38.12685094393643]]]},"properties":{"dn_surface":662.488764559608,"provincia":23,"municipio":48,"agregado":0,"zona":0,"poligono":18,"parcela":226,"recinto":1,"uso_sigpac":"OV","idPanel":"23:48:0:0:18:226:1"},"id":1112038771},{"type":"Feature","geometry":{"type":"Polygon","coordinates":[[[-3.038912909841562,38.12504643658451],[-3.0392252086758735,38.12530175859044],[-3.0388979112631325,38.12557953906909],[-3.038856166868279,38.12560469735294],[-3.038612201503646,38.125332319849434],[-3.0385750906251423,38.125276993417884],[-3.0388586236042445,38.125087280762926],[-3.0388848539335935,38.12506681383053],[-3.038912909841562,38.12504643658451]]]},"properties":{"dn_surface":1798.37658541034,"provincia":23,"municipio":48,"agregado":0,"zona":0,"poligono":18,"parcela":289,"recinto":2,"uso_sigpac":"OV","idPanel":"23:48:0:0:18:289:2"},"id":1112038695},{"type":"Feature","geometry":{"type":"Polygon","coordinates":[[[-3.0379070034493205,38.12471318466743],[-3.0385637381748096,38.124959301666735],[-3.0383309727098626,38.12514133733609],[-3.0381677577670074,38.125239624376746],[-3.03785556119192,38.125384551682146],[-3.037438234590037,38.12565379351551],[-3.037413129950352,38.12564650042114],[-3.0371651312136723,38.125507508341684],[-3.0370700577949026,38.125442825191044],[-3.036912794841844,38.125360495618594],[-3.036837595754867,38.12533933801737],[-3.0367957147349847,38.12532195562554],[-3.036639933702494,38.12523728247285],[-3.0364507281527358,38.125161720449455],[-3.036156077416603,38.12503842180823],[-3.0364058128837237,38.12500996105433],[-3.0365641663224494,38.12499603535957],[-3.0367270778403923,38.12497066333714],[-3.0370484442180956,38.12490730117452],[-3.0373612535103414,38.12484394068832],[-3.037516973354934,38.12481162928785],[-3.0376698358085648,38.12477129724377],[-3.0379070034493205,38.12471318466743]]]},"properties":{"dn_surface":10286.026790315193,"provincia":23,"municipio":48,"agregado":0,"zona":0,"poligono":18,"parcela":286,"recinto":1,"uso_sigpac":"OV","idPanel":"23:48:0:0:18:286:1"},"id":1156720200},{"type":"Feature","geometry":{"type":"Polygon","coordinates":[[[-3.0381677577670074,38.125239624376746],[-3.038012861863545,38.125346711578004],[-3.038024086070751,38.125457511124466],[-3.0380008489192036,38.12547713735191],[-3.0378584487577345,38.12563383704105],[-3.0378644963012333,38.125639211517665],[-3.037922218280864,38.125687293469895],[-3.038081635383167,38.12579292557274],[-3.0383642262362978,38.12595312219207],[-3.038465384917133,38.12597820839159],[-3.0384708197434733,38.12597646830838],[-3.0384488348483347,38.12599768290656],[-3.0383410720655957,38.126101631084936],[-3.0383034155251636,38.12609208912576],[-3.0382209158000895,38.12607435888498],[-3.038138635680892,38.126040586518684],[-3.037832885627919,38.12587033999685],[-3.03770756610975,38.125787100149665],[-3.0376197941672682,38.125722325636275],[-3.0375388794601785,38.12568062147457],[-3.0374738375640717,38.12566414768108],[-3.037438234590037,38.12565379351551],[-3.03785556119192,38.125384551682146],[-3.0381677577670074,38.125239624376746]]]},"properties":{"dn_surface":2388.54699156644,"provincia":23,"municipio":48,"agregado":0,"zona":0,"poligono":18,"parcela":287,"recinto":1,"uso_sigpac":"OV","idPanel":"23:48:0:0:18:287:1"},"id":1112038698},{"type":"Feature","geometry":{"type":"Polygon","coordinates":[[[-3.0379070034493205,38.12471318466743],[-3.0376698358085648,38.12477129724377],[-3.037516973354934,38.12481162928785],[-3.0373612535103414,38.12484394068832],[-3.0370484442180956,38.12490730117452],[-3.0367270778403923,38.12497066333714],[-3.0365641663224494,38.12499603535957],[-3.0364058128837237,38.12500996105433],[-3.036156077416603,38.12503842180823],[-3.036082361926577,38.125016182103224],[-3.0359695088137393,38.12498539034189],[-3.035886774395362,38.12495206724569],[-3.0357925165358193,38.12491757571209],[-3.0357300956609894,38.12489343918227],[-3.0356749762624493,38.12486803866139],[-3.0356301179903817,38.124827854976985],[-3.0360820006665286,38.1247522921154],[-3.036978918003524,38.124601792520394],[-3.0377176084685384,38.12449414456975],[-3.0379070034493205,38.12471318466743]]]},"properties":{"dn_surface":5767.31427297157,"provincia":23,"municipio":48,"agregado":0,"zona":0,"poligono":18,"parcela":285,"recinto":1,"uso_sigpac":"OV","idPanel":"23:48:0:0:18:285:1"},"id":1112038700},{"type":"Feature","geometry":{"type":"Polygon","coordinates":[[[-3.037287386307858,38.12584130089158],[-3.03715357256851,38.12578336098244],[-3.0370662188830204,38.12573898215527],[-3.037047222974731,38.12571741132615],[-3.036990863892637,38.125677451438634],[-3.0369484481072995,38.125656527692485],[-3.0368888058335366,38.12563770277501],[-3.036837105413502,38.12560212746126],[-3.036768203650755,38.12561575559843],[-3.0368490772865164,38.12568900756921],[-3.0369140336872054,38.12573400078992],[-3.0369591098887683,38.12577481227888],[-3.0369790152336074,38.12582714553264],[-3.036990969504622,38.12588052903894],[-3.0369970002843143,38.1259501264997],[-3.0368251570098197,38.125997985493285],[-3.0367332661998723,38.125910319162756],[-3.036661464298455,38.125838869301305],[-3.036546080688898,38.125772840016936],[-3.0364580530983543,38.12571482215611],[-3.0363530831659187,38.12564563708503],[-3.036256529502959,38.125585460884025],[-3.0365587004830648,38.12524027984159],[-3.036658217987162,38.1252946876165],[-3.036772114647008,38.125356121103096],[-3.0368356788134983,38.125382869434105],[-3.036893532389017,38.12539934574215],[-3.0369557235996854,38.125418074267685],[-3.0370495330273823,38.12546563318912],[-3.0371186963055252,38.125508423645556],[-3.037153171075324,38.12554419341947],[-3.0374128022179185,38.12567407939875],[-3.0375585400534293,38.125749472107685],[-3.037287386307858,38.12584130089158]]]},"properties":{"dn_surface":4009.24248593475,"provincia":23,"municipio":48,"agregado":0,"zona":0,"poligono":18,"parcela":260,"recinto":2,"uso_sigpac":"OV","idPanel":"23:48:0:0:18:260:2"},"id":1112038726},{"type":"Feature","geometry":{"type":"Polygon","coordinates":[[[-3.0388848539335935,38.12506681383053],[-3.0388586236042445,38.125087280762926],[-3.0385750906251423,38.125276993417884],[-3.038612201503646,38.125332319849434],[-3.038856166868279,38.12560469735294],[-3.038798351849518,38.1256604127048],[-3.038761993665963,38.125695496839],[-3.038737552034858,38.12568039516319],[-3.0385027732366487,38.125495325244685],[-3.0384640446507354,38.125461835348574],[-3.038458475713937,38.125401074928845],[-3.038423476236968,38.1253742117658],[-3.038342465976176,38.1252961854627],[-3.0382878964305156,38.125234015206786],[-3.0382824481931294,38.125226077544],[-3.0382793125229663,38.12521739556817],[-3.03827863777972,38.12520838250717],[-3.0382804558146272,38.12519946835263],[-3.038291871129237,38.125164884618044],[-3.0383309727098626,38.12514133733609],[-3.0385637381748096,38.124959301666735],[-3.0388848539335935,38.12506681383053]]]},"properties":{"dn_surface":1925.37663549618,"provincia":23,"municipio":48,"agregado":0,"zona":0,"poligono":18,"parcela":287,"recinto":3,"uso_sigpac":"OV","idPanel":"23:48:0:0:18:287:3"},"id":1112038696},{"type":"Feature","geometry":{"type":"Polygon","coordinates":[[[-3.038959118438311,38.12501299195068],[-3.039116992432146,38.12512587691475],[-3.0392811377663103,38.125218733320025],[-3.039595548002156,38.125375302251456],[-3.0397393169284945,38.125447964136185],[-3.039719471933363,38.1255273701006],[-3.0396038645269785,38.12547269997211],[-3.0394102006426564,38.12538777117135],[-3.0391705402237497,38.12568679474663],[-3.03917010604114,38.125726901317506],[-3.0391691329021233,38.12582432837482],[-3.039135275040434,38.12587688291083],[-3.039098667076151,38.125906455105195],[-3.0390271920689753,38.12597576841941],[-3.0389975192917893,38.126004544332915],[-3.038750766944186,38.12627779355441],[-3.0386891373210636,38.12624455511536],[-3.0385924721787854,38.12619357386268],[-3.038687562361363,38.12607484838813],[-3.038951438938167,38.125820700686916],[-3.038986560790929,38.12578653185662],[-3.0390676221813333,38.12567745395319],[-3.0389505202815243,38.12560097243497],[-3.0388979112631325,38.12557953906909],[-3.0392252086758735,38.12530175859044],[-3.038912909841562,38.12504643658451],[-3.038959118438311,38.12501299195068]]]},"properties":{"dn_surface":2851.680266739106,"provincia":23,"municipio":48,"agregado":0,"zona":0,"poligono":18,"parcela":249,"recinto":2,"uso_sigpac":"OV","idPanel":"23:48:0:0:18:249:2"},"id":1156720177},{"type":"Feature","geometry":{"type":"Polygon","coordinates":[[[-3.0388979112631325,38.12557953906909],[-3.0389505202815243,38.12560097243497],[-3.0390676221813333,38.12567745395319],[-3.038986560790929,38.12578653185662],[-3.038951438938167,38.125820700686916],[-3.038687562361363,38.12607484838813],[-3.0385924721787854,38.12619357386268],[-3.0384783492075416,38.12614124479987],[-3.0384046312029445,38.12611783414292],[-3.0383410720655957,38.126101631084936],[-3.0384488348483347,38.12599768290656],[-3.0384708197434733,38.12597646830838],[-3.0385992581679973,38.125852530966114],[-3.038761993665963,38.125695496839],[-3.038798351849518,38.1256604127048],[-3.038856166868279,38.12560469735294],[-3.0388979112631325,38.12557953906909]]]},"properties":{"dn_surface":1579.92532192653,"provincia":23,"municipio":48,"agregado":0,"zona":0,"poligono":18,"parcela":521,"recinto":1,"uso_sigpac":"OV","idPanel":"23:48:0:0:18:521:1"},"id":1112038415},{"type":"Feature","geometry":{"type":"Polygon","coordinates":[[[-3.0386503517382053,38.13827840811558],[-3.0383591719483833,38.13834960651994],[-3.038298827271093,38.13839730458096],[-3.0382964987782537,38.138399119263084],[-3.0381402374626836,38.13844196252549],[-3.037968232417448,38.138161631433604],[-3.0375765041493774,38.138204649039665],[-3.037608970615057,38.1380987411722],[-3.0376315263178366,38.138025821963026],[-3.037648490452677,38.13795155326733],[-3.037657340066572,38.13785547569651],[-3.0376921610089935,38.137670435952884],[-3.0377050766843605,38.13749414524031],[-3.0377006921105494,38.13740239859911],[-3.0381326518398613,38.137699325022055],[-3.0384658308344084,38.13806720845059],[-3.0386503517382053,38.13827840811558]]]},"properties":{"dn_surface":4970.75368929749,"provincia":23,"municipio":48,"agregado":0,"zona":0,"poligono":20,"parcela":4,"recinto":1,"uso_sigpac":"OV","idPanel":"23:48:0:0:20:4:1"},"id":1112040155},{"type":"Feature","geometry":{"type":"Polygon","coordinates":[[[-3.0382155036048886,38.13856342972076],[-3.038067163188289,38.13857852552928],[-3.037967260954813,38.138694908261755],[-3.037927576831882,38.13874620215947],[-3.0378834461090536,38.13880677985367],[-3.037626959856717,38.138887700428086],[-3.0374841188071144,38.13894533355955],[-3.037456936293509,38.13890153978923],[-3.037359146299758,38.138695630781825],[-3.037420262112186,38.138600529702785],[-3.037458322660376,38.13849921595673],[-3.0374931930560285,38.13840709715899],[-3.037558731999024,38.13826053202962],[-3.0375765041493774,38.138204649039665],[-3.037968232417448,38.138161631433604],[-3.0381402374626836,38.13844196252549],[-3.03814239831745,38.13844548711603],[-3.0381554279867067,38.138466741947326],[-3.0381635693297424,38.13847984537733],[-3.0382155036048886,38.13856342972076]]]},"properties":{"dn_surface":3877.01310714496,"provincia":23,"municipio":48,"agregado":0,"zona":0,"poligono":20,"parcela":3,"recinto":1,"uso_sigpac":"OV","idPanel":"23:48:0:0:20:3:1"},"id":1112040156},{"type":"Feature","geometry":{"type":"Polygon","coordinates":[[[-3.0386503517382053,38.13827840811558],[-3.038760087621068,38.138404013456636],[-3.0387350081270936,38.138453136441285],[-3.0388225487290357,38.138696810115675],[-3.0388840618436963,38.13888909266228],[-3.0388893055626336,38.138905482636744],[-3.0388121618740054,38.13890144842648],[-3.03863673198293,38.138949051772016],[-3.038588571240817,38.1390459423875],[-3.0385643031151184,38.13905290272032],[-3.0385881948933418,38.13911760431111],[-3.038493016700775,38.13913952634198],[-3.0385202721369433,38.13921333906208],[-3.0384160750160265,38.139237338966865],[-3.0383183110061767,38.13897257139368],[-3.0382603208056285,38.13872194744479],[-3.0382155036048886,38.13856342972076],[-3.0381635693297424,38.13847984537733],[-3.0381554279867067,38.138466741947326],[-3.03814239831745,38.13844548711603],[-3.0381402374626836,38.13844196252549],[-3.0382964987782537,38.138399119263084],[-3.038298827271093,38.13839730458096],[-3.0383591719483833,38.13834960651994],[-3.0386503517382053,38.13827840811558]]]},"properties":{"dn_surface":3843.624872788884,"provincia":23,"municipio":48,"agregado":0,"zona":0,"poligono":20,"parcela":9,"recinto":1,"uso_sigpac":"OV","idPanel":"23:48:0:0:20:9:1"},"id":1156719440},{"type":"Feature","geometry":{"type":"Polygon","coordinates":[[[-3.0384264216379173,38.13926535799445],[-3.037743772580848,38.139459245675596],[-3.0377097906669848,38.13940660145323],[-3.0376405284823793,38.139299302189755],[-3.0375847796028714,38.13918431755886],[-3.037596529355438,38.13917638324878],[-3.0374659887494735,38.13897246661992],[-3.0374841188071144,38.13894533355955],[-3.037626959856717,38.138887700428086],[-3.0378834461090536,38.13880677985367],[-3.037927576831882,38.13874620215947],[-3.037967260954813,38.138694908261755],[-3.038067163188289,38.13857852552928],[-3.0382155036048886,38.13856342972076],[-3.0382603208056285,38.13872194744479],[-3.0383183110061767,38.13897257139368],[-3.0384160750160265,38.139237338966865],[-3.0384264216379173,38.13926535799445]]]},"properties":{"dn_surface":4786.761711824265,"provincia":23,"municipio":48,"agregado":0,"zona":0,"poligono":20,"parcela":5,"recinto":1,"uso_sigpac":"OV","idPanel":"23:48:0:0:20:5:1"},"id":1156719426},{"type":"Feature","geometry":{"type":"Polygon","coordinates":[[[-3.037318947527942,38.138637510661795],[-3.037240036934021,38.13874478477953],[-3.0371567887049484,38.13885097763173],[-3.037053350146314,38.138972407946596],[-3.037014952645597,38.13908760044873],[-3.0369484045214,38.13926958498848],[-3.0366134058155656,38.13935494126633],[-3.036582096052593,38.13927221439167],[-3.036559355947933,38.13921129639215],[-3.036500966768769,38.139063055720214],[-3.0365884713285243,38.13902103136982],[-3.0366323807690963,38.13897235011146],[-3.037318947527942,38.138637510661795]]]},"properties":{"dn_surface":2149.1195807791,"provincia":23,"municipio":48,"agregado":0,"zona":0,"poligono":18,"parcela":31,"recinto":1,"uso_sigpac":"OV","idPanel":"23:48:0:0:18:31:1"},"id":1112038995},{"type":"Feature","geometry":{"type":"Polygon","coordinates":[[[-3.037359146299758,38.138695630781825],[-3.037456936293509,38.13890153978923],[-3.0374841188071144,38.13894533355955],[-3.0374659887494735,38.13897246661992],[-3.037596529355438,38.13917638324878],[-3.0375847796028714,38.13918431755886],[-3.0372998552277597,38.13922414836506],[-3.0370302303414176,38.13928073627312],[-3.0371091157896286,38.13912236187963],[-3.037154569176857,38.13897237860991],[-3.0372240199542944,38.13888439460527],[-3.037296323093552,38.13879866365633],[-3.037359146299758,38.138695630781825]]]},"properties":{"dn_surface":1496.92881448523,"provincia":23,"municipio":48,"agregado":0,"zona":0,"poligono":20,"parcela":2,"recinto":1,"uso_sigpac":"OV","idPanel":"23:48:0:0:20:2:1"},"id":1112040157},{"type":"Feature","geometry":{"type":"Polygon","coordinates":[[[-3.0369637199357875,38.13947240442616],[-3.0369945569593937,38.139366817585625],[-3.0370302303414176,38.13928073627312],[-3.0372998552277597,38.13922414836506],[-3.0375847796028714,38.13918431755886],[-3.0376405284823793,38.139299302189755],[-3.0377097906669848,38.13940660145323],[-3.037509870529763,38.13942658474974],[-3.037255473886012,38.1394560546849],[-3.0369637199357875,38.13947240442616]]]},"properties":{"dn_surface":1383.8271698092815,"provincia":23,"municipio":48,"agregado":0,"zona":0,"poligono":20,"parcela":1,"recinto":1,"uso_sigpac":"OV","idPanel":"23:48:0:0:20:1:1"},"id":1156719429},{"type":"Feature","geometry":{"type":"Polygon","coordinates":[[[-3.0369484045214,38.13926958498848],[-3.0368769353815575,38.13950547187437],[-3.036712235165372,38.13956523317114],[-3.0366474598138007,38.139446860574765],[-3.0366134058155656,38.13935494126633],[-3.0369484045214,38.13926958498848]]]},"properties":{"dn_surface":560.9513444010523,"provincia":23,"municipio":48,"agregado":0,"zona":0,"poligono":18,"parcela":1,"recinto":1,"uso_sigpac":"OV","idPanel":"23:48:0:0:18:1:1"},"id":1156719368},{"type":"Feature","geometry":{"type":"Polygon","coordinates":[[[-3.033988335239937,38.13871748827205],[-3.0341318996478255,38.138972417166684],[-3.0341755417056704,38.13907758239745],[-3.034286080574905,38.13923428208659],[-3.034342283753591,38.139356748404765],[-3.034498397547656,38.139600227618985],[-3.0345587154028544,38.13973305648466],[-3.0347642681793427,38.140028884878234],[-3.034815386057072,38.14009232750712],[-3.0348190891821134,38.14009692414311],[-3.0346005427785543,38.14012038173874],[-3.0345717257937324,38.14012347466118],[-3.0345716570621217,38.14012338329846],[-3.0345198946160017,38.14012923554358],[-3.0345187136057747,38.14012912993158],[-3.0344819891330292,38.140132472634804],[-3.0342135729171966,38.14015690588397],[-3.0341915360542555,38.14006617261495],[-3.03416056240562,38.139965960251004],[-3.034116101435787,38.139819787394686],[-3.0340962061492327,38.1397392205366],[-3.0340300611946023,38.1395880964898],[-3.0339759199642193,38.13948293377359],[-3.0339176674100856,38.13937092220385],[-3.0338868044025777,38.13926043614063],[-3.033821949422922,38.13918150207738],[-3.033768872694306,38.139154388295395],[-3.033720132762648,38.13912619157142],[-3.0337033471623567,38.13910411531353],[-3.033726678191225,38.138972434768675],[-3.033726875165962,38.138906191745775],[-3.033988335239937,38.13871748827205]]]},"properties":{"dn_surface":5981.428168941761,"provincia":23,"municipio":48,"agregado":0,"zona":0,"poligono":18,"parcela":41,"recinto":1,"uso_sigpac":"OV","idPanel":"23:48:0:0:18:41:1"},"id":1156719402},{"type":"Feature","geometry":{"type":"Polygon","coordinates":[[[-3.036559355947933,38.13921129639215],[-3.0363691034984055,38.13939151318843],[-3.0361054046179587,38.13966025462213],[-3.036031147656956,38.13972435523044],[-3.03578783608081,38.13991756481559],[-3.035745839390656,38.139914512126296],[-3.03553613841004,38.139774605581124],[-3.035411013352037,38.13989513903232],[-3.03530530832665,38.13982802429143],[-3.0354363669342614,38.1397064078983],[-3.03567223873271,38.13946606519244],[-3.035858385725819,38.1392880134419],[-3.0360820492815708,38.1390592101028],[-3.036318855662277,38.138870328094555],[-3.0364349626301204,38.13897231742203],[-3.036500966768769,38.139063055720214],[-3.036559355947933,38.13921129639215]]]},"properties":{"dn_surface":5043.8016201305,"provincia":23,"municipio":48,"agregado":0,"zona":0,"poligono":18,"parcela":30,"recinto":1,"uso_sigpac":"OV","idPanel":"23:48:0:0:18:30:1"},"id":1112038996},{"type":"Feature","geometry":{"type":"Polygon","coordinates":[[[-3.034498397547656,38.139600227618985],[-3.034342283753591,38.139356748404765],[-3.034286080574905,38.13923428208659],[-3.0341755417056704,38.13907758239745],[-3.0344454867807316,38.13897242303403],[-3.0346429736513176,38.138879088022065],[-3.0347315720495027,38.13897234508232],[-3.034962385369085,38.13935333529355],[-3.034874192655038,38.139392023646366],[-3.034745040092322,38.1394448723872],[-3.034542886177771,38.13956533626856],[-3.034498397547656,38.139600227618985]]]},"properties":{"dn_surface":2920.81313660902,"provincia":23,"municipio":48,"agregado":0,"zona":0,"poligono":18,"parcela":39,"recinto":1,"uso_sigpac":"OV","idPanel":"23:48:0:0:18:39:1"},"id":1112038987},{"type":"Feature","geometry":{"type":"Polygon","coordinates":[[[-3.036559355947933,38.13921129639215],[-3.036582096052593,38.13927221439167],[-3.0366134058155656,38.13935494126633],[-3.0366474598138007,38.139446860574765],[-3.036712235165372,38.13956523317114],[-3.036715920688416,38.13957196719255],[-3.036663781056629,38.13957884370632],[-3.0363684907812467,38.13966165859097],[-3.036257993821531,38.13969026938099],[-3.036177984360038,38.13972338292962],[-3.0361104295692094,38.13979365261903],[-3.036100951312539,38.13978536794545],[-3.036031147656956,38.13972435523044],[-3.0361054046179587,38.13966025462213],[-3.0363691034984055,38.13939151318843],[-3.036559355947933,38.13921129639215]]]},"properties":{"dn_surface":1405.4444395518897,"provincia":23,"municipio":48,"agregado":0,"zona":0,"poligono":18,"parcela":29,"recinto":1,"uso_sigpac":"OV","idPanel":"23:48:0:0:18:29:1"},"id":1156719360},{"type":"Feature","geometry":{"type":"Polygon","coordinates":[[[-3.034962385369085,38.13935333529355],[-3.035175859882733,38.13951406081105],[-3.0354363669342614,38.1397064078983],[-3.03530530832665,38.13982802429143],[-3.0350233067213472,38.140063431732415],[-3.034815386057072,38.14009232750712],[-3.0347642681793427,38.140028884878234],[-3.0345587154028544,38.13973305648466],[-3.034498397547656,38.139600227618985],[-3.034542886177771,38.13956533626856],[-3.034745040092322,38.1394448723872],[-3.034874192655038,38.139392023646366],[-3.034962385369085,38.13935333529355]]]},"properties":{"dn_surface":3892.8229137137755,"provincia":23,"municipio":48,"agregado":0,"zona":0,"poligono":18,"parcela":25,"recinto":1,"uso_sigpac":"OV","idPanel":"23:48:0:0:18:25:1"},"id":1156719411},{"type":"Feature","geometry":{"type":"Polygon","coordinates":[[[-3.0350227610594187,38.14006388770798],[-3.0350233067213472,38.140063431732415],[-3.03530530832665,38.13982802429143],[-3.035411013352037,38.13989513903232],[-3.03553613841004,38.139774605581124],[-3.035745839390656,38.139914512126296],[-3.035654405394459,38.13999598339177],[-3.0354462818881145,38.14002694027661],[-3.0350227610594187,38.14006388770798]]]},"properties":{"dn_surface":978.9757828247092,"provincia":23,"municipio":48,"agregado":0,"zona":0,"poligono":18,"parcela":26,"recinto":1,"uso_sigpac":"OV","idPanel":"23:48:0:0:18:26:1"},"id":1156719406},{"type":"Feature","geometry":{"type":"Polygon","coordinates":[[[-3.036436477240114,38.138140542564],[-3.036082011563004,38.138308368392046],[-3.0359310769472168,38.13838312575271],[-3.035688114896453,38.138126966394566],[-3.035501898333543,38.13793135455586],[-3.0353870377547763,38.1378043988901],[-3.035933041665437,38.13752620602182],[-3.035954506044358,38.13755110111393],[-3.0360820459288083,38.137699025788095],[-3.036436477240114,38.138140542564]]]},"properties":{"dn_surface":4403.33544921875,"provincia":23,"municipio":48,"agregado":0,"zona":0,"poligono":18,"parcela":35,"recinto":1,"uso_sigpac":"OV","idPanel":"23:48:0:0:18:35:1"},"id":1318785669},{"type":"Feature","geometry":{"type":"Polygon","coordinates":[[[-3.035688114896453,38.138126966394566],[-3.0353145074659293,38.13835671185967],[-3.0349175539191093,38.13798964818133],[-3.0350955000576674,38.137846118139265],[-3.0352996932893803,38.13770717635123],[-3.0353870377547763,38.1378043988901],[-3.035501898333543,38.13793135455586],[-3.035688114896453,38.138126966394566]]]},"properties":{"dn_surface":2434.63297435126,"provincia":23,"municipio":48,"agregado":0,"zona":0,"poligono":18,"parcela":36,"recinto":1,"uso_sigpac":"OV","idPanel":"23:48:0:0:18:36:1"},"id":1112038990},{"type":"Feature","geometry":{"type":"Polygon","coordinates":[[[-3.036318855662277,38.138870328094555],[-3.0360820492815708,38.1390592101028],[-3.035858385725819,38.1392880134419],[-3.03567223873271,38.13946606519244],[-3.0352471421061242,38.138972293114534],[-3.034834849675587,38.13851330342223],[-3.034609226430758,38.138236407234444],[-3.034861086710458,38.13802751594574],[-3.0349175539191093,38.13798964818133],[-3.0353145074659293,38.13835671185967],[-3.035688114896453,38.138126966394566],[-3.0359310769472168,38.13838312575271],[-3.0359936470199314,38.1384541280205],[-3.036082021621288,38.138553601938696],[-3.036318855662277,38.138870328094555]]]},"properties":{"dn_surface":11300.8400196713,"provincia":23,"municipio":48,"agregado":0,"zona":0,"poligono":18,"parcela":37,"recinto":1,"uso_sigpac":"OV","idPanel":"23:48:0:0:18:37:1"},"id":1112038989},{"type":"Feature","geometry":{"type":"Polygon","coordinates":[[[-3.0354363669342614,38.1397064078983],[-3.035175859882733,38.13951406081105],[-3.034962385369085,38.13935333529355],[-3.0347315720495027,38.13897234508232],[-3.0346429736513176,38.138879088022065],[-3.034424666132013,38.138629768297335],[-3.034290856583616,38.138489027752826],[-3.034609226430758,38.138236407234444],[-3.034834849675587,38.13851330342223],[-3.0352471421061242,38.138972293114534],[-3.03567223873271,38.13946606519244],[-3.0354363669342614,38.1397064078983]]]},"properties":{"dn_surface":6466.61158548748,"provincia":23,"municipio":48,"agregado":0,"zona":0,"poligono":18,"parcela":38,"recinto":1,"uso_sigpac":"OV","idPanel":"23:48:0:0:18:38:1"},"id":1112038988},{"type":"Feature","geometry":{"type":"Polygon","coordinates":[[[-3.0347577395145735,38.13787532152983],[-3.0345873748078867,38.13765104358055],[-3.034865388303422,38.13749018311444],[-3.0350955000576674,38.137846118139265],[-3.0349175539191093,38.13798964818133],[-3.034861086710458,38.13802751594574],[-3.0347577395145735,38.13787532152983]]]},"properties":{"dn_surface":1324.73635877675,"provincia":23,"municipio":48,"agregado":0,"zona":0,"poligono":18,"parcela":83,"recinto":1,"uso_sigpac":"OV","idPanel":"23:48:0:0:18:83:1"},"id":1112038941},{"type":"Feature","geometry":{"type":"Polygon","coordinates":[[[-3.034861086710458,38.13802751594574],[-3.034609226430758,38.138236407234444],[-3.034290856583616,38.138489027752826],[-3.033988335239937,38.13871748827205],[-3.033726875165962,38.138906191745775],[-3.033743035476239,38.13881443923722],[-3.033749039433839,38.13872043618758],[-3.0337464569693178,38.138567943375904],[-3.0347577395145735,38.13787532152983],[-3.034861086710458,38.13802751594574]]]},"properties":{"dn_surface":2990.03227537105,"provincia":23,"municipio":48,"agregado":0,"zona":0,"poligono":18,"parcela":78,"recinto":1,"uso_sigpac":"OV","idPanel":"23:48:0:0:18:78:1"},"id":1112038946},{"type":"Feature","geometry":{"type":"Polygon","coordinates":[[[-3.0347577395145735,38.13787532152983],[-3.0337464569693178,38.138567943375904],[-3.033759741448447,38.13842806365287],[-3.0337497586011746,38.13831108245245],[-3.033720953351018,38.13821014924483],[-3.0345873748078867,38.13765104358055],[-3.0347577395145735,38.13787532152983]]]},"properties":{"dn_surface":3200.81696964633,"provincia":23,"municipio":48,"agregado":0,"zona":0,"poligono":18,"parcela":79,"recinto":1,"uso_sigpac":"OV","idPanel":"23:48:0:0:18:79:1"},"id":1112038945},{"type":"Feature","geometry":{"type":"Polygon","coordinates":[[[-3.0345873748078867,38.13765104358055],[-3.033720953351018,38.13821014924483],[-3.0336965745841904,38.138055318720234],[-3.0336660787040635,38.13799674513916],[-3.0336271313504652,38.13792447385117],[-3.0344388206527424,38.137457763587406],[-3.0345873748078867,38.13765104358055]]]},"properties":{"dn_surface":2520.99023230262,"provincia":23,"municipio":48,"agregado":0,"zona":0,"poligono":18,"parcela":80,"recinto":1,"uso_sigpac":"OV","idPanel":"23:48:0:0:18:80:1"},"id":1112038944},{"type":"Feature","geometry":{"type":"Polygon","coordinates":[[[-3.0346429736513176,38.138879088022065],[-3.0344454867807316,38.13897242303403],[-3.0341755417056704,38.13907758239745],[-3.0341318996478255,38.138972417166684],[-3.033988335239937,38.13871748827205],[-3.034290856583616,38.138489027752826],[-3.034424666132013,38.138629768297335],[-3.0346429736513176,38.138879088022065]]]},"properties":{"dn_surface":1978.74286926574,"provincia":23,"municipio":48,"agregado":0,"zona":0,"poligono":18,"parcela":40,"recinto":1,"uso_sigpac":"OV","idPanel":"23:48:0:0:18:40:1"},"id":1112038986},{"type":"Feature","geometry":{"type":"Polygon","coordinates":[[[-3.038685423299546,38.13687477201222],[-3.03852227457373,38.13693106068632],[-3.038509044576976,38.13694359247049],[-3.0384200606112217,38.136987781028466],[-3.037878152936884,38.13614256159693],[-3.03821345255306,38.13601051560107],[-3.038685423299546,38.13687477201222]]]},"properties":{"dn_surface":3085.57500518005,"provincia":23,"municipio":48,"agregado":0,"zona":0,"poligono":20,"parcela":134,"recinto":1,"uso_sigpac":"OV","idPanel":"23:48:0:0:20:134:1"},"id":1112040026},{"type":"Feature","geometry":{"type":"Polygon","coordinates":[[[-3.0382140409626985,38.13711032529832],[-3.037778943048653,38.13734613590887],[-3.0377104872031797,38.137367066360525],[-3.037699812010664,38.13724873315908],[-3.0376968867262835,38.13711111152091],[-3.0376884788387106,38.13696420860077],[-3.0376974173007856,38.13681991412909],[-3.0377159924375112,38.13655547764111],[-3.037767486662715,38.13639720131587],[-3.0382140409626985,38.13711032529832]]]},"properties":{"dn_surface":2640.21838332606,"provincia":23,"municipio":48,"agregado":0,"zona":0,"poligono":20,"parcela":136,"recinto":2,"uso_sigpac":"OV","idPanel":"23:48:0:0:20:136:2"},"id":1112040024},{"type":"Feature","geometry":{"type":"Polygon","coordinates":[[[-3.039949076582437,38.13847790245208],[-3.0396600760875683,38.13856893076414],[-3.039637345203002,38.138528742050624],[-3.039652061311278,38.13852080606421],[-3.039438001740753,38.13813991056844],[-3.038720335604717,38.136864666789194],[-3.0393190868351807,38.13667224258836],[-3.0394148031459634,38.13683804502489],[-3.039566142607697,38.13709476680873],[-3.039714519066484,38.13735482375205],[-3.0398971657766203,38.13768057218897],[-3.039748397882932,38.13774388825112],[-3.0395733912779925,38.13781964892564],[-3.039644559507493,38.13795652876536],[-3.0397700994697274,38.13819009637848],[-3.03992588804593,38.13843654194841],[-3.039949076582437,38.13847790245208]]]},"properties":{"dn_surface":9178.53586039985,"provincia":23,"municipio":48,"agregado":0,"zona":0,"poligono":20,"parcela":12,"recinto":1,"uso_sigpac":"OV","idPanel":"23:48:0:0:20:12:1"},"id":1112040146},{"type":"Feature","geometry":{"type":"Polygon","coordinates":[[[-3.038720335604717,38.136864666789194],[-3.039438001740753,38.13813991056844],[-3.0391830083054603,38.13823119788134],[-3.0391938896928066,38.13830581861694],[-3.0391341024121106,38.13832025728422],[-3.0391152758182747,38.13832485978753],[-3.0390075239320113,38.13806262606383],[-3.0388601197740504,38.13769820100876],[-3.0386527556681786,38.137236999332146],[-3.038524804232257,38.13696665946938],[-3.038509044576976,38.13694359247049],[-3.03852227457373,38.13693106068632],[-3.038685423299546,38.13687477201222],[-3.038720335604717,38.136864666789194]]]},"properties":{"dn_surface":4087.05266314791,"provincia":23,"municipio":48,"agregado":0,"zona":0,"poligono":20,"parcela":11,"recinto":1,"uso_sigpac":"OV","idPanel":"23:48:0:0:20:11:1"},"id":1112040147},{"type":"Feature","geometry":{"type":"Polygon","coordinates":[[[-3.0386527556681786,38.137236999332146],[-3.0381326518398613,38.137699325022055],[-3.0377006921105494,38.13740239859911],[-3.0377104872031797,38.137367066360525],[-3.037778943048653,38.13734613590887],[-3.0382140409626985,38.13711032529832],[-3.0384200606112217,38.136987781028466],[-3.038509044576976,38.13694359247049],[-3.038524804232257,38.13696665946938],[-3.0386527556681786,38.137236999332146]]]},"properties":{"dn_surface":3253.29315548166,"provincia":23,"municipio":48,"agregado":0,"zona":0,"poligono":20,"parcela":135,"recinto":1,"uso_sigpac":"OV","idPanel":"23:48:0:0:20:135:1"},"id":1112040025},{"type":"Feature","geometry":{"type":"Polygon","coordinates":[[[-3.0391152758182747,38.13832485978753],[-3.0389943358447753,38.13836193881477],[-3.038885150652984,38.13839558880525],[-3.038760087621068,38.138404013456636],[-3.0386503517382053,38.13827840811558],[-3.0384658308344084,38.13806720845059],[-3.0381326518398613,38.137699325022055],[-3.0386527556681786,38.137236999332146],[-3.0388601197740504,38.13769820100876],[-3.0390075239320113,38.13806262606383],[-3.0391152758182747,38.13832485978753]]]},"properties":{"dn_surface":5319.45795784641,"provincia":23,"municipio":48,"agregado":0,"zona":0,"poligono":20,"parcela":10,"recinto":1,"uso_sigpac":"OV","idPanel":"23:48:0:0:20:10:1"},"id":1112040148},{"type":"Feature","geometry":{"type":"Polygon","coordinates":[[[-3.0398251300200894,38.136602055041635],[-3.0394148031459634,38.13683804502489],[-3.0393190868351807,38.13667224258836],[-3.0391944202673082,38.136359543099076],[-3.039644403604085,38.13623628972019],[-3.039652533212455,38.13628558621025],[-3.0397082695191067,38.13637659608207],[-3.0398251300200894,38.136602055041635]]]},"properties":{"dn_surface":2141.43889353844,"provincia":23,"municipio":48,"agregado":0,"zona":0,"poligono":20,"parcela":388,"recinto":1,"uso_sigpac":"OV","idPanel":"23:48:0:0:20:388:1"},"id":1112039763},{"type":"Feature","geometry":{"type":"Polygon","coordinates":[[[-3.0391341024121106,38.13832025728422],[-3.0391938896928066,38.13830581861694],[-3.0391830083054603,38.13823119788134],[-3.039438001740753,38.13813991056844],[-3.039652061311278,38.13852080606421],[-3.039637345203002,38.138528742050624],[-3.0392453361411595,38.138678833446875],[-3.0392359542763803,38.13862592267998],[-3.039234343274494,38.138616831667264],[-3.039203057819042,38.138524270305],[-3.0391341024121106,38.13832025728422]]]},"properties":{"dn_surface":1601.17957882339,"provincia":23,"municipio":48,"agregado":0,"zona":0,"poligono":20,"parcela":13,"recinto":1,"uso_sigpac":"OV","idPanel":"23:48:0:0:20:13:1"},"id":1112040145},{"type":"Feature","geometry":{"type":"Polygon","coordinates":[[[-3.0391341024121106,38.13832025728422],[-3.039203057819042,38.138524270305],[-3.039234343274494,38.138616831667264],[-3.0392359542763803,38.13862592267998],[-3.0392453361411595,38.138678833446875],[-3.039280974319188,38.138742185551195],[-3.039369487221955,38.13887466153872],[-3.039435037899615,38.13897276836846],[-3.039502777930514,38.13906536493465],[-3.0395045398066665,38.139067773055615],[-3.039517981865583,38.13908614618845],[-3.0392552645060578,38.139042345712625],[-3.0392385644011837,38.13900285353529],[-3.0391862453966585,38.138954986998016],[-3.0391255763396967,38.138936844367464],[-3.0390209794019745,38.13891706475121],[-3.0388840618436963,38.13888909266228],[-3.0388225487290357,38.138696810115675],[-3.0387350081270936,38.138453136441285],[-3.038760087621068,38.138404013456636],[-3.038885150652984,38.13839558880525],[-3.0389943358447753,38.13836193881477],[-3.0391152758182747,38.13832485978753],[-3.0391341024121106,38.13832025728422]]]},"properties":{"dn_surface":2706.73783795319,"provincia":23,"municipio":48,"agregado":0,"zona":0,"poligono":20,"parcela":14,"recinto":1,"uso_sigpac":"OV","idPanel":"23:48:0:0:20:14:1"},"id":1156719437},{"type":"Feature","geometry":{"type":"Polygon","coordinates":[[[-3.0363575993356164,38.136746582530236],[-3.0363016501286118,38.13667864384823],[-3.0362414512964455,38.13655545836272],[-3.0362077535291165,38.136486521395966],[-3.0361662949571784,38.13641506315264],[-3.0364781068028868,38.13631268071387],[-3.0364557028125647,38.13623689070266],[-3.036543438712861,38.13620829583829],[-3.0366168926874937,38.136365544542116],[-3.0366564183924445,38.13644989163873],[-3.036556018273891,38.13648461870383],[-3.0366059400539656,38.1365922155249],[-3.0366710590635866,38.136740363995926],[-3.0365916539373488,38.13677202076971],[-3.036558737363442,38.13666874565817],[-3.036543905584896,38.13667451827527],[-3.0363575993356164,38.136746582530236]]]},"properties":{"dn_surface":1477.79738927896,"provincia":23,"municipio":48,"agregado":0,"zona":0,"poligono":18,"parcela":88,"recinto":1,"uso_sigpac":"OV","idPanel":"23:48:0:0:18:88:1"},"id":1112038936},{"type":"Feature","geometry":{"type":"Polygon","coordinates":[[[-3.037270489228247,38.13652920288766],[-3.0372759718314395,38.13653902564059],[-3.0375877099163957,38.13716377837443],[-3.0376437731172903,38.13722928295161],[-3.0376431721347967,38.13738745450303],[-3.0376295347775244,38.137494979239705],[-3.0376147532904,38.13759556459834],[-3.03758530095728,38.13779096688947],[-3.037566567402575,38.137971765389864],[-3.0375526350022923,38.138025085193675],[-3.037504580710356,38.13800745302112],[-3.0374411808291777,38.137984101875674],[-3.0374305400024673,38.13796501544283],[-3.0373905080305335,38.13789610529818],[-3.0373444980849023,38.13781653169568],[-3.0373016070456265,38.13774228898393],[-3.0372444189932595,38.13764425759132],[-3.0371828120012765,38.137537405921535],[-3.037151878585778,38.137483878246485],[-3.037066877700649,38.137337239356356],[-3.037004751868829,38.137229567936345],[-3.0369532836275264,38.13714138025142],[-3.0368724401666185,38.13699781668174],[-3.0368123930469086,38.136891375725185],[-3.03674766631038,38.13677652520474],[-3.036732836208214,38.13675048263002],[-3.036723486194669,38.13672258430182],[-3.036723278323458,38.136721969070095],[-3.037270489228247,38.13652920288766]]]},"properties":{"dn_surface":6608.774658203125,"provincia":23,"municipio":48,"agregado":0,"zona":0,"poligono":18,"parcela":86,"recinto":3,"uso_sigpac":"OV","idPanel":"23:48:0:0:18:86:3"},"id":1326708606},{"type":"Feature","geometry":{"type":"Polygon","coordinates":[[[-3.036836860661916,38.13717742746638],[-3.036577632688888,38.13724455729468],[-3.0364441961352044,38.136943213608475],[-3.0363575993356164,38.136746582530236],[-3.036543905584896,38.13667451827527],[-3.036558737363442,38.13666874565817],[-3.0365916539373488,38.13677202076971],[-3.0366710590635866,38.136740363995926],[-3.036674144442329,38.13674739306032],[-3.036675405918831,38.136760100026294],[-3.036836860661916,38.13717742746638]]]},"properties":{"dn_surface":1432.21304512666,"provincia":23,"municipio":48,"agregado":0,"zona":0,"poligono":18,"parcela":85,"recinto":1,"uso_sigpac":"OV","idPanel":"23:48:0:0:18:85:1"},"id":1112038939},{"type":"Feature","geometry":{"type":"Polygon","coordinates":[[[-3.036836860661916,38.13717742746638],[-3.0369456862700392,38.13732718610106],[-3.037501771934436,38.13822846454255],[-3.0374538039761063,38.138368444848425],[-3.0374009124875614,38.138477512693555],[-3.037335909986401,38.1385587358547],[-3.037318947527942,38.138637510661795],[-3.037168653289595,38.13840656155534],[-3.036909357423148,38.1379083303047],[-3.036664340967795,38.13743433784302],[-3.036578791067975,38.13727790302207],[-3.036577632688888,38.13724455729468],[-3.036836860661916,38.13717742746638]]]},"properties":{"dn_surface":4596.9397723153,"provincia":23,"municipio":48,"agregado":0,"zona":0,"poligono":18,"parcela":33,"recinto":1,"uso_sigpac":"OV","idPanel":"23:48:0:0:18:33:1"},"id":1112038993},{"type":"Feature","geometry":{"type":"Polygon","coordinates":[[[-3.036577632688888,38.13724455729468],[-3.036578791067975,38.13727790302207],[-3.036664340967795,38.13743433784302],[-3.036909357423148,38.1379083303047],[-3.036496372647367,38.13811339693075],[-3.036436477240114,38.138140542564],[-3.0360820459288083,38.137699025788095],[-3.035954506044358,38.13755110111393],[-3.036079562370751,38.13749868655569],[-3.0365764592223736,38.13724501997575],[-3.036576921903456,38.137244838088435],[-3.036577632688888,38.13724455729468]]]},"properties":{"dn_surface":4324.2808837890625,"provincia":23,"municipio":48,"agregado":0,"zona":0,"poligono":18,"parcela":34,"recinto":1,"uso_sigpac":"OV","idPanel":"23:48:0:0:18:34:1"},"id":1318785666},{"type":"Feature","geometry":{"type":"Polygon","coordinates":[[[-3.037318947527942,38.138637510661795],[-3.0366323807690963,38.13897235011146],[-3.0365884713285243,38.13902103136982],[-3.036500966768769,38.139063055720214],[-3.0364349626301204,38.13897231742203],[-3.036318855662277,38.138870328094555],[-3.036082021621288,38.138553601938696],[-3.0359936470199314,38.1384541280205],[-3.0359310769472168,38.13838312575271],[-3.036082011563004,38.138308368392046],[-3.036436477240114,38.138140542564],[-3.036496372647367,38.13811339693075],[-3.036909357423148,38.1379083303047],[-3.037168653289595,38.13840656155534],[-3.037318947527942,38.138637510661795]]]},"properties":{"dn_surface":8147.51247373006,"provincia":23,"municipio":48,"agregado":0,"zona":0,"poligono":18,"parcela":32,"recinto":1,"uso_sigpac":"OV","idPanel":"23:48:0:0:18:32:1"},"id":1112038994},{"type":"Feature","geometry":{"type":"Polygon","coordinates":[[[-3.036723278323458,38.136721969070095],[-3.036723486194669,38.13672258430182],[-3.036732836208214,38.13675048263002],[-3.03674766631038,38.13677652520474],[-3.0368123930469086,38.136891375725185],[-3.0368724401666185,38.13699781668174],[-3.0369532836275264,38.13714138025142],[-3.037004751868829,38.137229567936345],[-3.037066877700649,38.137337239356356],[-3.037151878585778,38.137483878246485],[-3.0371828120012765,38.137537405921535],[-3.0372444189932595,38.13764425759132],[-3.0373016070456265,38.13774228898393],[-3.0373444980849023,38.13781653169568],[-3.0373905080305335,38.13789610529818],[-3.0374305400024673,38.13796501544283],[-3.0374411808291777,38.137984101875674],[-3.037504580710356,38.13800745302112],[-3.0375526350022923,38.138025085193675],[-3.0375317187998725,38.138105162548584],[-3.037501771934436,38.13822846454255],[-3.0369456862700392,38.13732718610106],[-3.036836860661916,38.13717742746638],[-3.036675405918831,38.136760100026294],[-3.036674144442329,38.13674739306032],[-3.0366710590635866,38.136740363995926],[-3.036723278323458,38.136721969070095]]]},"properties":{"dn_surface":1490.3448486328125,"provincia":23,"municipio":48,"agregado":0,"zona":0,"poligono":18,"parcela":86,"recinto":4,"uso_sigpac":"OV","idPanel":"23:48:0:0:18:86:4"},"id":1326708607},{"type":"Feature","geometry":{"type":"Polygon","coordinates":[[[-3.0361662949571784,38.13641506315264],[-3.0361751881569736,38.136401361254684],[-3.0361552023458604,38.13636802055649],[-3.0360819813881506,38.13621879249624],[-3.0360132137358615,38.13607343855193],[-3.0363852948217267,38.13600934213457],[-3.0364557028125647,38.13623689070266],[-3.0364781068028868,38.13631268071387],[-3.0361662949571784,38.13641506315264]]]},"properties":{"dn_surface":1155.38190017929,"provincia":23,"municipio":48,"agregado":0,"zona":0,"poligono":18,"parcela":89,"recinto":1,"uso_sigpac":"OV","idPanel":"23:48:0:0:18:89:1"},"id":1112038935},{"type":"Feature","geometry":{"type":"Polygon","coordinates":[[[-3.0345793223130295,38.13681368302187],[-3.033311860293112,38.13724176025343],[-3.033189051993283,38.13694698965605],[-3.0334334263948155,38.13683498898283],[-3.0348215559763645,38.13629656315126],[-3.034891176068256,38.13632141884841],[-3.034976076370542,38.136325901490494],[-3.035049216023785,38.1363161483074],[-3.035302859972588,38.1362666883702],[-3.035454041016342,38.136237174849214],[-3.035737453296033,38.136159947341554],[-3.035952179227899,38.136101485239834],[-3.0360132137358615,38.13607343855193],[-3.0360819813881506,38.13621879249624],[-3.0361552023458604,38.13636802055649],[-3.036056276604162,38.13638454212679],[-3.0345793223130295,38.13681368302187]]]},"properties":{"dn_surface":10212.4342664892,"provincia":23,"municipio":48,"agregado":0,"zona":0,"poligono":18,"parcela":126,"recinto":1,"uso_sigpac":"OV","idPanel":"23:48:0:0:18:126:1"},"id":1112038890},{"type":"Feature","geometry":{"type":"Polygon","coordinates":[[[-3.0361552023458604,38.13636802055649],[-3.0361751881569736,38.136401361254684],[-3.0361662949571784,38.13641506315264],[-3.0362077535291165,38.136486521395966],[-3.0362414512964455,38.13655545836272],[-3.0363016501286118,38.13667864384823],[-3.0360616946666954,38.13671953915622],[-3.0350874366663363,38.13699722156659],[-3.0347120640068987,38.13711007216483],[-3.0345793223130295,38.13681368302187],[-3.036056276604162,38.13638454212679],[-3.0361552023458604,38.13636802055649]]]},"properties":{"dn_surface":5130.93914262106,"provincia":23,"municipio":48,"agregado":0,"zona":0,"poligono":18,"parcela":127,"recinto":1,"uso_sigpac":"OV","idPanel":"23:48:0:0:18:127:1"},"id":1112038889},{"type":"Feature","geometry":{"type":"Polygon","coordinates":[[[-3.036577632688888,38.13724455729468],[-3.036576921903456,38.137244838088435],[-3.0365764592223736,38.13724501997575],[-3.036082029165001,38.137440002333534],[-3.035933041665437,38.13752620602182],[-3.0353870377547763,38.1378043988901],[-3.0352996932893803,38.13770717635123],[-3.0350955000576674,38.137846118139265],[-3.034865388303422,38.13749018311444],[-3.0346482894546267,38.137138839696405],[-3.0347120640068987,38.13711007216483],[-3.0350874366663363,38.13699722156659],[-3.0360616946666954,38.13671953915622],[-3.0363016501286118,38.13667864384823],[-3.0363575993356164,38.136746582530236],[-3.0364441961352044,38.136943213608475],[-3.036577632688888,38.13724455729468]]]},"properties":{"dn_surface":12159.868286132812,"provincia":23,"municipio":48,"agregado":0,"zona":0,"poligono":18,"parcela":84,"recinto":1,"uso_sigpac":"OV","idPanel":"23:48:0:0:18:84:1"},"id":1318785668},{"type":"Feature","geometry":{"type":"Polygon","coordinates":[[[-3.0347120640068987,38.13711007216483],[-3.0346482894546267,38.137138839696405],[-3.0343078492169293,38.13728268322171],[-3.0338456710485024,38.137471351491456],[-3.033469303457099,38.137660535248244],[-3.0334288674774084,38.137575647518815],[-3.0333417233395106,38.137326977391666],[-3.033311860293112,38.13724176025343],[-3.0345793223130295,38.13681368302187],[-3.0347120640068987,38.13711007216483]]]},"properties":{"dn_surface":4955.77371646925,"provincia":23,"municipio":48,"agregado":0,"zona":0,"poligono":18,"parcela":128,"recinto":1,"uso_sigpac":"OV","idPanel":"23:48:0:0:18:128:1"},"id":1112038888},{"type":"Feature","geometry":{"type":"Polygon","coordinates":[[[-3.0345873748078867,38.13765104358055],[-3.0344388206527424,38.137457763587406],[-3.0343078492169293,38.13728268322171],[-3.0346482894546267,38.137138839696405],[-3.034865388303422,38.13749018311444],[-3.0345873748078867,38.13765104358055]]]},"properties":{"dn_surface":1453.1902882346,"provincia":23,"municipio":48,"agregado":0,"zona":0,"poligono":18,"parcela":82,"recinto":1,"uso_sigpac":"OV","idPanel":"23:48:0:0:18:82:1"},"id":1112038942},{"type":"Feature","geometry":{"type":"Polygon","coordinates":[[[-3.0344388206527424,38.137457763587406],[-3.0336271313504652,38.13792447385117],[-3.0335924009326036,38.13783841265521],[-3.0335235729306085,38.13776240890547],[-3.033504031360389,38.137740828856295],[-3.0334779845947315,38.137678828752996],[-3.033469303457099,38.137660535248244],[-3.0338456710485024,38.137471351491456],[-3.0343078492169293,38.13728268322171],[-3.0344388206527424,38.137457763587406]]]},"properties":{"dn_surface":2430.11830816955,"provincia":23,"municipio":48,"agregado":0,"zona":0,"poligono":18,"parcela":81,"recinto":1,"uso_sigpac":"OV","idPanel":"23:48:0:0:18:81:1"},"id":1112038943},{"type":"Feature","geometry":{"type":"Polygon","coordinates":[[[-3.0403083610159674,38.13837125865348],[-3.0400583388877416,38.137965950863276],[-3.039947299618858,38.13774968349932],[-3.0403305286366065,38.13761446160015],[-3.0403590841060333,38.13766285033006],[-3.0404319848750228,38.13783469779551],[-3.040615838579287,38.13826769436628],[-3.0403083610159674,38.13837125865348]]]},"properties":{"dn_surface":2583.06070704235,"provincia":23,"municipio":48,"agregado":0,"zona":0,"poligono":20,"parcela":26,"recinto":1,"uso_sigpac":"OV","idPanel":"23:48:0:0:20:26:1"},"id":1112040133},{"type":"Feature","geometry":{"type":"Polygon","coordinates":[[[-3.0405864046863558,38.138883356087405],[-3.0402780931236206,38.13892959988817],[-3.040163329774935,38.13879012082012],[-3.040032805932779,38.13862757559136],[-3.039949076582437,38.13847790245208],[-3.03992588804593,38.13843654194841],[-3.0397700994697274,38.13819009637848],[-3.039644559507493,38.13795652876536],[-3.0395733912779925,38.13781964892564],[-3.039748397882932,38.13774388825112],[-3.0398971657766203,38.13768057218897],[-3.039947299618858,38.13774968349932],[-3.0400583388877416,38.137965950863276],[-3.0403083610159674,38.13837125865348],[-3.0403866245269255,38.138540400440434],[-3.0405864046863558,38.138883356087405]]]},"properties":{"dn_surface":4556.64934919327,"provincia":23,"municipio":48,"agregado":0,"zona":0,"poligono":20,"parcela":25,"recinto":1,"uso_sigpac":"OV","idPanel":"23:48:0:0:20:25:1"},"id":1112040134},{"type":"Feature","geometry":{"type":"Polygon","coordinates":[[[-3.0396565741282147,38.139253950223576],[-3.0397514547632003,38.139222904490566],[-3.039995322059561,38.1391431087676],[-3.039863424423392,38.138972811954346],[-3.0398044560546853,38.138819977161006],[-3.0397515712716614,38.138730227927454],[-3.0396600760875683,38.13856893076414],[-3.039949076582437,38.13847790245208],[-3.040032805932779,38.13862757559136],[-3.040163329774935,38.13879012082012],[-3.0402780931236206,38.13892959988817],[-3.0402816545944895,38.13897285889303],[-3.0405076491576515,38.13933381886906],[-3.040510742918297,38.139338760001294],[-3.0403764740415795,38.13931793097066],[-3.0401053010176304,38.13932397013227],[-3.0398755589053366,38.13933296726768],[-3.0396565741282147,38.139253950223576]]]},"properties":{"dn_surface":3450.9343902473956,"provincia":23,"municipio":48,"agregado":0,"zona":0,"poligono":20,"parcela":18,"recinto":2,"uso_sigpac":"OV","idPanel":"23:48:0:0:20:18:2"},"id":1156719447},{"type":"Feature","geometry":{"type":"Polygon","coordinates":[[[-3.039637345203002,38.138528742050624],[-3.0396600760875683,38.13856893076414],[-3.0397515712716614,38.138730227927454],[-3.0398044560546853,38.138819977161006],[-3.039863424423392,38.138972811954346],[-3.039995322059561,38.1391431087676],[-3.0397514547632003,38.139222904490566],[-3.039713116773999,38.1391803856078],[-3.039541743724301,38.13907665871167],[-3.0395045398066665,38.139067773055615],[-3.039502777930514,38.13906536493465],[-3.039435037899615,38.13897276836846],[-3.039369487221955,38.13887466153872],[-3.039280974319188,38.138742185551195],[-3.0392453361411595,38.138678833446875],[-3.039637345203002,38.138528742050624]]]},"properties":{"dn_surface":2471.624720483219,"provincia":23,"municipio":48,"agregado":0,"zona":0,"poligono":20,"parcela":15,"recinto":2,"uso_sigpac":"OV","idPanel":"23:48:0:0:20:15:2"},"id":1156719443},{"type":"Feature","geometry":{"type":"Polygon","coordinates":[[[-3.0405864046863558,38.138883356087405],[-3.040643170290778,38.138972922595485],[-3.0408879227161654,38.139358689653676],[-3.040895168033699,38.139370109159216],[-3.0407935215260693,38.139350959023886],[-3.040703684282523,38.139353717508385],[-3.0405076491576515,38.13933381886906],[-3.0402816545944895,38.13897285889303],[-3.0402780931236206,38.13892959988817],[-3.0405864046863558,38.138883356087405]]]},"properties":{"dn_surface":1554.3565053722248,"provincia":23,"municipio":48,"agregado":0,"zona":0,"poligono":20,"parcela":22,"recinto":1,"uso_sigpac":"OV","idPanel":"23:48:0:0:20:22:1"},"id":1156719454},{"type":"Feature","geometry":{"type":"Polygon","coordinates":[[[-3.0400804277184856,38.1340117467351],[-3.0399885905527224,38.13404557274555],[-3.0397509602308843,38.13414388577007],[-3.0393779076823835,38.13345570884755],[-3.039226335203727,38.13317609440841],[-3.039380689636211,38.133120888676245],[-3.039591974796622,38.133051064904066],[-3.039650348050168,38.13316956239089],[-3.0400804277184856,38.1340117467351]]]},"properties":{"dn_surface":3882.7649175009,"provincia":23,"municipio":48,"agregado":0,"zona":0,"poligono":20,"parcela":335,"recinto":1,"uso_sigpac":"OV","idPanel":"23:48:0:0:20:335:1"},"id":1112039819},{"type":"Feature","geometry":{"type":"Polygon","coordinates":[[[-3.038798378671608,38.133757050857355],[-3.0387318246800796,38.13363958685932],[-3.0393779076823835,38.13345570884755],[-3.0397509602308843,38.13414388577007],[-3.0396095005190076,38.134202692368035],[-3.0395016891212276,38.13423976888075],[-3.0392977029225343,38.13430850887275],[-3.0391388926700587,38.134358037541546],[-3.039132384960048,38.134346551818936],[-3.0391242159567304,38.134332134106444],[-3.0391379362948494,38.13430085200375],[-3.039123091105258,38.134234713754665],[-3.039019332357903,38.13406938908662],[-3.0388859419046903,38.13388073003702],[-3.0388192412298465,38.133775699754864],[-3.038798378671608,38.133757050857355]]]},"properties":{"dn_surface":4909.460829270742,"provincia":23,"municipio":48,"agregado":0,"zona":0,"poligono":20,"parcela":397,"recinto":1,"uso_sigpac":"OV","idPanel":"23:48:0:0:20:397:1"},"id":1156720417},{"type":"Feature","geometry":{"type":"Polygon","coordinates":[[[-3.0385875293701905,38.133519853041776],[-3.0388192605082245,38.13390976076036],[-3.0390215845754196,38.1341929685216],[-3.039084484056948,38.13426201026212],[-3.0391018237010727,38.134292614268816],[-3.039050448498902,38.13438904387962],[-3.0389908439437057,38.13445673948641],[-3.0389088680876117,38.1345126719296],[-3.0388343362001673,38.13454800584455],[-3.0387355160704557,38.134590213758685],[-3.0387345965756243,38.1345887494401],[-3.038728507960797,38.13457905157753],[-3.038395087567424,38.134047961588095],[-3.0384450085093087,38.13394006469491],[-3.0384977809748217,38.133831086536134],[-3.038547587922816,38.13372427174667],[-3.0385587291491762,38.13364775083352],[-3.0385875293701905,38.133519853041776]]]},"properties":{"dn_surface":3464.7431640625,"provincia":23,"municipio":48,"agregado":0,"zona":0,"poligono":20,"parcela":142,"recinto":1,"uso_sigpac":"OV","idPanel":"23:48:0:0:20:142:1"},"id":1179160014},{"type":"Feature","geometry":{"type":"Polygon","coordinates":[[[-3.038395087567424,38.134047961588095],[-3.038728507960797,38.13457905157753],[-3.0387345965756243,38.1345887494401],[-3.0387355160704557,38.134590213758685],[-3.038747297674256,38.13460898000278],[-3.038747383169673,38.1346091359062],[-3.0387464418818917,38.134610140896484],[-3.0386730197584937,38.134686474893215],[-3.0386099576680334,38.13480149053714],[-3.038585526933403,38.1348473026699],[-3.0385452535626443,38.13488265418678],[-3.0385375522695512,38.134870473604366],[-3.0385250322200377,38.134850672195114],[-3.038251282598899,38.13441770328464],[-3.038315197128963,38.13423211368814],[-3.0383451439943996,38.13411349801652],[-3.038395087567424,38.134047961588095]]]},"properties":{"dn_surface":1900.8355712890625,"provincia":23,"municipio":48,"agregado":0,"zona":0,"poligono":20,"parcela":141,"recinto":3,"uso_sigpac":"OV","idPanel":"23:48:0:0:20:141:3"},"id":1179160013},{"type":"Feature","geometry":{"type":"Polygon","coordinates":[[[-3.038769503013462,38.134649488066856],[-3.03921789378854,38.13546746631147],[-3.038881548948976,38.135558238137236],[-3.0388329037328305,38.13549372262469],[-3.038649647658297,38.135078566935846],[-3.0385926498751425,38.13497160462495],[-3.038563136354126,38.134914942117945],[-3.0385784534448956,38.13490021092221],[-3.038598448476103,38.134884405166474],[-3.0386344965292214,38.1348535128223],[-3.038647860636434,38.13482754652293],[-3.0386718253372207,38.13477080606421],[-3.0386805693391303,38.134750102762155],[-3.038680668245594,38.13474986890702],[-3.03872584419181,38.13468543805172],[-3.0387670571739704,38.13465082330413],[-3.038769503013462,38.134649488066856]]]},"properties":{"dn_surface":2612.7159423828125,"provincia":23,"municipio":48,"agregado":0,"zona":0,"poligono":20,"parcela":141,"recinto":2,"uso_sigpac":"OV","idPanel":"23:48:0:0:20:141:2"},"id":1179160009},{"type":"Feature","geometry":{"type":"Polygon","coordinates":[[[-3.039172945830104,38.13444653032775],[-3.039450427074755,38.135015951600906],[-3.0396410868848016,38.13539901884789],[-3.039255122013695,38.135520449162755],[-3.03921789378854,38.13546746631147],[-3.038769503013462,38.134649488066856],[-3.0387688307847873,38.134648261794354],[-3.038806521691025,38.13461347354135],[-3.038890283730792,38.134578032338055],[-3.038947936140623,38.13453240544544],[-3.038948092882221,38.134532345933934],[-3.0389879949346477,38.13451711685312],[-3.039172945830104,38.13444653032775]]]},"properties":{"dn_surface":4328.2135009765625,"provincia":23,"municipio":48,"agregado":0,"zona":0,"poligono":20,"parcela":146,"recinto":1,"uso_sigpac":"OV","idPanel":"23:48:0:0:20:146:1"},"id":1179160010},{"type":"Feature","geometry":{"type":"Polygon","coordinates":[[[-3.039803066335056,38.13488966397284],[-3.039590185260187,38.134970934910854],[-3.039450427074755,38.135015951600906],[-3.039172945830104,38.13444653032775],[-3.0391388926700587,38.134358037541546],[-3.0392977029225343,38.13430850887275],[-3.0395016891212276,38.13423976888075],[-3.039803066335056,38.13488966397284]]]},"properties":{"dn_surface":2668.65774494917,"provincia":23,"municipio":48,"agregado":0,"zona":0,"poligono":20,"parcela":145,"recinto":1,"uso_sigpac":"OV","idPanel":"23:48:0:0:20:145:1"},"id":1112040015},{"type":"Feature","geometry":{"type":"Polygon","coordinates":[[[-3.0398764976785477,38.13581568747034],[-3.0396410868848016,38.13539901884789],[-3.039450427074755,38.135015951600906],[-3.039590185260187,38.134970934910854],[-3.039803066335056,38.13488966397284],[-3.039862706932438,38.135026547165324],[-3.0401215769981786,38.135561453435514],[-3.0398764976785477,38.13581568747034]]]},"properties":{"dn_surface":2853.25314442674,"provincia":23,"municipio":48,"agregado":0,"zona":0,"poligono":20,"parcela":148,"recinto":2,"uso_sigpac":"OV","idPanel":"23:48:0:0:20:148:2"},"id":1112040012},{"type":"Feature","geometry":{"type":"Polygon","coordinates":[[[-3.0404994876980473,38.13552600301213],[-3.04063420165385,38.135841041052544],[-3.040568714678658,38.135862421612444],[-3.040500257156804,38.13587812594719],[-3.0403621929541043,38.13589331144203],[-3.0402806177530057,38.135916860400386],[-3.0401215769981786,38.135561453435514],[-3.039862706932438,38.135026547165324],[-3.039921003072471,38.13500165374961],[-3.040005538761946,38.13496900120566],[-3.040189105805105,38.13490936899018],[-3.0402445127029427,38.135024351944736],[-3.0404994876980473,38.13552600301213]]]},"properties":{"dn_surface":3464.62410046935,"provincia":23,"municipio":48,"agregado":0,"zona":0,"poligono":20,"parcela":150,"recinto":2,"uso_sigpac":"OV","idPanel":"23:48:0:0:20:150:2"},"id":1112040010},{"type":"Feature","geometry":{"type":"Polygon","coordinates":[[[-3.040444002010316,38.13628254022643],[-3.0403304741542327,38.13630366681463],[-3.0402665713588344,38.1363032359848],[-3.040170720099402,38.13630606068634],[-3.0400925462748134,38.13629184581589],[-3.039874586604511,38.135867240368896],[-3.0398764976785477,38.13581568747034],[-3.0401215769981786,38.135561453435514],[-3.0402806177530057,38.135916860400386],[-3.040444002010316,38.13628254022643]]]},"properties":{"dn_surface":2181.93902365542,"provincia":23,"municipio":48,"agregado":0,"zona":0,"poligono":20,"parcela":149,"recinto":1,"uso_sigpac":"OV","idPanel":"23:48:0:0:20:149:1"},"id":1112040011},{"type":"Feature","geometry":{"type":"Polygon","coordinates":[[[-3.039874586604511,38.135867240368896],[-3.0400925462748134,38.13629184581589],[-3.039996692500811,38.13628890209131],[-3.039921259558722,38.136279283018695],[-3.0397921950059943,38.13626931944978],[-3.039671583603119,38.13627539632992],[-3.039652533212455,38.13628558621025],[-3.039644403604085,38.13623628972019],[-3.0394503399029578,38.13589215893029],[-3.039874586604511,38.135867240368896]]]},"properties":{"dn_surface":1664.11387717505,"provincia":23,"municipio":48,"agregado":0,"zona":0,"poligono":20,"parcela":382,"recinto":1,"uso_sigpac":"OV","idPanel":"23:48:0:0:20:382:1"},"id":1112039772},{"type":"Feature","geometry":{"type":"Polygon","coordinates":[[[-3.039874586604511,38.135867240368896],[-3.0394503399029578,38.13589215893029],[-3.039438810594458,38.13588405111486],[-3.039255122013695,38.135520449162755],[-3.0396410868848016,38.13539901884789],[-3.0398764976785477,38.13581568747034],[-3.039874586604511,38.135867240368896]]]},"properties":{"dn_surface":1882.80641008602,"provincia":23,"municipio":48,"agregado":0,"zona":0,"poligono":20,"parcela":147,"recinto":1,"uso_sigpac":"OV","idPanel":"23:48:0:0:20:147:1"},"id":1112040013},{"type":"Feature","geometry":{"type":"Polygon","coordinates":[[[-3.039438810594458,38.13588405111486],[-3.0390359226598394,38.13594681480956],[-3.038881548948976,38.135558238137236],[-3.03921789378854,38.13546746631147],[-3.039255122013695,38.135520449162755],[-3.039438810594458,38.13588405111486]]]},"properties":{"dn_surface":1605.43016422451,"provincia":23,"municipio":48,"agregado":0,"zona":0,"poligono":20,"parcela":132,"recinto":1,"uso_sigpac":"OV","idPanel":"23:48:0:0:20:132:1"},"id":1112040028},{"type":"Feature","geometry":{"type":"Polygon","coordinates":[[[-3.039644403604085,38.13623628972019],[-3.0391944202673082,38.136359543099076],[-3.0390359226598394,38.13594681480956],[-3.039438810594458,38.13588405111486],[-3.0394503399029578,38.13589215893029],[-3.039644403604085,38.13623628972019]]]},"properties":{"dn_surface":1762.2221114517,"provincia":23,"municipio":48,"agregado":0,"zona":0,"poligono":20,"parcela":389,"recinto":1,"uso_sigpac":"OV","idPanel":"23:48:0:0:20:389:1"},"id":1112039762},{"type":"Feature","geometry":{"type":"Polygon","coordinates":[[[-3.038561968754945,38.13491270079689],[-3.038563136354126,38.134914942117945],[-3.0385926498751425,38.13497160462495],[-3.038649647658297,38.135078566935846],[-3.0388329037328305,38.13549372262469],[-3.038881548948976,38.135558238137236],[-3.0390359226598394,38.13594681480956],[-3.0391944202673082,38.136359543099076],[-3.0393190868351807,38.13667224258836],[-3.038720335604717,38.136864666789194],[-3.038685423299546,38.13687477201222],[-3.03821345255306,38.13601051560107],[-3.0379953847562002,38.135575091630955],[-3.0379984139761875,38.13547883552559],[-3.0379819192279527,38.13535933304857],[-3.037988607987082,38.13530161106894],[-3.0381591537428885,38.13518398530013],[-3.038398219884826,38.13501670261945],[-3.038561968754945,38.13491270079689]]]},"properties":{"dn_surface":13183.088745117188,"provincia":23,"municipio":48,"agregado":0,"zona":0,"poligono":20,"parcela":133,"recinto":2,"uso_sigpac":"OV","idPanel":"23:48:0:0:20:133:2"},"id":1179160015},{"type":"Feature","geometry":{"type":"Polygon","coordinates":[[[-3.039566142607697,38.13709476680873],[-3.0394148031459634,38.13683804502489],[-3.0398251300200894,38.136602055041635],[-3.0399902074219405,38.13693564977859],[-3.039566142607697,38.13709476680873]]]},"properties":{"dn_surface":1501.22773958814,"provincia":23,"municipio":48,"agregado":0,"zona":0,"poligono":20,"parcela":387,"recinto":1,"uso_sigpac":"OV","idPanel":"23:48:0:0:20:387:1"},"id":1112039764},{"type":"Feature","geometry":{"type":"Polygon","coordinates":[[[-3.0408303298178514,38.132197623663245],[-3.040199675385634,38.13239772736415],[-3.0399027204641826,38.13189122233638],[-3.039859888098233,38.13181300576406],[-3.0404116403184314,38.1315182971928],[-3.0406490686363914,38.131883322392184],[-3.040781792728263,38.13212157297488],[-3.0408303298178514,38.132197623663245]]]},"properties":{"dn_surface":4587.22703599485,"provincia":23,"municipio":48,"agregado":0,"zona":0,"poligono":20,"parcela":155,"recinto":1,"uso_sigpac":"OV","idPanel":"23:48:0:0:20:155:1"},"id":1112040005},{"type":"Feature","geometry":{"type":"Polygon","coordinates":[[[-3.039609979125707,38.131977745375195],[-3.0399975466167954,38.13271764953984],[-3.0399822949048754,38.13278515906845],[-3.039987574665998,38.13284139661292],[-3.0400416102843946,38.132955299140065],[-3.0398696865436245,38.13301384506087],[-3.0397858314647275,38.13283100556691],[-3.039563874464564,38.13237891250503],[-3.0393882207766607,38.13208641759448],[-3.039609979125707,38.131977745375195]]]},"properties":{"dn_surface":2319.33444902157,"provincia":23,"municipio":48,"agregado":0,"zona":0,"poligono":20,"parcela":333,"recinto":1,"uso_sigpac":"OV","idPanel":"23:48:0:0:20:333:1"},"id":1112039821},{"type":"Feature","geometry":{"type":"Polygon","coordinates":[[[-3.040414988050758,38.133807503211955],[-3.040213534025164,38.133911663452494],[-3.0401389375970624,38.13396405118863],[-3.0400804277184856,38.1340117467351],[-3.039650348050168,38.13316956239089],[-3.039591974796622,38.133051064904066],[-3.0392363918117518,38.13216469451652],[-3.039246656290988,38.132156669681905],[-3.0393882207766607,38.13208641759448],[-3.039563874464564,38.13237891250503],[-3.0397858314647275,38.13283100556691],[-3.0398696865436245,38.13301384506087],[-3.0400416102843946,38.132955299140065],[-3.0401223933955968,38.133151928541935],[-3.040414988050758,38.133807503211955]]]},"properties":{"dn_surface":6241.48196125755,"provincia":23,"municipio":48,"agregado":0,"zona":0,"poligono":20,"parcela":334,"recinto":1,"uso_sigpac":"OV","idPanel":"23:48:0:0:20:334:1"},"id":1112039820},{"type":"Feature","geometry":{"type":"Polygon","coordinates":[[[-3.039591974796622,38.133051064904066],[-3.039380689636211,38.133120888676245],[-3.03902775114195,38.13226651201495],[-3.0392363918117518,38.13216469451652],[-3.039591974796622,38.133051064904066]]]},"properties":{"dn_surface":2072.649331322,"provincia":23,"municipio":48,"agregado":0,"zona":0,"poligono":20,"parcela":336,"recinto":1,"uso_sigpac":"OV","idPanel":"23:48:0:0:20:336:1"},"id":1112039818},{"type":"Feature","geometry":{"type":"Polygon","coordinates":[[[-3.039380689636211,38.133120888676245],[-3.039226335203727,38.13317609440841],[-3.038833492142468,38.13237769712896],[-3.03902775114195,38.13226651201495],[-3.039380689636211,38.133120888676245]]]},"properties":{"dn_surface":1702.34633571345,"provincia":23,"municipio":48,"agregado":0,"zona":0,"poligono":20,"parcela":349,"recinto":1,"uso_sigpac":"OV","idPanel":"23:48:0:0:20:349:1"},"id":1112039805},{"type":"Feature","geometry":{"type":"Polygon","coordinates":[[[-3.0386163522223444,38.133435666039475],[-3.0386234936042724,38.133347430577714],[-3.0386499108500717,38.133244768183346],[-3.0386564663369335,38.13312922447946],[-3.038642214586121,38.13293969371185],[-3.038613718628211,38.132785496020944],[-3.038570283603387,38.13264599432176],[-3.0385435185085847,38.132526224462026],[-3.038833492142468,38.13237769712896],[-3.039226335203727,38.13317609440841],[-3.0393779076823835,38.13345570884755],[-3.0387318246800796,38.13363958685932],[-3.0386163522223444,38.133435666039475]]]},"properties":{"dn_surface":5599.92457835785,"provincia":23,"municipio":48,"agregado":0,"zona":0,"poligono":20,"parcela":143,"recinto":1,"uso_sigpac":"OV","idPanel":"23:48:0:0:20:143:1"},"id":1112040017},{"type":"Feature","geometry":{"type":"Polygon","coordinates":[[[-3.04077317948405,38.13762873933484],[-3.0407449467179144,38.137546012460206],[-3.040517802995759,38.137037593843786],[-3.040170720099402,38.13630606068634],[-3.0402665713588344,38.1363032359848],[-3.0403304741542327,38.13630366681463],[-3.040444002010316,38.13628254022643],[-3.040519538888009,38.13627611717365],[-3.0406141253181764,38.136256078556556],[-3.0410116345852094,38.13716117663154],[-3.0411766172715495,38.13751658024364],[-3.0408139188886536,38.137631339401395],[-3.04077317948405,38.13762873933484]]]},"properties":{"dn_surface":5619.97742497253,"provincia":23,"municipio":48,"agregado":0,"zona":0,"poligono":20,"parcela":127,"recinto":1,"uso_sigpac":"OV","idPanel":"23:48:0:0:20:127:1"},"id":1112040033},{"type":"Feature","geometry":{"type":"Polygon","coordinates":[[[-3.04077317948405,38.13762873933484],[-3.0408224139480247,38.137719840569474],[-3.0404319848750228,38.13783469779551],[-3.0403590841060333,38.13766285033006],[-3.0403305286366065,38.13761446160015],[-3.0401283202396816,38.13720724608868],[-3.0399902074219405,38.13693564977859],[-3.0398251300200894,38.136602055041635],[-3.0397082695191067,38.13637659608207],[-3.039652533212455,38.13628558621025],[-3.039671583603119,38.13627539632992],[-3.0397921950059943,38.13626931944978],[-3.039921259558722,38.136279283018695],[-3.0403238558030936,38.13711327237564],[-3.040517802995759,38.137037593843786],[-3.0407449467179144,38.137546012460206],[-3.04077317948405,38.13762873933484]]]},"properties":{"dn_surface":5064.26781056282,"provincia":23,"municipio":48,"agregado":0,"zona":0,"poligono":20,"parcela":129,"recinto":2,"uso_sigpac":"OV","idPanel":"23:48:0:0:20:129:2"},"id":1112040031},{"type":"Feature","geometry":{"type":"Polygon","coordinates":[[[-3.039921259558722,38.136279283018695],[-3.039996692500811,38.13628890209131],[-3.0400925462748134,38.13629184581589],[-3.040170720099402,38.13630606068634],[-3.040517802995759,38.137037593843786],[-3.0403238558030936,38.13711327237564],[-3.039921259558722,38.136279283018695]]]},"properties":{"dn_surface":1780.19064111135,"provincia":23,"municipio":48,"agregado":0,"zona":0,"poligono":20,"parcela":128,"recinto":1,"uso_sigpac":"OV","idPanel":"23:48:0:0:20:128:1"},"id":1112040032},{"type":"Feature","geometry":{"type":"Polygon","coordinates":[[[-3.0401283202396816,38.13720724608868],[-3.039714519066484,38.13735482375205],[-3.039566142607697,38.13709476680873],[-3.0399902074219405,38.13693564977859],[-3.0401283202396816,38.13720724608868]]]},"properties":{"dn_surface":1296.41245442356,"provincia":23,"municipio":48,"agregado":0,"zona":0,"poligono":20,"parcela":131,"recinto":1,"uso_sigpac":"OV","idPanel":"23:48:0:0:20:131:1"},"id":1112040029},{"type":"Feature","geometry":{"type":"Polygon","coordinates":[[[-3.0403305286366065,38.13761446160015],[-3.039947299618858,38.13774968349932],[-3.0398971657766203,38.13768057218897],[-3.039714519066484,38.13735482375205],[-3.0401283202396816,38.13720724608868],[-3.0403305286366065,38.13761446160015]]]},"properties":{"dn_surface":1871.02998177282,"provincia":23,"municipio":48,"agregado":0,"zona":0,"poligono":20,"parcela":130,"recinto":1,"uso_sigpac":"OV","idPanel":"23:48:0:0:20:130:1"},"id":1112040030},{"type":"Feature","geometry":{"type":"Polygon","coordinates":[[[-3.041487948834177,38.13600010443852],[-3.0414385408647977,38.13600318562632],[-3.041181246596947,38.13544998501317],[-3.0409192928288453,38.134923013053],[-3.0407587659624977,38.13456418208045],[-3.040603523886414,38.134265104022774],[-3.040414988050758,38.133807503211955],[-3.0401223933955968,38.133151928541935],[-3.0400416102843946,38.132955299140065],[-3.039987574665998,38.13284139661292],[-3.0399822949048754,38.13278515906845],[-3.0399975466167954,38.13271764953984],[-3.039609979125707,38.131977745375195],[-3.0397485789320515,38.13191326171386],[-3.039586612892842,38.13140527057456],[-3.039515882198714,38.131222517414244],[-3.04042485690414,38.13108027902351],[-3.04058767035381,38.13106066955987],[-3.0406821344081836,38.131038287362514],[-3.040739060106966,38.131019162372894],[-3.0407538776362766,38.130991759415224],[-3.0409243915408486,38.13107074460808],[-3.0410293111818616,38.13117354446564],[-3.0404116403184314,38.1315182971928],[-3.039859888098233,38.13181300576406],[-3.0399027204641826,38.13189122233638],[-3.040199675385634,38.13239772736415],[-3.040536607796645,38.132971002636594],[-3.0407893657782292,38.13339694751184],[-3.0411947330799536,38.134100159893194],[-3.0414190512623813,38.134466269710884],[-3.041467485254555,38.13455601894444],[-3.041566783990967,38.13479527116465],[-3.0420166097479524,38.13598163323741],[-3.041930810905594,38.13600166933992],[-3.041892929730143,38.136007180441595],[-3.041788404038602,38.1360054126981],[-3.041681027661623,38.136008151904235],[-3.041606968513546,38.136004301257714],[-3.041487948834177,38.13600010443852]]]},"properties":{"dn_surface":28754.3522439225,"provincia":23,"municipio":48,"agregado":0,"zona":0,"poligono":20,"parcela":154,"recinto":1,"uso_sigpac":"OV","idPanel":"23:48:0:0:20:154:1"},"id":1112040006},{"type":"Feature","geometry":{"type":"Polygon","coordinates":[[[-3.0410293111818616,38.13117354446564],[-3.041216206678969,38.13136509191929],[-3.0412280804837093,38.131376653917215],[-3.04125043334442,38.131398420882874],[-3.041243969220308,38.13145330810269],[-3.0411757405244253,38.13161150060887],[-3.0412652844013444,38.13168218520252],[-3.0413948652793383,38.13168957385059],[-3.0415810022141634,38.13172489351629],[-3.041582268719808,38.131724575842156],[-3.041597185993772,38.13174016199204],[-3.041726540560367,38.13186945034158],[-3.0419062468986957,38.13205288746522],[-3.042018259306595,38.132182091157574],[-3.042048612694359,38.132185685317864],[-3.0415921744535663,38.132540664805674],[-3.0415306202675767,38.13245200102861],[-3.0414875699721318,38.132394334369565],[-3.041111747204467,38.13265807767411],[-3.041051894544923,38.13254985556301],[-3.0409937400590628,38.13241874079665],[-3.0408303298178514,38.132197623663245],[-3.040781792728263,38.13212157297488],[-3.0406490686363914,38.131883322392184],[-3.0404116403184314,38.1315182971928],[-3.0410293111818616,38.13117354446564]]]},"properties":{"dn_surface":11034.500732421875,"provincia":23,"municipio":48,"agregado":0,"zona":0,"poligono":20,"parcela":157,"recinto":1,"uso_sigpac":"OV","idPanel":"23:48:0:0:20:157:1"},"id":1179160184},{"type":"Feature","geometry":{"type":"Polygon","coordinates":[[[-3.041161557505223,38.13276278776752],[-3.040536607796645,38.132971002636594],[-3.040199675385634,38.13239772736415],[-3.0408303298178514,38.132197623663245],[-3.0409937400590628,38.13241874079665],[-3.041051894544923,38.13254985556301],[-3.041111747204467,38.13265807767411],[-3.041161557505223,38.13276278776752]]]},"properties":{"dn_surface":4225.64594808368,"provincia":23,"municipio":48,"agregado":0,"zona":0,"poligono":20,"parcela":156,"recinto":2,"uso_sigpac":"OV","idPanel":"23:48:0:0:20:156:2"},"id":1112040004},{"type":"Feature","geometry":{"type":"Polygon","coordinates":[[[-3.041600325016696,38.13360613468177],[-3.0415282632762652,38.1336986281506],[-3.041457361591301,38.13382311618389],[-3.0415820357028855,38.13413932769086],[-3.0411947330799536,38.134100159893194],[-3.0407893657782292,38.13339694751184],[-3.0411811359558185,38.13327550965329],[-3.041390936681088,38.13320568252837],[-3.041600325016696,38.13360613468177]]]},"properties":{"dn_surface":4361.62751381705,"provincia":23,"municipio":48,"agregado":0,"zona":0,"poligono":20,"parcela":364,"recinto":1,"uso_sigpac":"OV","idPanel":"23:48:0:0:20:364:1"},"id":1112039790},{"type":"Feature","geometry":{"type":"Polygon","coordinates":[[[-3.04053912991146,38.1346018361063],[-3.0403246780678437,38.13412108112476],[-3.040213534025164,38.133911663452494],[-3.040414988050758,38.133807503211955],[-3.040603523886414,38.134265104022774],[-3.0407587659624977,38.13456418208045],[-3.04053912991146,38.1346018361063]]]},"properties":{"dn_surface":1599.14583060864,"provincia":23,"municipio":48,"agregado":0,"zona":0,"poligono":20,"parcela":153,"recinto":1,"uso_sigpac":"OV","idPanel":"23:48:0:0:20:153:1"},"id":1112040007},{"type":"Feature","geometry":{"type":"Polygon","coordinates":[[[-3.04053912991146,38.1346018361063],[-3.0404737535773956,38.134615196022565],[-3.0403412910009195,38.134644168910796],[-3.0403668826292085,38.13469940817055],[-3.0404234512588943,38.134851162536506],[-3.040460028210134,38.13496029324594],[-3.0403087407162026,38.13499720379696],[-3.0402445127029427,38.135024351944736],[-3.040189105805105,38.13490936899018],[-3.040005538761946,38.13496900120566],[-3.039921003072471,38.13500165374961],[-3.039862706932438,38.135026547165324],[-3.039803066335056,38.13488966397284],[-3.0395016891212276,38.13423976888075],[-3.0396095005190076,38.134202692368035],[-3.0397509602308843,38.13414388577007],[-3.0399885905527224,38.13404557274555],[-3.0400804277184856,38.1340117467351],[-3.0401389375970624,38.13396405118863],[-3.040213534025164,38.133911663452494],[-3.0403246780678437,38.13412108112476],[-3.04053912991146,38.1346018361063]]]},"properties":{"dn_surface":6711.59834822869,"provincia":23,"municipio":48,"agregado":0,"zona":0,"poligono":20,"parcela":144,"recinto":1,"uso_sigpac":"OV","idPanel":"23:48:0:0:20:144:1"},"id":1112040016},{"type":"Feature","geometry":{"type":"Polygon","coordinates":[[[-3.0411947330799536,38.134100159893194],[-3.0415820357028855,38.13413932769086],[-3.041621686298203,38.13423475817871],[-3.041969629177876,38.13428628425518],[-3.0420832039726196,38.13454382746556],[-3.0421162043655636,38.134584193037256],[-3.0414190512623813,38.134466269710884],[-3.0411947330799536,38.134100159893194]]]},"properties":{"dn_surface":2134.40371652671,"provincia":23,"municipio":48,"agregado":0,"zona":0,"poligono":20,"parcela":167,"recinto":1,"uso_sigpac":"OV","idPanel":"23:48:0:0:20:167:1"},"id":1112039992},{"type":"Feature","geometry":{"type":"Polygon","coordinates":[[[-3.0402445127029427,38.135024351944736],[-3.0403087407162026,38.13499720379696],[-3.040460028210134,38.13496029324594],[-3.0404234512588943,38.134851162536506],[-3.0403668826292085,38.13469940817055],[-3.0403412910009195,38.134644168910796],[-3.0404737535773956,38.134615196022565],[-3.04053912991146,38.1346018361063],[-3.0407587659624977,38.13456418208045],[-3.0409192928288453,38.134923013053],[-3.041181246596947,38.13544998501317],[-3.0404994876980473,38.13552600301213],[-3.0402445127029427,38.135024351944736]]]},"properties":{"dn_surface":5244.53275694934,"provincia":23,"municipio":48,"agregado":0,"zona":0,"poligono":20,"parcela":152,"recinto":1,"uso_sigpac":"OV","idPanel":"23:48:0:0:20:152:1"},"id":1112040008},{"type":"Feature","geometry":{"type":"Polygon","coordinates":[[[-3.0402806177530057,38.135916860400386],[-3.0403621929541043,38.13589331144203],[-3.040500257156804,38.13587812594719],[-3.040568714678658,38.135862421612444],[-3.04063420165385,38.135841041052544],[-3.0404994876980473,38.13552600301213],[-3.041181246596947,38.13544998501317],[-3.0414385408647977,38.13600318562632],[-3.041362785219418,38.13602565164271],[-3.041244926433708,38.136054710864556],[-3.041154458032814,38.136091963397234],[-3.041050981755613,38.13612921928265],[-3.040871748994842,38.13619002245011],[-3.040743624053516,38.13622593471641],[-3.0406141253181764,38.136256078556556],[-3.040519538888009,38.13627611717365],[-3.040444002010316,38.13628254022643],[-3.0402806177530057,38.135916860400386]]]},"properties":{"dn_surface":5754.58356923322,"provincia":23,"municipio":48,"agregado":0,"zona":0,"poligono":20,"parcela":151,"recinto":1,"uso_sigpac":"OV","idPanel":"23:48:0:0:20:151:1"},"id":1112040009},{"type":"Feature","geometry":{"type":"Polygon","coordinates":[[[-3.0415426524902966,38.13706006069842],[-3.0412648217202616,38.137114498648145],[-3.040871748994842,38.13619002245011],[-3.041050981755613,38.13612921928265],[-3.041154458032814,38.136091963397234],[-3.0413059911165234,38.13647828449925],[-3.0415426524902966,38.13706006069842]]]},"properties":{"dn_surface":2850.65742494939,"provincia":23,"municipio":48,"agregado":0,"zona":0,"poligono":20,"parcela":125,"recinto":1,"uso_sigpac":"OV","idPanel":"23:48:0:0:20:125:1"},"id":1112040035},{"type":"Feature","geometry":{"type":"Polygon","coordinates":[[[-3.0412648217202616,38.137114498648145],[-3.0410116345852094,38.13716117663154],[-3.0406141253181764,38.136256078556556],[-3.040743624053516,38.13622593471641],[-3.040871748994842,38.13619002245011],[-3.0412648217202616,38.137114498648145]]]},"properties":{"dn_surface":2484.6129068937,"provincia":23,"municipio":48,"agregado":0,"zona":0,"poligono":20,"parcela":126,"recinto":1,"uso_sigpac":"OV","idPanel":"23:48:0:0:20:126:1"},"id":1112040034},{"type":"Feature","geometry":{"type":"Polygon","coordinates":[[[-3.0373562880706064,38.128000437367746],[-3.03737312396232,38.127904177909585],[-3.0374060438889887,38.12780133362793],[-3.037418333436151,38.12773842241174],[-3.0374216183042004,38.12769254657658],[-3.037427867851577,38.12764333558195],[-3.037451903798545,38.12757014647545],[-3.0374668261016495,38.12752336623285],[-3.0374846057957177,38.12748568789951],[-3.037926458685931,38.12740381178804],[-3.0382174867632976,38.12734370012768],[-3.038773086277281,38.127249708812684],[-3.039420403095806,38.12712991045447],[-3.0395363667330964,38.126998740367526],[-3.0396441295158345,38.12689434040453],[-3.0397746231831384,38.12704183592524],[-3.039837645878652,38.12711662094617],[-3.0398819492686955,38.12717762276472],[-3.039951119252361,38.12722735008464],[-3.0400070617538426,38.12729069129247],[-3.0388105307555517,38.12770871107779],[-3.037782364541731,38.12806988898339],[-3.0376015987307787,38.128003248658246],[-3.0374818967644512,38.127976787826526],[-3.0373910813527454,38.12798789971623],[-3.0373562880706064,38.128000437367746]]]},"properties":{"dn_surface":11860.0921128937,"provincia":23,"municipio":48,"agregado":0,"zona":0,"poligono":18,"parcela":229,"recinto":1,"uso_sigpac":"OV","idPanel":"23:48:0:0:18:229:1"},"id":1112038768},{"type":"Feature","geometry":{"type":"Polygon","coordinates":[[[-3.0396441295158345,38.12689434040453],[-3.0395363667330964,38.126998740367526],[-3.039420403095806,38.12712991045447],[-3.038773086277281,38.127249708812684],[-3.039191904858017,38.12657191958334],[-3.03933616244934,38.12664604830121],[-3.0394384317324117,38.126718928953665],[-3.0395420781622575,38.12680433636109],[-3.0396212863137593,38.12685180811076],[-3.0396441295158345,38.12689434040453]]]},"properties":{"dn_surface":2839.8042011578,"provincia":23,"municipio":48,"agregado":0,"zona":0,"poligono":18,"parcela":255,"recinto":1,"uso_sigpac":"OV","idPanel":"23:48:0:0:18:255:1"},"id":1112038733},{"type":"Feature","geometry":{"type":"Polygon","coordinates":[[[-3.038819952015278,38.126358705746924],[-3.038956911483074,38.1264420302513],[-3.0390967216363083,38.12652084780609],[-3.039191904858017,38.12657191958334],[-3.038773086277281,38.127249708812684],[-3.0382174867632976,38.12734370012768],[-3.038819952015278,38.126358705746924]]]},"properties":{"dn_surface":4035.19112978539,"provincia":23,"municipio":48,"agregado":0,"zona":0,"poligono":18,"parcela":256,"recinto":1,"uso_sigpac":"OV","idPanel":"23:48:0:0:18:256:1"},"id":1112038732},{"type":"Feature","geometry":{"type":"Polygon","coordinates":[[[-3.03861805458698,38.12624070195426],[-3.038819952015278,38.126358705746924],[-3.0382174867632976,38.12734370012768],[-3.037926458685931,38.12740381178804],[-3.03861805458698,38.12624070195426]]]},"properties":{"dn_surface":2756.39030442743,"provincia":23,"municipio":48,"agregado":0,"zona":0,"poligono":18,"parcela":257,"recinto":1,"uso_sigpac":"OV","idPanel":"23:48:0:0:18:257:1"},"id":1112038731},{"type":"Feature","geometry":{"type":"Polygon","coordinates":[[[-3.039635096338248,38.12579578212549],[-3.039901975312946,38.12603639137589],[-3.0398987466036527,38.12604372554159],[-3.0399165891619973,38.12608082217088],[-3.040044381341748,38.12620300098973],[-3.0401989285580173,38.126364456571025],[-3.040219765132353,38.12644301931593],[-3.040206991111158,38.12649626954996],[-3.040174121475912,38.12651762496412],[-3.0401009541623862,38.12656646966957],[-3.0396866584568714,38.12684304483048],[-3.0395586969626662,38.12673457293866],[-3.0394116884305586,38.12663737303092],[-3.039202496231496,38.126536406295685],[-3.039009270720736,38.12642299746264],[-3.0391456618954633,38.12628178585513],[-3.039185345180204,38.1263066901673],[-3.039337019918085,38.12637762789444],[-3.039405417928423,38.126400539828126],[-3.0394961101261444,38.12641580076013],[-3.039510658596346,38.126412233421945],[-3.039558540221068,38.12640049205129],[-3.039558539382877,38.12639939988924],[-3.0395228341496185,38.126352452008575],[-3.0394731470628464,38.12630762474956],[-3.0394514412850997,38.126288042108],[-3.0394424986320736,38.12624654581748],[-3.039375556558403,38.12616793781032],[-3.039325001944601,38.12614938781928],[-3.039315215233875,38.12610623861735],[-3.0393481686881576,38.126072120078504],[-3.039503377236627,38.12593886457395],[-3.039635096338248,38.12579578212549]]]},"properties":{"dn_surface":5808.7989501953125,"provincia":23,"municipio":48,"agregado":0,"zona":0,"poligono":18,"parcela":252,"recinto":2,"uso_sigpac":"OV","idPanel":"23:48:0:0:18:252:2"},"id":1179157751},{"type":"Feature","geometry":{"type":"Polygon","coordinates":[[[-3.0406493058442656,38.1264793481628],[-3.0407564709972728,38.12656555855665],[-3.0408498730644506,38.126651444570825],[-3.041005586203521,38.126869049686576],[-3.0410587727350755,38.126895131656255],[-3.0411159624638233,38.12689577538643],[-3.0411784805687354,38.12681250620261],[-3.041217080911522,38.12677021530766],[-3.04122054766688,38.12671214547902],[-3.041124201875132,38.12665421227541],[-3.041115433565702,38.12664765175941],[-3.041108641709157,38.12663976354983],[-3.041104138950506,38.1266309122596],[-3.041102133160957,38.126621504410906],[-3.041092770574556,38.12649674312749],[-3.0410236978209735,38.126475550322255],[-3.0410144073189436,38.12647188743037],[-3.0410061276744975,38.126466936239865],[-3.040999141357788,38.12646086774163],[-3.0409936880912594,38.12645388729223],[-3.040989953114983,38.126446233775994],[-3.040988063833896,38.12643816787008],[-3.0409885131039327,38.126426392133624],[-3.0409742043561767,38.12640797373851],[-3.0409806433345765,38.12629744911851],[-3.0410045678022244,38.12628431467547],[-3.0410185278627884,38.126276650262724],[-3.0410934352595174,38.126331792292405],[-3.0411225967405793,38.126363436493335],[-3.0411809205408944,38.12642864351295],[-3.0412294978636205,38.126437260109896],[-3.04127324301888,38.12649096129036],[-3.041282974409042,38.12651973468928],[-3.0414020125285988,38.1265820432466],[-3.0414384486638575,38.126594501270034],[-3.0414746819570473,38.12655475847379],[-3.0413848338170255,38.126274144073534],[-3.041292509662658,38.12620990767837],[-3.0412757098131302,38.12611972090943],[-3.041342463293968,38.126134749662725],[-3.041395980910717,38.12614680870752],[-3.0415876800768182,38.126574665494985],[-3.041700594377553,38.12689764119821],[-3.0418116286172947,38.12712544373798],[-3.0419223636230743,38.12723049413671],[-3.0421374809898425,38.12750134110462],[-3.042309659540483,38.12770532981787],[-3.042390125815726,38.12775315947479],[-3.0423157414497872,38.127764270526285],[-3.042009084474836,38.12782583896151],[-3.0418136528470305,38.12785519574089],[-3.041727880826764,38.127905063876796],[-3.0416697196353804,38.12795438215983],[-3.041583474037556,38.12797559089071],[-3.0414240594498247,38.12801012517201],[-3.0413701386635092,38.128021806192976],[-3.0412665215703263,38.12799345021284],[-3.0410991223811576,38.127962591396255],[-3.0410163510824058,38.127873122956515],[-3.0408824585531624,38.12777501947954],[-3.0407599897204336,38.12770088489435],[-3.040651789402323,38.127637200866616],[-3.040613410341794,38.1275613270364],[-3.040546992137104,38.12753800522765],[-3.0403751170113753,38.1274579387692],[-3.0402711503928095,38.12741372003637],[-3.040176073621278,38.12735354551174],[-3.0400607973000886,38.12728301346871],[-3.0399158129977177,38.127136604242736],[-3.0398072137009926,38.126968643466],[-3.040626452583906,38.12649262761283],[-3.0406493058442656,38.1264793481628]]]},"properties":{"dn_surface":21635.4671193831,"provincia":23,"municipio":48,"agregado":0,"zona":0,"poligono":18,"parcela":234,"recinto":2,"uso_sigpac":"OV","idPanel":"23:48:0:0:18:234:2"},"id":1112038762},{"type":"Feature","geometry":{"type":"Polygon","coordinates":[[[-3.040626452583906,38.12649262761283],[-3.0398072137009926,38.126968643466],[-3.0396866584568714,38.12684304483048],[-3.0401009541623862,38.12656646966957],[-3.040234186197619,38.12657248620005],[-3.040297550874802,38.12655563689728],[-3.0403146994115233,38.12649455209791],[-3.040317167882155,38.126488402295166],[-3.040320974104611,38.126482694218765],[-3.0403259973794814,38.12647760724144],[-3.0403320801269755,38.12647330145751],[-3.0403390304015003,38.12646991349206],[-3.040407472835926,38.126442853354234],[-3.040415626751818,38.126440363090666],[-3.040424230775936,38.12643913597998],[-3.0404347676670413,38.12643843860559],[-3.04056113995231,38.12643007933306],[-3.04056967943577,38.126430142197336],[-3.0405780571484895,38.1264314506125],[-3.0405859847529824,38.126433959316245],[-3.040593189837378,38.12643758113683],[-3.040599423459138,38.126442192860225],[-3.0406044702033386,38.12644763439209],[-3.040608158240954,38.126453719654165],[-3.040626452583906,38.12649262761283]]]},"properties":{"dn_surface":1519.48733487907,"provincia":23,"municipio":48,"agregado":0,"zona":0,"poligono":18,"parcela":251,"recinto":4,"uso_sigpac":"OV","idPanel":"23:48:0:0:18:251:4"},"id":1112038741},{"type":"Feature","geometry":{"type":"Polygon","coordinates":[[[-3.0404353979861964,38.12752470314652],[-3.039032830575575,38.12798767340482],[-3.038262812745589,38.12825026755036],[-3.037782364541731,38.12806988898339],[-3.0388105307555517,38.12770871107779],[-3.0400070617538426,38.12729069129247],[-3.040109224586738,38.12737375511966],[-3.0401855820528016,38.12742122770749],[-3.0402953673888957,38.12746427297378],[-3.0404353979861964,38.12752470314652]]]},"properties":{"dn_surface":7635.65328406941,"provincia":23,"municipio":48,"agregado":0,"zona":0,"poligono":18,"parcela":230,"recinto":1,"uso_sigpac":"OV","idPanel":"23:48:0:0:18:230:1"},"id":1112038767},{"type":"Feature","geometry":{"type":"Polygon","coordinates":[[[-3.040830100991881,38.12779873942873],[-3.040066774435596,38.12797355995542],[-3.039432138599136,38.12813346404633],[-3.039032830575575,38.12798767340482],[-3.0404353979861964,38.12752470314652],[-3.0405336590429335,38.12756657997542],[-3.0405912988799098,38.12760252157838],[-3.0406327499081343,38.12766226192039],[-3.040830100991881,38.12779873942873]]]},"properties":{"dn_surface":4378.17429855374,"provincia":23,"municipio":48,"agregado":0,"zona":0,"poligono":18,"parcela":232,"recinto":1,"uso_sigpac":"OV","idPanel":"23:48:0:0:18:232:1"},"id":1112038765},{"type":"Feature","geometry":{"type":"Polygon","coordinates":[[[-3.041316802095878,38.124768983000166],[-3.0413384827279137,38.124773662616974],[-3.0417218056229833,38.12492170379963],[-3.042290226935013,38.125134031668864],[-3.042184946033951,38.12537371304251],[-3.0420429976570897,38.12534537047344],[-3.041600231977566,38.12618360358829],[-3.041395980910717,38.12614680870752],[-3.041342463293968,38.126134749662725],[-3.0413562314089377,38.12609070527347],[-3.041366393628949,38.126058196060114],[-3.0414241181231514,38.1258735368549],[-3.0414721070362387,38.12579637221148],[-3.0416111510834782,38.125536943072774],[-3.0417619365013797,38.125261466779506],[-3.041110255225614,38.12509684032406],[-3.041229718307687,38.12491177208196],[-3.0412739462605973,38.12484317122954],[-3.041316802095878,38.124768983000166]]]},"properties":{"dn_surface":6008.232812886511,"provincia":23,"municipio":48,"agregado":0,"zona":0,"poligono":18,"parcela":244,"recinto":2,"uso_sigpac":"OV","idPanel":"23:48:0:0:18:244:2"},"id":1156720194},{"type":"Feature","geometry":{"type":"Polygon","coordinates":[[[-3.0399100110439967,38.12491841641702],[-3.0406729880748973,38.12498630732216],[-3.0408858054472985,38.125046082030025],[-3.041110255225614,38.12509684032406],[-3.0417619365013797,38.125261466779506],[-3.0416111510834782,38.125536943072774],[-3.0414721070362387,38.12579637221148],[-3.0414241181231514,38.1258735368549],[-3.041366393628949,38.126058196060114],[-3.0413000131428247,38.12599720681442],[-3.0412733804821,38.12597623277688],[-3.0411169691304547,38.125952681303914],[-3.0410237548179184,38.125879271753405],[-3.0409471676876945,38.125784873916075],[-3.0408639278405265,38.125695723150415],[-3.0408306273754313,38.12565114483394],[-3.0407707202335126,38.12563280522872],[-3.0404179736848453,38.12559358378684],[-3.0401983334428566,38.12555956080163],[-3.040051902423912,38.12552813620661],[-3.0399121333420065,38.12550982258526],[-3.0398488751149997,38.12544689460529],[-3.0397530615741344,38.12541014079588],[-3.039753129467554,38.12540996393773],[-3.039773457260338,38.12535674387854],[-3.0398316670667627,38.12519197409253],[-3.0399100110439967,38.12491841641702]]]},"properties":{"dn_surface":11709.784682366884,"provincia":23,"municipio":48,"agregado":0,"zona":0,"poligono":18,"parcela":250,"recinto":1,"uso_sigpac":"OV","idPanel":"23:48:0:0:18:250:1"},"id":1156720180},{"type":"Feature","geometry":{"type":"Polygon","coordinates":[[[-3.042184946033951,38.12537371304251],[-3.0426055507983594,38.125467752972526],[-3.042567832231839,38.12554635595063],[-3.0422653712378662,38.12632091341962],[-3.0420885055266917,38.126289969945844],[-3.0416206570004314,38.126187291625854],[-3.041600231977566,38.12618360358829],[-3.0420429976570897,38.12534537047344],[-3.042184946033951,38.12537371304251]]]},"properties":{"dn_surface":5539.44375843101,"provincia":23,"municipio":48,"agregado":0,"zona":0,"poligono":18,"parcela":243,"recinto":1,"uso_sigpac":"OV","idPanel":"23:48:0:0:18:243:1"},"id":1112038751},{"type":"Feature","geometry":{"type":"Polygon","coordinates":[[[-3.03983782525139,38.12559573877428],[-3.0401078398962516,38.12570751062157],[-3.040016295258927,38.12582529397011],[-3.039982589109694,38.12586866110155],[-3.039977221338583,38.125875566951976],[-3.03997657509381,38.12586905337466],[-3.03990789461332,38.12580901044586],[-3.03986328360741,38.125769251723995],[-3.039807895987951,38.125781897502094],[-3.0397680274631402,38.125766531796245],[-3.039763634507425,38.125726681711626],[-3.039776770626859,38.12569949081612],[-3.0397558493952954,38.125674529506995],[-3.039762791287916,38.12566785751167],[-3.03976414664174,38.12566655496383],[-3.0397787764164073,38.12565249348225],[-3.039805212940586,38.12562708374125],[-3.03983782525139,38.12559573877428]]]},"properties":{"dn_surface":494.7838134765625,"provincia":23,"municipio":48,"agregado":0,"zona":0,"poligono":18,"parcela":252,"recinto":5,"uso_sigpac":"OV","idPanel":"23:48:0:0:18:252:5"},"id":1179157754},{"type":"Feature","geometry":{"type":"Polygon","coordinates":[[[-3.0397558493952954,38.125674529506995],[-3.039776770626859,38.12569949081612],[-3.039763634507425,38.125726681711626],[-3.0397680274631402,38.125766531796245],[-3.039807895987951,38.125781897502094],[-3.03986328360741,38.125769251723995],[-3.03990789461332,38.12580901044586],[-3.03997657509381,38.12586905337466],[-3.039977221338583,38.125875566951976],[-3.039966976975916,38.12588874749551],[-3.039901975312946,38.12603639137589],[-3.039635096338248,38.12579578212549],[-3.039676582570468,38.12575071682039],[-3.0397558493952954,38.125674529506995]]]},"properties":{"dn_surface":505.8956298828125,"provincia":23,"municipio":48,"agregado":0,"zona":0,"poligono":18,"parcela":252,"recinto":6,"uso_sigpac":"OV","idPanel":"23:48:0:0:18:252:6"},"id":1179157755},{"type":"Feature","geometry":{"type":"Polygon","coordinates":[[[-3.0413562314089377,38.12609070527347],[-3.041342463293968,38.126134749662725],[-3.0412757098131302,38.12611972090943],[-3.0408872940733906,38.12605423561061],[-3.0407656525345534,38.12602471370769],[-3.040593774894254,38.12593428218719],[-3.0403049202445103,38.12578909168997],[-3.0401078398962516,38.12570751062157],[-3.03983782525139,38.12559573877428],[-3.039719471933363,38.1255273701006],[-3.0397393169284945,38.125447964136185],[-3.039739628735312,38.125446716908954],[-3.039965402016216,38.12555964042977],[-3.040048600792056,38.12557534979362],[-3.0403281397940596,38.12561459805755],[-3.040647615214295,38.12566170016524],[-3.040810681797455,38.12568787265943],[-3.0408406538086026,38.125729829116466],[-3.0409138957210713,38.125792753743696],[-3.0409372225589886,38.125853073275294],[-3.0410138029836897,38.12593435678613],[-3.04109369342215,38.125984164572316],[-3.0411635825731502,38.12599987728893],[-3.0412767315671876,38.12601819845398],[-3.041310023650379,38.126047038908126],[-3.0413562314089377,38.12609070527347]]]},"properties":{"dn_surface":2790.4487171784804,"provincia":23,"municipio":48,"agregado":0,"zona":0,"poligono":18,"parcela":250,"recinto":2,"uso_sigpac":"OV","idPanel":"23:48:0:0:18:250:2"},"id":1156720181},{"type":"Feature","geometry":{"type":"Polygon","coordinates":[[[-3.039344761444316,38.1236127521947],[-3.0395323769469487,38.123704442677166],[-3.039597202589941,38.123743807449586],[-3.0396652100035673,38.12376027872847],[-3.0397289895849817,38.12376521566975],[-3.0386454323989405,38.12433244758964],[-3.038628323257167,38.12434119494429],[-3.0384275112853945,38.12410981165527],[-3.038606579760854,38.12400881558341],[-3.038692015666784,38.12396140334525],[-3.03882123528473,38.123889692806586],[-3.0392386859387863,38.12366523883733],[-3.039344761444316,38.1236127521947]]]},"properties":{"dn_surface":3397.4908447265625,"provincia":23,"municipio":48,"agregado":0,"zona":0,"poligono":18,"parcela":292,"recinto":3,"uso_sigpac":"OV","idPanel":"23:48:0:0:18:292:3"},"id":1307433508},{"type":"Feature","geometry":{"type":"Polygon","coordinates":[[[-3.040028008131117,38.12374078744966],[-3.040236684843104,38.123747840821636],[-3.040316438656535,38.12375628726596],[-3.0403167722563005,38.12377150461208],[-3.040323465206382,38.12407695459288],[-3.0402704505038525,38.12414429564518],[-3.040242195944768,38.12421631631426],[-3.0401654814096077,38.1243385521301],[-3.0400463418690165,38.124493787500626],[-3.0399273104549835,38.124637576543535],[-3.0397642623120102,38.12482464051689],[-3.039693793133276,38.1248964030234],[-3.039142259680763,38.12488035335423],[-3.039113975785016,38.124900910811164],[-3.038628323257167,38.12434119494429],[-3.0386454323989405,38.12433244758964],[-3.0397289895849817,38.12376521566975],[-3.0398291575248035,38.12375779433225],[-3.040028008131117,38.12374078744966]]]},"properties":{"dn_surface":12006.185144802246,"provincia":23,"municipio":48,"agregado":0,"zona":0,"poligono":18,"parcela":291,"recinto":1,"uso_sigpac":"OV","idPanel":"23:48:0:0:18:291:1"},"id":1156720202},{"type":"Feature","geometry":{"type":"Polygon","coordinates":[[[-3.0380150076308845,38.12432732121735],[-3.0381746384717303,38.124237777340426],[-3.0383291940699038,38.12416526968272],[-3.0384275112853945,38.12410981165527],[-3.038628323257167,38.12434119494429],[-3.039113975785016,38.124900910811164],[-3.0389951639768578,38.12498690327553],[-3.038894472168056,38.124948561933536],[-3.038754962925163,38.1249154148573],[-3.0386680844936116,38.12486565400977],[-3.0385496255635993,38.12482212678401],[-3.0384601353308636,38.12481178267669],[-3.038391679485391,38.124762015961835],[-3.0382863407491945,38.124641724747676],[-3.0381072638918316,38.124434324599605],[-3.0380150076308845,38.12432732121735]]]},"properties":{"dn_surface":4013.1724853515625,"provincia":23,"municipio":48,"agregado":0,"zona":0,"poligono":18,"parcela":290,"recinto":1,"uso_sigpac":"OV","idPanel":"23:48:0:0:18:290:1"},"id":1307433515},{"type":"Feature","geometry":{"type":"Polygon","coordinates":[[[-3.0401654814096077,38.1243385521301],[-3.0408192506175786,38.124578888968585],[-3.041316802095878,38.124768983000166],[-3.0412739462605973,38.12484317122954],[-3.041229718307687,38.12491177208196],[-3.041110255225614,38.12509684032406],[-3.0408858054472985,38.125046082030025],[-3.0406729880748973,38.12498630732216],[-3.0399100110439967,38.12491841641702],[-3.0398316670667627,38.12519197409253],[-3.039773457260338,38.12535674387854],[-3.039753129467554,38.12540996393773],[-3.0396602596512583,38.12536981461912],[-3.0393527770587965,38.12520231317072],[-3.0391562700327497,38.12510218043488],[-3.0390314182248064,38.12501477645799],[-3.0389951639768578,38.12498690327553],[-3.039113975785016,38.124900910811164],[-3.039142259680763,38.12488035335423],[-3.039693793133276,38.1248964030234],[-3.0397642623120102,38.12482464051689],[-3.0399273104549835,38.124637576543535],[-3.0400463418690165,38.124493787500626],[-3.0401654814096077,38.1243385521301]]]},"properties":{"dn_surface":8964.290967245672,"provincia":23,"municipio":48,"agregado":0,"zona":0,"poligono":18,"parcela":249,"recinto":1,"uso_sigpac":"OV","idPanel":"23:48:0:0:18:249:1"},"id":1156720176},{"type":"Feature","geometry":{"type":"Polygon","coordinates":[[[-3.0379650598669086,38.12435533856856],[-3.038070435483481,38.12446753034919],[-3.0381415433632757,38.12455878832543],[-3.0382547770145405,38.12467700250383],[-3.038339045321288,38.124768256289116],[-3.0384048751163406,38.1248304726455],[-3.0384943695400284,38.12484911399926],[-3.03860492684945,38.1248822711338],[-3.038704964031575,38.12492787874805],[-3.038894488093673,38.12497968058912],[-3.038959118438311,38.12501299195068],[-3.038912909841562,38.12504643658451],[-3.0388848539335935,38.12506681383053],[-3.0385637381748096,38.124959301666735],[-3.0379070034493205,38.12471318466743],[-3.0377176084685384,38.12449414456975],[-3.0379583342274024,38.12435911126343],[-3.0379650598669086,38.12435533856856]]]},"properties":{"dn_surface":1858.0651107137437,"provincia":23,"municipio":48,"agregado":0,"zona":0,"poligono":18,"parcela":290,"recinto":2,"uso_sigpac":"OV","idPanel":"23:48:0:0:18:290:2"},"id":1156720171},{"type":"Feature","geometry":{"type":"Polygon","coordinates":[[[-3.0378429774399387,38.12359761950583],[-3.0379196475510093,38.1236008406714],[-3.0392386859387863,38.12366523883733],[-3.03882123528473,38.123889692806586],[-3.037826531306745,38.123781842852054],[-3.0378429774399387,38.12359761950583]]]},"properties":{"dn_surface":2563.580810546875,"provincia":23,"municipio":48,"agregado":0,"zona":0,"poligono":18,"parcela":503,"recinto":1,"uso_sigpac":"OV","idPanel":"23:48:0:0:18:503:1"},"id":1307433513},{"type":"Feature","geometry":{"type":"Polygon","coordinates":[[[-3.037780879268401,38.12396688594845],[-3.038003892388426,38.1239782107385],[-3.038606579760854,38.12400881558341],[-3.0384275112853945,38.12410981165527],[-3.0383291940699038,38.12416526968272],[-3.0381746384717303,38.124237777340426],[-3.037871780175523,38.12421561474892],[-3.037816924806948,38.12421160065526],[-3.0377625237375505,38.124207619251024],[-3.037780879268401,38.12396688594845]]]},"properties":{"dn_surface":1512.22509765625,"provincia":23,"municipio":48,"agregado":0,"zona":0,"poligono":18,"parcela":294,"recinto":1,"uso_sigpac":"OV","idPanel":"23:48:0:0:18:294:1"},"id":1307433509},{"type":"Feature","geometry":{"type":"Polygon","coordinates":[[[-3.0380038362296715,38.123889257785805],[-3.038138619755275,38.123903412306504],[-3.0383439277801765,38.123924928653224],[-3.0385395664410035,38.1239454224077],[-3.038692015666784,38.12396140334525],[-3.038606579760854,38.12400881558341],[-3.038003892388426,38.1239782107385],[-3.038003804378438,38.12393993058444],[-3.0380038362296715,38.123889257785805]]]},"properties":{"dn_surface":449.255859375,"provincia":23,"municipio":48,"agregado":0,"zona":0,"poligono":18,"parcela":294,"recinto":2,"uso_sigpac":"OV","idPanel":"23:48:0:0:18:294:2"},"id":1307433507},{"type":"Feature","geometry":{"type":"Polygon","coordinates":[[[-3.037871780175523,38.12421561474892],[-3.0381746384717303,38.124237777340426],[-3.0380150076308845,38.12432732121735],[-3.037891262234227,38.12425351017362],[-3.037871780175523,38.12421561474892]]]},"properties":{"dn_surface":164.8800048828125,"provincia":23,"municipio":48,"agregado":0,"zona":0,"poligono":18,"parcela":296,"recinto":2,"uso_sigpac":"OV","idPanel":"23:48:0:0:18:296:2"},"id":1307433516},{"type":"Feature","geometry":{"type":"Polygon","coordinates":[[[-3.0428823816072876,38.13140792847619],[-3.042982638395288,38.131564128603856],[-3.042772415222073,38.13167983240217],[-3.0426588873659903,38.131737932405656],[-3.0426252667121743,38.13175513793931],[-3.042615647639522,38.13169782080564],[-3.0426192560490524,38.131625718832055],[-3.0425551730427247,38.13150506132874],[-3.042652142448106,38.13145126207999],[-3.0427111074640516,38.13148451644463],[-3.0428823816072876,38.13140792847619]]]},"properties":{"dn_surface":758.9986572265625,"provincia":23,"municipio":48,"agregado":0,"zona":0,"poligono":20,"parcela":321,"recinto":3,"uso_sigpac":"OV","idPanel":"23:48:0:0:20:321:3"},"id":1179161205},{"type":"Feature","geometry":{"type":"Polygon","coordinates":[[[-3.0426815260496154,38.13119074832295],[-3.042726054074678,38.13123804908173],[-3.0427272091010034,38.13123928541256],[-3.0425003679655713,38.13134903470646],[-3.042520404906296,38.13138855119129],[-3.042536137739487,38.13140435694706],[-3.0425590178219384,38.13141112198153],[-3.0425833211516333,38.131412241803844],[-3.042690489657401,38.131386216831146],[-3.0427919626596243,38.13136362508618],[-3.042814827654649,38.13134667771513],[-3.0428189465221127,38.13133750455975],[-3.042838060615245,38.13135796897757],[-3.04265269900651,38.13145095278776],[-3.042652142448106,38.13145126207999],[-3.0425551730427247,38.13150506132874],[-3.0424594726575593,38.13136702059535],[-3.042433130010702,38.131344120396335],[-3.042423511776239,38.131335758609225],[-3.0425310759078603,38.13127813134511],[-3.0425590186601292,38.1312617128722],[-3.0426025936627443,38.13123610867103],[-3.0426815260496154,38.13119074832295]]]},"properties":{"dn_surface":336.8673095703125,"provincia":23,"municipio":48,"agregado":0,"zona":0,"poligono":20,"parcela":319,"recinto":2,"uso_sigpac":"OV","idPanel":"23:48:0:0:20:319:2"},"id":1179160753},{"type":"Feature","geometry":{"type":"Polygon","coordinates":[[[-3.042449710254354,38.130298036187014],[-3.0425404569344496,38.13035938082541],[-3.042612377858899,38.1304216340622],[-3.0426772127219865,38.13046334073846],[-3.0427565424110905,38.130511981763675],[-3.0427323916320432,38.13054898703018],[-3.042438031747968,38.13100003319235],[-3.0422987119360982,38.13119186898348],[-3.0421587760543094,38.131113055619636],[-3.0420723695239342,38.13105982047301],[-3.041972732996805,38.13101794532051],[-3.041920797045278,38.130984435307795],[-3.0418625361092406,38.13086602918378],[-3.0418315557550812,38.13076626944266],[-3.0418934795830235,38.13070865810417],[-3.041943745021149,38.130617253444626],[-3.042449710254354,38.130298036187014]]]},"properties":{"dn_surface":4351.538549165595,"provincia":23,"municipio":48,"agregado":0,"zona":0,"poligono":20,"parcela":317,"recinto":1,"uso_sigpac":"OV","idPanel":"23:48:0:0:20:317:1"},"id":1156720424},{"type":"Feature","geometry":{"type":"Polygon","coordinates":[[[-3.042449710254354,38.130298036187014],[-3.041943745021149,38.130617253444626],[-3.0418934795830235,38.13070865810417],[-3.0418315557550812,38.13076626944266],[-3.0418048124532286,38.13069156404981],[-3.0418113821893256,38.13060918586237],[-3.0418518190072064,38.13049137736806],[-3.0419313875805667,38.13036355166071],[-3.0422480190208865,38.13017084582796],[-3.042353253821477,38.13022876142958],[-3.042449710254354,38.130298036187014]]]},"properties":{"dn_surface":1346.44729426025,"provincia":23,"municipio":48,"agregado":0,"zona":0,"poligono":20,"parcela":328,"recinto":1,"uso_sigpac":"OV","idPanel":"23:48:0:0:20:328:1"},"id":1112039826},{"type":"Feature","geometry":{"type":"Polygon","coordinates":[[[-3.0425082268384527,38.13105542919371],[-3.0425273015366376,38.1310704822545],[-3.0426095959050707,38.131114615491924],[-3.0426815260496154,38.13119074832295],[-3.0426025936627443,38.13123610867103],[-3.0425563708167593,38.131154877966196],[-3.0425082268384527,38.13105542919371]]]},"properties":{"dn_surface":108.38185059058,"provincia":23,"municipio":48,"agregado":0,"zona":0,"poligono":20,"parcela":318,"recinto":2,"uso_sigpac":"OV","idPanel":"23:48:0:0:20:318:2"},"id":1112039843},{"type":"Feature","geometry":{"type":"Polygon","coordinates":[[[-3.042039509108782,38.13164547162623],[-3.041887271106974,38.13172021054672],[-3.0418765783124613,38.131722366372344],[-3.0418655636528467,38.131722904490545],[-3.0418546152102715,38.131721804784775],[-3.0418441210668754,38.13171910832639],[-3.04183445002642,38.131714908154464],[-3.0418259449087643,38.131709353466874],[-3.0417460351919257,38.13164629137643],[-3.0417334715565127,38.131631578620926],[-3.04173008526743,38.13162307517965],[-3.041728819599975,38.13161421634567],[-3.0417297231691913,38.13160533068958],[-3.0417327607710813,38.13159674510564],[-3.041737821764518,38.13158877726801],[-3.0417531966904217,38.13157583728514],[-3.0418768993393726,38.13150538822296],[-3.0418887236908803,38.13141058973065],[-3.0418967971404967,38.13139128620648],[-3.041963156671861,38.13130383780546],[-3.04202221975608,38.13119484539746],[-3.042014933367218,38.131171634229815],[-3.041881568897906,38.13116458588701],[-3.0417759971447884,38.13118130024114],[-3.041753027375968,38.13118131868134],[-3.0417318043958725,38.131174377626905],[-3.041715573677603,38.13116153822685],[-3.041710148071358,38.131153492437505],[-3.0416346648378463,38.13100888364443],[-3.0415273144447696,38.130958252755306],[-3.0415268869676817,38.130933464951596],[-3.041510183510046,38.13085650231207],[-3.041612275934951,38.13080671883341],[-3.041668148028442,38.13074280095057],[-3.041764839992812,38.13062830833738],[-3.0417682044889456,38.130723480662624],[-3.0418002309046823,38.13085649644472],[-3.041839879823618,38.13095183640803],[-3.0418783753926086,38.13102536665798],[-3.0419590730083925,38.13107166494112],[-3.042019678362886,38.13110075517599],[-3.042089069628809,38.131129842896314],[-3.0422436042722225,38.131198376693476],[-3.0423106469287364,38.13130650576542],[-3.0424041437114266,38.13138605589859],[-3.042039509108782,38.13164547162623]]]},"properties":{"dn_surface":3016.00172055358,"provincia":23,"municipio":48,"agregado":0,"zona":0,"poligono":20,"parcela":325,"recinto":1,"uso_sigpac":"OV","idPanel":"23:48:0:0:20:325:1"},"id":1112039833},{"type":"Feature","geometry":{"type":"Polygon","coordinates":[[[-3.04125043334442,38.131398420882874],[-3.0415397573807685,38.13168015678187],[-3.041582268719808,38.131724575842156],[-3.0415810022141634,38.13172489351629],[-3.0413948652793383,38.13168957385059],[-3.0412652844013444,38.13168218520252],[-3.0411757405244253,38.13161150060887],[-3.041243969220308,38.13145330810269],[-3.04125043334442,38.131398420882874]]]},"properties":{"dn_surface":528.91259765625,"provincia":23,"municipio":48,"agregado":0,"zona":0,"poligono":20,"parcela":157,"recinto":2,"uso_sigpac":"OV","idPanel":"23:48:0:0:20:157:2"},"id":1179160185},{"type":"Feature","geometry":{"type":"Polygon","coordinates":[[[-3.0461978469571678,38.13051769654558],[-3.0458828340624473,38.130551880463344],[-3.045886757631556,38.130620645601056],[-3.045875451281694,38.130782246189256],[-3.0458391987101248,38.13101126997239],[-3.045746209870798,38.13101779360804],[-3.0458359767063543,38.131503991797786],[-3.0458570923980823,38.13169279836896],[-3.0457756387345873,38.13171860457396],[-3.045707200491112,38.131754859660106],[-3.045666471982984,38.13176605033971],[-3.0455941185523048,38.131747331034234],[-3.0452384961724874,38.13162597028918],[-3.045046307503212,38.13156403305018],[-3.0449569245588437,38.131500525880654],[-3.04485919575299,38.131409353399846],[-3.0448117072395515,38.13137476212157],[-3.0446529447639255,38.13130271798315],[-3.044648514927835,38.131150766642435],[-3.0445804513554537,38.130690966420076],[-3.0445582292524414,38.130551007907144],[-3.044554411295319,38.13046737243414],[-3.0445850773280903,38.130422839379946],[-3.0446231588310395,38.130377131182826],[-3.0447088378121756,38.13036033720064],[-3.044807118985481,38.130423660806485],[-3.044866358927867,38.13045833841835],[-3.044995317030419,38.13049551383753],[-3.0451924962851407,38.13051463966531],[-3.0452636854694,38.130498931977854],[-3.04532471494822,38.13047511647494],[-3.045366920347775,38.130455813788984],[-3.045547381895624,38.13038193485184],[-3.0457249994635585,38.13032211655809],[-3.046136415146972,38.13027041278528],[-3.0461978469571678,38.13051769654558]]]},"properties":{"dn_surface":14612.8344273946,"provincia":23,"municipio":48,"agregado":0,"zona":0,"poligono":20,"parcela":308,"recinto":1,"uso_sigpac":"OV","idPanel":"23:48:0:0:20:308:1"},"id":1112039853},{"type":"Feature","geometry":{"type":"Polygon","coordinates":[[[-3.044783991636871,38.1313928871501],[-3.044676253161654,38.13153541555468],[-3.044588534863354,38.13157897798442],[-3.044558327320715,38.13162675567355],[-3.0445583457609025,38.13165658686873],[-3.044443522900702,38.13178469756079],[-3.0440564826313548,38.13159583986007],[-3.0441154401035866,38.13154147315646],[-3.0443984483755204,38.13122557010357],[-3.0446005838498813,38.13132184297274],[-3.044783991636871,38.1313928871501]]]},"properties":{"dn_surface":1984.24963934217,"provincia":23,"municipio":48,"agregado":0,"zona":0,"poligono":20,"parcela":312,"recinto":3,"uso_sigpac":"OV","idPanel":"23:48:0:0:20:312:3"},"id":1112039849},{"type":"Feature","geometry":{"type":"Polygon","coordinates":[[[-3.0445439012263056,38.130078841862314],[-3.0445842064482993,38.13012371019266],[-3.044619568023507,38.13010864707357],[-3.0446329639819534,38.13018218486724],[-3.0446789647074914,38.13021073866031],[-3.0447088378121756,38.13036033720064],[-3.0446231588310395,38.130377131182826],[-3.0445850773280903,38.130422839379946],[-3.044554411295319,38.13046737243414],[-3.0445582292524414,38.130551007907144],[-3.0445804513554537,38.130690966420076],[-3.044648514927835,38.131150766642435],[-3.0446529447639255,38.13130271798315],[-3.0444175959962663,38.1311912252533],[-3.044264433470483,38.13113071461427],[-3.0441201624681145,38.131057673029346],[-3.043783913182253,38.13088718259408],[-3.0435774476164545,38.130797668892],[-3.043551259196624,38.13078116240911],[-3.0434362494199716,38.13070867319158],[-3.043294434315379,38.13064166490088],[-3.0432052416402238,38.13059952068926],[-3.0433659738632124,38.13053781814352],[-3.0434834713888748,38.1304927142817],[-3.0437728784060702,38.13038166830728],[-3.0445075086769458,38.130089039286304],[-3.0445439012263056,38.130078841862314]]]},"properties":{"dn_surface":8576.720335524786,"provincia":23,"municipio":48,"agregado":0,"zona":0,"poligono":20,"parcela":303,"recinto":1,"uso_sigpac":"OV","idPanel":"23:48:0:0:20:303:1"},"id":1156720431},{"type":"Feature","geometry":{"type":"Polygon","coordinates":[[[-3.0433634651594437,38.13072879646592],[-3.043474630156882,38.130777606805566],[-3.043575646345356,38.13083777630109],[-3.043744673300217,38.130905311813535],[-3.043945104733562,38.13101654721896],[-3.0440359578638345,38.131061758369185],[-3.044160354534409,38.13110263188423],[-3.044215035559388,38.13114425138872],[-3.0443984483755204,38.13122557010357],[-3.0441154401035866,38.13154147315646],[-3.0438061336088857,38.131398370591455],[-3.043590716169966,38.131601230262305],[-3.0429147785031656,38.131235822009955],[-3.0433442328814704,38.13075052906575],[-3.0433634651594437,38.13072879646592]]]},"properties":{"dn_surface":6557.463463262423,"provincia":23,"municipio":48,"agregado":0,"zona":0,"poligono":20,"parcela":315,"recinto":1,"uso_sigpac":"OV","idPanel":"23:48:0:0:20:315:1"},"id":1156720429},{"type":"Feature","geometry":{"type":"Polygon","coordinates":[[[-3.0427197215464545,38.131142787908345],[-3.0429147785031656,38.131235822009955],[-3.043590716169966,38.131601230262305],[-3.0433369867257465,38.131848534977365],[-3.043038565809343,38.13178239505186],[-3.0430460801859844,38.131754993770556],[-3.0430414299058275,38.1317220218761],[-3.043031183028589,38.13164937088783],[-3.042982638395288,38.131564128603856],[-3.0428823816072876,38.13140792847619],[-3.0428796298283123,38.13140364113249],[-3.0428740248493265,38.131394908865246],[-3.042838060615245,38.13135796897757],[-3.0428189465221127,38.13133750455975],[-3.0427272091010034,38.13123928541256],[-3.042726054074678,38.13123804908173],[-3.0426815260496154,38.13119074832295],[-3.042690522346826,38.13116091293682],[-3.0427197215464545,38.131142787908345]]]},"properties":{"dn_surface":2373.8642578125,"provincia":23,"municipio":48,"agregado":0,"zona":0,"poligono":20,"parcela":320,"recinto":2,"uso_sigpac":"OV","idPanel":"23:48:0:0:20:320:2"},"id":1179161207},{"type":"Feature","geometry":{"type":"Polygon","coordinates":[[[-3.0427323916320432,38.13054898703018],[-3.0428510919608818,38.13060937864614],[-3.042902587024277,38.1306280887315],[-3.0430016125106274,38.130657706188146],[-3.0430927112306776,38.130676401186065],[-3.043185793109136,38.130701339025876],[-3.043261047516676,38.130715357759755],[-3.0433442328814704,38.13075052906575],[-3.0429147785031656,38.131235822009955],[-3.0427197215464545,38.131142787908345],[-3.042690522346826,38.13116091293682],[-3.0426815260496154,38.13119074832295],[-3.0426095959050707,38.131114615491924],[-3.0425273015366376,38.1310704822545],[-3.0425082268384527,38.13105542919371],[-3.042438031747968,38.13100003319235],[-3.0427323916320432,38.13054898703018]]]},"properties":{"dn_surface":3272.5084228515625,"provincia":23,"municipio":48,"agregado":0,"zona":0,"poligono":20,"parcela":316,"recinto":3,"uso_sigpac":"OV","idPanel":"23:48:0:0:20:316:3"},"id":1179161208},{"type":"Feature","geometry":{"type":"Polygon","coordinates":[[[-3.046398272523181,38.13167439254667],[-3.0461530750187085,38.131690075088414],[-3.0459354799612157,38.131690966923],[-3.0458570923980823,38.13169279836896],[-3.0458359767063543,38.131503991797786],[-3.045746209870798,38.13101779360804],[-3.0458391987101248,38.13101126997239],[-3.046273321808775,38.13095460075988],[-3.046398272523181,38.13167439254667]]]},"properties":{"dn_surface":3642.52030493982,"provincia":23,"municipio":48,"agregado":0,"zona":0,"poligono":20,"parcela":379,"recinto":1,"uso_sigpac":"OV","idPanel":"23:48:0:0:20:379:1"},"id":1112039775},{"type":"Feature","geometry":{"type":"Polygon","coordinates":[[[-3.046273321808775,38.13095460075988],[-3.0458391987101248,38.13101126997239],[-3.045875451281694,38.130782246189256],[-3.045886757631556,38.130620645601056],[-3.0458828340624473,38.130551880463344],[-3.0461978469571678,38.13051769654558],[-3.046273321808775,38.13095460075988]]]},"properties":{"dn_surface":1600.10261650586,"provincia":23,"municipio":48,"agregado":0,"zona":0,"poligono":20,"parcela":307,"recinto":1,"uso_sigpac":"OV","idPanel":"23:48:0:0:20:307:1"},"id":1112039854},{"type":"Feature","geometry":{"type":"Polygon","coordinates":[[[-3.0468613886266285,38.13162915625077],[-3.046713399411791,38.13163389789369],[-3.046566789020108,38.13165251913085],[-3.046398272523181,38.13167439254667],[-3.046273321808775,38.13095460075988],[-3.0461978469571678,38.13051769654558],[-3.046136415146972,38.13027041278528],[-3.0466130797595135,38.13019443921041],[-3.0466484664804314,38.1303934247654],[-3.0466975743776596,38.13063665671345],[-3.046774744888379,38.1310437280562],[-3.0468310620609556,38.131317871626806],[-3.0468613886266285,38.13162915625077]]]},"properties":{"dn_surface":6653.16170582451,"provincia":23,"municipio":48,"agregado":0,"zona":0,"poligono":20,"parcela":189,"recinto":2,"uso_sigpac":"OV","idPanel":"23:48:0:0:20:189:2"},"id":1112039968},{"type":"Feature","geometry":{"type":"Polygon","coordinates":[[[-3.0451894628742013,38.12986609238334],[-3.045036723634554,38.12993076799026],[-3.044619568023507,38.13010864707357],[-3.0445842064482993,38.13012371019266],[-3.0445439012263056,38.130078841862314],[-3.0445075086769458,38.130089039286304],[-3.0443866139657265,38.129804824020255],[-3.0446188547235042,38.12969559775715],[-3.0445626716613865,38.12962171462905],[-3.0450195315119344,38.129444812875676],[-3.0451894628742013,38.12986609238334]]]},"properties":{"dn_surface":2996.57477218397,"provincia":23,"municipio":48,"agregado":0,"zona":0,"poligono":20,"parcela":305,"recinto":1,"uso_sigpac":"OV","idPanel":"23:48:0:0:20:305:1"},"id":1112039856},{"type":"Feature","geometry":{"type":"Polygon","coordinates":[[[-3.0445075086769458,38.130089039286304],[-3.0437728784060702,38.13038166830728],[-3.043681262522564,38.130205954269684],[-3.043545093468284,38.12994184132319],[-3.0435351516923395,38.12991769054415],[-3.0443503865398696,38.12971128532806],[-3.0443717595560402,38.129769859747284],[-3.0443866139657265,38.129804824020255],[-3.0445075086769458,38.130089039286304]]]},"properties":{"dn_surface":3651.81471246351,"provincia":23,"municipio":48,"agregado":0,"zona":0,"poligono":20,"parcela":304,"recinto":1,"uso_sigpac":"OV","idPanel":"23:48:0:0:20:304:1"},"id":1112039857},{"type":"Feature","geometry":{"type":"Polygon","coordinates":[[[-3.0437728784060702,38.13038166830728],[-3.0434834713888748,38.1304927142817],[-3.0433659738632124,38.13053781814352],[-3.043066098686522,38.13032044688288],[-3.0429439927902213,38.130291829387374],[-3.042887733452781,38.13027868991517],[-3.0427761854023445,38.1301594003385],[-3.042705536850871,38.13012625829137],[-3.042648297668891,38.130001272372965],[-3.042624058879855,38.129917373708196],[-3.042699692149442,38.129892472748764],[-3.043406323509295,38.12971567241644],[-3.0434933595206357,38.12986642346854],[-3.0435351516923395,38.12991769054415],[-3.043545093468284,38.12994184132319],[-3.043681262522564,38.130205954269684],[-3.0437728784060702,38.13038166830728]]]},"properties":{"dn_surface":5235.82344638353,"provincia":23,"municipio":48,"agregado":0,"zona":0,"poligono":20,"parcela":301,"recinto":1,"uso_sigpac":"OV","idPanel":"23:48:0:0:20:301:1"},"id":1112039860},{"type":"Feature","geometry":{"type":"Polygon","coordinates":[[[-3.045666552449259,38.12974244589316],[-3.045733410703892,38.129913841573995],[-3.0457610567367706,38.13014545536538],[-3.045770922237392,38.1302285485292],[-3.045745628166683,38.130285066867486],[-3.0457249994635585,38.13032211655809],[-3.045547381895624,38.13038193485184],[-3.045366920347775,38.130455813788984],[-3.04532471494822,38.13047511647494],[-3.0452636854694,38.130498931977854],[-3.0451924962851407,38.13051463966531],[-3.044995317030419,38.13049551383753],[-3.044866358927867,38.13045833841835],[-3.044807118985481,38.130423660806485],[-3.0447088378121756,38.13036033720064],[-3.0446789647074914,38.13021073866031],[-3.0446329639819534,38.13018218486724],[-3.044619568023507,38.13010864707357],[-3.045036723634554,38.12993076799026],[-3.0451894628742013,38.12986609238334],[-3.045317452028688,38.12981503401713],[-3.045666552449259,38.12974244589316]]]},"properties":{"dn_surface":5789.31886595864,"provincia":23,"municipio":48,"agregado":0,"zona":0,"poligono":20,"parcela":306,"recinto":2,"uso_sigpac":"OV","idPanel":"23:48:0:0:20:306:2"},"id":1112039855},{"type":"Feature","geometry":{"type":"Polygon","coordinates":[[[-3.0433659738632124,38.13053781814352],[-3.0432052416402238,38.13059952068926],[-3.043065093696272,38.13054702482654],[-3.0429014571436612,38.130521936112444],[-3.0427671254026665,38.13046502214834],[-3.042597159674594,38.130349448269556],[-3.0424258176379393,38.13022116658664],[-3.042284626146979,38.13013901890153],[-3.0421866852789625,38.13006731087745],[-3.042624058879855,38.129917373708196],[-3.042648297668891,38.130001272372965],[-3.042705536850871,38.13012625829137],[-3.0427761854023445,38.1301594003385],[-3.042887733452781,38.13027868991517],[-3.0429439927902213,38.130291829387374],[-3.043066098686522,38.13032044688288],[-3.0433659738632124,38.13053781814352]]]},"properties":{"dn_surface":2559.17460165567,"provincia":23,"municipio":48,"agregado":0,"zona":0,"poligono":20,"parcela":302,"recinto":1,"uso_sigpac":"OV","idPanel":"23:48:0:0:20:302:1"},"id":1112039859},{"type":"Feature","geometry":{"type":"Polygon","coordinates":[[[-3.0464041180628008,38.129598331632366],[-3.0465968792160973,38.12984547625305],[-3.0465864127329843,38.129892435868385],[-3.046607162135521,38.13004257839427],[-3.046607812571246,38.13016524001077],[-3.0466130797595135,38.13019443921041],[-3.046136415146972,38.13027041278528],[-3.0457249994635585,38.13032211655809],[-3.045745628166683,38.130285066867486],[-3.045770922237392,38.1302285485292],[-3.0457610567367706,38.13014545536538],[-3.045733410703892,38.129913841573995],[-3.045666552449259,38.12974244589316],[-3.045706710987938,38.1297341394266],[-3.0464041180628008,38.129598331632366]]]},"properties":{"dn_surface":4923.08706258651,"provincia":23,"municipio":48,"agregado":0,"zona":0,"poligono":20,"parcela":298,"recinto":1,"uso_sigpac":"OV","idPanel":"23:48:0:0:20:298:1"},"id":1112039863},{"type":"Feature","geometry":{"type":"Polygon","coordinates":[[[-3.043406323509295,38.12971567241644],[-3.044267647930541,38.12950005884093],[-3.0442291389505045,38.12940832393443],[-3.0442019405112823,38.12933821517757],[-3.0440813525777375,38.12936412447999],[-3.0438634524189503,38.12941367997087],[-3.0437848368680376,38.12922534362454],[-3.0442597379280465,38.12907115096277],[-3.0445626716613865,38.12962171462905],[-3.0446188547235042,38.12969559775715],[-3.0443866139657265,38.129804824020255],[-3.0443717595560402,38.129769859747284],[-3.0443503865398696,38.12971128532806],[-3.0435351516923395,38.12991769054415],[-3.0434933595206357,38.12986642346854],[-3.043406323509295,38.12971567241644]]]},"properties":{"dn_surface":4043.47220161422,"provincia":23,"municipio":48,"agregado":0,"zona":0,"poligono":20,"parcela":395,"recinto":1,"uso_sigpac":"OV","idPanel":"23:48:0:0:20:395:1"},"id":1112039756},{"type":"Feature","geometry":{"type":"Polygon","coordinates":[[[-3.0418895317063943,38.129616508628686],[-3.0418422535787375,38.12954739815652],[-3.0429700068664554,38.129148748112414],[-3.043118970896689,38.12944494195702],[-3.0418895317063943,38.129616508628686]]]},"properties":{"dn_surface":2365.43598398751,"provincia":23,"municipio":48,"agregado":0,"zona":0,"poligono":20,"parcela":360,"recinto":1,"uso_sigpac":"OV","idPanel":"23:48:0:0:20:360:1"},"id":1112039794},{"type":"Feature","geometry":{"type":"Polygon","coordinates":[[[-3.0438634524189503,38.12941367997087],[-3.0440813525777375,38.12936412447999],[-3.0442019405112823,38.12933821517757],[-3.0442291389505045,38.12940832393443],[-3.044267647930541,38.12950005884093],[-3.043406323509295,38.12971567241644],[-3.042699692149442,38.129892472748764],[-3.042624058879855,38.129917373708196],[-3.042568615939833,38.1297429974224],[-3.042645621327049,38.12972143162244],[-3.043184778060602,38.129587409173695],[-3.0438634524189503,38.12941367997087]]]},"properties":{"dn_surface":2942.24777517784,"provincia":23,"municipio":48,"agregado":0,"zona":0,"poligono":20,"parcela":300,"recinto":1,"uso_sigpac":"OV","idPanel":"23:48:0:0:20:300:1"},"id":1112039861},{"type":"Feature","geometry":{"type":"Polygon","coordinates":[[[-3.0420900092402103,38.13001173550333],[-3.0420276277603286,38.12987043840039],[-3.0419348912163016,38.12972212145314],[-3.0418895317063943,38.129616508628686],[-3.043118970896689,38.12944494195702],[-3.043184778060602,38.129587409173695],[-3.042645621327049,38.12972143162244],[-3.042568615939833,38.1297429974224],[-3.042624058879855,38.129917373708196],[-3.0421866852789625,38.13006731087745],[-3.0420900092402103,38.13001173550333]]]},"properties":{"dn_surface":3638.45296135408,"provincia":23,"municipio":48,"agregado":0,"zona":0,"poligono":20,"parcela":359,"recinto":2,"uso_sigpac":"OV","idPanel":"23:48:0:0:20:359:2"},"id":1112039795},{"type":"Feature","geometry":{"type":"Polygon","coordinates":[[[-3.046608898865962,38.129554454043046],[-3.0464041180628008,38.129598331632366],[-3.045706710987938,38.1297341394266],[-3.045666552449259,38.12974244589316],[-3.045317452028688,38.12981503401713],[-3.0451894628742013,38.12986609238334],[-3.0450195315119344,38.129444812875676],[-3.0445626716613865,38.12962171462905],[-3.0442597379280465,38.12907115096277],[-3.044453667518715,38.12900817352954],[-3.0451731818645107,38.12901683790338],[-3.045371946137216,38.129022263509626],[-3.0459556275430697,38.128944361258704],[-3.046308973397849,38.12926787424195],[-3.046608898865962,38.129554454043046]]]},"properties":{"dn_surface":12447.8517534749,"provincia":23,"municipio":48,"agregado":0,"zona":0,"poligono":20,"parcela":299,"recinto":2,"uso_sigpac":"OV","idPanel":"23:48:0:0:20:299:2"},"id":1112039862},{"type":"Feature","geometry":{"type":"Polygon","coordinates":[[[-3.0452433861750894,38.128707679768354],[-3.0453542619968506,38.12884336937776],[-3.0454149813452345,38.128873358990916],[-3.0463429712373293,38.12873287157987],[-3.0463932232644093,38.1288075677526],[-3.0464349140150793,38.12887649885201],[-3.0459556275430697,38.128944361258704],[-3.045371946137216,38.129022263509626],[-3.0451731818645107,38.12901683790338],[-3.044453667518715,38.12900817352954],[-3.0441627450533355,38.128687156677216],[-3.0442063284378538,38.1286828156893],[-3.044597921757276,38.12869466267199],[-3.0452433861750894,38.128707679768354]]]},"properties":{"dn_surface":4655.33619773596,"provincia":23,"municipio":48,"agregado":0,"zona":0,"poligono":20,"parcela":369,"recinto":1,"uso_sigpac":"OV","idPanel":"23:48:0:0:20:369:1"},"id":1112039785},{"type":"Feature","geometry":{"type":"Polygon","coordinates":[[[-3.0427511109375125,38.12867683184828],[-3.0425200972904323,38.128738826922415],[-3.0422395709001764,38.12880994150771],[-3.042034678617696,38.1288594894549],[-3.042048963057933,38.12889733794091],[-3.0420617664157903,38.12893870179738],[-3.041567436103071,38.12904395336176],[-3.0414824310269903,38.12884408183956],[-3.0414573833842504,38.12874080505165],[-3.041518552840862,38.12872559524928],[-3.04266562390197,38.12844036912563],[-3.0427511109375125,38.12867683184828]]]},"properties":{"dn_surface":3464.7423348824273,"provincia":23,"municipio":48,"agregado":0,"zona":0,"poligono":20,"parcela":377,"recinto":1,"uso_sigpac":"OV","idPanel":"23:48:0:0:20:377:1"},"id":1156720433},{"type":"Feature","geometry":{"type":"Polygon","coordinates":[[[-3.0441627450533355,38.128687156677216],[-3.0435929248015836,38.12885562204457],[-3.043634504911125,38.12893482935786],[-3.0437848368680376,38.12922534362454],[-3.0438634524189503,38.12941367997087],[-3.043184778060602,38.129587409173695],[-3.043118970896689,38.12944494195702],[-3.0429700068664554,38.129148748112414],[-3.042836706099612,38.128904101299014],[-3.042782428244199,38.128768659793934],[-3.0427511109375125,38.12867683184828],[-3.0430051999653998,38.12866295560676],[-3.0434069462847377,38.12867146910628],[-3.0441627450533355,38.128687156677216]]]},"properties":{"dn_surface":6814.20771000291,"provincia":23,"municipio":48,"agregado":0,"zona":0,"poligono":20,"parcela":367,"recinto":1,"uso_sigpac":"OV","idPanel":"23:48:0:0:20:367:1"},"id":1112039787},{"type":"Feature","geometry":{"type":"Polygon","coordinates":[[[-3.041567436103071,38.12904395336176],[-3.0420617664157903,38.12893870179738],[-3.042048963057933,38.12889733794091],[-3.042034678617696,38.1288594894549],[-3.0422395709001764,38.12880994150771],[-3.0425200972904323,38.128738826922415],[-3.0427511109375125,38.12867683184828],[-3.042782428244199,38.128768659793934],[-3.042836706099612,38.128904101299014],[-3.042583793891,38.12897980330021],[-3.041624834541222,38.129250503584785],[-3.041567436103071,38.12904395336176]]]},"properties":{"dn_surface":2799.80286387558,"provincia":23,"municipio":48,"agregado":0,"zona":0,"poligono":20,"parcela":362,"recinto":1,"uso_sigpac":"OV","idPanel":"23:48:0:0:20:362:1"},"id":1112039792},{"type":"Feature","geometry":{"type":"Polygon","coordinates":[[[-3.0441627450533355,38.128687156677216],[-3.044453667518715,38.12900817352954],[-3.0442597379280465,38.12907115096277],[-3.0437848368680376,38.12922534362454],[-3.043634504911125,38.12893482935786],[-3.0435929248015836,38.12885562204457],[-3.0441627450533355,38.128687156677216]]]},"properties":{"dn_surface":2531.87254488731,"provincia":23,"municipio":48,"agregado":0,"zona":0,"poligono":20,"parcela":368,"recinto":1,"uso_sigpac":"OV","idPanel":"23:48:0:0:20:368:1"},"id":1112039786},{"type":"Feature","geometry":{"type":"Polygon","coordinates":[[[-3.042836706099612,38.128904101299014],[-3.0429700068664554,38.129148748112414],[-3.0418422535787375,38.12954739815652],[-3.041809476982622,38.12949675804731],[-3.0417317365024528,38.12943099111652],[-3.0416769498654874,38.129398654570366],[-3.041624834541222,38.129250503584785],[-3.042583793891,38.12897980330021],[-3.042836706099612,38.128904101299014]]]},"properties":{"dn_surface":3754.47594367351,"provincia":23,"municipio":48,"agregado":0,"zona":0,"poligono":20,"parcela":361,"recinto":1,"uso_sigpac":"OV","idPanel":"23:48:0:0:20:361:1"},"id":1112039793},{"type":"Feature","geometry":{"type":"Polygon","coordinates":[[[-3.0426643045903328,38.13407722700475],[-3.042707355723968,38.13413146881797],[-3.042741731587304,38.13418093629886],[-3.042734109084106,38.13421987359419],[-3.0427002478696554,38.13426783233243],[-3.0426737903907166,38.134294067690945],[-3.042632626861789,38.1343431102093],[-3.0424789169976956,38.13433072510844],[-3.042430210593653,38.13455290339087],[-3.042242955512879,38.13454593635254],[-3.0420832039726196,38.13454382746556],[-3.041969629177876,38.13428628425518],[-3.0418570023764375,38.134085971844854],[-3.0425039403329155,38.13400283760967],[-3.0426643045903328,38.13407722700475]]]},"properties":{"dn_surface":3079.1215878688,"provincia":23,"municipio":48,"agregado":0,"zona":0,"poligono":20,"parcela":168,"recinto":1,"uso_sigpac":"OV","idPanel":"23:48:0:0:20:168:1"},"id":1112039991},{"type":"Feature","geometry":{"type":"Polygon","coordinates":[[[-3.0426643045903328,38.13407722700475],[-3.0425039403329155,38.13400283760967],[-3.0418570023764375,38.134085971844854],[-3.041707245418116,38.13380635992027],[-3.0423628603212753,38.13373701307847],[-3.042398609140432,38.13379233867184],[-3.0424456693385937,38.13387406726176],[-3.042520235591843,38.13396624054187],[-3.042598092580472,38.134026328732915],[-3.0426643045903328,38.13407722700475]]]},"properties":{"dn_surface":1904.37741334488,"provincia":23,"municipio":48,"agregado":0,"zona":0,"poligono":20,"parcela":165,"recinto":1,"uso_sigpac":"OV","idPanel":"23:48:0:0:20:165:1"},"id":1112039994},{"type":"Feature","geometry":{"type":"Polygon","coordinates":[[[-3.0425907609293317,38.131868438645824],[-3.0424949507412284,38.13189425574731],[-3.0419062468986957,38.13205288746522],[-3.041726540560367,38.13186945034158],[-3.042039509108782,38.13164547162623],[-3.0424041437114266,38.13138605589859],[-3.042490121926523,38.13148507551762],[-3.042543003356785,38.13157130854256],[-3.0425639296174896,38.131648268667504],[-3.042575109400607,38.13183626889952],[-3.0425907609293317,38.131868438645824]]]},"properties":{"dn_surface":2969.81097167737,"provincia":23,"municipio":48,"agregado":0,"zona":0,"poligono":20,"parcela":324,"recinto":1,"uso_sigpac":"OV","idPanel":"23:48:0:0:20:324:1"},"id":1112039834},{"type":"Feature","geometry":{"type":"Polygon","coordinates":[[[-3.0414190512623813,38.134466269710884],[-3.0421162043655636,38.134584193037256],[-3.0422067230578795,38.13483020693914],[-3.042577657499322,38.135928900166846],[-3.0423960032065813,38.13594383252823],[-3.0418893808321283,38.13462293251965],[-3.041467485254555,38.13455601894444],[-3.0414190512623813,38.134466269710884]]]},"properties":{"dn_surface":3242.71936456748,"provincia":23,"municipio":48,"agregado":0,"zona":0,"poligono":20,"parcela":171,"recinto":1,"uso_sigpac":"OV","idPanel":"23:48:0:0:20:171:1"},"id":1112039988},{"type":"Feature","geometry":{"type":"Polygon","coordinates":[[[-3.0424949507412284,38.13189425574731],[-3.0424851271501256,38.13191802598794],[-3.0424807149160333,38.13195667243119],[-3.0424969079157353,38.13198152896655],[-3.0425304103847095,38.132045555814074],[-3.042545856556794,38.1320973987265],[-3.0425612306445076,38.13212672700746],[-3.0422405264371943,38.132169669176335],[-3.042048612694359,38.132185685317864],[-3.042018259306595,38.132182091157574],[-3.0419062468986957,38.13205288746522],[-3.0424949507412284,38.13189425574731]]]},"properties":{"dn_surface":1088.58469178106,"provincia":23,"municipio":48,"agregado":0,"zona":0,"poligono":20,"parcela":323,"recinto":1,"uso_sigpac":"OV","idPanel":"23:48:0:0:20:323:1"},"id":1112039836},{"type":"Feature","geometry":{"type":"Polygon","coordinates":[[[-3.0421923858116497,38.13335060899561],[-3.041600325016696,38.13360613468177],[-3.041390936681088,38.13320568252837],[-3.041385550469789,38.13316665973764],[-3.041784967458097,38.13285613283773],[-3.0415921744535663,38.132540664805674],[-3.042048612694359,38.132185685317864],[-3.0423204235811783,38.132596840324055],[-3.0418833458614856,38.13288998734669],[-3.0419305175389657,38.13296946288091],[-3.0421166611793136,38.13322743189201],[-3.0421923858116497,38.13335060899561]]]},"properties":{"dn_surface":5966.69036603171,"provincia":23,"municipio":48,"agregado":0,"zona":0,"poligono":20,"parcela":159,"recinto":1,"uso_sigpac":"OV","idPanel":"23:48:0:0:20:159:1"},"id":1112040001},{"type":"Feature","geometry":{"type":"Polygon","coordinates":[[[-3.041969629177876,38.13428628425518],[-3.041621686298203,38.13423475817871],[-3.0415820357028855,38.13413932769086],[-3.041457361591301,38.13382311618389],[-3.0415282632762652,38.1336986281506],[-3.041600325016696,38.13360613468177],[-3.0416374467916754,38.1336706527089],[-3.041707245418116,38.13380635992027],[-3.0418570023764375,38.134085971844854],[-3.041969629177876,38.13428628425518]]]},"properties":{"dn_surface":1521.77688693075,"provincia":23,"municipio":48,"agregado":0,"zona":0,"poligono":20,"parcela":166,"recinto":1,"uso_sigpac":"OV","idPanel":"23:48:0:0:20:166:1"},"id":1112039993},{"type":"Feature","geometry":{"type":"Polygon","coordinates":[[[-3.0427941293817233,38.136509419080426],[-3.042723973686187,38.136547927222296],[-3.0426903270484695,38.136575246360934],[-3.0421058124813922,38.13650974262191],[-3.041788404038602,38.1360054126981],[-3.041892929730143,38.136007180441595],[-3.041930810905594,38.13600166933992],[-3.0420166097479524,38.13598163323741],[-3.042127172086517,38.13596393149504],[-3.0422550832893003,38.13595325294975],[-3.0423960032065813,38.13594383252823],[-3.042577657499322,38.135928900166846],[-3.04271117116652,38.13593660565087],[-3.0427941293817233,38.136509419080426]]]},"properties":{"dn_surface":4592.62317707694,"provincia":23,"municipio":48,"agregado":0,"zona":0,"poligono":20,"parcela":120,"recinto":1,"uso_sigpac":"OV","idPanel":"23:48:0:0:20:120:1"},"id":1112040040},{"type":"Feature","geometry":{"type":"Polygon","coordinates":[[[-3.0421166611793136,38.13322743189201],[-3.0419305175389657,38.13296946288091],[-3.0418833458614856,38.13288998734669],[-3.0423204235811783,38.132596840324055],[-3.0425765846156527,38.13297348116555],[-3.0421166611793136,38.13322743189201]]]},"properties":{"dn_surface":2220.88442365192,"provincia":23,"municipio":48,"agregado":0,"zona":0,"poligono":20,"parcela":160,"recinto":1,"uso_sigpac":"OV","idPanel":"23:48:0:0:20:160:1"},"id":1112040000},{"type":"Feature","geometry":{"type":"Polygon","coordinates":[[[-3.0407893657782292,38.13339694751184],[-3.040536607796645,38.132971002636594],[-3.041161557505223,38.13276278776752],[-3.0412853883972994,38.13300780003192],[-3.041385550469789,38.13316665973764],[-3.041390936681088,38.13320568252837],[-3.0411811359558185,38.13327550965329],[-3.0407893657782292,38.13339694751184]]]},"properties":{"dn_surface":3076.15956523088,"provincia":23,"municipio":48,"agregado":0,"zona":0,"poligono":20,"parcela":365,"recinto":1,"uso_sigpac":"OV","idPanel":"23:48:0:0:20:365:1"},"id":1112039789},{"type":"Feature","geometry":{"type":"Polygon","coordinates":[[[-3.0428758009747146,38.133408869093444],[-3.042857375035874,38.133408498613306],[-3.0426245366483644,38.1334038173201],[-3.0417271105298167,38.13364641391988],[-3.0417270057560204,38.13364644241835],[-3.0416374467916754,38.1336706527089],[-3.041600325016696,38.13360613468177],[-3.0421923858116497,38.13335060899561],[-3.042701175746392,38.13314512914167],[-3.0428758009747146,38.133408869093444]]]},"properties":{"dn_surface":1929.0926513671875,"provincia":23,"municipio":48,"agregado":0,"zona":0,"poligono":20,"parcela":163,"recinto":2,"uso_sigpac":"OV","idPanel":"23:48:0:0:20:163:2"},"id":1213622236},{"type":"Feature","geometry":{"type":"Polygon","coordinates":[[[-3.0426245366483644,38.1334038173201],[-3.042857375035874,38.133408498613306],[-3.0428758009747146,38.133408869093444],[-3.042905946491268,38.13344454918098],[-3.0429631605275365,38.13352293925868],[-3.0429796468938677,38.13361360044337],[-3.0430018455275496,38.13371813954595],[-3.0429741316012513,38.13374086037226],[-3.04290028954448,38.13371520001232],[-3.0428208483760564,38.133676833524646],[-3.04265423038031,38.133639037006446],[-3.0425078144487925,38.1336095251618],[-3.042432062994365,38.13363541770042],[-3.0423734424746596,38.13368554735172],[-3.0423628603212753,38.13373701307847],[-3.041707245418116,38.13380635992027],[-3.0416374467916754,38.1336706527089],[-3.0417270057560204,38.13364644241835],[-3.0417271105298167,38.13364641391988],[-3.0426245366483644,38.1334038173201]]]},"properties":{"dn_surface":2762.3603515625,"provincia":23,"municipio":48,"agregado":0,"zona":0,"poligono":20,"parcela":164,"recinto":1,"uso_sigpac":"OV","idPanel":"23:48:0:0:20:164:1"},"id":1213622234},{"type":"Feature","geometry":{"type":"Polygon","coordinates":[[[-3.0433732367827444,38.13340048551342],[-3.0433714908322083,38.13338165389041],[-3.043332794935721,38.13331682154191],[-3.043294107421136,38.133251985840644],[-3.043267509964407,38.13319858976146],[-3.0432505869008946,38.13314327757914],[-3.0432336655137635,38.13308414911609],[-3.0432191556003185,38.13305744688557],[-3.0431877419017397,38.133028847830246],[-3.043137002886057,38.132990720226815],[-3.043076588638966,38.13295069998955],[-3.0430427609521304,38.13292210261059],[-3.04302584207957,38.132897307263164],[-3.043013746154383,38.13287060587081],[-3.043013769623712,38.13284771237733],[-3.043001669507573,38.13280575005297],[-3.042975083785509,38.13277332968778],[-3.0429315808672652,38.13274665763211],[-3.0428953601469306,38.132721856417305],[-3.042866353731087,38.132708535057844],[-3.0428470359576965,38.13268564407889],[-3.042849416418339,38.132647496358885],[-3.042859039681943,38.1325902689116],[-3.0428735252878676,38.13253685774501],[-3.042868674680213,38.13251015299991],[-3.0428493317611114,38.132458654583786],[-3.042817914709772,38.132426238409494],[-3.042755083959853,38.13239385743927],[-3.0427140260429097,38.13235570720468],[-3.0426729404656845,38.1323194915135],[-3.042631851535699,38.13227754511473],[-3.0425956023168914,38.13220316158703],[-3.0425665782990503,38.13214022941605],[-3.0425612306445076,38.13212672700746],[-3.042689946510043,38.13210949213712],[-3.0427092500341977,38.13217440076093],[-3.042716585876291,38.13219906870344],[-3.042755080607091,38.13226809200381],[-3.0428348092748108,38.13240830197384],[-3.0429018452258014,38.13249306984207],[-3.0429322137009924,38.13253147069554],[-3.043127966355709,38.13282593619161],[-3.043229175327967,38.13300993909374],[-3.043303091145491,38.133159252649364],[-3.0433542718874973,38.13326035684781],[-3.0434112713470323,38.133360377266115],[-3.0434326326285377,38.13339948387588],[-3.0433732367827444,38.13340048551342]]]},"properties":{"dn_surface":1150.04518189962,"provincia":23,"municipio":48,"agregado":0,"zona":0,"poligono":20,"parcela":162,"recinto":2,"uso_sigpac":"OV","idPanel":"23:48:0:0:20:162:2"},"id":1112039997},{"type":"Feature","geometry":{"type":"Polygon","coordinates":[[[-3.0425612306445076,38.13212672700746],[-3.0425665782990503,38.13214022941605],[-3.0425956023168914,38.13220316158703],[-3.042631851535699,38.13227754511473],[-3.0426729404656845,38.1323194915135],[-3.0427140260429097,38.13235570720468],[-3.042755083959853,38.13239385743927],[-3.042817914709772,38.132426238409494],[-3.0428493317611114,38.132458654583786],[-3.042868674680213,38.13251015299991],[-3.0428735252878676,38.13253685774501],[-3.042859039681943,38.1325902689116],[-3.042849416418339,38.132647496358885],[-3.0428470359576965,38.13268564407889],[-3.042866353731087,38.132708535057844],[-3.0428953601469306,38.132721856417305],[-3.0429315808672652,38.13274665763211],[-3.042975083785509,38.13277332968778],[-3.043001669507573,38.13280575005297],[-3.043013769623712,38.13284771237733],[-3.043013746154383,38.13287060587081],[-3.04302584207957,38.132897307263164],[-3.0430427609521304,38.13292210261059],[-3.043076588638966,38.13295069998955],[-3.043137002886057,38.132990720226815],[-3.0431877419017397,38.133028847830246],[-3.0432191556003185,38.13305744688557],[-3.0432336655137635,38.13308414911609],[-3.0432505869008946,38.13314327757914],[-3.043267509964407,38.13319858976146],[-3.043294107421136,38.133251985840644],[-3.043332794935721,38.13331682154191],[-3.0433714908322083,38.13338165389041],[-3.0433732367827444,38.13340048551342],[-3.0428758009747146,38.133408869093444],[-3.042701175746392,38.13314512914167],[-3.0421923858116497,38.13335060899561],[-3.0421166611793136,38.13322743189201],[-3.0425765846156527,38.13297348116555],[-3.042680276307778,38.132922524220334],[-3.0427603578536417,38.13288969146549],[-3.0422405264371943,38.132169669176335],[-3.0425612306445076,38.13212672700746]]]},"properties":{"dn_surface":5804.26704386916,"provincia":23,"municipio":48,"agregado":0,"zona":0,"poligono":20,"parcela":162,"recinto":1,"uso_sigpac":"OV","idPanel":"23:48:0:0:20:162:1"},"id":1112039998},{"type":"Feature","geometry":{"type":"Polygon","coordinates":[[[-3.0422405264371943,38.132169669176335],[-3.0427603578536417,38.13288969146549],[-3.042680276307778,38.132922524220334],[-3.0425765846156527,38.13297348116555],[-3.0423204235811783,38.132596840324055],[-3.042048612694359,38.132185685317864],[-3.0422405264371943,38.132169669176335]]]},"properties":{"dn_surface":1642.33674767952,"provincia":23,"municipio":48,"agregado":0,"zona":0,"poligono":20,"parcela":161,"recinto":1,"uso_sigpac":"OV","idPanel":"23:48:0:0:20:161:1"},"id":1112039999},{"type":"Feature","geometry":{"type":"Polygon","coordinates":[[[-3.042932803787011,38.13222176354583],[-3.0429539069058844,38.13225266678646],[-3.042953909420455,38.13225601619516],[-3.0429767836355732,38.13230958745609],[-3.0430224792598173,38.132326316059476],[-3.043036238992884,38.132416726625195],[-3.0430146597818823,38.13243341499543],[-3.0430146589436933,38.1324339480845],[-3.0430126221411,38.132441833779495],[-3.043008638222285,38.132449241705956],[-3.043002867281607,38.1324558751445],[-3.0429955389832277,38.132461467550655],[-3.042986949208346,38.1324657968039],[-3.04297743910044,38.13246868772248],[-3.0429673908743196,38.132470025474305],[-3.042967319628138,38.13247002379791],[-3.042946103353566,38.13248643137433],[-3.042931875910275,38.1324624457188],[-3.0428815735917736,38.13237764264659],[-3.0427889426597314,38.13222292779227],[-3.042874520219834,38.13222181635183],[-3.0429263924688925,38.13222176941315],[-3.042932803787011,38.13222176354583]]]},"properties":{"dn_surface":328.247543996695,"provincia":23,"municipio":48,"agregado":0,"zona":0,"poligono":20,"parcela":177,"recinto":1,"uso_sigpac":"OV","idPanel":"23:48:0:0:20:177:1"},"id":1112039982},{"type":"Feature","geometry":{"type":"Polygon","coordinates":[[[-3.042632626861789,38.1343431102093],[-3.0426737903907166,38.134294067690945],[-3.0427002478696554,38.13426783233243],[-3.042734109084106,38.13421987359419],[-3.042741731587304,38.13418093629886],[-3.042707355723968,38.13413146881797],[-3.0426643045903328,38.13407722700475],[-3.042598092580472,38.134026328732915],[-3.042520235591843,38.13396624054187],[-3.0424456693385937,38.13387406726176],[-3.042398609140432,38.13379233867184],[-3.0423628603212753,38.13373701307847],[-3.0423734424746596,38.13368554735172],[-3.042432062994365,38.13363541770042],[-3.0425078144487925,38.1336095251618],[-3.04265423038031,38.133639037006446],[-3.0428208483760564,38.133676833524646],[-3.04290028954448,38.13371520001232],[-3.0429741316012513,38.13374086037226],[-3.0430018455275496,38.13371813954595],[-3.0429796468938677,38.13361360044337],[-3.0429631605275365,38.13352293925868],[-3.042905946491268,38.13344454918098],[-3.0428758009747146,38.133408869093444],[-3.0433732367827444,38.13340048551342],[-3.0434326326285377,38.13339948387588],[-3.043434956930426,38.133468159327265],[-3.0434210840416602,38.133548376659974],[-3.043392287173407,38.13366618180149],[-3.043393642527231,38.13383228431013],[-3.0434189072612767,38.13390915307235],[-3.04346152085954,38.13399538861188],[-3.0435040347131515,38.134103255330245],[-3.0435496138289344,38.13418723697586],[-3.0435721326513363,38.13425257056221],[-3.0435644841642366,38.13443354675894],[-3.0435457397130574,38.13457090520535],[-3.0433660777988187,38.13447849890835],[-3.0432822981570538,38.134437790516785],[-3.043178090139662,38.134391231556464],[-3.042977936147328,38.13437624890366],[-3.042632626861789,38.1343431102093]]]},"properties":{"dn_surface":7878.31127098298,"provincia":23,"municipio":48,"agregado":0,"zona":0,"poligono":20,"parcela":169,"recinto":1,"uso_sigpac":"OV","idPanel":"23:48:0:0:20:169:1"},"id":1112039990},{"type":"Feature","geometry":{"type":"Polygon","coordinates":[[[-3.042847755963221,38.135929438285046],[-3.042818472944556,38.135811112627295],[-3.0427736465237225,38.1356502529994],[-3.0427681463185334,38.13561240199877],[-3.0428016831533116,38.135593103503766],[-3.0428223210765313,38.13556686982167],[-3.0428474030850765,38.13553035992567],[-3.0428420395049174,38.13533875379869],[-3.0428478808535857,38.13518400457852],[-3.0428582777668995,38.13501546545049],[-3.042873740702792,38.13492154873438],[-3.0428789408358297,38.13484016296431],[-3.04304324039702,38.13481360909347],[-3.043029393492156,38.13474701067787],[-3.0429085700271163,38.1347760724143],[-3.0428038331116043,38.13479945122003],[-3.0422067230578795,38.13483020693914],[-3.0421162043655636,38.134584193037256],[-3.0420832039726196,38.13454382746556],[-3.042242955512879,38.13454593635254],[-3.042430210593653,38.13455290339087],[-3.0424789169976956,38.13433072510844],[-3.042632626861789,38.1343431102093],[-3.042977936147328,38.13437624890366],[-3.043178090139662,38.134391231556464],[-3.0432822981570538,38.134437790516785],[-3.0433660777988187,38.13447849890835],[-3.0435457397130574,38.13457090520535],[-3.04351937611144,38.13475179842126],[-3.043474604172981,38.134870600171126],[-3.0434269807108922,38.1349929181296],[-3.0433694171492407,38.135093338364726],[-3.043335125943131,38.135185909785235],[-3.043332682618211,38.13529586443579],[-3.0433460961786563,38.13540013615565],[-3.0433550656537744,38.13551369167203],[-3.0433219345031337,38.13563717639147],[-3.0432754710965146,38.13579157860079],[-3.0432716506248205,38.13588891597175],[-3.0429871939599327,38.135922270919224],[-3.042847755963221,38.135929438285046]]]},"properties":{"dn_surface":10526.9840080069,"provincia":23,"municipio":48,"agregado":0,"zona":0,"poligono":20,"parcela":173,"recinto":1,"uso_sigpac":"OV","idPanel":"23:48:0:0:20:173:1"},"id":1112039986},{"type":"Feature","geometry":{"type":"Polygon","coordinates":[[[-3.0433233217081916,38.13623281961205],[-3.043174915912742,38.1363179504167],[-3.0431136592843333,38.13635312088448],[-3.0430617183036635,38.136318439919876],[-3.043024377760999,38.13627456149234],[-3.0429650288538643,38.136255835481336],[-3.0429127668462845,38.13625666445162],[-3.042860180459033,38.13628732545524],[-3.04286777530195,38.13639403211812],[-3.0428275614427065,38.136506162710845],[-3.0427941293817233,38.136509419080426],[-3.04271117116652,38.13593660565087],[-3.042847755963221,38.135929438285046],[-3.0429871939599327,38.135922270919224],[-3.0432716506248205,38.13588891597175],[-3.0432941711236037,38.13595776492849],[-3.0433080180284686,38.13602201976386],[-3.0433336113331384,38.13607716849907],[-3.0433373027235153,38.13614241826639],[-3.0433233217081916,38.13623281961205]]]},"properties":{"dn_surface":2270.58826348827,"provincia":23,"municipio":48,"agregado":0,"zona":0,"poligono":20,"parcela":119,"recinto":1,"uso_sigpac":"OV","idPanel":"23:48:0:0:20:119:1"},"id":1112040041},{"type":"Feature","geometry":{"type":"Polygon","coordinates":[[[-3.0422067230578795,38.13483020693914],[-3.0428038331116043,38.13479945122003],[-3.0429085700271163,38.1347760724143],[-3.043029393492156,38.13474701067787],[-3.04304324039702,38.13481360909347],[-3.0428789408358297,38.13484016296431],[-3.042873740702792,38.13492154873438],[-3.0428582777668995,38.13501546545049],[-3.0428478808535857,38.13518400457852],[-3.0428420395049174,38.13533875379869],[-3.0428474030850765,38.13553035992567],[-3.0428223210765313,38.13556686982167],[-3.0428016831533116,38.135593103503766],[-3.0427681463185334,38.13561240199877],[-3.0427736465237225,38.1356502529994],[-3.042818472944556,38.135811112627295],[-3.042847755963221,38.135929438285046],[-3.04271117116652,38.13593660565087],[-3.042577657499322,38.135928900166846],[-3.0422067230578795,38.13483020693914]]]},"properties":{"dn_surface":4981.69392882861,"provincia":23,"municipio":48,"agregado":0,"zona":0,"poligono":20,"parcela":172,"recinto":1,"uso_sigpac":"OV","idPanel":"23:48:0:0:20:172:1"},"id":1112039987},{"type":"Feature","geometry":{"type":"Polygon","coordinates":[[[-3.044415671511183,38.12587665827584],[-3.044335864891759,38.126157159520375],[-3.0436657283404904,38.126061050098315],[-3.043712558036302,38.12595765847834],[-3.0437511357479474,38.1257933446679],[-3.044415671511183,38.12587665827584]]]},"properties":{"dn_surface":1832.90332159067,"provincia":23,"municipio":48,"agregado":0,"zona":0,"poligono":19,"parcela":575,"recinto":1,"uso_sigpac":"OV","idPanel":"23:48:0:0:19:575:1"},"id":1112039071},{"type":"Feature","geometry":{"type":"Polygon","coordinates":[[[-3.0450071883205885,38.12595945304389],[-3.0449625328905903,38.126070504047476],[-3.044904112698383,38.12624672267569],[-3.044335864891759,38.126157159520375],[-3.044415671511183,38.12587665827584],[-3.0450071883205885,38.12595945304389]]]},"properties":{"dn_surface":1670.81642980185,"provincia":23,"municipio":48,"agregado":0,"zona":0,"poligono":19,"parcela":574,"recinto":1,"uso_sigpac":"OV","idPanel":"23:48:0:0:19:574:1"},"id":1112039072},{"type":"Feature","geometry":{"type":"Polygon","coordinates":[[[-3.0447933282393707,38.126614207125556],[-3.0446495685331265,38.12661588099172],[-3.044458227274312,38.12660991056174],[-3.0439965989587665,38.12661331864379],[-3.0437087191244196,38.12658466929702],[-3.0436293014253257,38.126572800521416],[-3.043567645818302,38.12650045044353],[-3.0435621104091166,38.12640410716634],[-3.043627906676555,38.12615659709465],[-3.0436657283404904,38.126061050098315],[-3.044335864891759,38.126157159520375],[-3.044904112698383,38.12624672267569],[-3.0448815695684597,38.12632342799074],[-3.044815854605487,38.126512175888564],[-3.0447933282393707,38.126614207125556]]]},"properties":{"dn_surface":5622.45314985512,"provincia":23,"municipio":48,"agregado":0,"zona":0,"poligono":19,"parcela":1,"recinto":1,"uso_sigpac":"OV","idPanel":"23:48:0:0:19:1:1"},"id":1112039673},{"type":"Feature","geometry":{"type":"Polygon","coordinates":[[[-3.046246782187181,38.126427025805526],[-3.04617885523983,38.12654133066411],[-3.046147856445483,38.12659505782844],[-3.0461506015189355,38.12660542121415],[-3.046131611477978,38.12688256718263],[-3.04603277793722,38.1268415955993],[-3.0459613331048985,38.126809176910456],[-3.045813878655516,38.12674208647712],[-3.045531453764078,38.12668153476682],[-3.0452412781263156,38.12663216116323],[-3.0449486122249723,38.12661496233508],[-3.0447933282393707,38.126614207125556],[-3.044815854605487,38.126512175888564],[-3.0448815695684597,38.12632342799074],[-3.044904112698383,38.12624672267569],[-3.0449625328905903,38.126070504047476],[-3.046246782187181,38.126427025805526]]]},"properties":{"dn_surface":5988.28065907478,"provincia":23,"municipio":48,"agregado":0,"zona":0,"poligono":19,"parcela":6,"recinto":1,"uso_sigpac":"OV","idPanel":"23:48:0:0:19:6:1"},"id":1112039668},{"type":"Feature","geometry":{"type":"Polygon","coordinates":[[[-3.0464823128421497,38.12595719998822],[-3.0463369303993537,38.12627053314944],[-3.046246782187181,38.126427025805526],[-3.0449625328905903,38.126070504047476],[-3.0450071883205885,38.12595945304389],[-3.0450702646602847,38.1257499766983],[-3.0450896226668127,38.12568931434686],[-3.04545762008921,38.125759209365214],[-3.046383150730768,38.12593506589519],[-3.0464823128421497,38.12595719998822]]]},"properties":{"dn_surface":6123.58871327968,"provincia":23,"municipio":48,"agregado":0,"zona":0,"poligono":19,"parcela":549,"recinto":1,"uso_sigpac":"OV","idPanel":"23:48:0:0:19:549:1"},"id":1112039096},{"type":"Feature","geometry":{"type":"Polygon","coordinates":[[[-3.0453896721871,38.127644766372896],[-3.0454820986006914,38.1276569905412],[-3.045487199827265,38.12760444522527],[-3.045721088467305,38.12758858750169],[-3.0458430627677178,38.12759638351034],[-3.0458430032562016,38.12750337287804],[-3.046054894428247,38.12752375347682],[-3.0460502491772328,38.12757422594797],[-3.0460361960775373,38.127723120408405],[-3.046026995261877,38.12778612214913],[-3.04597622439496,38.12779046648984],[-3.0459124414607843,38.127786795216025],[-3.045899661572257,38.127963176453164],[-3.0447574570444194,38.12782101182319],[-3.044758282661931,38.12768230724302],[-3.0447783665413177,38.12750357907288],[-3.0450336055663887,38.1275104270882],[-3.0450914398635285,38.12749057874029],[-3.0451033698270247,38.12759259740443],[-3.0452041295292456,38.12761193780895],[-3.0453896721871,38.127644766372896]]]},"properties":{"dn_surface":3894.76831471015,"provincia":23,"municipio":48,"agregado":0,"zona":0,"poligono":20,"parcela":373,"recinto":1,"uso_sigpac":"OV","idPanel":"23:48:0:0:20:373:1"},"id":1112039781},{"type":"Feature","geometry":{"type":"Polygon","coordinates":[[[-3.045899661572257,38.127963176453164],[-3.0458883636042984,38.128137304634606],[-3.0455866829655576,38.128128132317386],[-3.0453256201938164,38.128116691018874],[-3.0453093391841253,38.12817167463061],[-3.0452803755159894,38.12838005713775],[-3.045255964059738,38.128569060683645],[-3.0452433861750894,38.128707679768354],[-3.044597921757276,38.12869466267199],[-3.0446347191525827,38.128604343468965],[-3.0446527000123376,38.12852881078223],[-3.044691294487792,38.12839261658223],[-3.04472597209966,38.128196759153695],[-3.0447519694120864,38.12798711600823],[-3.044743920269991,38.12788626829604],[-3.0447574570444194,38.12782101182319],[-3.045899661572257,38.127963176453164]]]},"properties":{"dn_surface":5983.88470254825,"provincia":23,"municipio":48,"agregado":0,"zona":0,"poligono":20,"parcela":371,"recinto":1,"uso_sigpac":"OV","idPanel":"23:48:0:0:20:371:1"},"id":1112039783},{"type":"Feature","geometry":{"type":"Polygon","coordinates":[[[-3.0450336055663887,38.1275104270882],[-3.0447783665413177,38.12750357907288],[-3.0446172588090454,38.127498409952864],[-3.0444969759767937,38.12727448823449],[-3.044158764487282,38.12667148318792],[-3.044273431444074,38.12667270443126],[-3.044470928372945,38.1266685788583],[-3.0447132668100756,38.126668762421986],[-3.044890455224541,38.126665364398235],[-3.0449403560498562,38.12691292308497],[-3.0449764460124933,38.127151474578056],[-3.044999948032197,38.127330367033494],[-3.0450336055663887,38.1275104270882]]]},"properties":{"dn_surface":4657.63411402146,"provincia":23,"municipio":48,"agregado":0,"zona":0,"poligono":20,"parcela":375,"recinto":1,"uso_sigpac":"OV","idPanel":"23:48:0:0:20:375:1"},"id":1112039779},{"type":"Feature","geometry":{"type":"Polygon","coordinates":[[[-3.0447783665413177,38.12750357907288],[-3.044758282661931,38.12768230724302],[-3.0447574570444194,38.12782101182319],[-3.044743920269991,38.12788626829604],[-3.0447519694120864,38.12798711600823],[-3.04472597209966,38.128196759153695],[-3.044691294487792,38.12839261658223],[-3.0446527000123376,38.12852881078223],[-3.0446347191525827,38.128604343468965],[-3.044597921757276,38.12869466267199],[-3.0442063284378538,38.1286828156893],[-3.0441943490211276,38.12850058388341],[-3.0441829102371876,38.12826788212092],[-3.0439811829615344,38.12826470873222],[-3.0439298697854498,38.12812935691352],[-3.0438786563540186,38.12796976127669],[-3.0438385615178087,38.1278939788092],[-3.043820674535374,38.12774951250847],[-3.043821404599184,38.12763721511587],[-3.0438473474292365,38.1275217543928],[-3.0439954456088207,38.12752242326869],[-3.0440664168635854,38.12752726465624],[-3.0441045184831026,38.1275154453339],[-3.0441161265814976,38.12746749413938],[-3.0446172588090454,38.127498409952864],[-3.0447783665413177,38.12750357907288]]]},"properties":{"dn_surface":8514.22654914125,"provincia":23,"municipio":48,"agregado":0,"zona":0,"poligono":20,"parcela":372,"recinto":1,"uso_sigpac":"OV","idPanel":"23:48:0:0:20:372:1"},"id":1112039782},{"type":"Feature","geometry":{"type":"Polygon","coordinates":[[[-3.044158764487282,38.12667148318792],[-3.0444969759767937,38.12727448823449],[-3.0446172588090454,38.127498409952864],[-3.0441161265814976,38.12746749413938],[-3.044112658987949,38.12739512394489],[-3.0440063026886466,38.12717975931196],[-3.0438981266780574,38.12697250668543],[-3.0437619794167263,38.12673471124006],[-3.043675092603271,38.12663677372484],[-3.04387169434483,38.12666239133702],[-3.0439935496222104,38.1266637005904],[-3.044158764487282,38.12667148318792]]]},"properties":{"dn_surface":3526.30482797042,"provincia":23,"municipio":48,"agregado":0,"zona":0,"poligono":20,"parcela":376,"recinto":1,"uso_sigpac":"OV","idPanel":"23:48:0:0:20:376:1"},"id":1112039778},{"type":"Feature","geometry":{"type":"Polygon","coordinates":[[[-3.044890455224541,38.126665364398235],[-3.044984699673039,38.1266683944564],[-3.045217695640337,38.12668912960973],[-3.0454230807787526,38.12670915313939],[-3.045408582599973,38.127416830560804],[-3.0453896721871,38.127644766372896],[-3.0452041295292456,38.12761193780895],[-3.0451033698270247,38.12759259740443],[-3.0450914398635285,38.12749057874029],[-3.0450336055663887,38.1275104270882],[-3.044999948032197,38.127330367033494],[-3.0449764460124933,38.127151474578056],[-3.0449403560498562,38.12691292308497],[-3.044890455224541,38.126665364398235]]]},"properties":{"dn_surface":3910.4298058691,"provincia":23,"municipio":48,"agregado":0,"zona":0,"poligono":20,"parcela":374,"recinto":1,"uso_sigpac":"OV","idPanel":"23:48:0:0:20:374:1"},"id":1112039780},{"type":"Feature","geometry":{"type":"Polygon","coordinates":[[[-3.0458430032562016,38.12750337287804],[-3.0458430627677178,38.12759638351034],[-3.045721088467305,38.12758858750169],[-3.045487199827265,38.12760444522527],[-3.0454820986006914,38.1276569905412],[-3.0453896721871,38.127644766372896],[-3.045408582599973,38.127416830560804],[-3.0454230807787526,38.12670915313939],[-3.045499423157389,38.12672904339681],[-3.0456335017648937,38.126754590601024],[-3.0457935961250127,38.127319893844856],[-3.045818585094427,38.12750103851786],[-3.0458430032562016,38.12750337287804]]]},"properties":{"dn_surface":2837.24323707363,"provincia":23,"municipio":48,"agregado":0,"zona":0,"poligono":20,"parcela":286,"recinto":1,"uso_sigpac":"OV","idPanel":"23:48:0:0:20:286:1"},"id":1112039876},{"type":"Feature","geometry":{"type":"Polygon","coordinates":[[[-3.0460329187532014,38.12688287396031],[-3.046038765969203,38.12710431212065],[-3.0460507646643085,38.12748932732205],[-3.046054894428247,38.12752375347682],[-3.0458430032562016,38.12750337287804],[-3.045818585094427,38.12750103851786],[-3.0457935961250127,38.127319893844856],[-3.0456335017648937,38.126754590601024],[-3.045760285601632,38.126791946231094],[-3.0458334344749707,38.12681354974964],[-3.045960913171525,38.12686541529317],[-3.0460329187532014,38.12688287396031]]]},"properties":{"dn_surface":1987.58235126408,"provincia":23,"municipio":48,"agregado":0,"zona":0,"poligono":20,"parcela":285,"recinto":1,"uso_sigpac":"OV","idPanel":"23:48:0:0:20:285:1"},"id":1112039877},{"type":"Feature","geometry":{"type":"Polygon","coordinates":[[[-3.0438473474292365,38.1275217543928],[-3.043821404599184,38.12763721511587],[-3.043820674535374,38.12774951250847],[-3.0438385615178087,38.1278939788092],[-3.0438786563540186,38.12796976127669],[-3.0439298697854498,38.12812935691352],[-3.0439811829615344,38.12826470873222],[-3.0441829102371876,38.12826788212092],[-3.0441943490211276,38.12850058388341],[-3.0442063284378538,38.1286828156893],[-3.0441627450533355,38.128687156677216],[-3.0434069462847377,38.12867146910628],[-3.0430051999653998,38.12866295560676],[-3.0427511109375125,38.12867683184828],[-3.04266562390197,38.12844036912563],[-3.0424116094730262,38.12780857978365],[-3.0425594570336907,38.12777139765896],[-3.0427174567560824,38.127729795756466],[-3.0428332452115856,38.127695418216774],[-3.0429330569205018,38.1276572604385],[-3.0429717184511844,38.12762822636236],[-3.0431183330338194,38.127627725962725],[-3.043264136248179,38.1276064954389],[-3.0434935556571814,38.12755828859633],[-3.0437403180630693,38.12751043547007],[-3.0438473474292365,38.1275217543928]]]},"properties":{"dn_surface":14592.3437214525,"provincia":23,"municipio":48,"agregado":0,"zona":0,"poligono":20,"parcela":366,"recinto":1,"uso_sigpac":"OV","idPanel":"23:48:0:0:20:366:1"},"id":1112039788},{"type":"Feature","geometry":{"type":"Polygon","coordinates":[[[-3.043722674994032,38.12683143002653],[-3.043678183849346,38.12684126954326],[-3.043985605253911,38.1274757410944],[-3.0439591335257368,38.12747466904892],[-3.0438347620008743,38.12746416820002],[-3.0437468945046895,38.127442928456105],[-3.0435771433533514,38.12748309453849],[-3.0434530216092184,38.12750936426281],[-3.0432366109147133,38.127560089867416],[-3.043142030351879,38.12756967625066],[-3.0430478965445102,38.127563219670265],[-3.0429649509021606,38.12756847512384],[-3.042848828008701,38.1276143895158],[-3.0427663592966705,38.12765398311416],[-3.0426039096216204,38.12769549616846],[-3.042390125815726,38.12775315947479],[-3.042309659540483,38.12770532981787],[-3.0421374809898425,38.12750134110462],[-3.0419223636230743,38.12723049413671],[-3.0424186167444955,38.12711884047425],[-3.0424090186266013,38.12709478021978],[-3.0431268197112864,38.12694159087192],[-3.0431731062597396,38.12688191171779],[-3.0432194196302835,38.12686648398585],[-3.0432998750090525,38.126895296779765],[-3.0437114776089174,38.12680493650544],[-3.043722674994032,38.12683143002653]]]},"properties":{"dn_surface":10460.1162486331,"provincia":23,"municipio":48,"agregado":0,"zona":0,"poligono":18,"parcela":236,"recinto":1,"uso_sigpac":"OV","idPanel":"23:48:0:0:18:236:1"},"id":1112038759},{"type":"Feature","geometry":{"type":"Polygon","coordinates":[[[-3.0420885055266917,38.126289969945844],[-3.0422653712378662,38.12632091341962],[-3.042852231061591,38.126438058905336],[-3.04355321218018,38.126593104844886],[-3.0436402942919902,38.12663831850966],[-3.0436753708824735,38.12671923908408],[-3.0437114776089174,38.12680493650544],[-3.0432998750090525,38.126895296779765],[-3.0432194196302835,38.12686648398585],[-3.0431731062597396,38.12688191171779],[-3.0431268197112864,38.12694159087192],[-3.0424090186266013,38.12709478021978],[-3.0420885055266917,38.126289969945844]]]},"properties":{"dn_surface":6935.26777708553,"provincia":23,"municipio":48,"agregado":0,"zona":0,"poligono":18,"parcela":237,"recinto":1,"uso_sigpac":"OV","idPanel":"23:48:0:0:18:237:1"},"id":1112038758},{"type":"Feature","geometry":{"type":"Polygon","coordinates":[[[-3.0424116094730262,38.12780857978365],[-3.04266562390197,38.12844036912563],[-3.041518552840862,38.12872559524928],[-3.0414573833842504,38.12874080505165],[-3.0413863291486396,38.1285937420372],[-3.0412612418092038,38.12833521060034],[-3.0411312208812658,38.128026660991566],[-3.0411882739849845,38.12803430277313],[-3.0412770634905737,38.12807158631884],[-3.0413212797088187,38.12807851312405],[-3.0413694907423547,38.12808606605748],[-3.0414466176671753,38.12807955164192],[-3.0415722238464484,38.12805337328038],[-3.041606211627645,38.1280407694118],[-3.0416751175813443,38.12801521634029],[-3.04173145822325,38.12797509132923],[-3.041801033052863,38.12793288844421],[-3.0418993661939724,38.12790050076845],[-3.042128450326827,38.12786031792223],[-3.0424116094730262,38.12780857978365]]]},"properties":{"dn_surface":8411.151302320995,"provincia":23,"municipio":48,"agregado":0,"zona":0,"poligono":20,"parcela":363,"recinto":1,"uso_sigpac":"OV","idPanel":"23:48:0:0:20:363:1"},"id":1179152430},{"type":"Feature","geometry":{"type":"Polygon","coordinates":[[[-3.0424090186266013,38.12709478021978],[-3.0424186167444955,38.12711884047425],[-3.0419223636230743,38.12723049413671],[-3.0418116286172947,38.12712544373798],[-3.041700594377553,38.12689764119821],[-3.0415876800768182,38.126574665494985],[-3.041395980910717,38.12614680870752],[-3.041600231977566,38.12618360358829],[-3.0416206570004314,38.126187291625854],[-3.0420885055266917,38.126289969945844],[-3.0424090186266013,38.12709478021978]]]},"properties":{"dn_surface":5798.39258743427,"provincia":23,"municipio":48,"agregado":0,"zona":0,"poligono":18,"parcela":235,"recinto":1,"uso_sigpac":"OV","idPanel":"23:48:0:0:18:235:1"},"id":1112038760},{"type":"Feature","geometry":{"type":"Polygon","coordinates":[[[-3.0430521637716685,38.124412581103314],[-3.043090864697299,38.12445177237029],[-3.0431674400928586,38.124484281583676],[-3.04330048688802,38.12451037277344],[-3.0434757474646417,38.12453554698291],[-3.0436466695679227,38.1245549552809],[-3.043701092430269,38.124573070251074],[-3.04390091869017,38.12463958484767],[-3.0438629578866334,38.12469160126548],[-3.043798353525898,38.12487694611039],[-3.043773666305015,38.12494777152003],[-3.0437614119618486,38.12505863141618],[-3.0437602074822907,38.12514235909015],[-3.0437501357868393,38.12527746196628],[-3.0437346627926627,38.1255350487626],[-3.0437196399067132,38.12559670017865],[-3.043697428700175,38.12565817389836],[-3.0431730006477533,38.12557075315766],[-3.043195543777677,38.12549287605245],[-3.0426521659174366,38.12538509063853],[-3.0430521637716685,38.124412581103314]]]},"properties":{"dn_surface":9576.846475579565,"provincia":23,"municipio":48,"agregado":0,"zona":0,"poligono":18,"parcela":239,"recinto":2,"uso_sigpac":"OV","idPanel":"23:48:0:0:18:239:2"},"id":1323353133},{"type":"Feature","geometry":{"type":"Polygon","coordinates":[[[-3.0431730006477533,38.12557075315766],[-3.043697428700175,38.12565817389836],[-3.0436838894111746,38.125719825314405],[-3.043638932232644,38.125900094078474],[-3.0435553436982836,38.12615860539876],[-3.0434742714114047,38.12642639883916],[-3.043477375230335,38.12646542246807],[-3.0434904090905426,38.126510390543075],[-3.043510633785911,38.126559051684836],[-3.04355321218018,38.126593104844886],[-3.042852231061591,38.126438058905336],[-3.043134162258903,38.125682883750386],[-3.0431730006477533,38.12557075315766]]]},"properties":{"dn_surface":5167.47582660488,"provincia":23,"municipio":48,"agregado":0,"zona":0,"poligono":18,"parcela":238,"recinto":1,"uso_sigpac":"OV","idPanel":"23:48:0:0:18:238:1"},"id":1112038757},{"type":"Feature","geometry":{"type":"Polygon","coordinates":[[[-3.042567832231839,38.12554635595063],[-3.0426055507983594,38.125467752972526],[-3.042184946033951,38.12537371304251],[-3.042290226935013,38.125134031668864],[-3.0426393457957706,38.124357384591264],[-3.042832059172217,38.12437687587004],[-3.0430029770845457,38.124391688370196],[-3.0430521637716685,38.124412581103314],[-3.0426521659174366,38.12538509063853],[-3.043195543777677,38.12549287605245],[-3.0431730006477533,38.12557075315766],[-3.043134162258903,38.125682883750386],[-3.042567832231839,38.12554635595063]]]},"properties":{"dn_surface":5659.00500228633,"provincia":23,"municipio":48,"agregado":0,"zona":0,"poligono":18,"parcela":241,"recinto":1,"uso_sigpac":"OV","idPanel":"23:48:0:0:18:241:1"},"id":1112038753},{"type":"Feature","geometry":{"type":"Polygon","coordinates":[[[-3.043134162258903,38.125682883750386],[-3.042852231061591,38.126438058905336],[-3.0422653712378662,38.12632091341962],[-3.042567832231839,38.12554635595063],[-3.043134162258903,38.125682883750386]]]},"properties":{"dn_surface":4649.23279133212,"provincia":23,"municipio":48,"agregado":0,"zona":0,"poligono":18,"parcela":242,"recinto":1,"uso_sigpac":"OV","idPanel":"23:48:0:0:18:242:1"},"id":1112038752},{"type":"Feature","geometry":{"type":"Polygon","coordinates":[[[-3.0457837038022997,38.12451354364762],[-3.045792360632411,38.124669549315115],[-3.045821318433214,38.12481428132216],[-3.0459169425430557,38.12483668782707],[-3.0460479357718193,38.12485998281372],[-3.0459422005715786,38.125439353406534],[-3.0458502318099274,38.12542451659888],[-3.0455023216196784,38.12536389867151],[-3.0455018086471735,38.12545366466887],[-3.045457534593792,38.12544556942629],[-3.0453340716672876,38.12542299276876],[-3.045186977639763,38.12537924426073],[-3.0444175490576058,38.125224232687],[-3.043831484676539,38.12509105261958],[-3.0438276801304625,38.12502679359329],[-3.0438645521247114,38.124872754320364],[-3.04397222270651,38.12463406201135],[-3.0439772350849053,38.12459897787713],[-3.0439927851925965,38.12449012293234],[-3.0439980993195235,38.12441108074256],[-3.044003976710377,38.12432059138689],[-3.0440987777172794,38.12430577721037],[-3.0442482387944008,38.12430788777368],[-3.0443759169802616,38.12432244294939],[-3.044474389260971,38.12434025281834],[-3.0446959950593704,38.12440362336284],[-3.044891678144286,38.12442770708665],[-3.0451759043068227,38.12446392529242],[-3.0455138626628435,38.1244923726353],[-3.0457837038022997,38.12451354364762]],[[-3.0452451975044728,38.12500605927818],[-3.0452263524704484,38.124963946917745],[-3.045159241920515,38.124979331901955],[-3.0451787172736955,38.125025904273286],[-3.0452451975044728,38.12500605927818]],[[-3.0452565348673777,38.12507840097419],[-3.04518751911074,38.12505662311207],[-3.045181284650789,38.125117574639205],[-3.0452528024056735,38.125128450159195],[-3.0452565348673777,38.12507840097419]]]},"properties":{"dn_surface":17291.6939495752,"provincia":23,"municipio":48,"agregado":0,"zona":0,"poligono":19,"parcela":132,"recinto":1,"uso_sigpac":"OV","idPanel":"23:48:0:0:19:132:1"},"id":1112039529},{"type":"Feature","geometry":{"type":"Polygon","coordinates":[[[-3.0453340716672876,38.12542299276876],[-3.045285690481107,38.12559542193836],[-3.045134606667435,38.12555807385195],[-3.0438185178715598,38.12534305036249],[-3.04381995704442,38.125270768177984],[-3.043821946070161,38.12516541016345],[-3.043831484676539,38.12509105261958],[-3.0444175490576058,38.125224232687],[-3.045186977639763,38.12537924426073],[-3.0453340716672876,38.12542299276876]]]},"properties":{"dn_surface":3103.2026969977,"provincia":23,"municipio":48,"agregado":0,"zona":0,"poligono":19,"parcela":5,"recinto":1,"uso_sigpac":"OV","idPanel":"23:48:0:0:19:5:1"},"id":1112039669},{"type":"Feature","geometry":{"type":"Polygon","coordinates":[[[-3.0438185178715598,38.12534305036249],[-3.045134606667435,38.12555807385195],[-3.0451166132348253,38.12561035429971],[-3.0450972518755344,38.12566524822506],[-3.0450896226668127,38.12568931434686],[-3.043804022207351,38.125519522962406],[-3.0438176335807228,38.125390006625054],[-3.0438185178715598,38.12534305036249]]]},"properties":{"dn_surface":1999.18974719322,"provincia":23,"municipio":48,"agregado":0,"zona":0,"poligono":19,"parcela":4,"recinto":2,"uso_sigpac":"OV","idPanel":"23:48:0:0:19:4:2"},"id":1112039670},{"type":"Feature","geometry":{"type":"Polygon","coordinates":[[[-3.0453340716672876,38.12542299276876],[-3.045457534593792,38.12544556942629],[-3.0454576016490225,38.12573018870012],[-3.04545762008921,38.125759209365214],[-3.0450896226668127,38.12568931434686],[-3.0450972518755344,38.12566524822506],[-3.0451166132348253,38.12561035429971],[-3.045134606667435,38.12555807385195],[-3.045285690481107,38.12559542193836],[-3.0453340716672876,38.12542299276876]]]},"properties":{"dn_surface":710.446367278746,"provincia":23,"municipio":48,"agregado":0,"zona":0,"poligono":19,"parcela":550,"recinto":1,"uso_sigpac":"OV","idPanel":"23:48:0:0:19:550:1"},"id":1112039095},{"type":"Feature","geometry":{"type":"Polygon","coordinates":[[[-3.0450896226668127,38.12568931434686],[-3.0450702646602847,38.1257499766983],[-3.0437968757962808,38.125587840506455],[-3.043804022207351,38.125519522962406],[-3.0450896226668127,38.12568931434686]]]},"properties":{"dn_surface":823.831102312651,"provincia":23,"municipio":48,"agregado":0,"zona":0,"poligono":19,"parcela":3,"recinto":1,"uso_sigpac":"OV","idPanel":"23:48:0:0:19:3:1"},"id":1112039671},{"type":"Feature","geometry":{"type":"Polygon","coordinates":[[[-3.0450702646602847,38.1257499766983],[-3.0450071883205885,38.12595945304389],[-3.044415671511183,38.12587665827584],[-3.0437511357479474,38.1257933446679],[-3.0437802578340625,38.12565291760657],[-3.0437968757962808,38.125587840506455],[-3.0450702646602847,38.1257499766983]]]},"properties":{"dn_surface":2613.02314243946,"provincia":23,"municipio":48,"agregado":0,"zona":0,"poligono":19,"parcela":2,"recinto":1,"uso_sigpac":"OV","idPanel":"23:48:0:0:19:2:1"},"id":1112039672},{"type":"Feature","geometry":{"type":"Polygon","coordinates":[[[-3.0426393457957706,38.124357384591264],[-3.042290226935013,38.125134031668864],[-3.0417218056229833,38.12492170379963],[-3.0417689949024616,38.124843999361644],[-3.0418402150997648,38.124694275092736],[-3.0418894294471692,38.124568442602055],[-3.0420102353102108,38.12453811938917],[-3.042154946362522,38.12422262872596],[-3.0422762543015924,38.12427026476087],[-3.0423599107293726,38.12431665189217],[-3.042551030705931,38.12434416549098],[-3.0426393457957706,38.124357384591264]]]},"properties":{"dn_surface":4343.53287405742,"provincia":23,"municipio":48,"agregado":0,"zona":0,"poligono":18,"parcela":245,"recinto":1,"uso_sigpac":"OV","idPanel":"23:48:0:0:18:245:1"},"id":1112038749},{"type":"Feature","geometry":{"type":"Polygon","coordinates":[[[-3.042154946362522,38.12422262872596],[-3.0420102353102108,38.12453811938917],[-3.0418894294471692,38.124568442602055],[-3.0418402150997648,38.124694275092736],[-3.0417689949024616,38.124843999361644],[-3.0417218056229833,38.12492170379963],[-3.0413384827279137,38.124773662616974],[-3.0415446255904204,38.124342609809645],[-3.041641239603087,38.12410824926843],[-3.0417685774836585,38.12412848569846],[-3.0419178172785233,38.12414321689417],[-3.0420306729059323,38.12417481331826],[-3.042154946362522,38.12422262872596]]]},"properties":{"dn_surface":3496.21523317919,"provincia":23,"municipio":48,"agregado":0,"zona":0,"poligono":18,"parcela":246,"recinto":1,"uso_sigpac":"OV","idPanel":"23:48:0:0:18:246:1"},"id":1112038748},{"type":"Feature","geometry":{"type":"Polygon","coordinates":[[[-3.041641239603087,38.12410824926843],[-3.0415446255904204,38.124342609809645],[-3.0413384827279137,38.124773662616974],[-3.041316802095878,38.124768983000166],[-3.0408192506175786,38.124578888968585],[-3.0411311538260373,38.12401005610511],[-3.0411568376552665,38.123963215512845],[-3.041392590430682,38.12403226479708],[-3.0415849760746942,38.1240804188337],[-3.041641239603087,38.12410824926843]]]},"properties":{"dn_surface":3712.6105093633,"provincia":23,"municipio":48,"agregado":0,"zona":0,"poligono":18,"parcela":247,"recinto":1,"uso_sigpac":"OV","idPanel":"23:48:0:0:18:247:1"},"id":1112038747},{"type":"Feature","geometry":{"type":"Polygon","coordinates":[[[-3.0411311538260373,38.12401005610511],[-3.0408192506175786,38.124578888968585],[-3.0401654814096077,38.1243385521301],[-3.040242195944768,38.12421631631426],[-3.0402704505038525,38.12414429564518],[-3.040323465206382,38.12407695459288],[-3.0403167722563005,38.12377150461208],[-3.0403669480080575,38.12378623245502],[-3.040411419036175,38.12379546093098],[-3.040469930591132,38.12380283532977],[-3.04055420057426,38.123836083827115],[-3.0406384630136767,38.123856391503324],[-3.040678255263165,38.123869318913336],[-3.0407203961220617,38.12389703535419],[-3.0408421130980314,38.12393396853636],[-3.0409099914303415,38.12395058314581],[-3.04098722899629,38.12396349798297],[-3.0410434003237428,38.12397087322003],[-3.0410925618651543,38.123996738098356],[-3.0411311538260373,38.12401005610511]]]},"properties":{"dn_surface":4373.59489256351,"provincia":23,"municipio":48,"agregado":0,"zona":0,"poligono":18,"parcela":248,"recinto":1,"uso_sigpac":"OV","idPanel":"23:48:0:0:18:248:1"},"id":1112038746},{"type":"Feature","geometry":{"type":"Polygon","coordinates":[[[-3.0459113166093124,38.13529530368643],[-3.045819890995019,38.135079395067976],[-3.0457698384572467,38.1349646828489],[-3.045718525281162,38.13484212935893],[-3.046207458486107,38.13463294637995],[-3.0469711773154833,38.134275401191445],[-3.0470308547932414,38.13427537856029],[-3.04706936796423,38.13436494925932],[-3.047151273412333,38.13450272093357],[-3.0472042847621013,38.1346014790372],[-3.0472647979156546,38.13465679373408],[-3.0472357009752513,38.13467052077772],[-3.0459113166093124,38.13529530368643]]]},"properties":{"dn_surface":6690.152758381737,"provincia":23,"municipio":48,"agregado":0,"zona":0,"poligono":20,"parcela":110,"recinto":1,"uso_sigpac":"OV","idPanel":"23:48:0:0:20:110:1"},"id":1326710842},{"type":"Feature","geometry":{"type":"Polygon","coordinates":[[[-3.0467877921596345,38.13372885413344],[-3.046801866214088,38.13378851233281],[-3.0468160517478613,38.133843574734385],[-3.0468559454183843,38.13395144061454],[-3.046913507303655,38.134031901860624],[-3.0469722284062044,38.13413867893155],[-3.0470308547932414,38.13427537856029],[-3.0469711773154833,38.134275401191445],[-3.046207458486107,38.13463294637995],[-3.045718525281162,38.13484212935893],[-3.045572701950234,38.13449393586032],[-3.045904956420806,38.13427300480518],[-3.045961775669412,38.13431674409313],[-3.046233841366102,38.13413958585349],[-3.0464567203756694,38.13400521555573],[-3.04642941213351,38.133949707236866],[-3.0467877921596345,38.13372885413344]]]},"properties":{"dn_surface":6314.1265869140625,"provincia":23,"municipio":48,"agregado":0,"zona":0,"poligono":20,"parcela":109,"recinto":2,"uso_sigpac":"OV","idPanel":"23:48:0:0:20:109:2"},"id":1307423149},{"type":"Feature","geometry":{"type":"Polygon","coordinates":[[[-3.0467877921596345,38.13372885413344],[-3.04642941213351,38.133949707236866],[-3.045795168570141,38.133533378919736],[-3.046062143936732,38.133304089430226],[-3.0460942985955946,38.13326766670599],[-3.0461090012928254,38.13324125448935],[-3.0467765729815706,38.13367270962806],[-3.0467877921596345,38.13372885413344]]]},"properties":{"dn_surface":3242.3554304205,"provincia":23,"municipio":48,"agregado":0,"zona":0,"poligono":20,"parcela":105,"recinto":1,"uso_sigpac":"OV","idPanel":"23:48:0:0:20:105:1"},"id":1112040055},{"type":"Feature","geometry":{"type":"Polygon","coordinates":[[[-3.045795168570141,38.133533378919736],[-3.04642941213351,38.133949707236866],[-3.0464567203756694,38.13400521555573],[-3.046233841366102,38.13413958585349],[-3.0462097961990415,38.13412065113312],[-3.0461781302051625,38.13409571580786],[-3.045601640472658,38.13370541078706],[-3.0456623112060015,38.13365311525183],[-3.045795168570141,38.133533378919736]]]},"properties":{"dn_surface":1977.880859375,"provincia":23,"municipio":48,"agregado":0,"zona":0,"poligono":20,"parcela":106,"recinto":1,"uso_sigpac":"OV","idPanel":"23:48:0:0:20:106:1"},"id":1307423153},{"type":"Feature","geometry":{"type":"Polygon","coordinates":[[[-3.045601640472658,38.13370541078706],[-3.0461781302051625,38.13409571580786],[-3.0462097961990415,38.13412065113312],[-3.046233841366102,38.13413958585349],[-3.045961775669412,38.13431674409313],[-3.045904956420806,38.13427300480518],[-3.0454172302099902,38.133864190026486],[-3.045601640472658,38.13370541078706]]]},"properties":{"dn_surface":1971.41259765625,"provincia":23,"municipio":48,"agregado":0,"zona":0,"poligono":20,"parcela":107,"recinto":1,"uso_sigpac":"OV","idPanel":"23:48:0:0:20:107:1"},"id":1307423150},{"type":"Feature","geometry":{"type":"Polygon","coordinates":[[[-3.0454172302099902,38.133864190026486],[-3.04538389621728,38.13389102469108],[-3.0452670281725833,38.13398510401609],[-3.04537473982571,38.13415621471216],[-3.045572701950234,38.13449393586032],[-3.045718525281162,38.13484212935893],[-3.0457698384572467,38.1349646828489],[-3.045819890995019,38.135079395067976],[-3.0459113166093124,38.13529530368643],[-3.0461212631797054,38.13580606085395],[-3.044932121667691,38.13616447692229],[-3.0442996818899912,38.13480731176929],[-3.0442649615304145,38.13475586196816],[-3.0443479105255253,38.13474375598469],[-3.0444294798592915,38.13471560787576],[-3.0444850300876807,38.134681520349915],[-3.044530636863746,38.134623372569564],[-3.044599728057517,38.13452970647242],[-3.044705563002411,38.13425514464484],[-3.0449440021779535,38.13363733380362],[-3.0454172302099902,38.133864190026486]]]},"properties":{"dn_surface":24060.584774877367,"provincia":23,"municipio":48,"agregado":0,"zona":0,"poligono":20,"parcela":112,"recinto":1,"uso_sigpac":"OV","idPanel":"23:48:0:0:20:112:1"},"id":1326710838},{"type":"Feature","geometry":{"type":"Polygon","coordinates":[[[-3.0460942985955946,38.13326766670599],[-3.046062143936732,38.133304089430226],[-3.045795168570141,38.133533378919736],[-3.0456623112060015,38.13365311525183],[-3.045601640472658,38.13370541078706],[-3.0454172302099902,38.133864190026486],[-3.0449440021779535,38.13363733380362],[-3.045004853122226,38.13350689880966],[-3.0451752270490067,38.133166250700754],[-3.045230149472811,38.13304501065505],[-3.045328982175379,38.1328931121204],[-3.0460942985955946,38.13326766670599]]]},"properties":{"dn_surface":5684.51123046875,"provincia":23,"municipio":48,"agregado":0,"zona":0,"poligono":20,"parcela":180,"recinto":1,"uso_sigpac":"OV","idPanel":"23:48:0:0:20:180:1"},"id":1307423151},{"type":"Feature","geometry":{"type":"Polygon","coordinates":[[[-3.04538389621728,38.13389102469108],[-3.045904956420806,38.13427300480518],[-3.045572701950234,38.13449393586032],[-3.04537473982571,38.13415621471216],[-3.0452670281725833,38.13398510401609],[-3.04538389621728,38.13389102469108]]]},"properties":{"dn_surface":1593.495849609375,"provincia":23,"municipio":48,"agregado":0,"zona":0,"poligono":20,"parcela":108,"recinto":1,"uso_sigpac":"OV","idPanel":"23:48:0:0:20:108:1"},"id":1307423147},{"type":"Feature","geometry":{"type":"Polygon","coordinates":[[[-3.045004853122226,38.13350689880966],[-3.0449440021779535,38.13363733380362],[-3.044705563002411,38.13425514464484],[-3.044599728057517,38.13452970647242],[-3.044530636863746,38.134623372569564],[-3.0444850300876807,38.134681520349915],[-3.0444294798592915,38.13471560787576],[-3.0443479105255253,38.13474375598469],[-3.0442649615304145,38.13475586196816],[-3.0442359752311394,38.1347521772833],[-3.0442077198338633,38.13482203542125],[-3.044094302618909,38.13483162851],[-3.043986924565549,38.13482869232914],[-3.0438694957714967,38.134810708116646],[-3.043798618394054,38.134783875966605],[-3.043752605095661,38.13473774699793],[-3.043698135294654,38.1346720638862],[-3.0435925073827805,38.13454376124852],[-3.043602038445445,38.13445561463496],[-3.043600580832396,38.134310151725884],[-3.043622910223777,38.13425183211649],[-3.043623341891816,38.13421055375551],[-3.043552063859377,38.13408755686285],[-3.043499393653088,38.13397726023061],[-3.0434612216255794,38.13387849542147],[-3.0434411511572392,38.13370996635169],[-3.043453866505108,38.133603522880605],[-3.0434764104732226,38.13352348240605],[-3.0434813935149543,38.13346165413179],[-3.0434122436478583,38.13326988958687],[-3.0433779742346982,38.133207804826384],[-3.044043324718971,38.133394313917734],[-3.0441210911830416,38.13330650341848],[-3.0442575879697555,38.13316396579381],[-3.045004853122226,38.13350689880966]]]},"properties":{"dn_surface":17584.4636133782,"provincia":23,"municipio":48,"agregado":0,"zona":0,"poligono":20,"parcela":175,"recinto":2,"uso_sigpac":"OV","idPanel":"23:48:0:0:20:175:2"},"id":1112039984},{"type":"Feature","geometry":{"type":"Polygon","coordinates":[[[-3.0442077198338633,38.13482203542125],[-3.0438881295815485,38.13542446127826],[-3.0438141525761275,38.135554719414074],[-3.0437024360494283,38.13554935080481],[-3.0436575794537406,38.1355308008138],[-3.0436331478809207,38.13550999022334],[-3.043598986594318,38.1354397934565],[-3.0433915680060726,38.13549331107325],[-3.043386071153645,38.135461137974204],[-3.043373920746083,38.1353705647995],[-3.0433763732910974,38.13527439921867],[-3.043396276121365,38.13516570017728],[-3.043452682142119,38.13503770180273],[-3.0434927887129954,38.13493827817595],[-3.0435286649370887,38.134827501260645],[-3.043567615643448,38.1347050961304],[-3.0435712257293597,38.13463750026821],[-3.0435925073827805,38.13454376124852],[-3.043698135294654,38.1346720638862],[-3.043752605095661,38.13473774699793],[-3.043798618394054,38.134783875966605],[-3.0438694957714967,38.134810708116646],[-3.043986924565549,38.13482869232914],[-3.044094302618909,38.13483162851],[-3.0442077198338633,38.13482203542125]]]},"properties":{"dn_surface":4371.54094104396,"provincia":23,"municipio":48,"agregado":0,"zona":0,"poligono":20,"parcela":174,"recinto":1,"uso_sigpac":"OV","idPanel":"23:48:0:0:20:174:1"},"id":1112039985},{"type":"Feature","geometry":{"type":"Polygon","coordinates":[[[-3.044115622829087,38.1361003276989],[-3.043387107995129,38.13622982391968],[-3.0434497023753644,38.13614427234347],[-3.043530223132981,38.13607592881553],[-3.0435787945883743,38.13601192208449],[-3.0436675824175823,38.13584164287323],[-3.043738704546613,38.13570561714951],[-3.0438141525761275,38.135554719414074],[-3.0438881295815485,38.13542446127826],[-3.044115622829087,38.1361003276989]]]},"properties":{"dn_surface":2332.37237958129,"provincia":23,"municipio":48,"agregado":0,"zona":0,"poligono":20,"parcela":117,"recinto":1,"uso_sigpac":"OV","idPanel":"23:48:0:0:20:117:1"},"id":1112040043},{"type":"Feature","geometry":{"type":"Polygon","coordinates":[[[-3.0438141525761275,38.135554719414074],[-3.043738704546613,38.13570561714951],[-3.0436675824175823,38.13584164287323],[-3.0435787945883743,38.13601192208449],[-3.043530223132981,38.13607592881553],[-3.0434497023753644,38.13614427234347],[-3.043387107995129,38.13622982391968],[-3.043387325086434,38.13621152790034],[-3.0433900777035996,38.1361513952852],[-3.043391153940031,38.13612788991276],[-3.043374771509306,38.13602127628903],[-3.0433478010578634,38.13595468206435],[-3.0433267616414583,38.135883489527316],[-3.04333502955124,38.13578047257846],[-3.043360323621948,38.135716474229326],[-3.0433785341458632,38.135639860277024],[-3.0433852145230897,38.135552796605396],[-3.0433915680060726,38.13549331107325],[-3.043598986594318,38.1354397934565],[-3.0436331478809207,38.13550999022334],[-3.0436575794537406,38.1355308008138],[-3.0437024360494283,38.13554935080481],[-3.0438141525761275,38.135554719414074]]]},"properties":{"dn_surface":1954.60979891056,"provincia":23,"municipio":48,"agregado":0,"zona":0,"poligono":20,"parcela":118,"recinto":1,"uso_sigpac":"OV","idPanel":"23:48:0:0:20:118:1"},"id":1112040042},{"type":"Feature","geometry":{"type":"Polygon","coordinates":[[[-3.0456885247715424,38.132171790636136],[-3.0458242085136,38.13219391215631],[-3.045914125385232,38.13219874600014],[-3.0464707734753658,38.132272172314515],[-3.046478929905828,38.132356978739466],[-3.046455142901399,38.13245198007388],[-3.046423846549472,38.132579069850095],[-3.0463737210891373,38.132703823589765],[-3.0461534639390386,38.13264901851261],[-3.0459086704423233,38.132589535495015],[-3.0455681095052127,38.132474569304264],[-3.045610635093488,38.132419847207956],[-3.045640369896762,38.13234665307235],[-3.0456673520828694,38.132251831110665],[-3.0456885247715424,38.132171790636136]]]},"properties":{"dn_surface":3117.66787300211,"provincia":23,"municipio":48,"agregado":0,"zona":0,"poligono":20,"parcela":182,"recinto":2,"uso_sigpac":"OV","idPanel":"23:48:0:0:20:182:2"},"id":1112039975},{"type":"Feature","geometry":{"type":"Polygon","coordinates":[[[-3.0463737210891373,38.132703823589765],[-3.0463205244992984,38.13284335881656],[-3.0462747333213525,38.132965767299595],[-3.046204193734627,38.13310765197397],[-3.046145597522443,38.133192211970965],[-3.0461090012928254,38.13324125448935],[-3.0460942985955946,38.13326766670599],[-3.045328982175379,38.1328931121204],[-3.045420721272869,38.132709671643966],[-3.045439438901957,38.132716605154684],[-3.0454766931110133,38.132625203009695],[-3.0455342516435233,38.13252361014625],[-3.0455681095052127,38.132474569304264],[-3.0459086704423233,38.132589535495015],[-3.0461534639390386,38.13264901851261],[-3.0463737210891373,38.132703823589765]]]},"properties":{"dn_surface":4563.40733891816,"provincia":23,"municipio":48,"agregado":0,"zona":0,"poligono":20,"parcela":181,"recinto":1,"uso_sigpac":"OV","idPanel":"23:48:0:0:20:181:1"},"id":1112039976},{"type":"Feature","geometry":{"type":"Polygon","coordinates":[[[-3.045654402879888,38.13180616110154],[-3.0456519578785866,38.13190800458386],[-3.0456565930713175,38.132020300300155],[-3.045655524378599,38.13213376948289],[-3.0456474760746937,38.13221731946052],[-3.0455778492772785,38.13236010518955],[-3.0455175473476976,38.132453587723006],[-3.0454579704527838,38.13261024885537],[-3.045407818170358,38.13269579707881],[-3.045420721272869,38.132709671643966],[-3.045345511289418,38.13268680748712],[-3.045192445155528,38.132604397448404],[-3.0450364118277373,38.13252198824787],[-3.0451039188417144,38.1324536480727],[-3.045192272488312,38.13233140471317],[-3.0453103550708507,38.13212686530886],[-3.0454938349422114,38.13176728499411],[-3.045593688560646,38.13178851887071],[-3.045654402879888,38.13180616110154]]]},"properties":{"dn_surface":2820.49640351948,"provincia":23,"municipio":48,"agregado":0,"zona":0,"poligono":20,"parcela":309,"recinto":1,"uso_sigpac":"OV","idPanel":"23:48:0:0:20:309:1"},"id":1112039852},{"type":"Feature","geometry":{"type":"Polygon","coordinates":[[[-3.0454938349422114,38.13176728499411],[-3.0453103550708507,38.13212686530886],[-3.045192272488312,38.13233140471317],[-3.0451039188417144,38.1324536480727],[-3.0450364118277373,38.13252198824787],[-3.0449541124301622,38.132474431002834],[-3.045076864571235,38.132253847796704],[-3.0452205622513926,38.13195664980003],[-3.045346380492829,38.131715966788875],[-3.0454938349422114,38.13176728499411]]]},"properties":{"dn_surface":1213.866429247,"provincia":23,"municipio":48,"agregado":0,"zona":0,"poligono":20,"parcela":310,"recinto":1,"uso_sigpac":"OV","idPanel":"23:48:0:0:20:310:1"},"id":1112039851},{"type":"Feature","geometry":{"type":"Polygon","coordinates":[[[-3.0451417354765073,38.13162411285933],[-3.045015774742709,38.131820542771834],[-3.045008317363013,38.13193698920679],[-3.0449995364807267,38.13194627467968],[-3.0449289533081023,38.13202065485467],[-3.0446432653415654,38.13188205253374],[-3.0444600729694997,38.13179271317526],[-3.044443522900702,38.13178469756079],[-3.0445583457609025,38.13165658686873],[-3.044558327320715,38.13162675567355],[-3.044588534863354,38.13157897798442],[-3.044676253161654,38.13153541555468],[-3.044783991636871,38.1313928871501],[-3.044863108425624,38.13146324736405],[-3.0449579773259448,38.131541712878885],[-3.0450141436242544,38.13158558460091],[-3.0450748596198776,38.13160656199122],[-3.0451417354765073,38.13162411285933]]]},"properties":{"dn_surface":2169.45876951979,"provincia":23,"municipio":48,"agregado":0,"zona":0,"poligono":20,"parcela":384,"recinto":1,"uso_sigpac":"OV","idPanel":"23:48:0:0:20:384:1"},"id":1112039767},{"type":"Feature","geometry":{"type":"Polygon","coordinates":[[[-3.0441154401035866,38.13154147315646],[-3.0440564826313548,38.13159583986007],[-3.044030457658646,38.13158079769573],[-3.0438669325853547,38.13174299256087],[-3.0437914418081307,38.13181791420686],[-3.04381632600375,38.1318332262685],[-3.0437387757927943,38.13189922621618],[-3.043738453927692,38.13193239257083],[-3.0436543515826373,38.13191926399509],[-3.0433369867257465,38.131848534977365],[-3.043590716169966,38.131601230262305],[-3.0438061336088857,38.131398370591455],[-3.0441154401035866,38.13154147315646]]]},"properties":{"dn_surface":1792.74362809787,"provincia":23,"municipio":48,"agregado":0,"zona":0,"poligono":20,"parcela":314,"recinto":2,"uso_sigpac":"OV","idPanel":"23:48:0:0:20:314:2"},"id":1112039847},{"type":"Feature","geometry":{"type":"Polygon","coordinates":[[[-3.042982638395288,38.131564128603856],[-3.043031183028589,38.13164937088783],[-3.0430414299058275,38.1317220218761],[-3.0430460801859844,38.131754993770556],[-3.043038565809343,38.13178239505186],[-3.043006188191842,38.13182809989621],[-3.042912442466613,38.13190780425643],[-3.0427658991301603,38.132041060599164],[-3.042719467574773,38.132055857173725],[-3.042660662653187,38.13198684057889],[-3.042616137142696,38.13194413561786],[-3.0426125555552574,38.13186969257862],[-3.0426252667121743,38.13175513793931],[-3.0426588873659903,38.131737932405656],[-3.042772415222073,38.13167983240217],[-3.042982638395288,38.131564128603856]]]},"properties":{"dn_surface":1209.84061084448,"provincia":23,"municipio":48,"agregado":0,"zona":0,"poligono":20,"parcela":322,"recinto":2,"uso_sigpac":"OV","idPanel":"23:48:0:0:20:322:2"},"id":1112039837},{"type":"Feature","geometry":{"type":"Polygon","coordinates":[[[-3.04381632600375,38.1318332262685],[-3.0437914418081307,38.13181791420686],[-3.0438669325853547,38.13174299256087],[-3.044030457658646,38.13158079769573],[-3.0440564826313548,38.13159583986007],[-3.044443522900702,38.13178469756079],[-3.0444600729694997,38.13179271317526],[-3.0446432653415654,38.13188205253374],[-3.0449289533081023,38.13202065485467],[-3.0449995364807267,38.13194627467968],[-3.045053976106881,38.13196554216165],[-3.045198200170588,38.13196044344963],[-3.0451694812540397,38.13201615125783],[-3.0451117668181222,38.13205168214748],[-3.044986755754009,38.13230759591582],[-3.0449451169711423,38.132322841760384],[-3.0446403794521317,38.13219497246712],[-3.044608535761895,38.13218101408296],[-3.044520418484981,38.13213463030439],[-3.04381632600375,38.1318332262685]]]},"properties":{"dn_surface":3684.28034041014,"provincia":23,"municipio":48,"agregado":0,"zona":0,"poligono":20,"parcela":313,"recinto":1,"uso_sigpac":"OV","idPanel":"23:48:0:0:20:313:1"},"id":1112039848},{"type":"Feature","geometry":{"type":"Polygon","coordinates":[[[-3.045346380492829,38.131715966788875],[-3.0452205622513926,38.13195664980003],[-3.045076864571235,38.132253847796704],[-3.0449541124301622,38.132474431002834],[-3.0447951177758044,38.13239896285677],[-3.0446956840907444,38.1323203179692],[-3.0443919792222665,38.13220254132614],[-3.043738453927692,38.13193239257083],[-3.0437387757927943,38.13189922621618],[-3.04381632600375,38.1318332262685],[-3.044520418484981,38.13213463030439],[-3.044608535761895,38.13218101408296],[-3.0446403794521317,38.13219497246712],[-3.0449451169711423,38.132322841760384],[-3.044986755754009,38.13230759591582],[-3.0451117668181222,38.13205168214748],[-3.0451694812540397,38.13201615125783],[-3.045198200170588,38.13196044344963],[-3.045053976106881,38.13196554216165],[-3.0449995364807267,38.13194627467968],[-3.045008317363013,38.13193698920679],[-3.045015774742709,38.131820542771834],[-3.0451417354765073,38.13162411285933],[-3.045177569791082,38.13163356261751],[-3.045346380492829,38.131715966788875]]]},"properties":{"dn_surface":2435.76239294951,"provincia":23,"municipio":48,"agregado":0,"zona":0,"poligono":20,"parcela":311,"recinto":2,"uso_sigpac":"OV","idPanel":"23:48:0:0:20:311:2"},"id":1112039850},{"type":"Feature","geometry":{"type":"Polygon","coordinates":[[[-3.0431978588594704,38.132221615186126],[-3.0431878215298243,38.132214821653236],[-3.0431590472927117,38.13216221347298],[-3.0431590456163313,38.13215952455832],[-3.043125728387429,38.13209587405822],[-3.043122055437241,38.13208533381436],[-3.043121499717027,38.13207441135566],[-3.043122048731717,38.132068560786905],[-3.0431239405273756,38.13204840314677],[-3.042992574303899,38.13202282325315],[-3.04292636397042,38.132085638077456],[-3.0429263757050857,38.13210582840702],[-3.04291341644382,38.13210819210386],[-3.042906869338862,38.13216196453047],[-3.042915356016329,38.13220262933612],[-3.042932803787011,38.13222176354583],[-3.0429263924688925,38.13222176941315],[-3.042874520219834,38.13222181635183],[-3.0427889426597314,38.13222292779227],[-3.042784601671821,38.132215538305985],[-3.0427629168488326,38.13216649746397],[-3.0427561518143795,38.13215119797522],[-3.042733744471296,38.1320789250108],[-3.042719467574773,38.132055857173725],[-3.0427658991301603,38.132041060599164],[-3.042912442466613,38.13190780425643],[-3.043006188191842,38.13182809989621],[-3.043038565809343,38.13178239505186],[-3.0433369867257465,38.131848534977365],[-3.0436543515826373,38.13191926399509],[-3.043738453927692,38.13193239257083],[-3.0443919792222665,38.13220254132614],[-3.0446956840907444,38.1323203179692],[-3.0447951177758044,38.13239896285677],[-3.0449541124301622,38.132474431002834],[-3.0450364118277373,38.13252198824787],[-3.045192445155528,38.132604397448404],[-3.045345511289418,38.13268680748712],[-3.045420721272869,38.132709671643966],[-3.045328982175379,38.1328931121204],[-3.045230149472811,38.13304501065505],[-3.0451752270490067,38.133166250700754],[-3.045004853122226,38.13350689880966],[-3.0442575879697555,38.13316396579381],[-3.0441210911830416,38.13330650341848],[-3.044043324718971,38.133394313917734],[-3.0433779742346982,38.133207804826384],[-3.043308288763957,38.133074531719785],[-3.043321792010772,38.13294934212115],[-3.043322864056251,38.132835872938415],[-3.0433533540690454,38.13268697344881],[-3.043358982517361,38.13255971351995],[-3.0433770824001476,38.13248877746918],[-3.043399307017731,38.13244641113707],[-3.0434041827710976,38.132396028352275],[-3.0433728771990753,38.132328083802946],[-3.043329939221141,38.13227050850662],[-3.043276516319902,38.13223465659007],[-3.0432156913595314,38.132221609318805],[-3.0431978588594704,38.132221615186126]]]},"properties":{"dn_surface":22707.1738370261,"provincia":23,"municipio":48,"agregado":0,"zona":0,"poligono":20,"parcela":179,"recinto":2,"uso_sigpac":"OV","idPanel":"23:48:0:0:20:179:2"},"id":1112039978},{"type":"Feature","geometry":{"type":"Polygon","coordinates":[[[-3.0450325083751975,38.138113058301826],[-3.0443373702816587,38.138363407324306],[-3.0443067905824948,38.138367924332215],[-3.0442362258500593,38.138298912766516],[-3.044143317477006,38.13808192204431],[-3.044923831964959,38.13786741404189],[-3.0450253125108957,38.13810269659251],[-3.0450325083751975,38.138113058301826]]]},"properties":{"dn_surface":2319.16374884454,"provincia":23,"municipio":48,"agregado":0,"zona":0,"poligono":20,"parcela":39,"recinto":1,"uso_sigpac":"OV","idPanel":"23:48:0:0:20:39:1"},"id":1112040122},{"type":"Feature","geometry":{"type":"Polygon","coordinates":[[[-3.0450325083751975,38.138113058301826],[-3.0452112323544163,38.138510270011295],[-3.0451007940680257,38.13854879407876],[-3.045009175669949,38.138572529953564],[-3.0450521379554054,38.13866092802428],[-3.0448716621583203,38.138746162764534],[-3.044835174893449,38.13876372452907],[-3.044759080619161,38.13875662757124],[-3.0445440495860003,38.13877644825885],[-3.0443373702816587,38.138363407324306],[-3.0450325083751975,38.138113058301826]]]},"properties":{"dn_surface":3471.469940426117,"provincia":23,"municipio":48,"agregado":0,"zona":0,"poligono":20,"parcela":40,"recinto":1,"uso_sigpac":"OV","idPanel":"23:48:0:0:20:40:1"},"id":1156719493},{"type":"Feature","geometry":{"type":"Polygon","coordinates":[[[-3.0452112323544163,38.138510270011295],[-3.045358778166549,38.13879658745881],[-3.0453015649684705,38.138815430816436],[-3.0452069835674456,38.13877814559433],[-3.0451024771542827,38.138786043024],[-3.045055225010528,38.138829275206746],[-3.044980562365387,38.1388116254322],[-3.044831760944084,38.13876536822036],[-3.044835174893449,38.13876372452907],[-3.0448716621583203,38.138746162764534],[-3.0450521379554054,38.13866092802428],[-3.045009175669949,38.138572529953564],[-3.0451007940680257,38.13854879407876],[-3.0452112323544163,38.138510270011295]]]},"properties":{"dn_surface":807.6887428264862,"provincia":23,"municipio":48,"agregado":0,"zona":0,"poligono":20,"parcela":44,"recinto":1,"uso_sigpac":"OV","idPanel":"23:48:0:0:20:44:1"},"id":1156719491},{"type":"Feature","geometry":{"type":"Polygon","coordinates":[[[-3.0418045216011715,38.13859238919795],[-3.041209939529594,38.13752017440393],[-3.0411766172715495,38.13751658024364],[-3.0410116345852094,38.13716117663154],[-3.0412648217202616,38.137114498648145],[-3.0415426524902966,38.13706006069842],[-3.0419893492826433,38.13697348066259],[-3.042466810176033,38.137772919812676],[-3.0423911660099727,38.13779421487715],[-3.042216602807736,38.137844564134326],[-3.042114610127485,38.137885245703785],[-3.042043090696221,38.13793637112522],[-3.041985199402135,38.138068875611225],[-3.0419695176985577,38.13818216961218],[-3.041905593110209,38.13834099327573],[-3.041866423636163,38.13848737148865],[-3.0418045216011715,38.13859238919795]]]},"properties":{"dn_surface":10881.5163220683,"provincia":23,"municipio":48,"agregado":0,"zona":0,"poligono":20,"parcela":34,"recinto":1,"uso_sigpac":"OV","idPanel":"23:48:0:0:20:34:1"},"id":1112040127},{"type":"Feature","geometry":{"type":"Polygon","coordinates":[[[-3.0418520117909913,38.13862472825872],[-3.0421396795631748,38.13879442995679],[-3.042188397701883,38.1389730432949],[-3.0422958210175226,38.139262296085036],[-3.042225460803536,38.13923918382386],[-3.0420472707515827,38.139198025324106],[-3.04187216775475,38.13918353887996],[-3.041743157684395,38.13919570856589],[-3.0416597267298235,38.13921246650591],[-3.041532009987206,38.138972992165264],[-3.0415529865393327,38.13893756604941],[-3.0415359637311674,38.13890422451297],[-3.041615115723915,38.13882903296971],[-3.041740927259828,38.138732285684796],[-3.0418520117909913,38.13862472825872]]]},"properties":{"dn_surface":2852.378102552758,"provincia":23,"municipio":48,"agregado":0,"zona":0,"poligono":20,"parcela":29,"recinto":2,"uso_sigpac":"OV","idPanel":"23:48:0:0:20:29:2"},"id":1156719476},{"type":"Feature","geometry":{"type":"Polygon","coordinates":[[[-3.0418520117909913,38.13862472825872],[-3.041740927259828,38.138732285684796],[-3.041615115723915,38.13882903296971],[-3.0415359637311674,38.13890422451297],[-3.0414703627620856,38.138930202547016],[-3.0412225651910934,38.13843891654173],[-3.040836653964171,38.13767846833116],[-3.0408139188886536,38.137631339401395],[-3.0411766172715495,38.13751658024364],[-3.041209939529594,38.13752017440393],[-3.0418045216011715,38.13859238919795],[-3.041823022977145,38.13861878967995],[-3.0418520117909913,38.13862472825872]]]},"properties":{"dn_surface":5782.09598044723,"provincia":23,"municipio":48,"agregado":0,"zona":0,"poligono":20,"parcela":28,"recinto":1,"uso_sigpac":"OV","idPanel":"23:48:0:0:20:28:1"},"id":1112040131},{"type":"Feature","geometry":{"type":"Polygon","coordinates":[[[-3.0415359637311674,38.13890422451297],[-3.0415529865393327,38.13893756604941],[-3.041532009987206,38.138972992165264],[-3.041454557844523,38.13902808474171],[-3.041426734953477,38.13906468516231],[-3.0414059964474136,38.139117326031936],[-3.0413895980910723,38.13917573281307],[-3.041366947672781,38.1392776735255],[-3.041354353862515,38.139304302833494],[-3.0413344644432945,38.13934635987334],[-3.041306747164233,38.13936799943406],[-3.041276479271887,38.13932037261921],[-3.0410556949000473,38.13897296869595],[-3.040827692870956,38.138571801566144],[-3.0412225651910934,38.13843891654173],[-3.0414703627620856,38.138930202547016],[-3.0415359637311674,38.13890422451297]]]},"properties":{"dn_surface":2926.869058636222,"provincia":23,"municipio":48,"agregado":0,"zona":0,"poligono":20,"parcela":24,"recinto":1,"uso_sigpac":"OV","idPanel":"23:48:0:0:20:24:1"},"id":1156719468},{"type":"Feature","geometry":{"type":"Polygon","coordinates":[[[-3.040628959611294,38.13826435585406],[-3.0406790934535315,38.13833112274594],[-3.040827692870956,38.138571801566144],[-3.0410556949000473,38.13897296869595],[-3.041276479271887,38.13932037261921],[-3.0411986004903078,38.1393294410008],[-3.0408879227161654,38.139358689653676],[-3.040643170290778,38.138972922595485],[-3.0405864046863558,38.138883356087405],[-3.0403866245269255,38.138540400440434],[-3.0403083610159674,38.13837125865348],[-3.040615838579287,38.13826769436628],[-3.040628959611294,38.13826435585406]]]},"properties":{"dn_surface":4119.294419188031,"provincia":23,"municipio":48,"agregado":0,"zona":0,"poligono":20,"parcela":23,"recinto":1,"uso_sigpac":"OV","idPanel":"23:48:0:0:20:23:1"},"id":1156719465},{"type":"Feature","geometry":{"type":"Polygon","coordinates":[[[-3.04077317948405,38.13762873933484],[-3.0408139188886536,38.137631339401395],[-3.040836653964171,38.13767846833116],[-3.0412225651910934,38.13843891654173],[-3.040827692870956,38.138571801566144],[-3.0406790934535315,38.13833112274594],[-3.040628959611294,38.13826435585406],[-3.040615838579287,38.13826769436628],[-3.0404319848750228,38.13783469779551],[-3.0408224139480247,38.137719840569474],[-3.04077317948405,38.13762873933484]]]},"properties":{"dn_surface":3555.40435116118,"provincia":23,"municipio":48,"agregado":0,"zona":0,"poligono":20,"parcela":27,"recinto":2,"uso_sigpac":"OV","idPanel":"23:48:0:0:20:27:2"},"id":1112040132},{"type":"Feature","geometry":{"type":"Polygon","coordinates":[[[-3.0445521180064747,38.13723891711169],[-3.043811584360843,38.13732642083326],[-3.043717307222921,38.13710600526517],[-3.043711692185652,38.137067072999],[-3.044405999632537,38.13696570644697],[-3.044440284133123,38.13704834028249],[-3.0444990077502436,38.137162058407796],[-3.0445521180064747,38.13723891711169]]]},"properties":{"dn_surface":1961.6859626359,"provincia":23,"municipio":48,"agregado":0,"zona":0,"poligono":20,"parcela":36,"recinto":1,"uso_sigpac":"OV","idPanel":"23:48:0:0:20:36:1"},"id":1112040125},{"type":"Feature","geometry":{"type":"Polygon","coordinates":[[[-3.044056014082939,38.13788448630331],[-3.044143317477006,38.13808192204431],[-3.0442362258500593,38.138298912766516],[-3.0443067905824948,38.138367924332215],[-3.0443373702816587,38.138363407324306],[-3.0445440495860003,38.13877644825885],[-3.044547719183428,38.138783780748184],[-3.0445460956086876,38.13878479160576],[-3.0443208101545753,38.13888370142186],[-3.0439703862314156,38.13907159939467],[-3.0439788075300336,38.13919677390584],[-3.0439399222025223,38.1393239122971],[-3.043769268320159,38.13941231539695],[-3.0437233480608965,38.139336445757664],[-3.0431633421801534,38.13926715339824],[-3.043149164190093,38.13922119374402],[-3.043061032663943,38.138973196683736],[-3.0430291277858093,38.1388619017668],[-3.0429726589007764,38.138702127595366],[-3.0429232752389175,38.13855731176929],[-3.042898514257282,38.13856065531064],[-3.0428545226740558,38.13846396502265],[-3.0427972960649305,38.138371965247956],[-3.0429605638137796,38.13832342145287],[-3.0431613556689827,38.13824286968219],[-3.043343206936461,38.1381680025186],[-3.0434523803935876,38.13811226621195],[-3.0435718174917588,38.13804751432971],[-3.0437377967864454,38.137956429020704],[-3.043838193552237,38.137920252724484],[-3.044056014082939,38.13788448630331]]]},"properties":{"dn_surface":15126.841372788944,"provincia":23,"municipio":48,"agregado":0,"zona":0,"poligono":20,"parcela":41,"recinto":2,"uso_sigpac":"OV","idPanel":"23:48:0:0:20:41:2"},"id":1156719487},{"type":"Feature","geometry":{"type":"Polygon","coordinates":[[[-3.0432976621864833,38.139501305230056],[-3.0431633421801534,38.13926715339824],[-3.0437233480608965,38.139336445757664],[-3.043769268320159,38.13941231539695],[-3.0439399222025223,38.1393239122971],[-3.0439089535830286,38.13943582412219],[-3.0438552850920133,38.139528739200756],[-3.043809256706193,38.1395630865656],[-3.0437018166267467,38.13957726287933],[-3.043538084520434,38.13957328482783],[-3.043440853599659,38.13954706790955],[-3.0432976621864833,38.139501305230056]]]},"properties":{"dn_surface":1461.7551823728968,"provincia":23,"municipio":48,"agregado":0,"zona":0,"poligono":20,"parcela":43,"recinto":1,"uso_sigpac":"OV","idPanel":"23:48:0:0:20:43:1"},"id":1156719480},{"type":"Feature","geometry":{"type":"Polygon","coordinates":[[[-3.0424678570758017,38.13780725711925],[-3.0427972960649305,38.138371965247956],[-3.0428545226740558,38.13846396502265],[-3.042898514257282,38.13856065531064],[-3.0424724470062516,38.13861875196136],[-3.0425863151676245,38.13897317908172],[-3.0426895684861877,38.139320940912285],[-3.0428655113497673,38.13928284767468],[-3.043149164190093,38.13922119374402],[-3.0431633421801534,38.13926715339824],[-3.0432976621864833,38.139501305230056],[-3.043298662147591,38.13950304866603],[-3.043099822437753,38.139444488496],[-3.0428572870258854,38.139413021153246],[-3.0425267826968003,38.13934371873549],[-3.0422981704651217,38.13926862274593],[-3.0422958210175226,38.139262296085036],[-3.042188397701883,38.1389730432949],[-3.0421396795631748,38.13879442995679],[-3.0418520117909913,38.13862472825872],[-3.0418888401993414,38.13857226257085],[-3.0419142398820362,38.13849114083075],[-3.0419490750736937,38.13834809861547],[-3.04200114597387,38.13821325306375],[-3.0420251785680756,38.138136727121434],[-3.04203439028021,38.13808291865263],[-3.0420422281983326,38.13802226133035],[-3.0420673085304974,38.137980074370944],[-3.042172369825683,38.13791767109814],[-3.0423150884994916,38.13785552598793],[-3.0424096690623266,38.13782295893941],[-3.0424678570758017,38.13780725711925]]]},"properties":{"dn_surface":8925.470166161556,"provincia":23,"municipio":48,"agregado":0,"zona":0,"poligono":20,"parcela":33,"recinto":1,"uso_sigpac":"OV","idPanel":"23:48:0:0:20:33:1"},"id":1156719473},{"type":"Feature","geometry":{"type":"Polygon","coordinates":[[[-3.0442179566528176,38.136433127831424],[-3.0435162580432746,38.13656775210083],[-3.043387107995129,38.13622982391968],[-3.044115622829087,38.1361003276989],[-3.0442179566528176,38.136433127831424]]]},"properties":{"dn_surface":2480.51454849816,"provincia":23,"municipio":48,"agregado":0,"zona":0,"poligono":20,"parcela":116,"recinto":1,"uso_sigpac":"OV","idPanel":"23:48:0:0:20:116:1"},"id":1112040044},{"type":"Feature","geometry":{"type":"Polygon","coordinates":[[[-3.044056014082939,38.13788448630331],[-3.043838193552237,38.137920252724484],[-3.0437377967864454,38.137956429020704],[-3.0435718174917588,38.13804751432971],[-3.0434523803935876,38.13811226621195],[-3.043343206936461,38.1381680025186],[-3.0431613556689827,38.13824286968219],[-3.0429605638137796,38.13832342145287],[-3.0427972960649305,38.138371965247956],[-3.0424678570758017,38.13780725711925],[-3.042536202280146,38.13779281342286],[-3.0425681633170343,38.13777965383406],[-3.0426076194521854,38.137763408028405],[-3.042684956762788,38.13771119882679],[-3.042750872891448,38.1376428611662],[-3.042807900849455,38.137595164781544],[-3.042873715557081,38.13754746504409],[-3.0429370978362615,38.13744136523107],[-3.0429816501688447,38.13733157570405],[-3.043035206342351,38.137203668692166],[-3.0431064324069874,38.13704826652176],[-3.0431165644521445,38.13702149220683],[-3.043167384772294,38.13688718980251],[-3.043174521963269,38.13687301348884],[-3.0432266523749623,38.13676946512729],[-3.0432502088770392,38.13667801520543],[-3.0432643340611056,38.13662317660069],[-3.04326767676429,38.13660602806394],[-3.0432980066827238,38.136450393714796],[-3.043335363989196,38.13633267574505],[-3.043387107995129,38.13622982391968],[-3.0435162580432746,38.13656775210083],[-3.0436288437733854,38.13687423221765],[-3.043711692185652,38.137067072999],[-3.043717307222921,38.13710600526517],[-3.043811584360843,38.13732642083326],[-3.0439216270213794,38.137575581301775],[-3.044056014082939,38.13788448630331]]]},"properties":{"dn_surface":14115.3027849067,"provincia":23,"municipio":48,"agregado":0,"zona":0,"poligono":20,"parcela":35,"recinto":1,"uso_sigpac":"OV","idPanel":"23:48:0:0:20:35:1"},"id":1112040126},{"type":"Feature","geometry":{"type":"Polygon","coordinates":[[[-3.0433233217081916,38.13623281961205],[-3.043309538505795,38.136292585099795],[-3.0432869023367406,38.13639073383902],[-3.04323566711236,38.13658172892522],[-3.0432127174601087,38.13666839948556],[-3.043192061934892,38.13674640399569],[-3.043150771001027,38.136870840899405],[-3.0431427419755006,38.13689503945531],[-3.0430869989633256,38.137003620311816],[-3.0430243182494827,38.137125712797086],[-3.0427159161621877,38.136622464138895],[-3.0426903270484695,38.136575246360934],[-3.042723973686187,38.136547927222296],[-3.0427941293817233,38.136509419080426],[-3.0428275614427065,38.136506162710845],[-3.04286777530195,38.13639403211812],[-3.042860180459033,38.13628732545524],[-3.0429127668462845,38.13625666445162],[-3.0429650288538643,38.136255835481336],[-3.043024377760999,38.13627456149234],[-3.0430617183036635,38.136318439919876],[-3.0431136592843333,38.13635312088448],[-3.043174915912742,38.1363179504167],[-3.0433233217081916,38.13623281961205]]]},"properties":{"dn_surface":2804.29147424102,"provincia":23,"municipio":48,"agregado":0,"zona":0,"poligono":20,"parcela":121,"recinto":1,"uso_sigpac":"OV","idPanel":"23:48:0:0:20:121:1"},"id":1112040039},{"type":"Feature","geometry":{"type":"Polygon","coordinates":[[[-3.0442974246433328,38.13669248237119],[-3.0436288437733854,38.13687423221765],[-3.0435162580432746,38.13656775210083],[-3.0442179566528176,38.136433127831424],[-3.0442974246433328,38.13669248237119]]]},"properties":{"dn_surface":2032.46882462014,"provincia":23,"municipio":48,"agregado":0,"zona":0,"poligono":20,"parcela":115,"recinto":1,"uso_sigpac":"OV","idPanel":"23:48:0:0:20:115:1"},"id":1112040045},{"type":"Feature","geometry":{"type":"Polygon","coordinates":[[[-3.044405999632537,38.13696570644697],[-3.043711692185652,38.137067072999],[-3.0436288437733854,38.13687423221765],[-3.0442974246433328,38.13669248237119],[-3.044330337026288,38.13677169136088],[-3.044405999632537,38.13696570644697]]]},"properties":{"dn_surface":1677.70804411585,"provincia":23,"municipio":48,"agregado":0,"zona":0,"poligono":20,"parcela":114,"recinto":1,"uso_sigpac":"OV","idPanel":"23:48:0:0:20:114:1"},"id":1112040046},{"type":"Feature","geometry":{"type":"Polygon","coordinates":[[[-3.041487948834177,38.13600010443852],[-3.041606968513546,38.136004301257714],[-3.041681027661623,38.136008151904235],[-3.041788404038602,38.1360054126981],[-3.0421058124813922,38.13650974262191],[-3.0426903270484695,38.136575246360934],[-3.0427159161621877,38.136622464138895],[-3.0430243182494827,38.137125712797086],[-3.0429650581905276,38.137255875379225],[-3.0429253807731196,38.13731176758927],[-3.042857010423065,38.137472936509454],[-3.0428098152762537,38.137552714630374],[-3.0427558576095612,38.137581122578325],[-3.0426649709516744,38.137683627392875],[-3.0425976743234795,38.137734751976126],[-3.0425528520935985,38.13775106232251],[-3.0424987603164464,38.137770745546874],[-3.042466810176033,38.137772919812676],[-3.0419893492826433,38.13697348066259],[-3.041664345158746,38.136361272285825],[-3.04163026685299,38.13629149796688],[-3.041629246775314,38.13628940919648],[-3.041487948834177,38.13600010443852]]]},"properties":{"dn_surface":10552.1575004585,"provincia":23,"municipio":48,"agregado":0,"zona":0,"poligono":20,"parcela":122,"recinto":3,"uso_sigpac":"OV","idPanel":"23:48:0:0:20:122:3"},"id":1112040038},{"type":"Feature","geometry":{"type":"Polygon","coordinates":[[[-3.0419893492826433,38.13697348066259],[-3.0415426524902966,38.13706006069842],[-3.0413059911165234,38.13647828449925],[-3.041664345158746,38.136361272285825],[-3.0419893492826433,38.13697348066259]]]},"properties":{"dn_surface":2614.54943272163,"provincia":23,"municipio":48,"agregado":0,"zona":0,"poligono":20,"parcela":123,"recinto":1,"uso_sigpac":"OV","idPanel":"23:48:0:0:20:123:1"},"id":1112040037},{"type":"Feature","geometry":{"type":"Polygon","coordinates":[[[-3.041664345158746,38.136361272285825],[-3.0413059911165234,38.13647828449925],[-3.041154458032814,38.136091963397234],[-3.041244926433708,38.136054710864556],[-3.041362785219418,38.13602565164271],[-3.0414385408647977,38.13600318562632],[-3.041487948834177,38.13600010443852],[-3.041629246775314,38.13628940919648],[-3.04163026685299,38.13629149796688],[-3.041664345158746,38.136361272285825]]]},"properties":{"dn_surface":1450.92074072005,"provincia":23,"municipio":48,"agregado":0,"zona":0,"poligono":20,"parcela":124,"recinto":1,"uso_sigpac":"OV","idPanel":"23:48:0:0:20:124:1"},"id":1112040036},{"type":"Feature","geometry":{"type":"Polygon","coordinates":[[[-3.0457248972043334,38.13785459475841],[-3.0450253125108957,38.13810269659251],[-3.044923831964959,38.13786741404189],[-3.0447352667926406,38.13742081615604],[-3.0446222820839153,38.137398595729394],[-3.0445521180064747,38.13723891711169],[-3.0444990077502436,38.137162058407796],[-3.044440284133123,38.13704834028249],[-3.044405999632537,38.13696570644697],[-3.044330337026288,38.13677169136088],[-3.0442974246433328,38.13669248237119],[-3.0442179566528176,38.136433127831424],[-3.044115622829087,38.1361003276989],[-3.0438881295815485,38.13542446127826],[-3.0442077198338633,38.13482203542125],[-3.0442359752311394,38.1347521772833],[-3.0442649615304145,38.13475586196816],[-3.0442996818899912,38.13480731176929],[-3.044932121667691,38.13616447692229],[-3.0454973855166068,38.13736204895301],[-3.0457248972043334,38.13785459475841]]]},"properties":{"dn_surface":22744.547592284,"provincia":23,"municipio":48,"agregado":0,"zona":0,"poligono":20,"parcela":113,"recinto":1,"uso_sigpac":"OV","idPanel":"23:48:0:0:20:113:1"},"id":1112040047},{"type":"Feature","geometry":{"type":"Polygon","coordinates":[[[-3.0467010377802572,38.13700713735864],[-3.0454973855166068,38.13736204895301],[-3.044932121667691,38.13616447692229],[-3.0461212631797054,38.13580606085395],[-3.046285813359815,38.136165513763785],[-3.0463143872694305,38.13623778421362],[-3.046436077423309,38.13648810976673],[-3.0467010377802572,38.13700713735864]]]},"properties":{"dn_surface":15840.650251220664,"provincia":23,"municipio":48,"agregado":0,"zona":0,"poligono":20,"parcela":47,"recinto":1,"uso_sigpac":"OV","idPanel":"23:48:0:0:20:47:1"},"id":1326710843},{"type":"Feature","geometry":{"type":"Polygon","coordinates":[[[-3.0467010377802572,38.13700713735864],[-3.046753180764805,38.137172949853436],[-3.0468530427651426,38.13736866562775],[-3.047003979057311,38.137664673394085],[-3.0470509395108185,38.13775667484518],[-3.047032574759875,38.13776830808928],[-3.0469917565653777,38.13782023565889],[-3.0468339345393436,38.13798910168123],[-3.046539246922835,38.138267612223615],[-3.0463424121643548,38.13841154878804],[-3.0462810113672028,38.138355443677625],[-3.0462240169368098,38.13836876671351],[-3.0461515042499605,38.13842609222911],[-3.0462273663455166,38.13849368138574],[-3.046207901888812,38.138507470455465],[-3.046139579315607,38.138556615233085],[-3.046063141383269,38.13858602398028],[-3.0457248972043334,38.13785459475841],[-3.0454973855166068,38.13736204895301],[-3.0467010377802572,38.13700713735864]]]},"properties":{"dn_surface":13402.765433201184,"provincia":23,"municipio":48,"agregado":0,"zona":0,"poligono":20,"parcela":46,"recinto":1,"uso_sigpac":"OV","idPanel":"23:48:0:0:20:46:1"},"id":1156720854},{"type":"Feature","geometry":{"type":"Polygon","coordinates":[[[-3.0447352667926406,38.13742081615604],[-3.044632117409683,38.137433020207766],[-3.0444273114608116,38.13747455170227],[-3.044111948202517,38.13754550200227],[-3.0439216270213794,38.137575581301775],[-3.043811584360843,38.13732642083326],[-3.0445521180064747,38.13723891711169],[-3.0446222820839153,38.137398595729394],[-3.0447352667926406,38.13742081615604]]]},"properties":{"dn_surface":1712.74957417224,"provincia":23,"municipio":48,"agregado":0,"zona":0,"poligono":20,"parcela":37,"recinto":1,"uso_sigpac":"OV","idPanel":"23:48:0:0:20:37:1"},"id":1112040124},{"type":"Feature","geometry":{"type":"Polygon","coordinates":[[[-3.044923831964959,38.13786741404189],[-3.044143317477006,38.13808192204431],[-3.044056014082939,38.13788448630331],[-3.0439216270213794,38.137575581301775],[-3.044111948202517,38.13754550200227],[-3.0444273114608116,38.13747455170227],[-3.044632117409683,38.137433020207766],[-3.0447352667926406,38.13742081615604],[-3.044923831964959,38.13786741404189]]]},"properties":{"dn_surface":4071.41209699614,"provincia":23,"municipio":48,"agregado":0,"zona":0,"poligono":20,"parcela":38,"recinto":1,"uso_sigpac":"OV","idPanel":"23:48:0:0:20:38:1"},"id":1112040123},{"type":"Feature","geometry":{"type":"Polygon","coordinates":[[[-3.046063141383269,38.13858602398028],[-3.0460334862080805,38.13860838689928],[-3.045990818965633,38.138625886637755],[-3.045904000045598,38.13866079726657],[-3.0459345277769576,38.13875316584503],[-3.045790215703262,38.13881910125204],[-3.045703396783226,38.13885401188085],[-3.0455808793354557,38.13892038985239],[-3.0455360663256683,38.13897349005035],[-3.0454689968470623,38.139020740517765],[-3.0454499095760226,38.138973431377025],[-3.045358778166549,38.13879658745881],[-3.0452112323544163,38.138510270011295],[-3.0450325083751975,38.138113058301826],[-3.0450253125108957,38.13810269659251],[-3.0457248972043334,38.13785459475841],[-3.046063141383269,38.13858602398028]]]},"properties":{"dn_surface":6566.972177440171,"provincia":23,"municipio":48,"agregado":0,"zona":0,"poligono":20,"parcela":45,"recinto":1,"uso_sigpac":"OV","idPanel":"23:48:0:0:20:45:1"},"id":1156719496},{"type":"Feature","geometry":{"type":"Polygon","coordinates":[[[-3.0475925278346256,38.13725365501293],[-3.047331111346549,38.13692957038384],[-3.047074151516655,38.136610981769024],[-3.0470987926370676,38.136601238644204],[-3.0471556051801505,38.13657877598055],[-3.0466972550271305,38.136104164096224],[-3.0466061219412746,38.13599145096117],[-3.0470578336265883,38.13574244220513],[-3.04727844030207,38.13596451990472],[-3.047387488030641,38.13607425159657],[-3.0475715563116403,38.13625966098218],[-3.047520839088907,38.136352690892835],[-3.0476359528011656,38.136489548101395],[-3.0480635899827533,38.136925413797854],[-3.047973253177747,38.13698439138662],[-3.047859747952804,38.13703833061314],[-3.0478510223910815,38.13712990207256],[-3.0478052798281774,38.137154254017275],[-3.0477199503724246,38.13719268085467],[-3.047613970420597,38.13723868577114],[-3.0475925278346256,38.13725365501293]]]},"properties":{"dn_surface":8150.634090300756,"provincia":23,"municipio":48,"agregado":0,"zona":0,"poligono":20,"parcela":49,"recinto":1,"uso_sigpac":"OV","idPanel":"23:48:0:0:20:49:1"},"id":1326710841},{"type":"Feature","geometry":{"type":"Polygon","coordinates":[[[-3.0472357009752513,38.13467052077772],[-3.047255553514096,38.13482224915978],[-3.0473772352860706,38.13503011366532],[-3.0476361070281923,38.135345847403755],[-3.0476488190233004,38.13541578014065],[-3.047076541197391,38.135732070437484],[-3.0470578336265883,38.13574244220513],[-3.0466061219412746,38.13599145096117],[-3.046285813359815,38.136165513763785],[-3.0461212631797054,38.13580606085395],[-3.0459113166093124,38.13529530368643],[-3.0472357009752513,38.13467052077772]]]},"properties":{"dn_surface":13032.14679033065,"provincia":23,"municipio":48,"agregado":0,"zona":0,"poligono":20,"parcela":111,"recinto":2,"uso_sigpac":"OV","idPanel":"23:48:0:0:20:111:2"},"id":1326710836},{"type":"Feature","geometry":{"type":"Polygon","coordinates":[[[-3.0466061219412746,38.13599145096117],[-3.0466972550271305,38.136104164096224],[-3.0471556051801505,38.13657877598055],[-3.0470987926370676,38.136601238644204],[-3.047074151516655,38.136610981769024],[-3.047331111346549,38.13692957038384],[-3.0475925278346256,38.13725365501293],[-3.047560803167421,38.137275860352105],[-3.04752785558047,38.13729892232186],[-3.0471135649040977,38.137548639348836],[-3.047026108959383,38.13765240815445],[-3.047069532249542,38.13774495107651],[-3.0470509395108185,38.13775667484518],[-3.047003979057311,38.137664673394085],[-3.0468530427651426,38.13736866562775],[-3.046753180764805,38.137172949853436],[-3.0467010377802572,38.13700713735864],[-3.046436077423309,38.13648810976673],[-3.0463143872694305,38.13623778421362],[-3.046285813359815,38.136165513763785],[-3.0466061219412746,38.13599145096117]]]},"properties":{"dn_surface":8666.793906245284,"provincia":23,"municipio":48,"agregado":0,"zona":0,"poligono":20,"parcela":48,"recinto":1,"uso_sigpac":"OV","idPanel":"23:48:0:0:20:48:1"},"id":1326710837},{"type":"Feature","geometry":{"type":"Polygon","coordinates":[[[-3.047069532249542,38.13774495107651],[-3.047026108959383,38.13765240815445],[-3.0471135649040977,38.137548639348836],[-3.04752785558047,38.13729892232186],[-3.047560803167421,38.137275860352105],[-3.0475735847323286,38.13730457340134],[-3.047571290605294,38.13733564847101],[-3.047569009051115,38.13738500363439],[-3.047555142029681,38.13741425564004],[-3.047069532249542,38.13774495107651]]]},"properties":{"dn_surface":754.841679747785,"provincia":23,"municipio":48,"agregado":0,"zona":0,"poligono":20,"parcela":9009,"recinto":3,"uso_sigpac":"OV","idPanel":"23:48:0:0:20:9009:3"},"id":1112039726}]}