{"type":"FeatureCollection","features":[{"type":"Feature","geometry":{"type":"Polygon","coordinates":[[[-3.0039010888428144,38.10417895649323],[-3.003708907717252,38.10434190908251],[-3.0034847915387024,38.10453190001664],[-3.0034470327390452,38.104457275090056],[-3.0034412089923745,38.104341912435245],[-3.003431731573893,38.10415552907247],[-3.003476427237029,38.10387964793321],[-3.0036028104187737,38.10396878277328],[-3.0038811273392216,38.10416489668799],[-3.0039010888428144,38.10417895649323]]]},"properties":{"dn_surface":1537.79142963806,"provincia":23,"municipio":97,"agregado":0,"zona":0,"poligono":23,"parcela":250,"recinto":1,"uso_sigpac":"OV","idPanel":"23:97:0:0:23:250:1"},"id":1112597011},{"type":"Feature","geometry":{"type":"Polygon","coordinates":[[[-3.0048887176559105,38.10400445280251],[-3.004976091457968,38.10406069034701],[-3.0052734596072703,38.104252204273024],[-3.0054371439367316,38.1043576486212],[-3.0053540013196467,38.10443822469941],[-3.005437157347778,38.104515912373586],[-3.004764905204022,38.1051459222374],[-3.0047606622843834,38.105149898612495],[-3.004721469341008,38.10513450273183],[-3.004674674011002,38.10512988262653],[-3.0046015645326114,38.10513915133561],[-3.0045372258782224,38.10512181839701],[-3.004456811570782,38.10504902491641],[-3.004396844917347,38.104999356269786],[-3.004373817313392,38.10497776700052],[-3.004325704348129,38.10493352898931],[-3.004951480512409,38.10440047092891],[-3.0048635359027105,38.10434279169698],[-3.004943599846577,38.104266542357436],[-3.004829420716579,38.10419164837177],[-3.0047479779495583,38.10413820451578],[-3.0047747799247375,38.104112788069244],[-3.004801581899916,38.10408728193639],[-3.0048887176559105,38.10400445280251]]]},"properties":{"dn_surface":5339.5485388207,"provincia":23,"municipio":97,"agregado":0,"zona":0,"poligono":23,"parcela":253,"recinto":2,"uso_sigpac":"OV","idPanel":"23:97:0:0:23:253:2"},"id":1112597008},{"type":"Feature","geometry":{"type":"Polygon","coordinates":[[[-3.0047479779495583,38.10413820451578],[-3.004829420716579,38.10419164837177],[-3.004943599846577,38.104266542357436],[-3.0048635359027105,38.10434279169698],[-3.004951480512409,38.10440047092891],[-3.004325704348129,38.10493352898931],[-3.0042482346034483,38.10499951971693],[-3.0042342301187945,38.10501144884225],[-3.004211834510376,38.105030526055],[-3.004186181694191,38.105052376839694],[-3.0041317722428897,38.105013172999804],[-3.0040353870561947,38.10494963397903],[-3.0039368359855914,38.104910069717306],[-3.0045340172854966,38.10434189734784],[-3.0047479779495583,38.10413820451578]]]},"properties":{"dn_surface":3164.2796579212,"provincia":23,"municipio":97,"agregado":0,"zona":0,"poligono":23,"parcela":252,"recinto":3,"uso_sigpac":"OV","idPanel":"23:97:0:0:23:252:3"},"id":1112597009},{"type":"Feature","geometry":{"type":"Polygon","coordinates":[[[-3.0047606622843834,38.105149898612495],[-3.004686696175438,38.10521921611766],[-3.004662485884874,38.10524190425454],[-3.004647444558736,38.1052560009401],[-3.0046408446477857,38.10526218594683],[-3.004580161341587,38.10522541537361],[-3.0044313079524825,38.10517422541153],[-3.004322262738482,38.10514466579002],[-3.004231238617375,38.10508473266421],[-3.004186181694191,38.105052376839694],[-3.004211834510376,38.105030526055],[-3.0042342301187945,38.10501144884225],[-3.0042482346034483,38.10499951971693],[-3.004325704348129,38.10493352898931],[-3.004373817313392,38.10497776700052],[-3.004396844917347,38.104999356269786],[-3.004456811570782,38.10504902491641],[-3.0045372258782224,38.10512181839701],[-3.0046015645326114,38.10513915133561],[-3.004674674011002,38.10512988262653],[-3.004721469341008,38.10513450273183],[-3.0047606622843834,38.105149898612495]]]},"properties":{"dn_surface":634.37133817137,"provincia":23,"municipio":97,"agregado":0,"zona":0,"poligono":23,"parcela":253,"recinto":3,"uso_sigpac":"OV","idPanel":"23:97:0:0:23:253:3"},"id":1112597007},{"type":"Feature","geometry":{"type":"Polygon","coordinates":[[[-3.0048670998881515,38.10172485998868],[-3.004912263261513,38.10168736605718],[-3.0051905743146285,38.10187491534276],[-3.0051422182741585,38.101923044233644],[-3.00509409022147,38.10197099291361],[-3.0052585683172084,38.10207418504427],[-3.0053325947758607,38.102120779208576],[-3.0056869875304093,38.102344105811824],[-3.0053288765633925,38.10268164255808],[-3.005083216377838,38.102915258786254],[-3.00518404816443,38.102981500132785],[-3.005169678228776,38.10299510899159],[-3.0051506320290637,38.103013225638165],[-3.0051134524189504,38.103048646724886],[-3.0050114790170777,38.10297880032158],[-3.004962779318557,38.10302323363118],[-3.004938828867008,38.10304504502088],[-3.004765794524001,38.10292671181941],[-3.004466606663412,38.102715098088396],[-3.004017883964949,38.102397676234546],[-3.0040030563773543,38.102387222324325],[-3.0042478062881703,38.1021561315637],[-3.004702289869028,38.10172711639714],[-3.004753389306568,38.10175965159445],[-3.0047939946007123,38.10178551731099],[-3.0048670998881515,38.10172485998868]]]},"properties":{"dn_surface":11460.8004283634,"provincia":23,"municipio":48,"agregado":0,"zona":0,"poligono":15,"parcela":224,"recinto":2,"uso_sigpac":"OV","idPanel":"23:48:0:0:15:224:2"},"id":1112037600},{"type":"Feature","geometry":{"type":"Polygon","coordinates":[[[-3.0046204967384336,38.10308578945461],[-3.0046113713599065,38.10307966060665],[-3.0042475498019185,38.10341647315647],[-3.0044940423105087,38.10358689988922],[-3.0043848956754746,38.10369577578879],[-3.0041012495406716,38.1039791411298],[-3.0039010888428144,38.10417895649323],[-3.0038811273392216,38.10416489668799],[-3.0036028104187737,38.10396878277328],[-3.003476427237029,38.10387964793321],[-3.003416771552221,38.10383566640829],[-3.003321754292205,38.10376573115681],[-3.0031861091069048,38.10366589094943],[-3.003188416644985,38.10366019041675],[-3.00319799380812,38.1036006160364],[-3.0032290135572266,38.10352364669137],[-3.003245768982665,38.10331166750933],[-3.0032659492539433,38.10315926186945],[-3.003274043658318,38.10310212075575],[-3.0035641765483723,38.102581541673516],[-3.0037201830540705,38.10218705240635],[-3.0037723092748108,38.10222382381775],[-3.0040030563773543,38.102387222324325],[-3.004017883964949,38.102397676234546],[-3.004466606663412,38.102715098088396],[-3.004765794524001,38.10292671181941],[-3.0046204967384336,38.10308578945461]]]},"properties":{"dn_surface":16738.4765022814,"provincia":23,"municipio":48,"agregado":0,"zona":0,"poligono":15,"parcela":234,"recinto":2,"uso_sigpac":"OV","idPanel":"23:48:0:0:15:234:2"},"id":1112037590},{"type":"Feature","geometry":{"type":"Polygon","coordinates":[[[-3.0044940423105087,38.10358689988922],[-3.0042475498019185,38.10341647315647],[-3.0046113713599065,38.10307966060665],[-3.0046204967384336,38.10308578945461],[-3.0048832995933767,38.10326207346171],[-3.005322449319657,38.103575166062285],[-3.0052152422571323,38.10367746300565],[-3.005091952836034,38.10377642562773],[-3.005162559477988,38.10383176211755],[-3.005042122418709,38.10392775167841],[-3.004998662248174,38.10389990280345],[-3.004750344160965,38.10374578976979],[-3.0046159763777838,38.10366251471862],[-3.0044940423105087,38.10358689988922]]]},"properties":{"dn_surface":4123.50402205225,"provincia":23,"municipio":48,"agregado":0,"zona":0,"poligono":15,"parcela":221,"recinto":1,"uso_sigpac":"OV","idPanel":"23:48:0:0:15:221:1"},"id":1112037602},{"type":"Feature","geometry":{"type":"Polygon","coordinates":[[[-3.004998662248174,38.10389990280345],[-3.0048887176559105,38.10400445280251],[-3.004801581899916,38.10408728193639],[-3.0047747799247375,38.104112788069244],[-3.0047479779495583,38.10413820451578],[-3.0045340172854966,38.10434189734784],[-3.0039368359855914,38.104910069717306],[-3.0038661136733658,38.104841753849655],[-3.003734367749653,38.10473937057267],[-3.003614484734206,38.10465005635993],[-3.0034847915387024,38.10453190001664],[-3.003708907717252,38.10434190908251],[-3.0039010888428144,38.10417895649323],[-3.0041012495406716,38.1039791411298],[-3.0043848956754746,38.10369577578879],[-3.0044940423105087,38.10358689988922],[-3.0046159763777838,38.10366251471862],[-3.004750344160965,38.10374578976979],[-3.004998662248174,38.10389990280345]]]},"properties":{"dn_surface":7849.8943016046,"provincia":23,"municipio":97,"agregado":0,"zona":0,"poligono":23,"parcela":251,"recinto":1,"uso_sigpac":"OV","idPanel":"23:97:0:0:23:251:1"},"id":1112597010},{"type":"Feature","geometry":{"type":"Polygon","coordinates":[[[-3.003476427237029,38.10387964793321],[-3.003402860106698,38.10389325846839],[-3.00334731490745,38.1039232707127],[-3.0033634098388795,38.10415805286365],[-3.0033727732634707,38.104341912435245],[-3.0033791678177812,38.104468722255916],[-3.0034254811883256,38.10456038088711],[-3.0035649845638863,38.104687549453246],[-3.0036869203075423,38.104778306191605],[-3.0038154727259565,38.10487825620194],[-3.0038930388625285,38.104953151025796],[-3.00386635171943,38.105003622658785],[-3.0035741308971717,38.10504986143036],[-3.003386843126973,38.105055722057415],[-3.0032507687882046,38.105075280391446],[-3.0031256454065827,38.10510529347394],[-3.002791101838118,38.10504454981802],[-3.0029122119642624,38.10458309668422],[-3.0029559990290395,38.10434191578801],[-3.0030120999485015,38.104032868294155],[-3.0031105177468373,38.10373625870713],[-3.003156935052987,38.103644418188594],[-3.0031861091069048,38.10366589094943],[-3.003321754292205,38.10376573115681],[-3.003416771552221,38.10383566640829],[-3.003476427237029,38.10387964793321]]]},"properties":{"dn_surface":7198.39714993933,"provincia":23,"municipio":97,"agregado":0,"zona":0,"poligono":23,"parcela":249,"recinto":1,"uso_sigpac":"OV","idPanel":"23:97:0:0:23:249:1"},"id":1112597012},{"type":"Feature","geometry":{"type":"Polygon","coordinates":[[[-3.005042122418709,38.10392775167841],[-3.005162559477988,38.10383176211755],[-3.005091952836034,38.10377642562773],[-3.0052152422571323,38.10367746300565],[-3.005364098160809,38.10378371956028],[-3.0051389627427727,38.10399119849825],[-3.0050902563387303,38.10395866330094],[-3.005042122418709,38.10392775167841]]]},"properties":{"dn_surface":438.970996872244,"provincia":23,"municipio":48,"agregado":0,"zona":0,"poligono":15,"parcela":248,"recinto":2,"uso_sigpac":"OV","idPanel":"23:48:0:0:15:248:2"},"id":1112037574},{"type":"Feature","geometry":{"type":"Polygon","coordinates":[[[-3.0051134524189504,38.103048646724886],[-3.0050670342746097,38.10309271961259],[-3.005778569886301,38.103571548432654],[-3.0061976516588116,38.1038936507415],[-3.006421760293648,38.10371113478908],[-3.0066756716251772,38.10387515774741],[-3.0073816961352047,38.10441772926853],[-3.0073571237464023,38.10444203259826],[-3.0070219439914485,38.10477389982486],[-3.0063707195294334,38.10431012406559],[-3.0059344129448773,38.10399946892261],[-3.0058156866321375,38.10410329891613],[-3.00577861431039,38.10407427908925],[-3.005364098160809,38.10378371956028],[-3.0052152422571323,38.10367746300565],[-3.005322449319657,38.103575166062285],[-3.0048832995933767,38.10326207346171],[-3.0046204967384336,38.10308578945461],[-3.004765794524001,38.10292671181941],[-3.004938828867008,38.10304504502088],[-3.004962779318557,38.10302323363118],[-3.0050114790170777,38.10297880032158],[-3.0051134524189504,38.103048646724886]]]},"properties":{"dn_surface":11402.2357527061,"provincia":23,"municipio":48,"agregado":0,"zona":0,"poligono":15,"parcela":216,"recinto":3,"uso_sigpac":"OV","idPanel":"23:48:0:0:15:216:3"},"id":1112037607},{"type":"Feature","geometry":{"type":"Polygon","coordinates":[[[-3.0070219439914485,38.10477389982486],[-3.0068975087641183,38.10489710458873],[-3.006815393768423,38.10497840234882],[-3.00659912221352,38.10485529649142],[-3.005904798841017,38.104460290899],[-3.00578559978891,38.10439026512296],[-3.005734498674988,38.10436016403054],[-3.0057033590646594,38.10434186968757],[-3.0056052622932348,38.104284190455616],[-3.0058156866321375,38.10410329891613],[-3.0059344129448773,38.10399946892261],[-3.0063707195294334,38.10431012406559],[-3.0070219439914485,38.10477389982486]]]},"properties":{"dn_surface":4670.27813350447,"provincia":23,"municipio":48,"agregado":0,"zona":0,"poligono":15,"parcela":214,"recinto":1,"uso_sigpac":"OV","idPanel":"23:48:0:0:15:214:1"},"id":1112037609},{"type":"Feature","geometry":{"type":"Polygon","coordinates":[[[-3.006536664458314,38.10303427427465],[-3.0069622447207416,38.10332717235474],[-3.0069091009368956,38.10339801452818],[-3.006996132757284,38.103449203652104],[-3.00686634819903,38.10358313809084],[-3.0067582291853863,38.10366182321155],[-3.006219496576159,38.103314671583576],[-3.006536664458314,38.10303427427465]]]},"properties":{"dn_surface":2407.43581862432,"provincia":23,"municipio":48,"agregado":0,"zona":0,"poligono":15,"parcela":218,"recinto":1,"uso_sigpac":"OV","idPanel":"23:48:0:0:15:218:1"},"id":1112037605},{"type":"Feature","geometry":{"type":"Polygon","coordinates":[[[-3.006815393768423,38.10497840234882],[-3.006461953198132,38.10532162034937],[-3.006359997398257,38.105476913555094],[-3.0062843901125715,38.105646986571514],[-3.006227710003567,38.10573360097311],[-3.0061713718762326,38.10582165706214],[-3.006118103202021,38.10580868019886],[-3.005977459887561,38.1057603761262],[-3.005712942095127,38.10566701261578],[-3.0054557232644097,38.10555634298885],[-3.0053528362350366,38.10551479724512],[-3.0050665355513413,38.10544666745571],[-3.005177556380037,38.10533944111478],[-3.0056455775735125,38.10488741259351],[-3.005985678344111,38.10457700387846],[-3.005998223539336,38.104565467026276],[-3.005878224853619,38.104483364603425],[-3.00578559978891,38.10439026512296],[-3.005904798841017,38.104460290899],[-3.00659912221352,38.10485529649142],[-3.006815393768423,38.10497840234882]]]},"properties":{"dn_surface":10956.6900246714,"provincia":23,"municipio":97,"agregado":0,"zona":0,"poligono":23,"parcela":255,"recinto":4,"uso_sigpac":"OV","idPanel":"23:97:0:0:23:255:4"},"id":1112597004},{"type":"Feature","geometry":{"type":"Polygon","coordinates":[[[-3.00578559978891,38.10439026512296],[-3.005878224853619,38.104483364603425],[-3.005998223539336,38.104565467026276],[-3.005985678344111,38.10457700387846],[-3.0056455775735125,38.10488741259351],[-3.005177556380037,38.10533944111478],[-3.005140135371097,38.10531200379131],[-3.0050610990486204,38.105256615333644],[-3.004976870136819,38.105220019104024],[-3.00482946849343,38.105170130851576],[-3.004764905204022,38.1051459222374],[-3.005437157347778,38.104515912373586],[-3.0055277162732317,38.10445471358034],[-3.0054679457563425,38.10441578047593],[-3.0056052622932348,38.104284190455616],[-3.0057033590646594,38.10434186968757],[-3.005734498674988,38.10436016403054],[-3.00578559978891,38.10439026512296]]]},"properties":{"dn_surface":4813.78236266401,"provincia":23,"municipio":97,"agregado":0,"zona":0,"poligono":23,"parcela":254,"recinto":2,"uso_sigpac":"OV","idPanel":"23:97:0:0:23:254:2"},"id":1112597006},{"type":"Feature","geometry":{"type":"Polygon","coordinates":[[[-3.005437157347778,38.104515912373586],[-3.0053540013196467,38.10443822469941],[-3.0054371439367316,38.1043576486212],[-3.0052734596072703,38.104252204273024],[-3.004976091457968,38.10406069034701],[-3.0048887176559105,38.10400445280251],[-3.004998662248174,38.10389990280345],[-3.005042122418709,38.10392775167841],[-3.0050902563387303,38.10395866330094],[-3.0051389627427727,38.10399119849825],[-3.005246982011764,38.104063297957225],[-3.0053750784546183,38.1041489157505],[-3.0056052622932348,38.104284190455616],[-3.0054679457563425,38.10441578047593],[-3.0055277162732317,38.10445471358034],[-3.005437157347778,38.104515912373586]]]},"properties":{"dn_surface":1152.08945458003,"provincia":23,"municipio":97,"agregado":0,"zona":0,"poligono":23,"parcela":401,"recinto":1,"uso_sigpac":"OV","idPanel":"23:97:0:0:23:401:1"},"id":1112597535},{"type":"Feature","geometry":{"type":"Polygon","coordinates":[[[-3.0070427864331175,38.102402191566085],[-3.006747064489696,38.1026719539156],[-3.0068230338736193,38.10274396285007],[-3.0065837623750427,38.10295550114395],[-3.0061476913219805,38.10265124558441],[-3.005778575753634,38.102357351734184],[-3.00573466212211,38.1023301340166],[-3.0057067202080323,38.10235537109034],[-3.0056869875304093,38.102344105811824],[-3.0053325947758607,38.102120779208576],[-3.005369773547785,38.102083916434424],[-3.0057785204330694,38.101727450835114],[-3.0058430820460966,38.10180162397708],[-3.0059798219080163,38.10165840741817],[-3.0070427864331175,38.102402191566085]]]},"properties":{"dn_surface":9858.62537816336,"provincia":23,"municipio":48,"agregado":0,"zona":0,"poligono":15,"parcela":209,"recinto":1,"uso_sigpac":"OV","idPanel":"23:48:0:0:15:209:1"},"id":1112037616},{"type":"Feature","geometry":{"type":"Polygon","coordinates":[[[-3.00518404816443,38.102981500132785],[-3.005083216377838,38.102915258786254],[-3.0053288765633925,38.10268164255808],[-3.0056869875304093,38.102344105811824],[-3.0057067202080323,38.10235537109034],[-3.00573466212211,38.1023301340166],[-3.005778575753634,38.102357351734184],[-3.0061476913219805,38.10265124558441],[-3.0057785179184977,38.10298499873937],[-3.005438947722402,38.102750136122125],[-3.00530243081912,38.10286892781372],[-3.00518404816443,38.102981500132785]]]},"properties":{"dn_surface":3062.02630584774,"provincia":23,"municipio":48,"agregado":0,"zona":0,"poligono":15,"parcela":220,"recinto":1,"uso_sigpac":"OV","idPanel":"23:48:0:0:15:220:1"},"id":1112037603},{"type":"Feature","geometry":{"type":"Polygon","coordinates":[[[-3.0065837623750427,38.10295550114395],[-3.0065140777424917,38.10300480350136],[-3.006536664458314,38.10303427427465],[-3.006219496576159,38.103314671583576],[-3.0057785179184977,38.10298499873937],[-3.0061476913219805,38.10265124558441],[-3.0065837623750427,38.10295550114395]]]},"properties":{"dn_surface":2650.58565725694,"provincia":23,"municipio":48,"agregado":0,"zona":0,"poligono":15,"parcela":219,"recinto":3,"uso_sigpac":"OV","idPanel":"23:48:0:0:15:219:3"},"id":1112037604},{"type":"Feature","geometry":{"type":"Polygon","coordinates":[[[-3.00746050195533,38.10378040284101],[-3.0074464924415336,38.103955971033486],[-3.0074547486166505,38.10434541188002],[-3.007434219658179,38.104365781582345],[-3.0073816961352047,38.10441772926853],[-3.0066756716251772,38.10387515774741],[-3.006421760293648,38.10371113478908],[-3.0061976516588116,38.1038936507415],[-3.005778569886301,38.103571548432654],[-3.0050670342746097,38.10309271961259],[-3.0051134524189504,38.103048646724886],[-3.0051506320290637,38.103013225638165],[-3.005169678228776,38.10299510899159],[-3.00518404816443,38.102981500132785],[-3.00530243081912,38.10286892781372],[-3.005438947722402,38.102750136122125],[-3.0057785179184977,38.10298499873937],[-3.006219496576159,38.103314671583576],[-3.0067582291853863,38.10366182321155],[-3.00686634819903,38.10358313809084],[-3.006996132757284,38.103449203652104],[-3.00746050195533,38.10378040284101]]]},"properties":{"dn_surface":11324.5777535532,"provincia":23,"municipio":48,"agregado":0,"zona":0,"poligono":15,"parcela":217,"recinto":2,"uso_sigpac":"OV","idPanel":"23:48:0:0:15:217:2"},"id":1112037606},{"type":"Feature","geometry":{"type":"Polygon","coordinates":[[[-3.0058156866321375,38.10410329891613],[-3.0056052622932348,38.104284190455616],[-3.0053750784546183,38.1041489157505],[-3.005246982011764,38.104063297957225],[-3.0051389627427727,38.10399119849825],[-3.005364098160809,38.10378371956028],[-3.00577861431039,38.10407427908925],[-3.0058156866321375,38.10410329891613]]]},"properties":{"dn_surface":1543.07456711823,"provincia":23,"municipio":48,"agregado":0,"zona":0,"poligono":15,"parcela":215,"recinto":1,"uso_sigpac":"OV","idPanel":"23:48:0:0:15:215:1"},"id":1112037608},{"type":"Feature","geometry":{"type":"Polygon","coordinates":[[[-3.0075090960418636,38.10179498299479],[-3.007241661346952,38.10203671625851],[-3.0073629131272677,38.10212404479827],[-3.0070427864331175,38.102402191566085],[-3.0059798219080163,38.10165840741817],[-3.006142909445936,38.10152501361222],[-3.0062199022602973,38.1015820616868],[-3.006289127564527,38.101513292358106],[-3.006788987419098,38.101075074699565],[-3.0072406823406026,38.10141916357992],[-3.0071362186751496,38.10152290388706],[-3.0075090960418636,38.10179498299479]]]},"properties":{"dn_surface":9545.67900169038,"provincia":23,"municipio":48,"agregado":0,"zona":0,"poligono":15,"parcela":226,"recinto":1,"uso_sigpac":"OV","idPanel":"23:48:0:0:15:226:1"},"id":1112037598},{"type":"Feature","geometry":{"type":"Polygon","coordinates":[[[-3.0053325947758607,38.102120779208576],[-3.0052585683172084,38.10207418504427],[-3.00509409022147,38.10197099291361],[-3.0051422182741585,38.101923044233644],[-3.0051905743146285,38.10187491534276],[-3.004912263261513,38.10168736605718],[-3.0048670998881515,38.10172485998868],[-3.0048264937558167,38.10169565995085],[-3.0046470765931645,38.10158805139514],[-3.0044227215303607,38.10147485546247],[-3.004603360774568,38.10114390353971],[-3.0048054384137948,38.10077374610074],[-3.0056023822711335,38.10131268909575],[-3.005778466788886,38.101128193337644],[-3.006289127564527,38.101513292358106],[-3.0062199022602973,38.1015820616868],[-3.006142909445936,38.10152501361222],[-3.0059798219080163,38.10165840741817],[-3.0058430820460966,38.10180162397708],[-3.0057785204330694,38.101727450835114],[-3.005369773547785,38.102083916434424],[-3.0053325947758607,38.102120779208576]]]},"properties":{"dn_surface":10950.7492704553,"provincia":23,"municipio":48,"agregado":0,"zona":0,"poligono":15,"parcela":225,"recinto":3,"uso_sigpac":"OV","idPanel":"23:48:0:0:15:225:3"},"id":1112037599},{"type":"Feature","geometry":{"type":"Polygon","coordinates":[[[-3.0062139234484087,38.10588871061512],[-3.0060398757332494,38.10601831915341],[-3.005836405859822,38.106215614078394],[-3.005647725855424,38.10639853990591],[-3.00522158400545,38.10609833951136],[-3.0051786803933194,38.1060712215384],[-3.005109765219525,38.106053224753055],[-3.0050056435357417,38.10605992608501],[-3.00491563613955,38.106067473151086],[-3.004825445179668,38.10606990306496],[-3.004801807373125,38.10606009539947],[-3.004674812312413,38.10597822347901],[-3.0049018562899144,38.10578329727997],[-3.0051763837517127,38.10552931218771],[-3.005271855310909,38.105552021279294],[-3.005327175875138,38.10556517835349],[-3.0054237898878027,38.105604201144246],[-3.0056826054711694,38.1057155019285],[-3.0059498616315343,38.10580985701813],[-3.006094269258932,38.105859422567306],[-3.0062139234484087,38.10588871061512]]]},"properties":{"dn_surface":6123.08061752701,"provincia":23,"municipio":97,"agregado":0,"zona":0,"poligono":23,"parcela":225,"recinto":3,"uso_sigpac":"OV","idPanel":"23:97:0:0:23:225:3"},"id":1112597056},{"type":"Feature","geometry":{"type":"Polygon","coordinates":[[[-3.006740257545725,38.107163641749395],[-3.006875375509284,38.107036548620385],[-3.006223570181344,38.106585935802656],[-3.006306715313,38.10650589951911],[-3.0061515788489026,38.106395228215774],[-3.00589902957672,38.1062505817041],[-3.005836405859822,38.106215614078394],[-3.0060398757332494,38.10601831915341],[-3.0062139234484087,38.10588871061512],[-3.006296050178769,38.105908806229166],[-3.0064141034246443,38.10589762644605],[-3.0065987684971844,38.10587995487856],[-3.006855407300168,38.1058694900718],[-3.0068976093469626,38.10586372080752],[-3.0070080208112606,38.10584875491847],[-3.007192464601544,38.10590066069517],[-3.0074470624109835,38.106000241063555],[-3.007583259963736,38.106056925363504],[-3.007829421387131,38.10617993818181],[-3.007950457752523,38.10631404193501],[-3.008171414791579,38.106457152881916],[-3.0071271159277626,38.10745239916906],[-3.006740257545725,38.107163641749395]]]},"properties":{"dn_surface":19159.8360510941,"provincia":23,"municipio":97,"agregado":0,"zona":0,"poligono":23,"parcela":222,"recinto":2,"uso_sigpac":"OV","idPanel":"23:97:0:0:23:222:2"},"id":1112597064},{"type":"Feature","geometry":{"type":"Polygon","coordinates":[[[-3.005836405859822,38.106215614078394],[-3.00589902957672,38.1062505817041],[-3.0061515788489026,38.106395228215774],[-3.006306715313,38.10650589951911],[-3.006223570181344,38.106585935802656],[-3.006875375509284,38.107036548620385],[-3.006740257545725,38.107163641749395],[-3.0064858785039714,38.10697476896118],[-3.006281351672491,38.106837887445124],[-3.0060866316683077,38.10669706559614],[-3.0059286663117213,38.1065875166297],[-3.005812592033302,38.10650699419568],[-3.005647725855424,38.10639853990591],[-3.005836405859822,38.106215614078394]]]},"properties":{"dn_surface":2798.54251544929,"provincia":23,"municipio":97,"agregado":0,"zona":0,"poligono":23,"parcela":223,"recinto":1,"uso_sigpac":"OV","idPanel":"23:97:0:0:23:223:1"},"id":1112597061},{"type":"Feature","geometry":{"type":"Polygon","coordinates":[[[-3.006721905367637,38.10718090427997],[-3.0066224046273473,38.107274494940015],[-3.005594966800955,38.106581718028764],[-3.005509073243086,38.10653296217146],[-3.0056287483873216,38.10641693818445],[-3.006057483598291,38.10671053950625],[-3.006414204007488,38.106964409766476],[-3.006721905367637,38.10718090427997]]]},"properties":{"dn_surface":1909.13834058957,"provincia":23,"municipio":97,"agregado":0,"zona":0,"poligono":23,"parcela":223,"recinto":2,"uso_sigpac":"OV","idPanel":"23:97:0:0:23:223:2"},"id":1112597060},{"type":"Feature","geometry":{"type":"Polygon","coordinates":[[[-3.0062244653686556,38.10760446450362],[-3.0055022738428274,38.10705705243316],[-3.0054019055755083,38.10715601505524],[-3.005170569225137,38.10698000262187],[-3.005088096322155,38.10692394528829],[-3.005509073243086,38.10653296217146],[-3.005594966800955,38.106581718028764],[-3.0066224046273473,38.107274494940015],[-3.0062244653686556,38.10760446450362]]]},"properties":{"dn_surface":6443.58545071802,"provincia":23,"municipio":97,"agregado":0,"zona":0,"poligono":23,"parcela":224,"recinto":1,"uso_sigpac":"OV","idPanel":"23:97:0:0:23:224:1"},"id":1112597058},{"type":"Feature","geometry":{"type":"Polygon","coordinates":[[[-3.0071030355567054,38.107475347983126],[-3.0069447877299655,38.10762615938492],[-3.006897790396082,38.1076021871404],[-3.006612043756219,38.10745664208869],[-3.0066208020073657,38.10745157774252],[-3.006617784522044,38.10741185841556],[-3.0065798874209753,38.107386908002894],[-3.006305171366344,38.107610237120724],[-3.006099333605131,38.10780535358896],[-3.00607939976182,38.10780736440762],[-3.0060376117810668,38.107790426256656],[-3.0062244653686556,38.10760446450362],[-3.0066224046273473,38.107274494940015],[-3.006721905367637,38.10718090427997],[-3.0071030355567054,38.107475347983126]]]},"properties":{"dn_surface":1546.17274394162,"provincia":23,"municipio":97,"agregado":0,"zona":0,"poligono":23,"parcela":222,"recinto":3,"uso_sigpac":"OV","idPanel":"23:97:0:0:23:222:3"},"id":1112597063},{"type":"Feature","geometry":{"type":"Polygon","coordinates":[[[-3.010193155102769,38.104752566203615],[-3.0094470852097617,38.10554959052723],[-3.0093841178348137,38.10551137994298],[-3.0087462415543933,38.10517866614407],[-3.008783422002698,38.105146488854075],[-3.009391048830959,38.10449267019288],[-3.0095313216652766,38.10434169785853],[-3.0099045812467975,38.10393988699852],[-3.00996741786405,38.10387228694543],[-3.010017897878909,38.10381799819356],[-3.010096935039576,38.104272149012814],[-3.010193155102769,38.104752566203615]]]},"properties":{"dn_surface":10911.205552562,"provincia":23,"municipio":97,"agregado":0,"zona":0,"poligono":23,"parcela":196,"recinto":2,"uso_sigpac":"OV","idPanel":"23:97:0:0:23:196:2"},"id":1112597118},{"type":"Feature","geometry":{"type":"Polygon","coordinates":[[[-3.010247085109179,38.10503111614099],[-3.0096268653088427,38.10568332882946],[-3.0095716520329803,38.105633581392965],[-3.0095427914622603,38.10560771651464],[-3.0094470852097617,38.10554959052723],[-3.010193155102769,38.104752566203615],[-3.010247085109179,38.10503111614099]]]},"properties":{"dn_surface":2182.10280733703,"provincia":23,"municipio":97,"agregado":0,"zona":0,"poligono":23,"parcela":197,"recinto":1,"uso_sigpac":"OV","idPanel":"23:97:0:0:23:197:1"},"id":1112597116},{"type":"Feature","geometry":{"type":"Polygon","coordinates":[[[-3.010247085109179,38.10503111614099],[-3.0102643048920816,38.105146121726705],[-3.0097233703567605,38.105741544503246],[-3.009648540073546,38.10570270443799],[-3.0096268653088427,38.10568332882946],[-3.010247085109179,38.10503111614099]]]},"properties":{"dn_surface":837.146984351698,"provincia":23,"municipio":97,"agregado":0,"zona":0,"poligono":23,"parcela":397,"recinto":1,"uso_sigpac":"OV","idPanel":"23:97:0:0:23:397:1"},"id":1112597542},{"type":"Feature","geometry":{"type":"Polygon","coordinates":[[[-3.0102788743170428,38.10513008463039],[-3.010276059673789,38.10518664404],[-3.010282063631389,38.105238765231604],[-3.0102955643636324,38.105295624713335],[-3.0103127874992963,38.10538339078849],[-3.0099231060921015,38.105830577922205],[-3.0097233703567605,38.105741544503246],[-3.0102643048920816,38.105146121726705],[-3.0102788743170428,38.10513008463039]]]},"properties":{"dn_surface":1373.05477477833,"provincia":23,"municipio":97,"agregado":0,"zona":0,"poligono":23,"parcela":192,"recinto":2,"uso_sigpac":"OV","idPanel":"23:97:0:0:23:192:2"},"id":1112597123},{"type":"Feature","geometry":{"type":"Polygon","coordinates":[[[-3.009084590507125,38.10720723435401],[-3.0090509279437914,38.10710268854592],[-3.009018065852258,38.10701382527955],[-3.0089285077261034,38.10688269458754],[-3.00884568948869,38.106817267123915],[-3.0086957967435297,38.10672164971959],[-3.008612865350417,38.106663792791295],[-3.009097558150295,38.10608821249534],[-3.009236600521153,38.106091268537426],[-3.0095069915134895,38.10572182020752],[-3.0095716520329803,38.105633581392965],[-3.0096268653088427,38.10568332882946],[-3.009648540073546,38.10570270443799],[-3.0097233703567605,38.105741544503246],[-3.0099231060921015,38.105830577922205],[-3.0103221299691274,38.106058303348476],[-3.009782278375761,38.106902651900214],[-3.0096489382139704,38.10690266028212],[-3.0093770401553535,38.10712096528684],[-3.009267320198108,38.107193434387796],[-3.0091918025987923,38.10714269704849],[-3.0091329524149275,38.10719749793472],[-3.009084590507125,38.10720723435401]]]},"properties":{"dn_surface":13242.7946346905,"provincia":23,"municipio":97,"agregado":0,"zona":0,"poligono":23,"parcela":200,"recinto":1,"uso_sigpac":"OV","idPanel":"23:97:0:0:23:200:1"},"id":1112597111},{"type":"Feature","geometry":{"type":"Polygon","coordinates":[[[-3.0097029528776083,38.10734491215095],[-3.0092343156142123,38.10773798571455],[-3.0091490641101637,38.10740794406658],[-3.009102512693555,38.107312501844035],[-3.009084590507125,38.10720723435401],[-3.0091329524149275,38.10719749793472],[-3.0091918025987923,38.10714269704849],[-3.009267320198108,38.107193434387796],[-3.0093770401553535,38.10712096528684],[-3.0094181072923902,38.10714926259365],[-3.00960861706636,38.107309497769734],[-3.0097029528776083,38.10734491215095]]]},"properties":{"dn_surface":1888.68012924275,"provincia":23,"municipio":97,"agregado":0,"zona":0,"poligono":23,"parcela":213,"recinto":1,"uso_sigpac":"OV","idPanel":"23:97:0:0:23:213:1"},"id":1112597086},{"type":"Feature","geometry":{"type":"Polygon","coordinates":[[[-3.008612865350417,38.106663792791295],[-3.0082722432254108,38.10642614402926],[-3.008380591065025,38.10633096416032],[-3.0084559728775004,38.10622172616252],[-3.0084506017536286,38.10614313491914],[-3.0083371652602944,38.10567168468887],[-3.0083381853379714,38.105620312001264],[-3.008363385531359,38.10555830351612],[-3.008704271686332,38.10521498996184],[-3.0087462415543933,38.10517866614407],[-3.0093841178348137,38.10551137994298],[-3.0094470852097617,38.10554959052723],[-3.0095427914622603,38.10560771651464],[-3.0095716520329803,38.105633581392965],[-3.0095069915134895,38.10572182020752],[-3.009236600521153,38.106091268537426],[-3.009097558150295,38.10608821249534],[-3.008612865350417,38.106663792791295]],[[-3.0094572147403484,38.105712757693254],[-3.0093841379513813,38.105672480131545],[-3.009348461216596,38.10573290527512],[-3.0094147386053045,38.10576378420825],[-3.0094572147403484,38.105712757693254]]]},"properties":{"dn_surface":9822.14584537461,"provincia":23,"municipio":97,"agregado":0,"zona":0,"poligono":23,"parcela":198,"recinto":2,"uso_sigpac":"OV","idPanel":"23:97:0:0:23:198:2"},"id":1112597113},{"type":"Feature","geometry":{"type":"Polygon","coordinates":[[[-3.0091673609676866,38.1077490749731],[-3.008688109699673,38.10814250812038],[-3.007968082381373,38.10873359996728],[-3.0073377011992153,38.10829110334686],[-3.0075034223312698,38.108142565955546],[-3.0088730773589356,38.10691532366221],[-3.008954420381303,38.10703446739373],[-3.0089848869247664,38.107116932753],[-3.00901729387893,38.107217513082475],[-3.009035786873001,38.10732602520741],[-3.009083137085028,38.107423179852844],[-3.0091673609676866,38.1077490749731]]]},"properties":{"dn_surface":13988.8920592181,"provincia":23,"municipio":97,"agregado":0,"zona":0,"poligono":23,"parcela":211,"recinto":2,"uso_sigpac":"OV","idPanel":"23:97:0:0:23:211:2"},"id":1112597088},{"type":"Feature","geometry":{"type":"Polygon","coordinates":[[[-3.0088730773589356,38.10691532366221],[-3.0075034223312698,38.108142565955546],[-3.0073377011992153,38.10829110334686],[-3.007158260567234,38.108158082535624],[-3.007134077098762,38.10814258188111],[-3.00689783146741,38.107991267565126],[-3.006839425524439,38.107953866672744],[-3.006789116500415,38.10788924722459],[-3.006808502167225,38.107838053909745],[-3.0068714594838895,38.10777559363996],[-3.0068978054835087,38.107748463932325],[-3.0069893903539713,38.10765427731897],[-3.0082162454033634,38.10648509060505],[-3.0086528009304585,38.10676374196342],[-3.0087998404756093,38.106857556420266],[-3.0088730773589356,38.10691532366221]]]},"properties":{"dn_surface":14510.0694134155,"provincia":23,"municipio":97,"agregado":0,"zona":0,"poligono":23,"parcela":214,"recinto":1,"uso_sigpac":"OV","idPanel":"23:97:0:0:23:214:1"},"id":1112597085},{"type":"Feature","geometry":{"type":"Polygon","coordinates":[[[-3.0082803610991156,38.10565933982116],[-3.0082800207938267,38.105675562995685],[-3.00839391326272,38.10614854543795],[-3.0083981419331214,38.10621136445323],[-3.0083337077250305,38.10630473969832],[-3.008228096576964,38.10639748630064],[-3.0080008690357727,38.10627681622444],[-3.007877323128421,38.1061399187827],[-3.007789261172072,38.106095940610516],[-3.008208158542702,38.10564744673803],[-3.0082803610991156,38.10565933982116]]]},"properties":{"dn_surface":2474.28762768662,"provincia":23,"municipio":97,"agregado":0,"zona":0,"poligono":23,"parcela":199,"recinto":1,"uso_sigpac":"OV","idPanel":"23:97:0:0:23:199:1"},"id":1112597112},{"type":"Feature","geometry":{"type":"Polygon","coordinates":[[[-3.007886083055948,38.10468308860408],[-3.007976069497381,38.10473113786688],[-3.008085289893168,38.10479584867781],[-3.008260730680718,38.10491018287303],[-3.0086143757694583,38.10509953845886],[-3.008653354136101,38.10514270610096],[-3.008653354136101,38.10516424843158],[-3.008623285733061,38.10522355459102],[-3.0083121695853574,38.10553685506278],[-3.008281268021092,38.105612924191405],[-3.0082803610991156,38.10565933982116],[-3.008208158542702,38.10564744673803],[-3.007789261172072,38.106095940610516],[-3.0076175872120308,38.10601005711095],[-3.0074781961539805,38.10595211133449],[-3.0072192640621522,38.105850819381374],[-3.0070140599728563,38.105793056330384],[-3.0068976043178197,38.10580892327408],[-3.0068477596512593,38.10581568495573],[-3.0067802350352846,38.10581848115885],[-3.007119753263578,38.10540234981639],[-3.0073502497472013,38.10519937279892],[-3.007886083055948,38.10468308860408]]]},"properties":{"dn_surface":12546.2405741714,"provincia":23,"municipio":97,"agregado":0,"zona":0,"poligono":23,"parcela":400,"recinto":1,"uso_sigpac":"OV","idPanel":"23:97:0:0:23:400:1"},"id":1112597538},{"type":"Feature","geometry":{"type":"Polygon","coordinates":[[[-3.0073571237464023,38.10444203259826],[-3.0076939647946634,38.10463218614129],[-3.0077544125693687,38.10459333853237],[-3.007901786552476,38.10466795759163],[-3.007886083055948,38.10468308860408],[-3.0073502497472013,38.10519937279892],[-3.007119753263578,38.10540234981639],[-3.0067802350352846,38.10581848115885],[-3.0065928315948147,38.10582605839974],[-3.006405885806285,38.10584391017818],[-3.0063023181663344,38.10585373796022],[-3.0061713718762326,38.10582165706214],[-3.006227710003567,38.10573360097311],[-3.0062843901125715,38.105646986571514],[-3.006359997398257,38.105476913555094],[-3.006461953198132,38.10532162034937],[-3.006815393768423,38.10497840234882],[-3.0068975087641183,38.10489710458873],[-3.0070219439914485,38.10477389982486],[-3.0073571237464023,38.10444203259826]]]},"properties":{"dn_surface":8943.48616318422,"provincia":23,"municipio":97,"agregado":0,"zona":0,"poligono":23,"parcela":256,"recinto":1,"uso_sigpac":"OV","idPanel":"23:97:0:0:23:256:1"},"id":1112597003},{"type":"Feature","geometry":{"type":"Polygon","coordinates":[[[-3.0101079874177565,38.10188415722976],[-3.009838173100392,38.10217573683639],[-3.0098305304806243,38.10217168167139],[-3.0098155914137124,38.10218907663611],[-3.010381928146298,38.102493039667195],[-3.0103416757302983,38.102557843517246],[-3.0104166174928313,38.10259929706004],[-3.0103927835497424,38.10262444444743],[-3.010680348224511,38.10279485525459],[-3.010690728374018,38.10280098326436],[-3.0105454398085443,38.102936365257875],[-3.0106454769906685,38.10298809082363],[-3.010560401506597,38.10306578687971],[-3.0105917246806153,38.103087175821486],[-3.010545171587626,38.103088576437585],[-3.010526921668763,38.10309731876313],[-3.0105042477811423,38.103110868110434],[-3.010485444656637,38.10312135806285],[-3.010465894704514,38.103136141226344],[-3.010420236798837,38.10314898397917],[-3.0103302604156883,38.10325137479984],[-3.0102177040222413,38.10337693068769],[-3.010120885491126,38.10349437289281],[-3.010011753105327,38.10363831364816],[-3.010003088731503,38.10366661430771],[-3.008749379739128,38.10297982794299],[-3.008688025042446,38.103049860424534],[-3.007797633017458,38.10256204452736],[-3.0080241296566506,38.10238889954323],[-3.0081819701228723,38.102273979452946],[-3.0081537960300624,38.102253972687066],[-3.0085123604580675,38.102021425151605],[-3.008625611711329,38.10196734259455],[-3.008728255665496,38.10191839814445],[-3.0087484418041073,38.101905779188456],[-3.008827818431873,38.10185611473284],[-3.0090254612058676,38.10173244896427],[-3.0090932045895276,38.10168891335658],[-3.0093723881988157,38.10150936292172],[-3.0101079874177565,38.10188415722976]]]},"properties":{"dn_surface":30189.5463021644,"provincia":23,"municipio":48,"agregado":0,"zona":0,"poligono":15,"parcela":193,"recinto":2,"uso_sigpac":"OV","idPanel":"23:48:0:0:15:193:2"},"id":1112037641},{"type":"Feature","geometry":{"type":"Polygon","coordinates":[[[-3.00746050195533,38.10378040284101],[-3.006996132757284,38.103449203652104],[-3.0069091009368956,38.10339801452818],[-3.0069622447207416,38.10332717235474],[-3.006536664458314,38.10303427427465],[-3.0065140777424917,38.10300480350136],[-3.0065837623750427,38.10295550114395],[-3.0068230338736193,38.10274396285007],[-3.006747064489696,38.1026719539156],[-3.0070427864331175,38.102402191566085],[-3.0073629131272677,38.10212404479827],[-3.007241661346952,38.10203671625851],[-3.0075090960418636,38.10179498299479],[-3.0081537960300624,38.102253972687066],[-3.0081819701228723,38.102273979452946],[-3.0080241296566506,38.10238889954323],[-3.007797633017458,38.10256204452736],[-3.0075654324928185,38.1027394265638],[-3.007542876790039,38.10297925629715],[-3.0075345979837835,38.10306302168971],[-3.0075313474815397,38.10309590808873],[-3.007503010779798,38.10338263541132],[-3.007499665562044,38.10341648405296],[-3.0074906969251156,38.103507224865695],[-3.00746050195533,38.10378040284101]]]},"properties":{"dn_surface":12840.8956670689,"provincia":23,"municipio":48,"agregado":0,"zona":0,"poligono":15,"parcela":210,"recinto":1,"uso_sigpac":"OV","idPanel":"23:48:0:0:15:210:1"},"id":1112037615},{"type":"Feature","geometry":{"type":"Polygon","coordinates":[[[-3.010003088731503,38.10366661430771],[-3.0099876978799815,38.10371663583243],[-3.009811615876801,38.10388734838813],[-3.008578319334436,38.10319073507955],[-3.008491987403005,38.10326788882645],[-3.0075654324928185,38.1027394265638],[-3.007797633017458,38.10256204452736],[-3.008688025042446,38.103049860424534],[-3.008749379739128,38.10297982794299],[-3.010003088731503,38.10366661430771]]]},"properties":{"dn_surface":6688.7102590437,"provincia":23,"municipio":48,"agregado":0,"zona":0,"poligono":15,"parcela":208,"recinto":1,"uso_sigpac":"OV","idPanel":"23:48:0:0:15:208:1"},"id":1112037617},{"type":"Feature","geometry":{"type":"Polygon","coordinates":[[[-3.0096767870889183,38.10403405600991],[-3.0094443535473556,38.10389967230111],[-3.009053552317831,38.10367298371631],[-3.008830238287463,38.103541687900815],[-3.0087055985416824,38.103466807326186],[-3.0086140673154036,38.1034242398284],[-3.008556241400167,38.10339620403701],[-3.0084688156303057,38.103374996982524],[-3.008375942461249,38.1033909217613],[-3.008326153115251,38.1033909217613],[-3.0081999182932027,38.10332270228551],[-3.008118123486228,38.10327244020013],[-3.0080409060368485,38.103226125991426],[-3.007972256569401,38.10322612515321],[-3.007922467223404,38.1032356805234],[-3.00786060709793,38.10323567968521],[-3.007802321016182,38.10320551908123],[-3.007734809811253,38.10317064281824],[-3.0075345979837835,38.10306302168971],[-3.007542876790039,38.10297925629715],[-3.0075654324928185,38.1027394265638],[-3.008491987403005,38.10326788882645],[-3.008578319334436,38.10319073507955],[-3.009811615876801,38.10388734838813],[-3.0096767870889183,38.10403405600991]]]},"properties":{"dn_surface":4936.50401922905,"provincia":23,"municipio":48,"agregado":0,"zona":0,"poligono":15,"parcela":211,"recinto":3,"uso_sigpac":"OV","idPanel":"23:48:0:0:15:211:3"},"id":1112037613},{"type":"Feature","geometry":{"type":"Polygon","coordinates":[[[-3.009647245907619,38.10406619977229],[-3.009303671676139,38.1044400410579],[-3.0088633652471524,38.10417473117559],[-3.008785242552176,38.10423566090975],[-3.00758594133472,38.10356081959594],[-3.007594231875642,38.103508934774055],[-3.0075860997527,38.10346962280761],[-3.0075551688517734,38.10341438438604],[-3.007503010779798,38.10338263541132],[-3.0075313474815397,38.10309590808873],[-3.0078256545596207,38.103266525928916],[-3.007860607936121,38.10327507630885],[-3.007995140842804,38.103260157358505],[-3.0081108991234533,38.10331757591322],[-3.008226573585068,38.10339092092312],[-3.008299247204467,38.10342386264273],[-3.008353060702417,38.10342704860432],[-3.008444592766886,38.10341221347301],[-3.008545513401658,38.103441970907426],[-3.0086703585040784,38.10350978889002],[-3.009123983777999,38.10376937644671],[-3.009647245907619,38.10406619977229]]]},"properties":{"dn_surface":10387.3576047221,"provincia":23,"municipio":48,"agregado":0,"zona":0,"poligono":15,"parcela":211,"recinto":2,"uso_sigpac":"OV","idPanel":"23:48:0:0:15:211:2"},"id":1112037614},{"type":"Feature","geometry":{"type":"Polygon","coordinates":[[[-3.0074547486166505,38.10434541188002],[-3.0074464924415336,38.103955971033486],[-3.00746050195533,38.10378040284101],[-3.0074906969251156,38.103507224865695],[-3.0075380345642886,38.103533862555565],[-3.00758594133472,38.10356081959594],[-3.008785242552176,38.10423566090975],[-3.0088633652471524,38.10417473117559],[-3.009303671676139,38.1044400410579],[-3.008694903232598,38.10509223698256],[-3.0086584008803006,38.10506988747463],[-3.008500642556735,38.10497309911838],[-3.0083244046501454,38.104865045483535],[-3.008007178932856,38.10467056604003],[-3.0074547486166505,38.10434541188002]]]},"properties":{"dn_surface":13444.3463487637,"provincia":23,"municipio":48,"agregado":0,"zona":0,"poligono":15,"parcela":212,"recinto":2,"uso_sigpac":"OV","idPanel":"23:48:0:0:15:212:2"},"id":1112037610},{"type":"Feature","geometry":{"type":"Polygon","coordinates":[[[-3.0087484418041073,38.101905779188456],[-3.008728255665496,38.10191839814445],[-3.008625611711329,38.10196734259455],[-3.0085123604580675,38.102021425151605],[-3.0081537960300624,38.102253972687066],[-3.0075090960418636,38.10179498299479],[-3.0071362186751496,38.10152290388706],[-3.0072406823406026,38.10141916357992],[-3.007819916308368,38.10096804952434],[-3.0079702256341414,38.100847181635174],[-3.008328526032181,38.1012967198929],[-3.0082872518621238,38.10140866021641],[-3.0086711095226466,38.10188919978302],[-3.0087484418041073,38.101905779188456]]]},"properties":{"dn_surface":10357.8325160454,"provincia":23,"municipio":48,"agregado":0,"zona":0,"poligono":15,"parcela":207,"recinto":1,"uso_sigpac":"OV","idPanel":"23:48:0:0:15:207:1"},"id":1112037618},{"type":"Feature","geometry":{"type":"Polygon","coordinates":[[[-3.0093723881988157,38.10150936292172],[-3.0090932045895276,38.10168891335658],[-3.0090254612058676,38.10173244896427],[-3.008827818431873,38.10185611473284],[-3.0087484418041073,38.101905779188456],[-3.0086711095226466,38.10188919978302],[-3.0082872518621238,38.10140866021641],[-3.008328526032181,38.1012967198929],[-3.0079702256341414,38.100847181635174],[-3.0079873322613433,38.100833481413616],[-3.0079677127394207,38.100810319699235],[-3.008098179584633,38.10071829310243],[-3.0083579750125398,38.10055496919483],[-3.00854960544703,38.100715025836394],[-3.00894827309315,38.10107938970356],[-3.009030289182382,38.10115608328391],[-3.0093396451303143,38.10144519441994],[-3.0093723881988157,38.10150936292172]]]},"properties":{"dn_surface":8648.97321475116,"provincia":23,"municipio":48,"agregado":0,"zona":0,"poligono":15,"parcela":194,"recinto":1,"uso_sigpac":"OV","idPanel":"23:48:0:0:15:194:1"},"id":1112037639},{"type":"Feature","geometry":{"type":"Polygon","coordinates":[[[-3.0118526362428146,38.101499545197925],[-3.0107112523033477,38.10276240722911],[-3.010680348224511,38.10279485525459],[-3.0103927835497424,38.10262444444743],[-3.0104166174928313,38.10259929706004],[-3.0103416757302983,38.102557843517246],[-3.010381928146298,38.102493039667195],[-3.0098155914137124,38.10218907663611],[-3.0098305304806243,38.10217168167139],[-3.009838173100392,38.10217573683639],[-3.0101079874177565,38.10188415722976],[-3.010870549544427,38.10106033931288],[-3.0111939208734886,38.101218669282275],[-3.0118526362428146,38.101499545197925]]]},"properties":{"dn_surface":16237.7035901732,"provincia":23,"municipio":48,"agregado":0,"zona":0,"poligono":15,"parcela":190,"recinto":1,"uso_sigpac":"OV","idPanel":"23:48:0:0:15:190:1"},"id":1112037644},{"type":"Feature","geometry":{"type":"Polygon","coordinates":[[[-3.0105917246806153,38.103087175821486],[-3.010560401506597,38.10306578687971],[-3.0106454769906685,38.10298809082363],[-3.0105454398085443,38.102936365257875],[-3.010690728374018,38.10280098326436],[-3.010680348224511,38.10279485525459],[-3.0107112523033477,38.10276240722911],[-3.0118526362428146,38.101499545197925],[-3.0122903023721457,38.101699502215524],[-3.0113974091871025,38.10268493748441],[-3.0111250559911165,38.10278166465278],[-3.010975772610353,38.10289081966974],[-3.010667731783106,38.103079389032985],[-3.0106058012496413,38.10309678735044],[-3.0105917246806153,38.103087175821486]]]},"properties":{"dn_surface":7867.89212259943,"provincia":23,"municipio":48,"agregado":0,"zona":0,"poligono":15,"parcela":253,"recinto":1,"uso_sigpac":"OV","idPanel":"23:48:0:0:15:253:1"},"id":1112037570},{"type":"Feature","geometry":{"type":"Polygon","coordinates":[[[-3.012735845814546,38.101924511905],[-3.0125936468187655,38.102082788230206],[-3.0124573780198323,38.102240973192664],[-3.012286206974012,38.102397449084975],[-3.0120435181733076,38.102537978405536],[-3.011812903504843,38.10258657584484],[-3.0115114600739754,38.10264446127158],[-3.0113974091871025,38.10268493748441],[-3.0122903023721457,38.101699502215524],[-3.012735845814546,38.101924511905]]]},"properties":{"dn_surface":4804.37836604171,"provincia":23,"municipio":48,"agregado":0,"zona":0,"poligono":15,"parcela":192,"recinto":1,"uso_sigpac":"OV","idPanel":"23:48:0:0:15:192:1"},"id":1112037642},{"type":"Feature","geometry":{"type":"Polygon","coordinates":[[[-3.012878539342644,38.10197478991597],[-3.0129104777483926,38.101988306573844],[-3.012978346860608,38.10201705063608],[-3.0131351865275313,38.10208346045886],[-3.013365148245701,38.10220898701007],[-3.012055009763241,38.10368187440156],[-3.0118734099528734,38.103577881799055],[-3.011584469807712,38.1034051307644],[-3.0115351925960296,38.10337908818971],[-3.0122287490243465,38.10255085049499],[-3.012461288177895,38.102420146441915],[-3.0126415745439576,38.10221563134513],[-3.0126884427965246,38.102168039734266],[-3.012878539342644,38.10197478991597]]]},"properties":{"dn_surface":11002.747980783,"provincia":23,"municipio":97,"agregado":0,"zona":0,"poligono":23,"parcela":181,"recinto":4,"uso_sigpac":"OV","idPanel":"23:97:0:0:23:181:4"},"id":1112597140},{"type":"Feature","geometry":{"type":"Polygon","coordinates":[[[-3.0122287490243465,38.10255085049499],[-3.0115351925960296,38.10337908818971],[-3.011584469807712,38.1034051307644],[-3.0114256151311465,38.103573681627125],[-3.0113886568032893,38.10355421717043],[-3.0113359555839567,38.1035206937467],[-3.0112644529165,38.10359180917021],[-3.0106386658557454,38.103200521790285],[-3.0107272852086893,38.103177262845804],[-3.0109751196600567,38.10308910030662],[-3.011083232806368,38.10300554446164],[-3.0112467738052766,38.1028919713433],[-3.0114250283978894,38.10278939276796],[-3.0116978409221975,38.10271420541565],[-3.0120511733659314,38.102615577231546],[-3.0122287490243465,38.10255085049499]]]},"properties":{"dn_surface":5963.43163256878,"provincia":23,"municipio":97,"agregado":0,"zona":0,"poligono":23,"parcela":180,"recinto":2,"uso_sigpac":"OV","idPanel":"23:97:0:0:23:180:2"},"id":1112597141},{"type":"Feature","geometry":{"type":"Polygon","coordinates":[[[-3.013173192593347,38.10161650711993],[-3.0130801358606,38.101682578313785],[-3.0128820446547597,38.10181084826206],[-3.012735845814546,38.101924511905],[-3.0122903023721457,38.101699502215524],[-3.0118526362428146,38.101499545197925],[-3.0111939208734886,38.101218669282275],[-3.0123545010487436,38.10097424123657],[-3.0124005956516022,38.10106850999256],[-3.0125519409806687,38.10103848517542],[-3.0127278058925455,38.10099764183522],[-3.012741372003637,38.10102401298056],[-3.0129146946841288,38.10136092862774],[-3.01303228105797,38.10133559264753],[-3.013173192593347,38.10161650711993]]]},"properties":{"dn_surface":9049.01039492821,"provincia":23,"municipio":48,"agregado":0,"zona":0,"poligono":15,"parcela":191,"recinto":1,"uso_sigpac":"OV","idPanel":"23:48:0:0:15:191:1"},"id":1112037643},{"type":"Feature","geometry":{"type":"Polygon","coordinates":[[[-3.013443222325636,38.10133717682734],[-3.0133118653222533,38.101518164758744],[-3.013173192593347,38.10161650711993],[-3.01303228105797,38.10133559264753],[-3.0129146946841288,38.10136092862774],[-3.012741372003637,38.10102401298056],[-3.01312465801833,38.100941943247136],[-3.0131619021691023,38.10101887235902],[-3.0132857590450803,38.10098470269051],[-3.013443222325636,38.10133717682734]]]},"properties":{"dn_surface":2509.18929217938,"provincia":23,"municipio":48,"agregado":0,"zona":0,"poligono":15,"parcela":168,"recinto":3,"uso_sigpac":"OV","idPanel":"23:48:0:0:15:168:3"},"id":1112037703},{"type":"Feature","geometry":{"type":"Polygon","coordinates":[[[-3.010870549544427,38.10106033931288],[-3.0101079874177565,38.10188415722976],[-3.0093723881988157,38.10150936292172],[-3.0093396451303143,38.10144519441994],[-3.0093678141939826,38.10142581545867],[-3.010280390603416,38.10079657756816],[-3.010870549544427,38.10106033931288]]]},"properties":{"dn_surface":7945.48446461635,"provincia":23,"municipio":48,"agregado":0,"zona":0,"poligono":15,"parcela":189,"recinto":1,"uso_sigpac":"OV","idPanel":"23:48:0:0:15:189:1"},"id":1112037645},{"type":"Feature","geometry":{"type":"Polygon","coordinates":[[[-3.0114256151311465,38.103573681627125],[-3.010292850303224,38.10477525182594],[-3.0102826905977844,38.104718742707774],[-3.0102768685274937,38.10468647740777],[-3.0102146546856847,38.104341654272616],[-3.010103240745708,38.10372383840226],[-3.010516978216438,38.103278491096404],[-3.0105669301713665,38.10324477991804],[-3.0106386658557454,38.103200521790285],[-3.0112644529165,38.10359180917021],[-3.0113359555839567,38.1035206937467],[-3.0113886568032893,38.10355421717043],[-3.0114256151311465,38.103573681627125]]]},"properties":{"dn_surface":9670.03648586711,"provincia":23,"municipio":97,"agregado":0,"zona":0,"poligono":23,"parcela":195,"recinto":1,"uso_sigpac":"OV","idPanel":"23:97:0:0:23:195:1"},"id":1112597119},{"type":"Feature","geometry":{"type":"Polygon","coordinates":[[[-3.0118734099528734,38.103577881799055],[-3.011725730030282,38.1037311105419],[-3.011464808074522,38.104001513268884],[-3.0112098146392294,38.10426587683432],[-3.011124831356098,38.1042146005386],[-3.010344336146523,38.10506762184605],[-3.010342161880711,38.10502255821734],[-3.0103080332835335,38.104859609819044],[-3.010292850303224,38.10477525182594],[-3.0114256151311465,38.103573681627125],[-3.011584469807712,38.1034051307644],[-3.0118734099528734,38.103577881799055]]]},"properties":{"dn_surface":5313.14570833573,"provincia":23,"municipio":97,"agregado":0,"zona":0,"poligono":23,"parcela":194,"recinto":2,"uso_sigpac":"OV","idPanel":"23:97:0:0:23:194:2"},"id":1112597120},{"type":"Feature","geometry":{"type":"Polygon","coordinates":[[[-3.012144212496681,38.10373296880991],[-3.012019113422579,38.10387042364826],[-3.0115927259828283,38.10434155368978],[-3.0115384430982726,38.104401583207476],[-3.0115026347676004,38.10443853818259],[-3.0113075736199364,38.10432715609383],[-3.0105466987704745,38.105186395935675],[-3.010396847934833,38.105355575441166],[-3.0103470820581664,38.10512449222429],[-3.010344336146523,38.10506762184605],[-3.011124831356098,38.1042146005386],[-3.0112098146392294,38.10426587683432],[-3.011464808074522,38.104001513268884],[-3.011725730030282,38.1037311105419],[-3.0118734099528734,38.103577881799055],[-3.012055009763241,38.10368187440156],[-3.012144212496681,38.10373296880991]]]},"properties":{"dn_surface":5696.4437519838,"provincia":23,"municipio":97,"agregado":0,"zona":0,"poligono":23,"parcela":193,"recinto":4,"uso_sigpac":"OV","idPanel":"23:97:0:0:23:193:4"},"id":1112597121},{"type":"Feature","geometry":{"type":"Polygon","coordinates":[[[-3.012868444177863,38.10411883226001],[-3.0132513840199335,38.10434141203561],[-3.0136564571168396,38.10457678678719],[-3.0130071236122924,38.105247665136915],[-3.012688973371027,38.10506437469658],[-3.0115384430982726,38.104401583207476],[-3.0115927259828283,38.10434155368978],[-3.012019113422579,38.10387042364826],[-3.012144212496681,38.10373296880991],[-3.0124955475327697,38.10391851146778],[-3.0126887822636235,38.10402232134476],[-3.012868444177863,38.10411883226001]]]},"properties":{"dn_surface":15010.300336108,"provincia":23,"municipio":97,"agregado":0,"zona":0,"poligono":23,"parcela":187,"recinto":1,"uso_sigpac":"OV","idPanel":"23:97:0:0:23:187:1"},"id":1112597131},{"type":"Feature","geometry":{"type":"Polygon","coordinates":[[[-3.0130071236122924,38.105247665136915],[-3.012689068924729,38.105584950426106],[-3.0126191621717306,38.105659041425355],[-3.012445817698289,38.105824079432296],[-3.012382732976689,38.10573627396221],[-3.0122732628001727,38.10571269315258],[-3.0121836979684944,38.10570090568146],[-3.012061799105215,38.10573236883326],[-3.0119971184691554,38.10575596389208],[-3.011942392181896,38.1057952842404],[-3.011866967621712,38.10591236267092],[-3.0105466987704745,38.105186395935675],[-3.0113075736199364,38.10432715609383],[-3.0115026347676004,38.10443853818259],[-3.0115384430982726,38.104401583207476],[-3.012688973371027,38.10506437469658],[-3.0130071236122924,38.105247665136915]]]},"properties":{"dn_surface":19919.3006999969,"provincia":23,"municipio":97,"agregado":0,"zona":0,"poligono":23,"parcela":188,"recinto":1,"uso_sigpac":"OV","idPanel":"23:97:0:0:23:188:1"},"id":1112597130},{"type":"Feature","geometry":{"type":"Polygon","coordinates":[[[-3.01240807985339,38.10591628288722],[-3.012421439769651,38.105997666980926],[-3.012438684698265,38.10611609238333],[-3.0124414490500953,38.10626858770959],[-3.012447749727085,38.10642027166756],[-3.0124648923964736,38.10660187734527],[-3.0124886408441447,38.10673391160648],[-3.0125251540929168,38.106801143693986],[-3.012576945875701,38.10684331808051],[-3.012689313676316,38.106922080314746],[-3.0128722101671817,38.10705036535043],[-3.012860462929187,38.10707767694532],[-3.0128483091688634,38.10709544658113],[-3.0128008248463765,38.107119594845614],[-3.012823366299919,38.1070700569567],[-3.012787919229294,38.107060002025065],[-3.012813212461812,38.107021276791926],[-3.0127137192652356,38.10698324977136],[-3.0126833474372825,38.10700248707846],[-3.0126785697521905,38.10700919343958],[-3.0126591237356735,38.10701874880979],[-3.0126124382086057,38.107127045519775],[-3.012628197863888,38.10715965196326],[-3.012742865658871,38.10720516821473],[-3.012848398017043,38.10727365088229],[-3.012869017500074,38.10725160563749],[-3.012784105463124,38.107188404407395],[-3.0128689303282754,38.1071284721198],[-3.012915284770148,38.10708117974289],[-3.013244425363506,38.107324177835835],[-3.013320286620872,38.107369324445415],[-3.0134328874384098,38.10746719239083],[-3.0134806944641883,38.10754172344011],[-3.0135345557389885,38.1076569913794],[-3.0135758693039936,38.10776937594383],[-3.0136313348751567,38.10792258708463],[-3.0136621568113355,38.10804659902581],[-3.013651681946318,38.10814213512569],[-3.0136511128150585,38.108147543129945],[-3.0136230820528014,38.1082978784396],[-3.013599725878222,38.10844019142928],[-3.013589821820845,38.108539332585906],[-3.0135208261807747,38.10861702864196],[-3.013502929140057,38.1086304530989],[-3.0134409667553577,38.108659977516396],[-3.013366783555107,38.108687051903445],[-3.012689546693238,38.108196300663565],[-3.0126149376922813,38.10814223067936],[-3.012332817063946,38.1079377558157],[-3.01208875279285,38.10814227510349],[-3.011304201580089,38.108799817006286],[-3.011025276971625,38.108600656269516],[-3.01053246294528,38.10904330711699],[-3.0094722292443947,38.10837075573929],[-3.009928460452167,38.10814243435965],[-3.010253980063139,38.10797955301655],[-3.0105954537895587,38.10772915537902],[-3.010664451106009,38.107654254687844],[-3.0111873729303396,38.10724630073065],[-3.011540207488996,38.10676228937953],[-3.011374347217342,38.106694436192925],[-3.0114416363018233,38.10664468121274],[-3.0116034699069543,38.106507674806295],[-3.011721164407352,38.106399873466785],[-3.0118363409838875,38.1062406089151],[-3.011846587022936,38.10612614647678],[-3.0118775908464253,38.10600194845736],[-3.012182734049573,38.106149101158195],[-3.01240807985339,38.10591628288722]],[[-3.0123856507173565,38.10688518652756],[-3.0123601923613363,38.10697429706002],[-3.0125421509171812,38.10700877182984],[-3.0125694281462985,38.10691678630437],[-3.0123856507173565,38.10688518652756]]]},"properties":{"dn_surface":52104.986957472785,"provincia":23,"municipio":97,"agregado":0,"zona":0,"poligono":23,"parcela":203,"recinto":2,"uso_sigpac":"OV","idPanel":"23:97:0:0:23:203:2"},"id":1361783377},{"type":"Feature","geometry":{"type":"Polygon","coordinates":[[[-3.011311866830997,38.10662981842114],[-3.0105641901270555,38.10618924209484],[-3.010558480374275,38.10614435867706],[-3.010396847934833,38.105355575441166],[-3.0105466987704745,38.105186395935675],[-3.011866967621712,38.10591236267092],[-3.0118127995692365,38.10598194504422],[-3.0117308740045647,38.10614961077792],[-3.011684302471387,38.106250846572266],[-3.011595809685189,38.106398101532335],[-3.011497989516585,38.10648829835955],[-3.011362901727879,38.106602426359956],[-3.011311866830997,38.10662981842114]]]},"properties":{"dn_surface":11283.3572643275,"provincia":23,"municipio":97,"agregado":0,"zona":0,"poligono":23,"parcela":190,"recinto":2,"uso_sigpac":"OV","idPanel":"23:97:0:0:23:190:2"},"id":1112597126},{"type":"Feature","geometry":{"type":"Polygon","coordinates":[[[-3.011374347217342,38.106694436192925],[-3.011540207488996,38.10676228937953],[-3.0111873729303396,38.10724630073065],[-3.010664451106009,38.107654254687844],[-3.0097029528776083,38.10734491215095],[-3.00960861706636,38.107309497769734],[-3.0094181072923902,38.10714926259365],[-3.0093770401553535,38.10712096528684],[-3.0096489382139704,38.10690266028212],[-3.009782278375761,38.106902651900214],[-3.0103221299691274,38.106058303348476],[-3.0103625114664436,38.10608128317557],[-3.0104460547385243,38.1061270064601],[-3.010464830202748,38.106236489209465],[-3.0104836098579226,38.10632333830438],[-3.0105050692077024,38.10640383223989],[-3.0105372532032284,38.10649068049659],[-3.0105721143787862,38.10655422789927],[-3.0106364639296515,38.10660718057571],[-3.0109457092364553,38.10677414139133],[-3.011102547226998,38.10677602229052],[-3.011218546906474,38.106757537678334],[-3.011301466564922,38.10672878020503],[-3.011374347217342,38.106694436192925]]]},"properties":{"dn_surface":15071.4847850081,"provincia":23,"municipio":97,"agregado":0,"zona":0,"poligono":23,"parcela":201,"recinto":1,"uso_sigpac":"OV","idPanel":"23:97:0:0:23:201:1"},"id":1112597110},{"type":"Feature","geometry":{"type":"Polygon","coordinates":[[[-3.0105641901270555,38.10618924209484],[-3.011311866830997,38.10662981842114],[-3.0111734824395766,38.10669500280963],[-3.0110962649901962,38.1067218559144],[-3.010969653820673,38.106720333760705],[-3.010791811617721,38.1066112918995],[-3.010678192398887,38.10652910398119],[-3.0106356374739494,38.10647295779947],[-3.010579950620529,38.10631397739431],[-3.0105641901270555,38.10618924209484]]]},"properties":{"dn_surface":1574.52110544503,"provincia":23,"municipio":97,"agregado":0,"zona":0,"poligono":23,"parcela":202,"recinto":1,"uso_sigpac":"OV","idPanel":"23:97:0:0:23:202:1"},"id":1112597108},{"type":"Feature","geometry":{"type":"Polygon","coordinates":[[[-3.010664451106009,38.107654254687844],[-3.0105954537895587,38.10772915537902],[-3.010253980063139,38.10797955301655],[-3.009928460452167,38.10814243435965],[-3.0094722292443947,38.10837075573929],[-3.0094618432275553,38.10832596284604],[-3.009428638316163,38.108245121061515],[-3.0094269141585777,38.108146701586804],[-3.0094239478028677,38.108142466210865],[-3.009359145629206,38.108049819353226],[-3.0092852197533975,38.107964202398165],[-3.0092746007196367,38.107885341257486],[-3.0092343156142123,38.10773798571455],[-3.0097029528776083,38.10734491215095],[-3.010664451106009,38.107654254687844]]]},"properties":{"dn_surface":7530.6712630771,"provincia":23,"municipio":97,"agregado":0,"zona":0,"poligono":23,"parcela":212,"recinto":1,"uso_sigpac":"OV","idPanel":"23:97:0:0:23:212:1"},"id":1112597087},{"type":"Feature","geometry":{"type":"Polygon","coordinates":[[[-3.0103127874992963,38.10538339078849],[-3.0104460547385243,38.1061270064601],[-3.0103625114664436,38.10608128317557],[-3.0103221299691274,38.106058303348476],[-3.0099231060921015,38.105830577922205],[-3.0103127874992963,38.10538339078849]]]},"properties":{"dn_surface":1703.51250807357,"provincia":23,"municipio":97,"agregado":0,"zona":0,"poligono":23,"parcela":191,"recinto":1,"uso_sigpac":"OV","idPanel":"23:97:0:0:23:191:1"},"id":1112597125},{"type":"Feature","geometry":{"type":"Polygon","coordinates":[[[-3.0141622463300672,38.10181948497561],[-3.0134422056007204,38.10197717205301],[-3.0133275839062077,38.10200070592393],[-3.013291527471186,38.10192572309009],[-3.0132859367414375,38.10191409738968],[-3.0129104777483926,38.101988306573844],[-3.012878539342644,38.10197478991597],[-3.0129962254611384,38.10186878984757],[-3.0139416195380164,38.10165286614168],[-3.0139764371276763,38.10169291403923],[-3.0140048945288296,38.10171184540684],[-3.014064801670748,38.10173195694654],[-3.0141157234119316,38.101756802585385],[-3.0141411867970938,38.1017804680522],[-3.0141622463300672,38.10181948497561]]]},"properties":{"dn_surface":1943.5947057187,"provincia":23,"municipio":97,"agregado":0,"zona":0,"poligono":23,"parcela":176,"recinto":1,"uso_sigpac":"OV","idPanel":"23:97:0:0:23:176:1"},"id":1112597153},{"type":"Feature","geometry":{"type":"Polygon","coordinates":[[[-3.0137672885145115,38.10093860222034],[-3.01370296830031,38.1009729470706],[-3.013667732453658,38.101009091515635],[-3.0135887078658468,38.10108714966995],[-3.013537569033358,38.10095756376282],[-3.013592638140478,38.10094162724937],[-3.01365785018923,38.100921594499596],[-3.0137500201165683,38.10089686117823],[-3.0137672885145115,38.10093860222034]]]},"properties":{"dn_surface":182.962180893322,"provincia":23,"municipio":48,"agregado":0,"zona":0,"poligono":15,"parcela":156,"recinto":2,"uso_sigpac":"OV","idPanel":"23:48:0:0:15:156:2"},"id":1112037733},{"type":"Feature","geometry":{"type":"Polygon","coordinates":[[[-3.0135887078658468,38.10108714966995],[-3.013547665874521,38.101178452070286],[-3.0135231647318994,38.101215687000945],[-3.0134269253903283,38.100979428796734],[-3.013488114125318,38.1009631687418],[-3.013537569033358,38.10095756376282],[-3.0135887078658468,38.10108714966995]]]},"properties":{"dn_surface":216.359696345388,"provincia":23,"municipio":48,"agregado":0,"zona":0,"poligono":15,"parcela":167,"recinto":4,"uso_sigpac":"OV","idPanel":"23:48:0:0:15:167:4"},"id":1112037707},{"type":"Feature","geometry":{"type":"Polygon","coordinates":[[[-3.0134905105115775,38.10126531289984],[-3.013443222325636,38.10133717682734],[-3.0132857590450803,38.10098470269051],[-3.0131619021691023,38.10101887235902],[-3.01312465801833,38.100941943247136],[-3.0131780096733873,38.10093056313653],[-3.013280655303934,38.10090574851071],[-3.0133234885080746,38.1009057493489],[-3.0133699192252705,38.100974102096956],[-3.013395450503853,38.101041048361566],[-3.013473453337607,38.10124933447685],[-3.0134905105115775,38.10126531289984]]]},"properties":{"dn_surface":406.629050904511,"provincia":23,"municipio":48,"agregado":0,"zona":0,"poligono":15,"parcela":167,"recinto":5,"uso_sigpac":"OV","idPanel":"23:48:0:0:15:167:5"},"id":1112037706},{"type":"Feature","geometry":{"type":"Polygon","coordinates":[[[-3.0137409567641296,38.10159347029588],[-3.013613158717045,38.101308410133925],[-3.0136693686012546,38.10120818268257],[-3.0137044552500214,38.10115697176573],[-3.013749618623383,38.101251214537854],[-3.013833280080305,38.10141815523687],[-3.0139006127506858,38.101553257274844],[-3.0137409567641296,38.10159347029588]]]},"properties":{"dn_surface":567.37566212274,"provincia":23,"municipio":97,"agregado":0,"zona":0,"poligono":23,"parcela":174,"recinto":1,"uso_sigpac":"OV","idPanel":"23:97:0:0:23:174:1"},"id":1112597157},{"type":"Feature","geometry":{"type":"Polygon","coordinates":[[[-3.0137409567641296,38.10159347029588],[-3.013272657291451,38.10165732531442],[-3.013396846929005,38.101570430957224],[-3.0135401892164464,38.101438560981364],[-3.013613158717045,38.101308410133925],[-3.0137409567641296,38.10159347029588]]]},"properties":{"dn_surface":578.216530480349,"provincia":23,"municipio":97,"agregado":0,"zona":0,"poligono":23,"parcela":175,"recinto":1,"uso_sigpac":"OV","idPanel":"23:97:0:0:23:175:1"},"id":1112597154},{"type":"Feature","geometry":{"type":"Polygon","coordinates":[[[-3.0139416195380164,38.10165286614168],[-3.0129962254611384,38.10186878984757],[-3.013272657291451,38.10165732531442],[-3.0137409567641296,38.10159347029588],[-3.0139006127506858,38.101553257274844],[-3.0139416195380164,38.10165286614168]]]},"properties":{"dn_surface":965.069918071584,"provincia":23,"municipio":97,"agregado":0,"zona":0,"poligono":23,"parcela":404,"recinto":4,"uso_sigpac":"OV","idPanel":"23:97:0:0:23:404:4"},"id":1112597526},{"type":"Feature","geometry":{"type":"Polygon","coordinates":[[[-3.0139836547849272,38.1015323402342],[-3.014028955621508,38.10163291804915],[-3.013990823827137,38.10164162768524],[-3.013948931910779,38.10154108675067],[-3.0139836547849272,38.1015323402342]]]},"properties":{"dn_surface":39.3364055704403,"provincia":23,"municipio":97,"agregado":0,"zona":0,"poligono":23,"parcela":404,"recinto":2,"uso_sigpac":"OV","idPanel":"23:97:0:0:23:404:2"},"id":1112597527},{"type":"Feature","geometry":{"type":"Polygon","coordinates":[[[-3.0139836547849272,38.1015323402342],[-3.013948931910779,38.10154108675067],[-3.0139015096143784,38.101449450750636],[-3.013753869924925,38.101140849174044],[-3.013743597063786,38.1010998423867],[-3.0139836547849272,38.1015323402342]]]},"properties":{"dn_surface":107.542749854141,"provincia":23,"municipio":97,"agregado":0,"zona":0,"poligono":23,"parcela":174,"recinto":2,"uso_sigpac":"OV","idPanel":"23:97:0:0:23:174:2"},"id":1112597156},{"type":"Feature","geometry":{"type":"Polygon","coordinates":[[[-3.002468803392726,38.10590508717851],[-3.002475549148801,38.1059102889879],[-3.0026911183001768,38.10607650884327],[-3.0035953035858456,38.10626432802613],[-3.0035624582581204,38.10634400053513],[-3.003530524881513,38.106421420826564],[-3.003049087613021,38.10686503140198],[-3.00244237441226,38.106682705718754],[-3.002075734020068,38.10657563025211],[-3.0020587740761804,38.106570677385236],[-3.002468803392726,38.10590508717851]]]},"properties":{"dn_surface":7706.19082006608,"provincia":23,"municipio":97,"agregado":0,"zona":0,"poligono":23,"parcela":227,"recinto":1,"uso_sigpac":"OV","idPanel":"23:97:0:0:23:227:1"},"id":1112597053},{"type":"Feature","geometry":{"type":"Polygon","coordinates":[[[-3.0026740560970637,38.107079806787084],[-3.0028026219265236,38.10741886568704],[-3.003232884320342,38.1076072288555],[-3.002992158561478,38.1080391441607],[-3.0029399678000788,38.10805211767121],[-3.002884663161466,38.108066944420614],[-3.002834776585387,38.10807880649068],[-3.0028820446547595,38.10809617211871],[-3.0028694977831534,38.10810176033388],[-3.002773811647225,38.10811694750515],[-3.002660076758121,38.10812640899803],[-3.0024979145823667,38.10809888282634],[-3.0024425806070907,38.108096453750676],[-3.002415470177857,38.10811269871817],[-3.002383253492907,38.10812014436323],[-3.002364632255711,38.10811973113536],[-3.0023670118781625,38.10800458389548],[-3.0023696412813448,38.10790792294412],[-3.0023659783894407,38.10785094527756],[-3.0021144265637947,38.107760029283014],[-3.0019461975661628,38.10790247973591],[-3.0018566008832512,38.10796781080768],[-3.0017665440338277,38.10803268841849],[-3.0017072579909714,38.10799562196408],[-3.001767807186711,38.10794358878246],[-3.0017781186046073,38.107913565641695],[-3.001690321516414,38.10786626739747],[-3.0016005328879074,38.10793090780041],[-3.0015950066988175,38.1079325188023],[-3.001584514231802,38.107927359740586],[-3.0015915055776534,38.107882570200104],[-3.0019192069981515,38.107808037474484],[-3.00194338292291,38.10762417706471],[-3.002063144400754,38.10747222237123],[-3.0021512985580445,38.1074155967446],[-3.0024819772307256,38.10720319176184],[-3.0026740560970637,38.107079806787084]],[[-3.002517061364922,38.107503698934096],[-3.002456603531933,38.107576763150206],[-3.0025472965678452,38.10761610529147],[-3.0026113108425623,38.10754585152765],[-3.002517061364922,38.107503698934096]]]},"properties":{"dn_surface":7510.21157613172,"provincia":23,"municipio":97,"agregado":0,"zona":0,"poligono":23,"parcela":234,"recinto":1,"uso_sigpac":"OV","idPanel":"23:97:0:0:23:234:1"},"id":1210294771},{"type":"Feature","geometry":{"type":"Polygon","coordinates":[[[-3.003049087613021,38.10686503140198],[-3.0026740560970637,38.107079806787084],[-3.002175475320993,38.106931276939434],[-3.002124770671115,38.10690868770905],[-3.0018859769410473,38.10680230374945],[-3.0020587740761804,38.106570677385236],[-3.002075734020068,38.10657563025211],[-3.00244237441226,38.106682705718754],[-3.003049087613021,38.10686503140198]]]},"properties":{"dn_surface":2805.62352027527,"provincia":23,"municipio":97,"agregado":0,"zona":0,"poligono":23,"parcela":236,"recinto":1,"uso_sigpac":"OV","idPanel":"23:97:0:0:23:236:1"},"id":1112597031},{"type":"Feature","geometry":{"type":"Polygon","coordinates":[[[-3.00212469020484,38.10696754543662],[-3.0021736530951353,38.10699553764212],[-3.0023852475477906,38.10712685357416],[-3.0024819772307256,38.10720319176184],[-3.0021512985580445,38.1074155967446],[-3.002102981912522,38.10739762342854],[-3.0020882188655866,38.10729947049839],[-3.0021050891231047,38.10726619853176],[-3.0021218956781563,38.107178014199604],[-3.0021471805287705,38.10714474390937],[-3.0021450850528533,38.10706322067608],[-3.00212469020484,38.10696754543662]]]},"properties":{"dn_surface":846.6733535836665,"provincia":23,"municipio":97,"agregado":0,"zona":0,"poligono":23,"parcela":238,"recinto":3,"uso_sigpac":"OV","idPanel":"23:97:0:0:23:238:3"},"id":1210294787},{"type":"Feature","geometry":{"type":"Polygon","coordinates":[[[-3.0018859769410473,38.10680230374945],[-3.002124770671115,38.10690868770905],[-3.002175475320993,38.106931276939434],[-3.0026740560970637,38.107079806787084],[-3.0024819772307256,38.10720319176184],[-3.0024760721795896,38.10719853142342],[-3.0023852475477906,38.10712685357416],[-3.0021736530951353,38.10699553764212],[-3.00212469020484,38.10696754543662],[-3.0021121709935166,38.106960388129096],[-3.002109572603379,38.10695890620849],[-3.001868753805384,38.10682159134802],[-3.0018859769410473,38.10680230374945]]]},"properties":{"dn_surface":654.064021325579,"provincia":23,"municipio":97,"agregado":0,"zona":0,"poligono":23,"parcela":237,"recinto":1,"uso_sigpac":"OV","idPanel":"23:97:0:0:23:237:1"},"id":1112597030},{"type":"Feature","geometry":{"type":"Polygon","coordinates":[[[-3.001868753805384,38.10682159134802],[-3.0021121709935166,38.106960388129096],[-3.00212469020484,38.10696754543662],[-3.0021450850528533,38.10706322067608],[-3.0021471805287705,38.10714474390937],[-3.0021218956781563,38.107178014199604],[-3.0021050891231047,38.10726619853176],[-3.0020882188655866,38.10729947049839],[-3.002102981912522,38.10739762342854],[-3.0021512985580445,38.1074155967446],[-3.002063144400754,38.10747222237123],[-3.00194338292291,38.10762417706471],[-3.0019192069981515,38.107808037474484],[-3.0015915055776534,38.107882570200104],[-3.001584514231802,38.107927359740586],[-3.001248430907632,38.10795227411106],[-3.0012391814769317,38.10799854557209],[-3.0012792528438115,38.10802776488828],[-3.001276174170594,38.10805942669123],[-3.001242273561196,38.10806429406267],[-3.001177447080013,38.10813540948615],[-3.001106155636528,38.10811004668386],[-3.001083570597086,38.10810202520207],[-3.0007901930721217,38.10805695738236],[-3.000966459477184,38.107852065099934],[-3.0010241621784366,38.10778499059214],[-3.0010416158164506,38.107764702194316],[-3.0010582782027586,38.10774533329132],[-3.0011061455782433,38.10768969253837],[-3.001415593727118,38.10732999739156],[-3.001868753805384,38.10682159134802]]]},"properties":{"dn_surface":7471.90139447443,"provincia":23,"municipio":97,"agregado":0,"zona":0,"poligono":23,"parcela":238,"recinto":1,"uso_sigpac":"OV","idPanel":"23:97:0:0:23:238:1"},"id":1210294786},{"type":"Feature","geometry":{"type":"Polygon","coordinates":[[[-3.0021144265637947,38.107760029283014],[-3.0023659783894407,38.10785094527756],[-3.0023696412813448,38.10790792294412],[-3.0023670118781625,38.10800458389548],[-3.002364632255711,38.10811973113536],[-3.002364566038672,38.1081229212879],[-3.002415860774568,38.10812086939788],[-3.0024407273681892,38.108142679949395],[-3.0027220240553922,38.108388906751685],[-3.002765941877868,38.10842739058597],[-3.002690993409811,38.10846778884712],[-3.002602026207866,38.10847490089239],[-3.0023943695735555,38.1085391842262],[-3.0023365595839357,38.10851381388014],[-3.0023622568242105,38.10845968354624],[-3.0023210589294766,38.108405435865706],[-3.0022301186274065,38.10825912554617],[-3.0021931217427924,38.108198884804494],[-3.00219302367452,38.10812978271423],[-3.0021850767916485,38.10811574386378],[-3.002169563564334,38.108088344258874],[-3.002105333036502,38.10809173390069],[-3.0020939395148423,38.108113743941544],[-3.0019936240535148,38.108112219273295],[-3.0018740654177405,38.108115098457205],[-3.001795972897617,38.10812577867887],[-3.0017328990724916,38.10815069891663],[-3.0016998601227907,38.108168497889125],[-3.0015651746654615,38.10829772337439],[-3.001530143337258,38.108275254005235],[-3.001354137609401,38.10819828382199],[-3.001197865397356,38.10814267324389],[-3.001177447080013,38.10813540948615],[-3.001242273561196,38.10806429406267],[-3.001276174170594,38.10805942669123],[-3.0012792528438115,38.10802776488828],[-3.0012391814769317,38.10799854557209],[-3.001248430907632,38.10795227411106],[-3.001584514231802,38.107927359740586],[-3.0015950066988175,38.1079325188023],[-3.00158316306893,38.107935969632024],[-3.001521359102211,38.10801358522184],[-3.0015664512293907,38.10804303755495],[-3.001624769162373,38.10806882448159],[-3.001668117015398,38.10802925686713],[-3.0017072579909714,38.10799562196408],[-3.0017665440338277,38.10803268841849],[-3.0018566008832512,38.10796781080768],[-3.0019461975661628,38.10790247973591],[-3.0021144265637947,38.107760029283014]]]},"properties":{"dn_surface":3985.179991591198,"provincia":23,"municipio":97,"agregado":0,"zona":0,"poligono":23,"parcela":233,"recinto":1,"uso_sigpac":"OV","idPanel":"23:97:0:0:23:233:1"},"id":1210294779},{"type":"Feature","geometry":{"type":"Polygon","coordinates":[[[-3.00219302367452,38.10812978271423],[-3.0021931217427924,38.108198884804494],[-3.0022301186274065,38.10825912554617],[-3.0021068660866836,38.108350873025586],[-3.002155129926212,38.108756626733054],[-3.002082238377317,38.10867992812351],[-3.001963719935788,38.10858826781592],[-3.001690751508072,38.10837827011591],[-3.0015961365794324,38.10831758261875],[-3.001675594511663,38.10824261068137],[-3.0017353826305495,38.10819536859589],[-3.0018056330415983,38.10816702267405],[-3.0018796393836817,38.10814231785122],[-3.002052206016464,38.1081354153535],[-3.002083365743361,38.108134168964426],[-3.00219302367452,38.10812978271423]]]},"properties":{"dn_surface":1873.070559992291,"provincia":23,"municipio":97,"agregado":0,"zona":0,"poligono":23,"parcela":241,"recinto":1,"uso_sigpac":"OV","idPanel":"23:97:0:0:23:241:1"},"id":1210294783},{"type":"Feature","geometry":{"type":"Polygon","coordinates":[[[-3.0022301186274065,38.10825912554617],[-3.0023210589294766,38.108405435865706],[-3.0023622568242105,38.10845968354624],[-3.0023365595839357,38.10851381388014],[-3.0023943695735555,38.1085391842262],[-3.002602026207866,38.10847490089239],[-3.002690993409811,38.10846778884712],[-3.002672285839009,38.108477872277234],[-3.0023847538536637,38.108632856190695],[-3.002155129926212,38.108756626733054],[-3.0021068660866836,38.108350873025586],[-3.0022301186274065,38.10825912554617]]]},"properties":{"dn_surface":1011.6374493445373,"provincia":23,"municipio":97,"agregado":0,"zona":0,"poligono":23,"parcela":232,"recinto":1,"uso_sigpac":"OV","idPanel":"23:97:0:0:23:232:1"},"id":1210294785},{"type":"Feature","geometry":{"type":"Polygon","coordinates":[[[-3.004947708655757,38.10720464853674],[-3.005023258944497,38.10725116307296],[-3.0051252809614106,38.10732575028098],[-3.005222734840824,38.10738710413946],[-3.005312575437133,38.10745327088702],[-3.0053635877028753,38.10750331755747],[-3.005422974328576,38.10755143806645],[-3.005493019382985,38.10759595016589],[-3.005538700757992,38.107618806779016],[-3.005573722027911,38.1076296328458],[-3.0056631921440773,38.10764348813257],[-3.005681404344374,38.10762683328994],[-3.005687358010552,38.10764018817707],[-3.005768621404833,38.107639248565704],[-3.005788417784924,38.10765488752159],[-3.005872168090025,38.10771142932916],[-3.005923942270812,38.107766769171775],[-3.005968103168493,38.107812484912586],[-3.0060092172441912,38.10784496646568],[-3.006059465918509,38.10786180654836],[-3.006112759738431,38.10787744466606],[-3.006197800856697,38.10790172704097],[-3.0062482825479373,38.107950826556305],[-3.006351068994467,38.10803082679766],[-3.0064180697414615,38.108083759357555],[-3.0064606305337334,38.10806939193648],[-3.0065125287666934,38.1081024987796],[-3.0064673628787615,38.10814260702685],[-3.006220234183683,38.108361820629966],[-3.006183577604358,38.108325894114415],[-3.006059493578791,38.108166591844196],[-3.0060155388759395,38.10810737118018],[-3.005919895487719,38.107972581787266],[-3.0057534526737597,38.10778844812742],[-3.005622554998699,38.107680653493446],[-3.005565754190281,38.10767201510353],[-3.005485628220327,38.10774349933081],[-3.0054391044640005,38.10779252173262],[-3.0054029248149945,38.10781728103785],[-3.005356402735048,38.107898983643906],[-3.005304709020537,38.10790511500642],[-3.005317644812473,38.108070542771856],[-3.005395438098635,38.108156745621955],[-3.0054076815453272,38.10822693149237],[-3.005412653690585,38.108255434993964],[-3.005449489642649,38.10832536270175],[-3.0055115274644812,38.10843769446018],[-3.0055554821673316,38.10850099794945],[-3.005648535547318,38.108617410856795],[-3.0057145011292095,38.10865352847972],[-3.0057228017284157,38.108658073147865],[-3.005732206224335,38.10866322298952],[-3.005756210320068,38.10867636497625],[-3.0057397859798245,38.10869369959124],[-3.005718148933688,38.1087165360878],[-3.0056415031301387,38.10879742900195],[-3.005340244939342,38.10911538562121],[-3.005811706904275,38.109361961110665],[-3.0054470303921117,38.10933412145579],[-3.0052895109528013,38.10942966090843],[-3.0049224439217115,38.10946499901431],[-3.0041213007306333,38.10879653968192],[-3.0042412759470207,38.10845324289147],[-3.0042575343255713,38.108433186672386],[-3.004324400962108,38.10840472508028],[-3.0044138710782744,38.10834508615926],[-3.004491072602038,38.108293782203305],[-3.004684081859683,38.108195330877294],[-3.0047648054593683,38.10818285022279],[-3.0048841193435565,38.108196713053246],[-3.004922717171771,38.108162059748906],[-3.0049244673132574,38.10807610667953],[-3.0048648174957817,38.10803034735281],[-3.0047530900726076,38.10800834988481],[-3.004804725951983,38.107964651668226],[-3.0052909501256613,38.10750661332199],[-3.0049301418620433,38.10722966097546],[-3.004947708655757,38.10720464853674]],[[-3.005289107783234,38.10899640366043],[-3.0052048973116214,38.109093579260616],[-3.005279761122451,38.109132658210115],[-3.0053626330040477,38.10902492057309],[-3.005289107783234,38.10899640366043]]]},"properties":{"dn_surface":18506.471069335938,"provincia":23,"municipio":97,"agregado":0,"zona":0,"poligono":23,"parcela":219,"recinto":1,"uso_sigpac":"OV","idPanel":"23:97:0:0:23:219:1"},"id":1305684543},{"type":"Feature","geometry":{"type":"Polygon","coordinates":[[[-3.005565754190281,38.10767201510353],[-3.005622554998699,38.107680653493446],[-3.0057534526737597,38.10778844812742],[-3.005919895487719,38.107972581787266],[-3.0060155388759395,38.10810737118018],[-3.006059493578791,38.108166591844196],[-3.006183577604358,38.108325894114415],[-3.006220234183683,38.108361820629966],[-3.0062456129116186,38.108402067178616],[-3.006118975758193,38.108532785480946],[-3.0060060983378354,38.10865299371426],[-3.0059794044892136,38.10868142094054],[-3.005976363534561,38.10869763154224],[-3.0059755856939008,38.108701783937335],[-3.005969062896464,38.10873656129385],[-3.0059581932437833,38.10874085785767],[-3.0059277149656545,38.10875290349142],[-3.0058867417059383,38.108714658541345],[-3.005870836205532,38.10869981251358],[-3.005839819809187,38.1086752996363],[-3.0058325459931816,38.10867539267542],[-3.00578397872874,38.108676011259945],[-3.005756210320068,38.10867636497625],[-3.005732206224335,38.10866322298952],[-3.0057228017284157,38.108658073147865],[-3.0057145011292095,38.10865352847972],[-3.005648535547318,38.108617410856795],[-3.0055554821673316,38.10850099794945],[-3.0055115274644812,38.10843769446018],[-3.005449489642649,38.10832536270175],[-3.005412653690585,38.108255434993964],[-3.0054076815453272,38.10822693149237],[-3.005395438098635,38.108156745621955],[-3.005317644812473,38.108070542771856],[-3.005304709020537,38.10790511500642],[-3.005356402735048,38.107898983643906],[-3.0054029248149945,38.10781728103785],[-3.0054391044640005,38.10779252173262],[-3.005485628220327,38.10774349933081],[-3.005565754190281,38.10767201510353]]]},"properties":{"dn_surface":5382.6934814453125,"provincia":23,"municipio":97,"agregado":0,"zona":0,"poligono":23,"parcela":221,"recinto":1,"uso_sigpac":"OV","idPanel":"23:97:0:0:23:221:1"},"id":1305684544},{"type":"Feature","geometry":{"type":"Polygon","coordinates":[[[-3.004263939776358,38.108425285051766],[-3.0042575343255713,38.108433186672386],[-3.0042412759470207,38.10845324289147],[-3.0041213007306333,38.10879653968192],[-3.004045682548474,38.108920195392244],[-3.003975650905111,38.10900716937749],[-3.003765535858455,38.10895327625147],[-3.003494390494788,38.10880420828562],[-3.003291229075416,38.10865405821602],[-3.0033827091720826,38.10862701903295],[-3.0035295048038364,38.108490745204875],[-3.0033009017922523,38.108235236282496],[-3.0032212820892794,38.10820900930591],[-3.003113374299608,38.108174040842016],[-3.002765941877868,38.10842739058597],[-3.0027220240553922,38.108388906751685],[-3.0027287513712797,38.10832149110044],[-3.002814635709055,38.10817503409757],[-3.0028569006201264,38.10811858532912],[-3.0028694977831534,38.10810176033388],[-3.0028820446547595,38.10809617211871],[-3.002947063081536,38.10812005551503],[-3.0029772597277025,38.10806587740427],[-3.003094181416582,38.10803684584272],[-3.0031427922669223,38.10802073833844],[-3.003261966173319,38.10798976217524],[-3.003381140917905,38.10797737120703],[-3.0034642500073754,38.10797737036884],[-3.0035442225884927,38.10796250170992],[-3.0036360471814,38.107934434905474],[-3.003659369828365,38.107951823164655],[-3.003756765872643,38.10799123403754],[-3.00381854217908,38.107983620754396],[-3.0038276683957976,38.107983288831036],[-3.0038367275572853,38.10798422928062],[-3.0038535215394804,38.10798977474809],[-3.003869450509218,38.10799788759266],[-3.003973195845526,38.108001740753764],[-3.0040417355100355,38.10805166253385],[-3.0041304981935317,38.10808911036486],[-3.0042244836412055,38.108092752302014],[-3.004324958358702,38.10808569893007],[-3.0043354902206647,38.10808581040942],[-3.0043457748164695,38.108087602460415],[-3.004363931696202,38.10809587120838],[-3.0043764509075257,38.10810914898198],[-3.004383830335518,38.10813031915609],[-3.004413286021398,38.10823032532514],[-3.0044148090132956,38.10823670227745],[-3.004411726987316,38.1082522750163],[-3.0044014214367523,38.1082657698812],[-3.0043751240521743,38.10829544768754],[-3.0042930752735186,38.10830130580001],[-3.0042723728096408,38.10833726500496],[-3.0042484005651415,38.10836853034385],[-3.004263939776358,38.108425285051766]]]},"properties":{"dn_surface":8619.73309233024,"provincia":23,"municipio":97,"agregado":0,"zona":0,"poligono":23,"parcela":229,"recinto":1,"uso_sigpac":"OV","idPanel":"23:97:0:0:23:229:1"},"id":1112597048},{"type":"Feature","geometry":{"type":"Polygon","coordinates":[[[-3.007170297819095,38.108452806194265],[-3.0068979077427334,38.10872409237393],[-3.0068546805891203,38.10876717535882],[-3.005811706904275,38.109361961110665],[-3.005340244939342,38.10911538562121],[-3.0056415031301387,38.10879742900195],[-3.0057142027334396,38.108820744105174],[-3.005830273659096,38.10882694922847],[-3.0059289865004413,38.108829051409884],[-3.006003388468378,38.108805299609486],[-3.0060018671528614,38.10897214391662],[-3.0060166201415135,38.10897616723037],[-3.006026342311581,38.10894917666238],[-3.006033127462603,38.108774408941684],[-3.00606556459162,38.10874381499329],[-3.006141421658034,38.108690840523906],[-3.0061903719754737,38.10867013722182],[-3.0062290133895884,38.10866519189864],[-3.006293891000383,38.10866385163223],[-3.006424148298004,38.10863820300702],[-3.0064775418625795,38.108622947942365],[-3.0065640431084653,38.10856360322617],[-3.0066172061706906,38.10850322334488],[-3.0066500707767947,38.10846894219705],[-3.0067409012759265,38.1084122235313],[-3.0068028443822477,38.10839059821981],[-3.0068483589573716,38.10838791684884],[-3.006888761409447,38.10841080028405],[-3.006934276822762,38.10844676032718],[-3.006963781961875,38.10846117720149],[-3.007017260183678,38.108461178039676],[-3.007170297819095,38.108452806194265]]]},"properties":{"dn_surface":6340.75244140625,"provincia":23,"municipio":97,"agregado":0,"zona":0,"poligono":23,"parcela":215,"recinto":1,"uso_sigpac":"OV","idPanel":"23:97:0:0:23:215:1"},"id":1305684549},{"type":"Feature","geometry":{"type":"Polygon","coordinates":[[[-3.003291229075416,38.10865405821602],[-3.003494390494788,38.10880420828562],[-3.003765535858455,38.10895327625147],[-3.003975650905111,38.10900716937749],[-3.003924781131731,38.1090703496528],[-3.002939943492558,38.1094392498062],[-3.0028949955341218,38.10933587411185],[-3.0028427486139684,38.10925854518317],[-3.0027186386044997,38.109161388023125],[-3.0025808409463375,38.10906134665004],[-3.0023991254656983,38.108924714076494],[-3.002155129926212,38.108756626733054],[-3.003045304859895,38.10872670249876],[-3.003291229075416,38.10865405821602]]]},"properties":{"dn_surface":6665.84506771949,"provincia":23,"municipio":97,"agregado":0,"zona":0,"poligono":23,"parcela":230,"recinto":1,"uso_sigpac":"OV","idPanel":"23:97:0:0:23:230:1"},"id":1112597044},{"type":"Feature","geometry":{"type":"Polygon","coordinates":[[[-3.00358787135186,38.10789851761007],[-3.00352069961403,38.10793524375919],[-3.003417205734831,38.107948873572724],[-3.003323119704313,38.10795383063058],[-3.0032290345119854,38.1079649827534],[-3.0029921593996676,38.1080391441607],[-3.003232884320342,38.1076072288555],[-3.00358787135186,38.10789851761007]]]},"properties":{"dn_surface":1077.79849983804,"provincia":23,"municipio":97,"agregado":0,"zona":0,"poligono":23,"parcela":229,"recinto":4,"uso_sigpac":"OV","idPanel":"23:97:0:0:23:229:4"},"id":1112597045},{"type":"Feature","geometry":{"type":"Polygon","coordinates":[[[-3.0047530900726076,38.10800834988481],[-3.0048648174957817,38.10803034735281],[-3.0049244673132574,38.10807610667953],[-3.004922717171771,38.108162059748906],[-3.0048841193435565,38.108196713053246],[-3.0047648054593683,38.10818285022279],[-3.004684081859683,38.108195330877294],[-3.004491072602038,38.108293782203305],[-3.0044138710782744,38.10834508615926],[-3.004324400962108,38.10840472508028],[-3.0042575343255713,38.108433186672386],[-3.004263939776358,38.108425285051766],[-3.0043057176988253,38.10837374975526],[-3.004398811311949,38.10829280403513],[-3.0044920901651433,38.108211697382444],[-3.0045868744082376,38.10814265815645],[-3.004640710537327,38.10810345096385],[-3.004744315057654,38.108015775413264],[-3.0047530900726076,38.10800834988481]]]},"properties":{"dn_surface":675.3189697265625,"provincia":23,"municipio":97,"agregado":0,"zona":0,"poligono":23,"parcela":219,"recinto":8,"uso_sigpac":"OV","idPanel":"23:97:0:0:23:219:8"},"id":1305684553},{"type":"Feature","geometry":{"type":"Polygon","coordinates":[[[-3.0049224439217115,38.10946499901431],[-3.004446681202005,38.10967581646446],[-3.0042180991451803,38.1098328220931],[-3.004077809547055,38.110044082107805],[-3.003899534837873,38.1102639033989],[-3.0037929505507908,38.11035944871887],[-3.0036501933202264,38.110487421109525],[-3.003639351327827,38.11039522100734],[-3.0035106539024796,38.10994792323248],[-3.003408666251371,38.10977073481803],[-3.0032587776971624,38.10971026022122],[-3.002986603873915,38.10957606259069],[-3.002965271929072,38.10955055645783],[-3.002939943492558,38.1094392498062],[-3.003924781131731,38.1090703496528],[-3.003975650905111,38.10900716937749],[-3.004045682548474,38.108920195392244],[-3.0041213007306333,38.10879653968192],[-3.0049224439217115,38.10946499901431]]]},"properties":{"dn_surface":13077.0822224108,"provincia":23,"municipio":97,"agregado":0,"zona":0,"poligono":23,"parcela":218,"recinto":1,"uso_sigpac":"OV","idPanel":"23:97:0:0:23:218:1"},"id":1112597075},{"type":"Feature","geometry":{"type":"Polygon","coordinates":[[[-3.005811706904275,38.109361961110665],[-3.0061857703103585,38.10973823063378],[-3.0054978549032128,38.110086411559536],[-3.0053831024510025,38.110097681029],[-3.00482214019505,38.1104509908416],[-3.0045693746697526,38.110618541743236],[-3.0041715603014265,38.11085394583145],[-3.004088059777055,38.110772155215415],[-3.004103822785098,38.11072224768458],[-3.0040529488207666,38.110669560714484],[-3.0039283794829768,38.11062796467931],[-3.0039459177782186,38.11056558571403],[-3.0039248565688634,38.110475463485756],[-3.003891493239492,38.11041169228625],[-3.0037929505507908,38.11035944871887],[-3.003899534837873,38.1102639033989],[-3.004077809547055,38.110044082107805],[-3.0042180991451803,38.1098328220931],[-3.004446681202005,38.10967581646446],[-3.0049224439217115,38.10946499901431],[-3.0052895109528013,38.10942966090843],[-3.0054470303921117,38.10933412145579],[-3.005811706904275,38.109361961110665]]]},"properties":{"dn_surface":16269.2525472878,"provincia":23,"municipio":97,"agregado":0,"zona":0,"poligono":23,"parcela":216,"recinto":1,"uso_sigpac":"OV","idPanel":"23:97:0:0:23:216:1"},"id":1112597078},{"type":"Feature","geometry":{"type":"Polygon","coordinates":[[[-3.002593579763536,38.11073311649906],[-3.002587989033787,38.11055448555899],[-3.003170083745276,38.11056935086518],[-3.003339934641268,38.11056935086518],[-3.0035725944942286,38.110565884109775],[-3.003485273498164,38.110523156517644],[-3.003225682588707,38.11039613463484],[-3.0031356760307055,38.11036288949032],[-3.003110792673277,38.11035369789474],[-3.0030812992688296,38.11037490746381],[-3.003050670116434,38.11039693510665],[-3.003009286981629,38.110361010267525],[-3.002996922835524,38.11035027723986],[-3.0029610424204787,38.11032693196174],[-3.002784772662656,38.11021223985924],[-3.00273322898422,38.110133323397974],[-3.002676592461115,38.11004660925178],[-3.0027892377027414,38.10993873918065],[-3.002592283921228,38.10983794846538],[-3.00259171646635,38.10983770706653],[-3.0028675246830296,38.10973775202709],[-3.002882242467686,38.10976072850144],[-3.0029376703202826,38.10961571905335],[-3.0029784340324066,38.109635818020166],[-3.003225014550985,38.109757399209286],[-3.003356314557422,38.10981030243252],[-3.0034454150316354,38.10996531903538],[-3.0035350678733033,38.11020848728094],[-3.0036054758641404,38.11039945722143],[-3.0036501933202264,38.110487421109525],[-3.003713770059572,38.110539343649975],[-3.003856555788609,38.11065595520844],[-3.003716943448301,38.11076978565126],[-3.0035829109412675,38.11071039734915],[-3.003454587348824,38.11083882822999],[-3.003260338407626,38.110995289873074],[-3.0031084029925403,38.11115454436643],[-3.0028321203601127,38.11114129676764],[-3.0026631822534307,38.11114165802772],[-3.0025526542806715,38.111135980126164],[-3.0025935931745824,38.11095834076531],[-3.002593579763536,38.11073311649906]]]},"properties":{"dn_surface":9982.530151367188,"provincia":23,"municipio":97,"agregado":0,"zona":0,"poligono":23,"parcela":246,"recinto":1,"uso_sigpac":"OV","idPanel":"23:97:0:0:23:246:1"},"id":1328611497},{"type":"Feature","geometry":{"type":"Polygon","coordinates":[[[-3.00673871695183,38.11029312271509],[-3.0063027431288507,38.1102734906203],[-3.0060071879853116,38.110248264443044],[-3.0058220510115956,38.11021988080262],[-3.0056476386836257,38.110208709401434],[-3.0053044131393376,38.110304793677756],[-3.004988805129456,38.110568782572074],[-3.00482214019505,38.1104509908416],[-3.0053831024510025,38.110097681029],[-3.0054978549032128,38.110086411559536],[-3.0061857703103585,38.10973823063378],[-3.006371835999002,38.10994533657703],[-3.00673871695183,38.11029312271509]]]},"properties":{"dn_surface":4609.01855335298,"provincia":23,"municipio":97,"agregado":0,"zona":0,"poligono":23,"parcela":217,"recinto":1,"uso_sigpac":"OV","idPanel":"23:97:0:0:23:217:1"},"id":1112597076},{"type":"Feature","geometry":{"type":"Polygon","coordinates":[[[-3.0060376117810668,38.107790426256656],[-3.0060120964281016,38.107815820072034],[-3.0059728590606367,38.10776679934659],[-3.0059014896654475,38.107698330928315],[-3.005817377262108,38.107639932529025],[-3.0057256222390007,38.10761174167243],[-3.00559563902963,38.10761174586335],[-3.005511529979052,38.10758355416854],[-3.0052438999857833,38.10737613725669],[-3.0049566018555525,38.107191986833016],[-3.0048622660443045,38.107133676443766],[-3.0048924861598003,38.107105610477504],[-3.005088096322155,38.10692394528829],[-3.005170569225137,38.10698000262187],[-3.0054019055755083,38.10715601505524],[-3.0055022738428274,38.10705705243316],[-3.0062244653686556,38.10760446450362],[-3.0060376117810668,38.107790426256656]]]},"properties":{"dn_surface":4233.1434326171875,"provincia":23,"municipio":97,"agregado":0,"zona":0,"poligono":23,"parcela":219,"recinto":3,"uso_sigpac":"OV","idPanel":"23:97:0:0:23:219:3"},"id":1305684551},{"type":"Feature","geometry":{"type":"Polygon","coordinates":[[[-3.004649469626663,38.10599998122453],[-3.004793090193307,38.1060797937113],[-3.0048267033034084,38.10609253420489],[-3.005118483237534,38.106079712406824],[-3.005162657546261,38.10608859806291],[-3.0056287483873216,38.10641693818445],[-3.005509073243086,38.10653296217146],[-3.005088096322155,38.10692394528829],[-3.0048924861598003,38.107105610477504],[-3.0048622660443045,38.107133676443766],[-3.0048052313807747,38.107098438082545],[-3.004722853193304,38.10704752220869],[-3.0046501443699096,38.10700258347035],[-3.004304353963098,38.10678886001415],[-3.0042519972400066,38.10675650502782],[-3.004135762029038,38.1066909836868],[-3.004499823309471,38.10628207000164],[-3.004391231556459,38.10622168676758],[-3.004649469626663,38.10599998122453]]]},"properties":{"dn_surface":8978.79490338288,"provincia":23,"municipio":97,"agregado":0,"zona":0,"poligono":23,"parcela":225,"recinto":2,"uso_sigpac":"OV","idPanel":"23:97:0:0:23:225:2"},"id":1112597057},{"type":"Feature","geometry":{"type":"Polygon","coordinates":[[[-3.0049566018555525,38.107191986833016],[-3.004947708655757,38.10720464853674],[-3.0049301418620433,38.10722966097546],[-3.0052909501256613,38.10750661332199],[-3.004804725951983,38.107964651668226],[-3.0047530900726076,38.10800834988481],[-3.004744315057654,38.108015775413264],[-3.004515695282262,38.10799376704881],[-3.004418128247149,38.107994855858095],[-3.004316452402857,38.10796727771864],[-3.004199772112803,38.10791933071505],[-3.0040980971067013,38.10791019360187],[-3.0039499863542614,38.10792905204693],[-3.0037745480812816,38.10790264653579],[-3.0036843713706354,38.10791730145618],[-3.003690536260786,38.10785315390919],[-3.003810034546854,38.10779788028361],[-3.0039033033417644,38.10777715183585],[-3.0039819951679996,38.10771957570134],[-3.004075261448339,38.1076596970579],[-3.0041539549509553,38.1076251510419],[-3.004203499545366,38.10755605984815],[-3.0042617864653045,38.10746393937404],[-3.0043637942329826,38.10737872642673],[-3.0044832866517175,38.10725666579273],[-3.0046144349456987,38.107104664998786],[-3.004722853193304,38.10704752220869],[-3.0048052313807747,38.107098438082545],[-3.0048622660443045,38.107133676443766],[-3.0049566018555525,38.107191986833016]]]},"properties":{"dn_surface":7271.62956859265,"provincia":23,"municipio":97,"agregado":0,"zona":0,"poligono":23,"parcela":228,"recinto":3,"uso_sigpac":"OV","idPanel":"23:97:0:0:23:228:3"},"id":1112597050},{"type":"Feature","geometry":{"type":"Polygon","coordinates":[[[-3.0035624582581204,38.10634400053513],[-3.0035953035858456,38.10626432802613],[-3.0026911183001768,38.10607650884327],[-3.002475549148801,38.1059102889879],[-3.002468803392726,38.10590508717851],[-3.0027623644813812,38.105167844268266],[-3.0027947731119258,38.10516948041584],[-3.0028801897394772,38.10517379206709],[-3.0030014373288414,38.10517703586382],[-3.003141503130138,38.10515801816257],[-3.0032668544995405,38.10512791455554],[-3.0033943742674216,38.10510961769802],[-3.00358223200707,38.10510375790918],[-3.0038945283268106,38.10505427450266],[-3.003997521806361,38.104995058867786],[-3.004086835180929,38.10505391072803],[-3.0041863007172225,38.10512547039244],[-3.0042880478076963,38.10519252394545],[-3.004406445549812,38.10522469704446],[-3.004545147615382,38.10527237247439],[-3.0045938540194244,38.10530184240949],[-3.0046782648185344,38.105377728812556],[-3.004822784763442,38.10542549309062],[-3.0050434995654816,38.10549768055961],[-3.0051763837517127,38.10552931218771],[-3.0049018562899144,38.10578329727997],[-3.004674812312413,38.10597822347901],[-3.004649469626663,38.10599998122453],[-3.004391231556459,38.10622168676758],[-3.004499823309471,38.10628207000164],[-3.004135762029038,38.1066909836868],[-3.0035624582581204,38.10634400053513]]]},"properties":{"dn_surface":24737.5281670486,"provincia":23,"municipio":97,"agregado":0,"zona":0,"poligono":23,"parcela":226,"recinto":1,"uso_sigpac":"OV","idPanel":"23:97:0:0:23:226:1"},"id":1112597054},{"type":"Feature","geometry":{"type":"Polygon","coordinates":[[[-3.0046501443699096,38.10700258347035],[-3.0045240822150747,38.10712539344658],[-3.0043404732623977,38.107330363680745],[-3.004232637557098,38.10742248583122],[-3.0040898308733,38.10760212176157],[-3.0039965645929607,38.10765048618396],[-3.0038712400456506,38.1077472133523],[-3.003737166467289,38.10777945685933],[-3.0036584738028624,38.10784163884995],[-3.00358787135186,38.10789851761007],[-3.003232884320342,38.1076072288555],[-3.003675543549689,38.107153253218],[-3.003049087613021,38.10686503140198],[-3.003530524881513,38.106421420826564],[-3.0035624582581204,38.10634400053513],[-3.004135762029038,38.1066909836868],[-3.0042519972400066,38.10675650502782],[-3.004304353963098,38.10678886001415],[-3.0046501443699096,38.10700258347035]]]},"properties":{"dn_surface":11575.9887258854,"provincia":23,"municipio":97,"agregado":0,"zona":0,"poligono":23,"parcela":228,"recinto":1,"uso_sigpac":"OV","idPanel":"23:97:0:0:23:228:1"},"id":1112597052},{"type":"Feature","geometry":{"type":"Polygon","coordinates":[[[-3.003232884320342,38.1076072288555],[-3.0028026219265236,38.10741886568704],[-3.0026740560970637,38.107079806787084],[-3.003049087613021,38.10686503140198],[-3.003675543549689,38.107153253218],[-3.003232884320342,38.1076072288555]]]},"properties":{"dn_surface":4141.23840454814,"provincia":23,"municipio":97,"agregado":0,"zona":0,"poligono":23,"parcela":235,"recinto":1,"uso_sigpac":"OV","idPanel":"23:97:0:0:23:235:1"},"id":1112597032},{"type":"Feature","geometry":{"type":"Polygon","coordinates":[[[-3.005177556380037,38.10533944111478],[-3.0050665355513413,38.10544666745571],[-3.0048491290866806,38.10537556209047],[-3.0047192095797777,38.10533266350748],[-3.0046408446477857,38.10526218594683],[-3.004647444558736,38.1052560009401],[-3.004662485884874,38.10524190425454],[-3.004686696175438,38.10521921611766],[-3.0047606622843834,38.105149898612495],[-3.004764905204022,38.1051459222374],[-3.00482946849343,38.105170130851576],[-3.004976870136819,38.105220019104024],[-3.0050610990486204,38.105256615333644],[-3.005140135371097,38.10531200379131],[-3.005177556380037,38.10533944111478]]]},"properties":{"dn_surface":810.546732490303,"provincia":23,"municipio":97,"agregado":0,"zona":0,"poligono":23,"parcela":254,"recinto":3,"uso_sigpac":"OV","idPanel":"23:97:0:0:23:254:3"},"id":1112597005},{"type":"Feature","geometry":{"type":"Polygon","coordinates":[[[-3.0116199998591844,38.10983968100487],[-3.0116633510649704,38.10987185326573],[-3.0115023120643083,38.110018862636025],[-3.011338958820042,38.10997867895165],[-3.011050693418127,38.10989722612629],[-3.0110017581881134,38.10989524632069],[-3.011309695917946,38.109609339586484],[-3.0116199998591844,38.10983968100487]]]},"properties":{"dn_surface":1323.3715524286,"provincia":23,"municipio":97,"agregado":0,"zona":0,"poligono":23,"parcela":150,"recinto":1,"uso_sigpac":"OV","idPanel":"23:97:0:0:23:150:1"},"id":1112597188},{"type":"Feature","geometry":{"type":"Polygon","coordinates":[[[-3.0121161213847176,38.10981242221595],[-3.0122619623176425,38.10991820435484],[-3.0124132757954762,38.11002072258043],[-3.0124623107701427,38.11005733222112],[-3.012589219497246,38.11014997572602],[-3.012661708714766,38.1101977902955],[-3.012192042991789,38.11042050166702],[-3.0121216500883783,38.11035156050929],[-3.011961708278906,38.1102590133963],[-3.011877745073452,38.11020990130811],[-3.011751339260568,38.11010905946327],[-3.011646501762211,38.11005949810502],[-3.011614709201586,38.1100502788492],[-3.0115284342671,38.11002525970491],[-3.0115023120643083,38.110018862636025],[-3.0116633510649704,38.10987185326573],[-3.0116199998591844,38.10983968100487],[-3.0117438558969702,38.109911249889365],[-3.0119085083363064,38.11000639287792],[-3.0121161213847176,38.10981242221595]]]},"properties":{"dn_surface":3069.8845072917834,"provincia":23,"municipio":97,"agregado":0,"zona":0,"poligono":23,"parcela":417,"recinto":1,"uso_sigpac":"OV","idPanel":"23:97:0:0:23:417:1"},"id":1179153877},{"type":"Feature","geometry":{"type":"Polygon","coordinates":[[[-3.010293454638478,38.110807698677945],[-3.0107845436690477,38.11043467127516],[-3.0108260927655457,38.11060915317293],[-3.0108726584313903,38.11076687210155],[-3.0109059664401987,38.11076074073901],[-3.0109392736108167,38.11075460937647],[-3.010893049926642,38.1105979725516],[-3.0108348350910745,38.110353553725986],[-3.0108416696953273,38.11029325850194],[-3.0108334495623974,38.11024711360767],[-3.0107999998994166,38.110077948351375],[-3.010785717973752,38.109929780602016],[-3.0109422223645277,38.109946983621114],[-3.0110371281452264,38.10995085270784],[-3.0113172941136237,38.11002996279106],[-3.0115064275790115,38.11007645301976],[-3.0116168516161657,38.11010852972694],[-3.0117087985848667,38.11015196391358],[-3.01183280884968,38.11025091312459],[-3.011921107175714,38.11030254816578],[-3.0120739763348685,38.11039104011377],[-3.0106864091790557,38.11093334928131],[-3.01061020594002,38.11090658670108],[-3.0106040812830077,38.11090563200224],[-3.0105885973923563,38.11089662899954],[-3.010530758904264,38.11088327746515],[-3.0104898560525393,38.11087436666335],[-3.01043202426997,38.110863238848054],[-3.010381251726672,38.11084763174341],[-3.010330466610519,38.110833162901315],[-3.0102980169086466,38.110814220637195],[-3.010293454638478,38.110807698677945]]]},"properties":{"dn_surface":7782.9819329754,"provincia":23,"municipio":97,"agregado":0,"zona":0,"poligono":23,"parcela":149,"recinto":1,"uso_sigpac":"OV","idPanel":"23:97:0:0:23:149:1"},"id":1112597190},{"type":"Feature","geometry":{"type":"Polygon","coordinates":[[[-3.012661708714766,38.1101977902955],[-3.0127407483900033,38.110281829776284],[-3.012786360195211,38.11034015944392],[-3.0128189406547805,38.110384764582506],[-3.01282546764317,38.11045167648132],[-3.012833557018402,38.11056160933893],[-3.0128233260667807,38.11060780452462],[-3.012788592296159,38.11066271018461],[-3.0127386562668477,38.110705607091234],[-3.0127186997923974,38.11072291823689],[-3.012453581855659,38.110814045455385],[-3.0122753850981825,38.11081750299067],[-3.0122545946243164,38.110650500265535],[-3.012226169912587,38.11053315696691],[-3.012192042991789,38.11042050166702],[-3.012661708714766,38.1101977902955]]]},"properties":{"dn_surface":2693.89969265938,"provincia":23,"municipio":97,"agregado":0,"zona":0,"poligono":23,"parcela":146,"recinto":1,"uso_sigpac":"OV","idPanel":"23:97:0:0:23:146:1"},"id":1112597195},{"type":"Feature","geometry":{"type":"Polygon","coordinates":[[[-3.0107320159551216,38.11008417191485],[-3.0107656936058813,38.11025504959403],[-3.010772772123532,38.11029461469397],[-3.0107658235253885,38.110356172232684],[-3.0102500606849825,38.11075729829116],[-3.010245485841959,38.11070063243142],[-3.0102454741072937,38.110628253855],[-3.0102271445603455,38.110571960989944],[-3.0101971633291043,38.11053688356128],[-3.0107320159551216,38.11008417191485]]]},"properties":{"dn_surface":1426.19913475096,"provincia":23,"municipio":97,"agregado":0,"zona":0,"poligono":23,"parcela":148,"recinto":1,"uso_sigpac":"OV","idPanel":"23:97:0:0:23:148:1"},"id":1112597192},{"type":"Feature","geometry":{"type":"Polygon","coordinates":[[[-3.014976787155973,38.10825916242652],[-3.0149769983799457,38.108259295698815],[-3.0149284822451157,38.10842208819372],[-3.014873724106623,38.108536701506324],[-3.014848930435564,38.108695916604745],[-3.0148369099475087,38.10877506273016],[-3.01483319257323,38.10884828117332],[-3.014786629421957,38.1089222422531],[-3.0147269879863843,38.10901370893873],[-3.0147007082038053,38.10914857879797],[-3.014663647616723,38.109277275385125],[-3.0146529958935377,38.109337376987156],[-3.0146566939894366,38.10938854515632],[-3.0147108184560127,38.109393807315456],[-3.014646264386699,38.10943536227927],[-3.013601590851789,38.10980904514696],[-3.0131278967859085,38.10997852807736],[-3.0130428179490747,38.110009613205335],[-3.012948022809507,38.110044247231286],[-3.012896440574315,38.109917894224395],[-3.0129751340769304,38.109845154387955],[-3.0130022855774925,38.10986516031565],[-3.0139436496350855,38.10907780870886],[-3.0139244835741508,38.10906528279202],[-3.0147234985998868,38.10840276539119],[-3.014848857513001,38.108402752818336],[-3.0149169445547126,38.10835506816835],[-3.014916926952715,38.10826998765515],[-3.014976787155973,38.10825916242652]]]},"properties":{"dn_surface":10515.8740234375,"provincia":23,"municipio":97,"agregado":0,"zona":0,"poligono":23,"parcela":152,"recinto":1,"uso_sigpac":"OV","idPanel":"23:97:0:0:23:152:1"},"id":1307684417},{"type":"Feature","geometry":{"type":"Polygon","coordinates":[[[-3.014646264386699,38.10943536227927],[-3.014601573752705,38.109494680173384],[-3.0145808721270186,38.10956601268822],[-3.014583555174383,38.10959811621743],[-3.013557429115917,38.10995124498092],[-3.013392303099024,38.109993992689624],[-3.013348969495235,38.11003682421739],[-3.013329606459564,38.11007018587037],[-3.0133707196970714,38.110148590197326],[-3.0133971176644927,38.11020593080033],[-3.0134207261343735,38.11022936157386],[-3.01342617520995,38.110268589721244],[-3.0134153633924043,38.11029926748867],[-3.0133278579944585,38.11042902187208],[-3.013309754758909,38.11048467855065],[-3.013307073387925,38.11051317786132],[-3.013198778354303,38.11056380455949],[-3.013098612929053,38.11058450702339],[-3.0130690231327124,38.11058244256051],[-3.0131412416147434,38.11048395016323],[-3.01315495524734,38.11047326910338],[-3.013166767025993,38.11046816117127],[-3.0131912036279562,38.11040749798167],[-3.0133224751359213,38.110354824422615],[-3.0133669000635686,38.11030535023619],[-3.013356787296789,38.11023354079106],[-3.0132779940495187,38.1101122672178],[-3.0132173962387383,38.110077165481584],[-3.013092179817985,38.110109092990854],[-3.012991201348078,38.11014899755784],[-3.01293465199677,38.11016017315001],[-3.012900314690192,38.11015219693047],[-3.012840191295158,38.11011630729533],[-3.0129278593020357,38.11007680925067],[-3.012956125595786,38.11006407378625],[-3.012948022809507,38.110044247231286],[-3.0130428179490747,38.110009613205335],[-3.0131278967859085,38.10997852807736],[-3.013601590851789,38.10980904514696],[-3.014646264386699,38.10943536227927]]]},"properties":{"dn_surface":2638.69185206172,"provincia":23,"municipio":97,"agregado":0,"zona":0,"poligono":23,"parcela":145,"recinto":6,"uso_sigpac":"OV","idPanel":"23:97:0:0:23:145:6"},"id":1112597198},{"type":"Feature","geometry":{"type":"Polygon","coordinates":[[[-3.0145726955799876,38.11051874512174],[-3.0143720998613297,38.110449567594344],[-3.014170844486853,38.110394746591595],[-3.0140886984781146,38.1103597923769],[-3.0139677442553783,38.11032768800948],[-3.0139181217092643,38.110321316924455],[-3.013884677075426,38.110321316924455],[-3.0138413426334467,38.110331291389855],[-3.013826804221529,38.11033823831161],[-3.0133431993927484,38.11050672379548],[-3.013340516345382,38.110473949713935],[-3.013363901018434,38.11042114288264],[-3.0134234955153465,38.1103420168738],[-3.013448724207206,38.11029708903192],[-3.0134541716064014,38.1102600401795],[-3.013451403901809,38.110209412643144],[-3.013412592335051,38.110142355737366],[-3.01341259149686,38.110111677131755],[-3.0134333786179646,38.110095248600544],[-3.01354077008237,38.11006666379447],[-3.0138593528298645,38.10996901796946],[-3.01410393929356,38.109871284972655],[-3.014317848828008,38.109812109570925],[-3.014384569619421,38.10978352644122],[-3.0144261438616304,38.10975502796873],[-3.014428825232615,38.109720074592246],[-3.014441900164151,38.1096816008162],[-3.0144364519267643,38.10966944621768],[-3.0145835560125747,38.10962451921401],[-3.014601664277265,38.10971865134502],[-3.0145989854208524,38.10983843210121],[-3.014609544943097,38.1099097243829],[-3.0145726955799876,38.11051874512174]]]},"properties":{"dn_surface":5837.37071147749,"provincia":23,"municipio":97,"agregado":0,"zona":0,"poligono":23,"parcela":145,"recinto":5,"uso_sigpac":"OV","idPanel":"23:97:0:0:23:145:5"},"id":1112597199},{"type":"Feature","geometry":{"type":"Polygon","coordinates":[[[-3.0137406633975004,38.10998544566246],[-3.013650388618582,38.11001184865904],[-3.0134699237179707,38.11005677482453],[-3.0134284324566085,38.110071024060744],[-3.013385098014629,38.11010815589404],[-3.0133643092171427,38.11004889499688],[-3.013394986146389,38.11001184614446],[-3.0136861022337436,38.109925902295174],[-3.014167797664868,38.10976225484609],[-3.0144030911119635,38.109685875587076],[-3.014395883512996,38.109728624133965],[-3.0143616023651716,38.10976357751048],[-3.014292115545548,38.10979568020153],[-3.0141043575505524,38.10984706127104],[-3.0137406633975004,38.10998544566246]]]},"properties":{"dn_surface":703.000428900461,"provincia":23,"municipio":97,"agregado":0,"zona":0,"poligono":23,"parcela":145,"recinto":7,"uso_sigpac":"OV","idPanel":"23:97:0:0:23:145:7"},"id":1112597197},{"type":"Feature","geometry":{"type":"Polygon","coordinates":[[[-3.0126441771250465,38.10960084871803],[-3.0126476908190662,38.109478005214214],[-3.0126420791345576,38.10935885729174],[-3.0126487930393986,38.109267737616904],[-3.012689731095119,38.109201761138564],[-3.0127484580650004,38.10910721242692],[-3.0127543874236573,38.109096666315764],[-3.0128217905020285,38.109035283958775],[-3.01296709583131,38.10895064181915],[-3.0132166636603572,38.1088919458623],[-3.013442602902955,38.108750244751604],[-3.0139244835741508,38.10906528279202],[-3.0139436496350855,38.10907780870886],[-3.0130022855774925,38.10986516031565],[-3.0129751340769304,38.109845154387955],[-3.0126898098850137,38.109634552352674],[-3.012651881770901,38.10960653919244],[-3.0126441771250465,38.10960084871803]]]},"properties":{"dn_surface":7636.88584286825,"provincia":23,"municipio":97,"agregado":0,"zona":0,"poligono":23,"parcela":205,"recinto":1,"uso_sigpac":"OV","idPanel":"23:97:0:0:23:205:1"},"id":1112597101},{"type":"Feature","geometry":{"type":"Polygon","coordinates":[[[-3.0081617948807358,38.10896206300109],[-3.0078725529870423,38.10923696513399],[-3.0093993770904466,38.110275959090956],[-3.0090342705866253,38.110485435436544],[-3.00812742153197,38.110512611244644],[-3.0079844933105706,38.11051532195228],[-3.007743348456523,38.110499561458795],[-3.007530035713615,38.110473073805025],[-3.007280210560125,38.110356640781106],[-3.0070453336936436,38.11027878043973],[-3.0068980711898545,38.110291404424856],[-3.0068870070770086,38.11029239600404],[-3.00673871695183,38.11029312271509],[-3.006371835999002,38.10994533657703],[-3.0061857703103585,38.10973823063378],[-3.005811706904275,38.109361961110665],[-3.0068546805891203,38.10876717535882],[-3.0068979077427334,38.10872409237393],[-3.007170297819095,38.108452806194265],[-3.0073701919724165,38.10844124168179],[-3.0074342339074156,38.108451356963144],[-3.007478149215319,38.108474485988125],[-3.0075550054046514,38.10853953878072],[-3.0076428385350304,38.1085988072216],[-3.0076959043671727,38.108634946637466],[-3.007761781100885,38.108694216754685],[-3.0078734029120744,38.10876649558642],[-3.0080491412572052,38.10886745813073],[-3.0081617948807358,38.10896206300109]]]},"properties":{"dn_surface":37748.6035522137,"provincia":23,"municipio":97,"agregado":0,"zona":0,"poligono":23,"parcela":210,"recinto":1,"uso_sigpac":"OV","idPanel":"23:97:0:0:23:210:1"},"id":1112597091},{"type":"Feature","geometry":{"type":"Polygon","coordinates":[[[-3.0083335241613405,38.109080088586666],[-3.0087206591461992,38.10934615703127],[-3.0087360592178145,38.10935597978417],[-3.0087435903582627,38.10937066990857],[-3.008738233483627,38.109404828680596],[-3.0086408977890553,38.109388031345645],[-3.0084900654324924,38.1092610647834],[-3.0084233035697525,38.109206371185564],[-3.0083318209585146,38.10917316795053],[-3.008299675519744,38.109139961362786],[-3.008304616651959,38.10910479760048],[-3.0083335241613405,38.109080088586666]]]},"properties":{"dn_surface":327.664546960595,"provincia":23,"municipio":97,"agregado":0,"zona":0,"poligono":23,"parcela":209,"recinto":2,"uso_sigpac":"OV","idPanel":"23:97:0:0:23:209:2"},"id":1112597093},{"type":"Feature","geometry":{"type":"Polygon","coordinates":[[[-3.0072751956671593,38.10834833247057],[-3.0073463991006553,38.10837763141484],[-3.0073848276144166,38.10841377166889],[-3.0073500628307492,38.10841811098041],[-3.0071966169966227,38.10842659346693],[-3.0072751956671593,38.10834833247057]]]},"properties":{"dn_surface":75.5815935299372,"provincia":23,"municipio":97,"agregado":0,"zona":0,"poligono":23,"parcela":210,"recinto":3,"uso_sigpac":"OV","idPanel":"23:97:0:0:23:210:3"},"id":1112597089},{"type":"Feature","geometry":{"type":"Polygon","coordinates":[[[-3.0067006044358378,38.10792125771471],[-3.0067311648566224,38.10793494536341],[-3.0067459178452736,38.10795648685584],[-3.006774920908357,38.10798616047123],[-3.0069786095494693,38.10812999980553],[-3.0071571516413775,38.10824139949628],[-3.0072751956671593,38.10834833247057],[-3.0071966169966227,38.10842659346693],[-3.0069723315036194,38.10843821078544],[-3.006946179125975,38.10842161377798],[-3.0068995732269923,38.10838565373484],[-3.006842658424685,38.108366374518226],[-3.006777278737859,38.10837266010779],[-3.0067289143154867,38.10839470535262],[-3.0066265704334714,38.108463856896094],[-3.006546104996419,38.10854340200012],[-3.006469913492049,38.10860635177306],[-3.006351559335831,38.10863602287387],[-3.006287939010587,38.10864230930164],[-3.006240664235691,38.10863962625427],[-3.006179307024438,38.10864230846343],[-3.0060979179016,38.10868589436254],[-3.0060229007019337,38.10875152634469],[-3.0060182797584396,38.10876042792634],[-3.006001138765433,38.108751776125416],[-3.0059857420465788,38.108744004424295],[-3.0059795117775803,38.10874085953404],[-3.005959724617584,38.10874085785767],[-3.0059581932437833,38.10874085785767],[-3.005969062896464,38.10873656129385],[-3.0059755856939008,38.108701783937335],[-3.005976363534561,38.10869763154224],[-3.0059794044892136,38.10868142094054],[-3.0060060983378354,38.10865299371426],[-3.006118975758193,38.108532785480946],[-3.0062456129116186,38.108402067178616],[-3.006220234183683,38.108361820629966],[-3.0064673628787615,38.10814260702685],[-3.0065125287666934,38.1081024987796],[-3.006695582837348,38.10792609742592],[-3.0067006044358378,38.10792125771471]],[[-3.00717880126037,38.10831967306552],[-3.0071308534186088,38.10835251084953],[-3.0071804072331134,38.10838850274391],[-3.007221162563334,38.10835440180702],[-3.00717880126037,38.10831967306552]]]},"properties":{"dn_surface":3805.8660888671875,"provincia":23,"municipio":97,"agregado":0,"zona":0,"poligono":23,"parcela":215,"recinto":5,"uso_sigpac":"OV","idPanel":"23:97:0:0:23:215:5"},"id":1305684542},{"type":"Feature","geometry":{"type":"Polygon","coordinates":[[[-3.0133667827169166,38.108687051903445],[-3.013158077506457,38.10877184743191],[-3.012988064001534,38.10884964071809],[-3.0127941880550497,38.10893922063718],[-3.0127136572391477,38.10898636633078],[-3.0126569938939505,38.1090570785847],[-3.012630156714777,38.1091112902231],[-3.012607270764993,38.10921181187922],[-3.0125812625560915,38.109253683679015],[-3.0125735243826224,38.109358322526276],[-3.01257925006102,38.1094783715034],[-3.0125758495227,38.109596528684875],[-3.012458797076123,38.10949226115599],[-3.0122107773846847,38.109289856622524],[-3.0120927291679513,38.10935620022826],[-3.011304201580089,38.108799817006286],[-3.01208875279285,38.10814227510349],[-3.012332817063946,38.1079377558157],[-3.0126149376922813,38.10814223067936],[-3.012689546693238,38.108196300663565],[-3.0133667827169166,38.108687051903445]]]},"properties":{"dn_surface":14819.3734698453,"provincia":23,"municipio":97,"agregado":0,"zona":0,"poligono":23,"parcela":206,"recinto":1,"uso_sigpac":"OV","idPanel":"23:97:0:0:23:206:1"},"id":1112597100},{"type":"Feature","geometry":{"type":"Polygon","coordinates":[[[-3.012458797076123,38.10949226115599],[-3.0125758495227,38.109596528684875],[-3.0125655934253683,38.10965511232422],[-3.0125583657098334,38.109696282558644],[-3.012533345727375,38.10983879419945],[-3.0125603958069025,38.10992576483196],[-3.012587773618863,38.110016348903116],[-3.0126328632314716,38.11009901878083],[-3.012636816975434,38.11011712034002],[-3.012611682999085,38.11012197932956],[-3.0126015400574526,38.110117369282534],[-3.0125457987216597,38.11007964987783],[-3.012301706790281,38.10991317940358],[-3.0121427766765816,38.10978751874197],[-3.012377482552229,38.10956823305446],[-3.012458797076123,38.10949226115599]]]},"properties":{"dn_surface":1372.7924731717508,"provincia":23,"municipio":97,"agregado":0,"zona":0,"poligono":23,"parcela":417,"recinto":3,"uso_sigpac":"OV","idPanel":"23:97:0:0:23:417:3"},"id":1179153876},{"type":"Feature","geometry":{"type":"Polygon","coordinates":[[[-3.0094722292443947,38.10837075573929],[-3.01053246294528,38.10904330711699],[-3.011025276971625,38.108600656269516],[-3.011304201580089,38.108799817006286],[-3.0120927291679513,38.10935620022826],[-3.0122107773846847,38.109289856622524],[-3.012458797076123,38.10949226115599],[-3.012377482552229,38.10956823305446],[-3.0121427766765816,38.10978751874197],[-3.0121161213847176,38.10981242221595],[-3.0119085083363064,38.11000639287792],[-3.0117438558969702,38.109911249889365],[-3.0116199998591844,38.10983968100487],[-3.011309695917946,38.109609339586484],[-3.0110017581881134,38.10989524632069],[-3.010948715825302,38.10989308798048],[-3.0108128577396482,38.10987813634071],[-3.010759240378245,38.109846145128955],[-3.0106537080200733,38.10972096558859],[-3.0105432588372087,38.10952170175443],[-3.0103888960228202,38.10932884001829],[-3.010249955911186,38.10929189761606],[-3.010212540769579,38.10928396833518],[-3.010186984345286,38.10924900070944],[-3.010182411178643,38.10917671936315],[-3.010165628931113,38.10908118577785],[-3.0100896452979526,38.1089806984875],[-3.0099388305433883,38.108858134939254],[-3.0097559650655663,38.10874503707487],[-3.0096586486493733,38.1086182339597],[-3.0096381037652846,38.108525674273864],[-3.00954877530329,38.10842735119104],[-3.0094722292443947,38.10837075573929]]]},"properties":{"dn_surface":16891.9172165225,"provincia":23,"municipio":97,"agregado":0,"zona":0,"poligono":23,"parcela":207,"recinto":1,"uso_sigpac":"OV","idPanel":"23:97:0:0:23:207:1"},"id":1112597098},{"type":"Feature","geometry":{"type":"Polygon","coordinates":[[[-3.0097855079232456,38.110320277568405],[-3.009696409963602,38.110251516621645],[-3.009423752504513,38.1100235129162],[-3.009336927717145,38.109890761164024],[-3.0093193475123847,38.109792163154765],[-3.009175270131991,38.109727279676605],[-3.0089675321932154,38.10957407524134],[-3.0088508317865927,38.109506756820196],[-3.0088002930984072,38.1094565584373],[-3.008795495296746,38.10940599711796],[-3.0088021061041714,38.10936453854603],[-3.0087832803485264,38.10932821808103],[-3.0087572704632435,38.10931163616101],[-3.0082013725534895,38.1089295252892],[-3.007968082381373,38.10873359996728],[-3.008688109699673,38.10814250812038],[-3.0091673609676866,38.1077490749731],[-3.0092069612715813,38.10789390756304],[-3.0092189499084028,38.1079834036631],[-3.009300748068139,38.10807821221371],[-3.009345698541147,38.108142470401816],[-3.0093587047410724,38.10816103631848],[-3.0093603140665777,38.108254047788904],[-3.0093953445565904,38.10833930599847],[-3.0094090405871885,38.10839806817236],[-3.0094971084108706,38.10846322490056],[-3.009573430672939,38.108547128594495],[-3.009593404749388,38.10863761543558],[-3.009703956191478,38.10878154194171],[-3.0098929815303066,38.108898425073846],[-3.010035012049825,38.109013869033106],[-3.0100997010677872,38.10909948598814],[-3.010114199246568,38.10918177113649],[-3.010119458891121,38.10926477796673],[-3.0101674913901086,38.1093303873177],[-3.010230115945197,38.10934372208823],[-3.010344074631129,38.10937399668612],[-3.0104826928776616,38.109547122391916],[-3.0105933700483063,38.109747016545214],[-3.0107087142629156,38.109883732099604],[-3.0107320159551216,38.11008417191485],[-3.0101971633291043,38.11053688356128],[-3.010170981614797,38.110524755784894],[-3.010133648615846,38.11051001033991],[-3.010098984415023,38.11050474566622],[-3.010042987431168,38.110502642646594],[-3.0099963245352397,38.11050580597703],[-3.009979947133657,38.11051616601],[-3.0099479349671556,38.110500659488196],[-3.0099509893328538,38.11047104622253],[-3.0099469869738513,38.110451032751115],[-3.0099336505269196,38.110424698486156],[-3.0099016484187033,38.11039415147641],[-3.0097855079232456,38.110320277568405]]]},"properties":{"dn_surface":30741.6741266815,"provincia":23,"municipio":97,"agregado":0,"zona":0,"poligono":23,"parcela":208,"recinto":1,"uso_sigpac":"OV","idPanel":"23:97:0:0:23:208:1"},"id":1112597097},{"type":"Feature","geometry":{"type":"Polygon","coordinates":[[[-3.0098068583082767,38.11045744909839],[-3.0097279208922636,38.11044790043371],[-3.0090342705866253,38.110485435436544],[-3.0093993770904466,38.110275959090956],[-3.0078725529870423,38.10923696513399],[-3.0081617948807358,38.10896206300109],[-3.0082940470714297,38.10905295720269],[-3.008252693273288,38.109083313105],[-3.0082601188017493,38.10915559193674],[-3.008309571195219,38.10919661213512],[-3.0084084734675867,38.10924348876958],[-3.0084900712998257,38.10931380875044],[-3.0086631559342534,38.10944663426335],[-3.0087602619646647,38.10948917913001],[-3.0088110261260588,38.10953956526754],[-3.00893114886395,38.1096088660089],[-3.009141283188985,38.10976378370532],[-3.0092667661542754,38.10982037580433],[-3.009281834302505,38.10990464411108],[-3.009376760199771,38.110049832093694],[-3.009655691513759,38.11028315327886],[-3.0097386287742034,38.11034713821692],[-3.0098068583082767,38.11045744909839]]]},"properties":{"dn_surface":5992.04484202051,"provincia":23,"municipio":97,"agregado":0,"zona":0,"poligono":23,"parcela":209,"recinto":1,"uso_sigpac":"OV","idPanel":"23:97:0:0:23:209:1"},"id":1112597094},{"type":"Feature","geometry":{"type":"Polygon","coordinates":[[[-3.012651881770901,38.10960653919244],[-3.0126898098850137,38.109634552352674],[-3.0129751340769304,38.109845154387955],[-3.012896440574315,38.109917894224395],[-3.012948022809507,38.110044247231286],[-3.012956125595786,38.11006407378625],[-3.0129278593020357,38.11007680925067],[-3.012840191295158,38.11011630729533],[-3.012788459023891,38.11013961569307],[-3.0127085593653353,38.11002552289668],[-3.012669945611503,38.109931670721295],[-3.012651040227773,38.10987494367362],[-3.0126321323294727,38.10979632141718],[-3.012631011668951,38.10976462189569],[-3.012630865823827,38.109760492131755],[-3.01263589664241,38.10971968651009],[-3.0126409266228036,38.109671914688334],[-3.012651881770901,38.10960653919244]]]},"properties":{"dn_surface":1014.0571749816155,"provincia":23,"municipio":97,"agregado":0,"zona":0,"poligono":23,"parcela":151,"recinto":2,"uso_sigpac":"OV","idPanel":"23:97:0:0:23:151:2"},"id":1179153875},{"type":"Feature","geometry":{"type":"Polygon","coordinates":[[[-3.013470869196705,38.11446211899218],[-3.013292386616313,38.1146979069716],[-3.013170584983115,38.11486113784008],[-3.0130982625654794,38.11487105866124],[-3.012934786107229,38.11484268340277],[-3.012829705533666,38.11475608157406],[-3.013184628862717,38.1143313721914],[-3.013470869196705,38.11446211899218]]]},"properties":{"dn_surface":1737.50073570135,"provincia":23,"municipio":97,"agregado":0,"zona":0,"poligono":22,"parcela":808,"recinto":1,"uso_sigpac":"OV","idPanel":"23:97:0:0:22:808:1"},"id":1112596022},{"type":"Feature","geometry":{"type":"Polygon","coordinates":[[[-3.013470869196705,38.11446211899218],[-3.0139075856563498,38.114627280213085],[-3.0138484555169014,38.11471943253841],[-3.013795037644806,38.11471142949679],[-3.013745835870256,38.11472626546629],[-3.0137221159210568,38.11480136899959],[-3.0136762677461664,38.11486247391551],[-3.013713884053461,38.114929153635615],[-3.013660572631542,38.11501223422661],[-3.0136302485804407,38.115113539590766],[-3.0136217317281204,38.11512843758632],[-3.013492289989727,38.11515726965857],[-3.0134778714390316,38.1151262557768],[-3.013424308560002,38.11508610562004],[-3.0133612758062047,38.1150913015621],[-3.0133673116150383,38.1151223154439],[-3.013340824799437,38.11513757050855],[-3.0132617834478186,38.115198759243555],[-3.013226997709393,38.115197417300806],[-3.013147955519584,38.115247206646785],[-3.0131513107956236,38.115284758413395],[-3.0132016047322217,38.11536815919317],[-3.013208229788883,38.1154594414769],[-3.0132900413596655,38.1155502200082],[-3.0133171174230946,38.11561266686692],[-3.0133503097616323,38.11558031188059],[-3.0134370641410086,38.1155441020567],[-3.013473123090602,38.11552264438333],[-3.0134557867992395,38.11556509285808],[-3.0133109366073265,38.115649135691626],[-3.0131857956237074,38.115917765646],[-3.0131478859497838,38.115973725749456],[-3.012731491415589,38.11600164084146],[-3.012692090601002,38.11600445548473],[-3.0122892177538105,38.11603322469267],[-3.0118627867281607,38.11600829355842],[-3.0121191707212724,38.11565064946345],[-3.012313061755184,38.115426037914375],[-3.012545609290636,38.11512292145551],[-3.012829705533666,38.11475608157406],[-3.012934786107229,38.11484268340277],[-3.0130982625654794,38.11487105866124],[-3.013170584983115,38.11486113784008],[-3.013292386616313,38.1146979069716],[-3.013470869196705,38.11446211899218]]]},"properties":{"dn_surface":13325.164916992188,"provincia":23,"municipio":97,"agregado":0,"zona":0,"poligono":22,"parcela":193,"recinto":1,"uso_sigpac":"OV","idPanel":"23:97:0:0:22:193:1"},"id":1316640746},{"type":"Feature","geometry":{"type":"Polygon","coordinates":[[[-3.0134557867992395,38.11556509285808],[-3.01329286019387,38.115964006093975],[-3.013322684683513,38.115948828981004],[-3.0133520800196867,38.11593404581751],[-3.0133739953450256,38.11592393472708],[-3.0133938009452104,38.11592105638138],[-3.0134038592296157,38.115921907982795],[-3.013413525240929,38.115924262459544],[-3.013422443586435,38.115928035992596],[-3.0134347440300724,38.115934512689535],[-3.0135111199363243,38.11597472906334],[-3.0136203495522054,38.11597205607427],[-3.0136828676571166,38.11597052553864],[-3.0137732941484923,38.11597519006804],[-3.013792238088979,38.11597909268241],[-3.0138080664758724,38.11598819291524],[-3.013815554868611,38.11599959733334],[-3.0138376579485926,38.11599523790525],[-3.0138486172876426,38.115993077888675],[-3.0138003735646826,38.11605413838052],[-3.0137691031966574,38.11616877516249],[-3.0137776451946885,38.11621598204397],[-3.0138488167769504,38.116445248902295],[-3.01385934277158,38.11654509916798],[-3.0138297378878134,38.11663116539307],[-3.0137306386407094,38.11667195928004],[-3.0135627826377918,38.116676467067805],[-3.0134432801607716,38.116651758892175],[-3.013379213080061,38.116588290279424],[-3.0133333699343128,38.11658813269963],[-3.012729782345431,38.11659584740377],[-3.0127297764780985,38.11658350002145],[-3.0126638192781106,38.116583505050585],[-3.012692090601002,38.11600445548473],[-3.012731491415589,38.11600164084146],[-3.0131478859497838,38.115973725749456],[-3.0131857956237074,38.115917765646],[-3.0133109366073265,38.115649135691626],[-3.0134557867992395,38.11556509285808]]]},"properties":{"dn_surface":7550.177070755423,"provincia":23,"municipio":97,"agregado":0,"zona":0,"poligono":22,"parcela":189,"recinto":1,"uso_sigpac":"OV","idPanel":"23:97:0:0:22:189:1"},"id":1210271097},{"type":"Feature","geometry":{"type":"Polygon","coordinates":[[[-3.0149584835929257,38.11582621514134],[-3.014922525226177,38.116245218123964],[-3.014951227378918,38.11656020754933],[-3.014077382069968,38.116543716992055],[-3.014047281815695,38.11663114360013],[-3.0138297378878134,38.11663116539307],[-3.01385934277158,38.11654509916798],[-3.0138488167769504,38.116445248902295],[-3.0137776451946885,38.11621598204397],[-3.0137691031966574,38.11616877516249],[-3.0138003735646826,38.11605413838052],[-3.0138486172876426,38.115993077888675],[-3.013857321056415,38.11597099157248],[-3.013871825102527,38.11595387572518],[-3.013885378640763,38.11593788221481],[-3.013893319656302,38.11593044746624],[-3.0139031373800713,38.11592457510454],[-3.013914350690803,38.11592055598172],[-3.014019998719245,38.115894120295735],[-3.014061740599528,38.11593689398836],[-3.014585004405528,38.11588024070144],[-3.014898274702476,38.11583492477746],[-3.0149584835929257,38.11582621514134]]]},"properties":{"dn_surface":7342.277137944051,"provincia":23,"municipio":97,"agregado":0,"zona":0,"poligono":22,"parcela":188,"recinto":1,"uso_sigpac":"OV","idPanel":"23:97:0:0:22:188:1"},"id":1210271094},{"type":"Feature","geometry":{"type":"Polygon","coordinates":[[[-3.0136328444560077,38.11510486767324],[-3.0136668121206345,38.115083742761385],[-3.0136712603969125,38.11508138912285],[-3.013674569572483,38.115079616350215],[-3.0136796087729696,38.11507780502083],[-3.0136850243209317,38.11507609930342],[-3.0136962258969975,38.11507408680836],[-3.0137038685167648,38.115073723871916],[-3.0137077091050273,38.11507383954222],[-3.013711515327484,38.11507417398016],[-3.013719033056887,38.115075367563264],[-3.013728074616376,38.11507787710519],[-3.013736372701011,38.115081664049285],[-3.0137424152153685,38.115085393996424],[-3.0137478265723785,38.11508968636929],[-3.0137513084151633,38.115092899152955],[-3.0138568399351437,38.11520886446661],[-3.013991158265093,38.11533840175872],[-3.013996770787791,38.115345247259455],[-3.014000656638333,38.11535169629613],[-3.0140030471572605,38.11535858538278],[-3.014004147701212,38.115365007597376],[-3.01400405047113,38.11537148764708],[-3.014003725253267,38.11537407597896],[-3.014003165342101,38.11537663916508],[-3.014002029594155,38.11538041688905],[-3.014000554379108,38.115384529889184],[-3.0139609951465425,38.115465774005116],[-3.0139409632349587,38.11556028667451],[-3.013939714331311,38.11556459078204],[-3.0139391628020498,38.11556629649948],[-3.013912795847672,38.115633894037984],[-3.0139096015041824,38.11564002037139],[-3.013905305778551,38.11564588183663],[-3.013901824773957,38.115649589990795],[-3.0138980311243553,38.115652896651795],[-3.0138937010329183,38.115655997117955],[-3.013886737347349,38.11565994750916],[-3.0138816512082007,38.115662072321754],[-3.013873541716399,38.115664491339146],[-3.0138651950167237,38.115666036124026],[-3.0138566396076465,38.11566647114478],[-3.0138508024499298,38.11566624399521],[-3.0138423425945544,38.11566514764223],[-3.0138333437827733,38.11566286608803],[-3.013826457210716,38.1156599265544],[-3.013821660247246,38.11565741785063],[-3.013819406353349,38.11565594347377],[-3.0138151869030407,38.11565320426769],[-3.0137258601174275,38.11558298822243],[-3.0137223036756993,38.11557946279373],[-3.013621394775593,38.11546681419935],[-3.013616051312003,38.11545904668924],[-3.013612366627149,38.11545045775253],[-3.0136108738101046,38.115441465646256],[-3.0136113264329025,38.11543263195796],[-3.0136128393665156,38.115425163681806],[-3.0136379590936273,38.11530112575673],[-3.013584238634809,38.11519402430616],[-3.0136217317281204,38.11512843758632],[-3.0136302485804407,38.115113539590766],[-3.0136328444560077,38.11510486767324]]]},"properties":{"dn_surface":1493.00570506179,"provincia":23,"municipio":97,"agregado":0,"zona":0,"poligono":22,"parcela":186,"recinto":2,"uso_sigpac":"OV","idPanel":"23:97:0:0:22:186:2"},"id":1112595655},{"type":"Feature","geometry":{"type":"Polygon","coordinates":[[[-3.013424308560002,38.11508610562004],[-3.0134778714390316,38.1151262557768],[-3.013492289989727,38.11515726965857],[-3.0136217317281204,38.11512843758632],[-3.013584238634809,38.11519402430616],[-3.0134928331370845,38.11535392001517],[-3.013495138160594,38.11546874287541],[-3.0134860605589187,38.115490967492974],[-3.013473123090602,38.11552264438333],[-3.0134370641410086,38.1155441020567],[-3.0133503097616323,38.11558031188059],[-3.0133171174230946,38.11561266686692],[-3.0132900413596655,38.1155502200082],[-3.013208229788883,38.1154594414769],[-3.0132016047322217,38.11536815919317],[-3.0131513107956236,38.115284758413395],[-3.013147955519584,38.115247206646785],[-3.013226997709393,38.115197417300806],[-3.0132617834478186,38.115198759243555],[-3.013340824799437,38.11513757050855],[-3.0133673116150383,38.1151223154439],[-3.0133612758062047,38.1150913015621],[-3.013424308560002,38.11508610562004]]]},"properties":{"dn_surface":1299.317985117469,"provincia":23,"municipio":97,"agregado":0,"zona":0,"poligono":22,"parcela":193,"recinto":3,"uso_sigpac":"OV","idPanel":"23:97:0:0:22:193:3"},"id":1210271103},{"type":"Feature","geometry":{"type":"Polygon","coordinates":[[[-3.0143545406113286,38.115201154791635],[-3.0142704240170373,38.11519071177784],[-3.014265477855681,38.11518994399546],[-3.014091860970369,38.1151584171412],[-3.01408492159232,38.1151568698418],[-3.014077736624493,38.11515441478218],[-3.0140715859835794,38.11515223129629],[-3.0140642819927197,38.11514840914822],[-3.01405791174593,38.115144814149744],[-3.0140498994842106,38.11513866518521],[-3.0139314263049615,38.11504178881893],[-3.0139259814203374,38.11503680996816],[-3.0139176757919888,38.11502645496438],[-3.013912086738621,38.11501501785679],[-3.0139094296751576,38.11500293953361],[-3.013909324063171,38.11498940611193],[-3.014067978412239,38.114974845907085],[-3.0141502191364897,38.11504063882177],[-3.0142984891450992,38.11506756233456],[-3.0144004550032584,38.1150807495836],[-3.0144085854498197,38.11508217199264],[-3.0144230769230766,38.1150865548901],[-3.0144353195315787,38.115092551303974],[-3.0144474724537114,38.115101519102694],[-3.0144558795030942,38.11511076015151],[-3.014462403138721,38.115121883775856],[-3.0144662018174646,38.11513467456086],[-3.01446669383521,38.115146047965965],[-3.01446429577257,38.11515816065494],[-3.0144589531471704,38.11516966984689],[-3.014450191543262,38.11518083621894],[-3.0144403595702562,38.11518915274377],[-3.0144278235951263,38.11519637794473],[-3.0144185699734725,38.11519917750053],[-3.0143545406113286,38.115201154791635]]]},"properties":{"dn_surface":653.582816088984,"provincia":23,"municipio":97,"agregado":0,"zona":0,"poligono":22,"parcela":186,"recinto":4,"uso_sigpac":"OV","idPanel":"23:97:0:0:22:186:4"},"id":1112595653},{"type":"Feature","geometry":{"type":"Polygon","coordinates":[[[-3.0137402023927984,38.11488813846637],[-3.013772243057772,38.11491160612027],[-3.013814459353801,38.11495995210245],[-3.013818543855461,38.1149977360478],[-3.0137580298637165,38.1150032898972],[-3.013756488431632,38.11500343155137],[-3.013660572631542,38.11501223422661],[-3.013713884053461,38.114929153635615],[-3.0137402023927984,38.11488813846637]]]},"properties":{"dn_surface":104.65348792492306,"provincia":23,"municipio":97,"agregado":0,"zona":0,"poligono":22,"parcela":185,"recinto":2,"uso_sigpac":"OV","idPanel":"23:97:0:0:22:185:2"},"id":1210271109},{"type":"Feature","geometry":{"type":"Polygon","coordinates":[[[-3.013795037644806,38.11471142949679],[-3.0138484555169014,38.11471943253841],[-3.0137402023927984,38.11488813846637],[-3.013713884053461,38.114929153635615],[-3.0136762677461664,38.11486247391551],[-3.0137221159210568,38.11480136899959],[-3.013745835870256,38.11472626546629],[-3.013795037644806,38.11471142949679]]]},"properties":{"dn_surface":143.73887009405513,"provincia":23,"municipio":97,"agregado":0,"zona":0,"poligono":22,"parcela":193,"recinto":2,"uso_sigpac":"OV","idPanel":"23:97:0:0:22:193:2"},"id":1210271102},{"type":"Feature","geometry":{"type":"Polygon","coordinates":[[[-3.0087209885550132,38.113596536563904],[-3.0087757601045526,38.11371523018721],[-3.0088328249429357,38.11392071590845],[-3.0088455939349883,38.113943803023915],[-3.0091356539024803,38.114468218503504],[-3.0086016528778763,38.114546417473804],[-3.0086003226697637,38.114546611933974],[-3.008556444242236,38.11451760300352],[-3.0084642022305257,38.114462106419325],[-3.008380747806623,38.11442742294014],[-3.0083353606364343,38.11441817518582],[-3.0082855847014827,38.1144308989156],[-3.00824459383977,38.11445749721051],[-3.0081793692181624,38.11446764853406],[-3.008156297190117,38.114326682516264],[-3.008142818250824,38.1141773429768],[-3.008065905064547,38.1141804023716],[-3.008063406419063,38.11417093333503],[-3.00801901418084,38.1141526440212],[-3.00793216173319,38.1141313095618],[-3.007856888885461,38.11410082793091],[-3.007770029732289,38.11401699464497],[-3.0077044044556853,38.11396364718087],[-3.007679309036094,38.113914869530646],[-3.0076464930450317,38.113852374056876],[-3.007542265749261,38.113779212610666],[-3.007462913429017,38.113745394982146],[-3.0080779582420263,38.11376573702415],[-3.0080779724912627,38.11376573786234],[-3.008345700552803,38.113667191820866],[-3.0083997344948186,38.11396277881565],[-3.0087818495575696,38.11394651624613],[-3.0087212517467883,38.11378759116158],[-3.0086702269081904,38.11360595027989],[-3.0086798032331346,38.11360417415452],[-3.0087209885550132,38.113596536563904]]]},"properties":{"dn_surface":6834.78660235354,"provincia":23,"municipio":97,"agregado":0,"zona":0,"poligono":22,"parcela":202,"recinto":2,"uso_sigpac":"OV","idPanel":"23:97:0:0:22:202:2"},"id":1179153870},{"type":"Feature","geometry":{"type":"Polygon","coordinates":[[[-3.0087818495575696,38.11394651624613],[-3.0083997344948186,38.11396277881565],[-3.008345700552803,38.11366719098268],[-3.008351510888428,38.113665052759046],[-3.0086702269081904,38.11360595027989],[-3.0087212517467883,38.11378759116158],[-3.0087818495575696,38.11394651624613]]]},"properties":{"dn_surface":1111.85529084129,"provincia":23,"municipio":97,"agregado":0,"zona":0,"poligono":22,"parcela":202,"recinto":4,"uso_sigpac":"OV","idPanel":"23:97:0:0:22:202:4"},"id":1112595608},{"type":"Feature","geometry":{"type":"Polygon","coordinates":[[[-3.007434007596016,38.11375604167617],[-3.0074747151493857,38.113771595136654],[-3.0075461281304734,38.11380512610407],[-3.0075866605020556,38.11382798858452],[-3.0076349142833005,38.11386914289338],[-3.007663872922294,38.11394688169713],[-3.007715988246559,38.113998706169355],[-3.007806707266373,38.11408863645204],[-3.007880051438067,38.11412978824629],[-3.008005505904884,38.1141709366878],[-3.0080177812028097,38.11418231596022],[-3.0080157921770683,38.11418239475012],[-3.0074985239467633,38.11420296897086],[-3.00730197920215,38.11426047805017],[-3.007205251195595,38.11433754043429],[-3.006765057084117,38.114552420593185],[-3.0065472969031206,38.114656344464066],[-3.0065118665963038,38.11457337870513],[-3.0065068215284834,38.11456156525011],[-3.006479557710412,38.1145198275608],[-3.0064754815906567,38.114502059601364],[-3.006467820530702,38.11446233692169],[-3.006455100991881,38.11439451223356],[-3.0063708896820778,38.114218699289495],[-3.0063301444101422,38.11415791288587],[-3.0062961909947505,38.11411863528528],[-3.0062717460108845,38.11410180274632],[-3.006235955282209,38.11408483106777],[-3.0063212520485365,38.114043941627074],[-3.006448575679873,38.11420508372515],[-3.006987427312131,38.11383644508712],[-3.0072780882621157,38.11382552765761],[-3.0073888551191303,38.113827325575926],[-3.0074313027557014,38.113760311417906],[-3.007434007596016,38.11375604167617]]]},"properties":{"dn_surface":6347.374046248017,"provincia":23,"municipio":97,"agregado":0,"zona":0,"poligono":22,"parcela":202,"recinto":6,"uso_sigpac":"OV","idPanel":"23:97:0:0:22:202:6"},"id":1155760257},{"type":"Feature","geometry":{"type":"Polygon","coordinates":[[[-3.0071224036215183,38.11286764370607],[-3.0071613442695937,38.112958132223525],[-3.0071853349542814,38.11299602178087],[-3.0072065151866685,38.11300945881064],[-3.0072219202874253,38.113032775590256],[-3.0072360446333013,38.11308650694559],[-3.0072347663929917,38.11313618397406],[-3.0072078143817373,38.113174709717924],[-3.0071705937002955,38.113206140180296],[-3.0071693129454142,38.11323452717346],[-3.0071847180461715,38.113259871535604],[-3.0072065428469505,38.11329433959989],[-3.007206422147538,38.11334490678652],[-3.0071945801940307,38.11347078537767],[-3.007198537290754,38.1135228009573],[-3.007216980831592,38.113559210270466],[-3.007238058804754,38.11359874100455],[-3.0072683568719536,38.11363202973496],[-3.007327632018335,38.11366323556234],[-3.0073737350030973,38.11368820022423],[-3.007401398637974,38.11372252831072],[-3.0074313027557014,38.113760311417906],[-3.0073888551191303,38.113827325575926],[-3.0072780882621157,38.11382552765761],[-3.006987427312131,38.11383644508712],[-3.006448575679873,38.11420508372515],[-3.0063212520485365,38.114043941627074],[-3.0063107101282904,38.114048995076814],[-3.0062629257336506,38.113941221397596],[-3.0062463832085657,38.11392240989119],[-3.006194000501573,38.113896074788045],[-3.006173322345217,38.11388196636781],[-3.0061429949413534,38.113861273962186],[-3.006129209224386,38.11384434419318],[-3.006122315946806,38.11383493802086],[-3.006122314270425,38.11381894786322],[-3.00612782621028,38.113800136356815],[-3.0061250685639713,38.11378602709837],[-3.0061347161350973,38.1137719178399],[-3.0061328603816246,38.11375525880638],[-3.0061271120720865,38.113725768754676],[-3.00612278114246,38.11371854271556],[-3.0061520457209374,38.11369930289382],[-3.0064426915834956,38.113543013079806],[-3.007014708732199,38.11294400955404],[-3.0071223424336218,38.11286768729195],[-3.0071224036215183,38.11286764370607]]]},"properties":{"dn_surface":7469.586061703483,"provincia":23,"municipio":97,"agregado":0,"zona":0,"poligono":22,"parcela":201,"recinto":6,"uso_sigpac":"OV","idPanel":"23:97:0:0:22:201:6"},"id":1155760264},{"type":"Feature","geometry":{"type":"Polygon","coordinates":[[[-3.0062978103785394,38.113620920359864],[-3.0061520457209374,38.11369930289382],[-3.0061515025735797,38.11369965996292],[-3.006104983008205,38.11365558791343],[-3.0059268868335716,38.113716264514096],[-3.0058570077408557,38.11359211930065],[-3.0057871546320407,38.11344587603634],[-3.005748723603708,38.1134238140277],[-3.0056893445217217,38.113374146219286],[-3.0054755213208804,38.11300626027622],[-3.005690323528071,38.11299849108971],[-3.0057013298057806,38.11299809965479],[-3.0062978103785394,38.113620920359864]]]},"properties":{"dn_surface":2219.73625659283,"provincia":23,"municipio":97,"agregado":0,"zona":0,"poligono":22,"parcela":194,"recinto":15,"uso_sigpac":"OV","idPanel":"23:97:0:0:22:194:15"},"id":1112595627},{"type":"Feature","geometry":{"type":"Polygon","coordinates":[[[-3.008704561700198,38.112855034808376],[-3.0098779762463552,38.1123626331717],[-3.010121022116156,38.112835421991974],[-3.0093203877066306,38.11315911770069],[-3.008746285978483,38.1133912268626],[-3.0086859329192897,38.113327420459086],[-3.0087434168528566,38.113262075138095],[-3.008708554839108,38.11313548743789],[-3.0087206490879144,38.113093839434924],[-3.0087237403339886,38.11294619890728],[-3.008704561700198,38.112855034808376]]]},"properties":{"dn_surface":7008.57770632738,"provincia":23,"municipio":97,"agregado":0,"zona":0,"poligono":22,"parcela":195,"recinto":2,"uso_sigpac":"OV","idPanel":"23:97:0:0:22:195:2"},"id":1112595626},{"type":"Feature","geometry":{"type":"Polygon","coordinates":[[[-3.008704561700198,38.112855034808376],[-3.0087237403339886,38.11294619890728],[-3.0087206490879144,38.113093839434924],[-3.008708554839108,38.11313548743789],[-3.0087073528741213,38.11313112298063],[-3.0087047016779898,38.11313015654716],[-3.00835370862357,38.113002260431784],[-3.008704561700198,38.112855034808376]]]},"properties":{"dn_surface":507.084716796875,"provincia":23,"municipio":97,"agregado":0,"zona":0,"poligono":22,"parcela":195,"recinto":3,"uso_sigpac":"OV","idPanel":"23:97:0:0:22:195:3"},"id":1179273725},{"type":"Feature","geometry":{"type":"Polygon","coordinates":[[[-3.0082719423150683,38.11286765963169],[-3.0082745113685436,38.112878240946856],[-3.008311002824366,38.11302854356714],[-3.0084012231209116,38.11307075064306],[-3.0086036075378124,38.113189696561676],[-3.008604644379296,38.11319575751622],[-3.0086206764464487,38.11328945881738],[-3.008632867925338,38.11350049252067],[-3.0086798032331346,38.11360417415452],[-3.008351510888428,38.113665052759046],[-3.008345700552803,38.11366719098268],[-3.0083158274481194,38.113568760611514],[-3.0082846869995996,38.113528188006796],[-3.008253512185276,38.11348757013977],[-3.0081351362361097,38.113344868229746],[-3.008085309171546,38.113263666023386],[-3.0080105476199415,38.113143100720976],[-3.008023003128797,38.11304221696659],[-3.0081382308349447,38.112968395864584],[-3.0082503237091194,38.112882252525964],[-3.0082719423150683,38.11286765963169]]]},"properties":{"dn_surface":2809.89892578125,"provincia":23,"municipio":97,"agregado":0,"zona":0,"poligono":22,"parcela":201,"recinto":4,"uso_sigpac":"OV","idPanel":"23:97:0:0:22:201:4"},"id":1179273726},{"type":"Feature","geometry":{"type":"Polygon","coordinates":[[[-3.007732533286216,38.112616728905124],[-3.008068139680066,38.112653935337335],[-3.0083707716648735,38.11262796317058],[-3.0083626353509803,38.11280644239821],[-3.008362523033471,38.112808909192466],[-3.0082972933827214,38.11285279935467],[-3.0082745113685436,38.112878240946856],[-3.0082719423150683,38.11286765963169],[-3.0082503237091194,38.112882252525964],[-3.0081382308349447,38.112968395864584],[-3.008023003128797,38.11304221696659],[-3.0080105476199415,38.113143100720976],[-3.008085309171546,38.113263666023386],[-3.0081351362361097,38.113344868229746],[-3.008253512185276,38.11348757013977],[-3.0082846869995996,38.113528188006796],[-3.0083158274481194,38.113568760611514],[-3.008345700552803,38.11366719098268],[-3.0080779724912627,38.11376573786234],[-3.0080779582420263,38.11376573702415],[-3.007462913429017,38.113745394982146],[-3.0074465854806647,38.11374485518752],[-3.0074145674468316,38.113696520101826],[-3.007390856717727,38.113673634152036],[-3.007332899206602,38.1136455497456],[-3.0072986507482016,38.11362474502249],[-3.0072736215456493,38.113592497324504],[-3.00724727470784,38.11355712820557],[-3.007232782396393,38.113516556439066],[-3.007228823623289,38.113443735298176],[-3.0072393487797284,38.113317856707],[-3.007233810855973,38.11328834486238],[-3.007216613704211,38.11324663818607],[-3.007205557973269,38.11321366126245],[-3.0072207032350127,38.11319245420799],[-3.0072547857317202,38.11315156979646],[-3.007271193308156,38.11310071511048],[-3.0072623503997833,38.11304487654462],[-3.007237098238593,38.11301596149153],[-3.0072042713510547,38.112994026887804],[-3.007186593916213,38.112960125440225],[-3.007156284952538,38.11286240836901],[-3.0071484352997495,38.112849185077806],[-3.0073014662296456,38.11274067211468],[-3.0073413305635044,38.11270101397565],[-3.007381194059175,38.112661356674806],[-3.0075724925702807,38.112647108276775],[-3.007732533286216,38.112616728905124]]]},"properties":{"dn_surface":10246.57373046875,"provincia":23,"municipio":97,"agregado":0,"zona":0,"poligono":22,"parcela":201,"recinto":3,"uso_sigpac":"OV","idPanel":"23:97:0:0:22:201:3"},"id":1179273723},{"type":"Feature","geometry":{"type":"Polygon","coordinates":[[[-3.008362523033471,38.112808909192466],[-3.00835370862357,38.113002260431784],[-3.0087047016779898,38.11313015654716],[-3.0086881658584277,38.113148629424614],[-3.0086533792818115,38.113171263079124],[-3.008604644379296,38.11319575751622],[-3.0086036075378124,38.113189696561676],[-3.0084012231209116,38.11307075064306],[-3.008311002824366,38.11302854356714],[-3.0082745113685436,38.112878240946856],[-3.0082972933827214,38.11285279935467],[-3.008362523033471,38.112808909192466]]]},"properties":{"dn_surface":351.8251953125,"provincia":23,"municipio":97,"agregado":0,"zona":0,"poligono":22,"parcela":201,"recinto":9,"uso_sigpac":"OV","idPanel":"23:97:0:0:22:201:9"},"id":1179273727},{"type":"Feature","geometry":{"type":"Polygon","coordinates":[[[-3.0087047016779898,38.11313015654716],[-3.0087073528741213,38.11313112298063],[-3.0087434168528566,38.113262075138095],[-3.0086859329192897,38.113327420459086],[-3.008746285978483,38.1133912268626],[-3.0087209885550132,38.113596536563904],[-3.0086798032331346,38.11360417415452],[-3.008632867925338,38.11350049252067],[-3.0086206764464487,38.11328945881738],[-3.008604644379296,38.11319575751622],[-3.0086533792818115,38.113171263079124],[-3.0086881658584277,38.113148629424614],[-3.0087047016779898,38.11313015654716]]]},"properties":{"dn_surface":416.8443603515625,"provincia":23,"municipio":97,"agregado":0,"zona":0,"poligono":22,"parcela":201,"recinto":8,"uso_sigpac":"OV","idPanel":"23:97:0:0:22:201:8"},"id":1179273724},{"type":"Feature","geometry":{"type":"Polygon","coordinates":[[[-3.014616952869561,38.111063508510654],[-3.014718263262854,38.111144971394225],[-3.0147196487915306,38.11114591268202],[-3.0148171898427423,38.11121219090893],[-3.014952472929804,38.1113041152465],[-3.0153802534419456,38.11159478457839],[-3.0153803045715573,38.11164269637794],[-3.0153803909051655,38.111723390640975],[-3.0153359626247562,38.11173935313832],[-3.0153175333331546,38.11174597484222],[-3.015307722314907,38.11174950027092],[-3.015306177530061,38.111750055152925],[-3.01529770594002,38.11175309862213],[-3.01529941752475,38.1118758281321],[-3.015301516353429,38.11202632772711],[-3.015372944421943,38.1120619642287],[-3.015372949451086,38.112084001929844],[-3.0153729695676543,38.11218194112149],[-3.0155769482226336,38.11224456232381],[-3.0156187596727166,38.1122573983711],[-3.015968782940881,38.11247916007292],[-3.015851634102412,38.11257238444375],[-3.0157506514415533,38.1126527434306],[-3.0155564678792044,38.112884621251965],[-3.0154638386235444,38.1129330409949],[-3.015445804119605,38.112988877046206],[-3.0154091944789405,38.11299081242774],[-3.015372466653434,38.11299275367665],[-3.0153358075595382,38.11312324482938],[-3.0152696810450963,38.1131350239186],[-3.0152096498510033,38.11327464799356],[-3.0151760996051786,38.11332871881598],[-3.015145768848554,38.113377600401776],[-3.015025284012423,38.11351504350543],[-3.0151006431937595,38.11363388381207],[-3.01518525767313,38.11376731868938],[-3.0151349696038645,38.11381537130492],[-3.015126838319113,38.1138231421678],[-3.0151302304755285,38.113843092774914],[-3.0151545522454115,38.11398612409374],[-3.015057310428161,38.114384001326385],[-3.0150362307786187,38.11447025111514],[-3.0150208575290947,38.11453315059666],[-3.0149610425881166,38.11477788709641],[-3.014957663004557,38.11479171639928],[-3.0149565297711804,38.11479635159202],[-3.014954829921116,38.11480330689568],[-3.0149495862021793,38.11480457591591],[-3.0149364081732277,38.114807766906665],[-3.014886339709838,38.11482543763594],[-3.0148624965466553,38.11481448835522],[-3.0144727128802367,38.11463148373778],[-3.0138997762366997,38.11436248749422],[-3.0139075856563498,38.114627280213085],[-3.0135713095483965,38.11448196817827],[-3.0134551254670394,38.114431762251684],[-3.013432516120077,38.114419565743646],[-3.013375919830109,38.11438903549771],[-3.013297579205637,38.11434677477757],[-3.0132102506658587,38.11429966596438],[-3.0135351290611996,38.113897646394975],[-3.014418149201908,38.11280495628671],[-3.0145786073366465,38.112416140730176],[-3.0146417306150037,38.11226318188463],[-3.0146417197185285,38.112260474529734],[-3.014641718042148,38.1122601669139],[-3.0146417138511956,38.11225912336687],[-3.0146386418835003,38.11151589829197],[-3.0146386335015967,38.111513902560716],[-3.0146383636042984,38.111448616751204],[-3.014616952869561,38.111063508510654]]]},"properties":{"dn_surface":37987.06384277344,"provincia":23,"municipio":97,"agregado":0,"zona":0,"poligono":22,"parcela":184,"recinto":1,"uso_sigpac":"OV","idPanel":"23:97:0:0:22:184:1"},"id":1316640017},{"type":"Feature","geometry":{"type":"Polygon","coordinates":[[[-3.015452127427734,38.11136507180274],[-3.0156301020647645,38.11147068043624],[-3.0157665485600558,38.11155159849608],[-3.015819827292551,38.111583226771415],[-3.015908246317997,38.111643241201676],[-3.0158138468042823,38.11177455294276],[-3.0155581853312654,38.11159738045393],[-3.0154035073573,38.11149618070178],[-3.015452127427734,38.11136507180274]]]},"properties":{"dn_surface":752.5117133213574,"provincia":23,"municipio":97,"agregado":0,"zona":0,"poligono":23,"parcela":142,"recinto":1,"uso_sigpac":"OV","idPanel":"23:97:0:0:23:142:1"},"id":1210281786},{"type":"Feature","geometry":{"type":"Polygon","coordinates":[[[-3.014543023640992,38.111009171143735],[-3.014590817255724,38.11100934548733],[-3.014629077293222,38.11100946702493],[-3.0146445846532037,38.11100951480179],[-3.0146458017056164,38.11100951899272],[-3.0147078328219257,38.11105945502206],[-3.014708315619577,38.11105984394234],[-3.014713317939688,38.111063869770675],[-3.0147650250652442,38.111105494304354],[-3.015219757588641,38.11141442528975],[-3.0152384676740147,38.111427137284835],[-3.0152448463027093,38.11143147072903],[-3.015256580967849,38.11143944275764],[-3.015256808117438,38.11143959614648],[-3.0153008927397957,38.111469544688305],[-3.0153413940983356,38.11149702978864],[-3.0153907551290544,38.111530569137955],[-3.0156025188961637,38.11167445876373],[-3.0155703608845386,38.11172395809584],[-3.0155366958066345,38.11170108388072],[-3.0155125106617815,38.1116846503204],[-3.0154157642150374,38.11161891272627],[-3.0153802534419456,38.11159478457839],[-3.014952472929804,38.1113041152465],[-3.0148171898427423,38.11121219090893],[-3.0147196487915306,38.11114591268202],[-3.014718263262854,38.111144971394225],[-3.014616952869561,38.111063508510654],[-3.0145642575175615,38.11106333332887],[-3.014543023640992,38.111009171143735]]]},"properties":{"dn_surface":709.5535588178653,"provincia":23,"municipio":97,"agregado":0,"zona":0,"poligono":22,"parcela":9004,"recinto":16,"uso_sigpac":"OV","idPanel":"23:97:0:0:22:9004:16"},"id":1440572344},{"type":"Feature","geometry":{"type":"Polygon","coordinates":[[[-3.012970248265281,38.110548774129825],[-3.0129765522950316,38.11071055073799],[-3.012954900999659,38.11082375253804],[-3.012929254050806,38.11092343516563],[-3.0128771437556825,38.111028707684795],[-3.012771998641461,38.111175082545],[-3.012683914892162,38.111243353988584],[-3.012614216010375,38.11129242752003],[-3.012560988407492,38.111315464344074],[-3.012483682109933,38.11134751506731],[-3.0124013064370336,38.11137856499127],[-3.01233540623399,38.111410614038135],[-3.012283448489514,38.11144566715927],[-3.0122479653767025,38.11147170554304],[-3.0122314966123698,38.11151176266068],[-3.0122239009312626,38.111562832761564],[-3.012221373787306,38.1116068939146],[-3.0122378576390654,38.11164895011629],[-3.01225560883466,38.111690005518625],[-3.0122834962663645,38.111712033161524],[-3.012307165924142,38.11172939040762],[-3.012322326273311,38.11177176093068],[-3.012403668457488,38.11182249491722],[-3.0124423040042703,38.11183558996535],[-3.0125243670321615,38.111863402798065],[-3.012627601910537,38.11188222939191],[-3.0127554712038016,38.11185463951779],[-3.012956216120345,38.11174674011002],[-3.0131493117115977,38.11160342045372],[-3.013298155880609,38.11150769240828],[-3.013470046931954,38.11143521408721],[-3.0136498035617056,38.11133939300268],[-3.0139234391889533,38.111238603963784],[-3.014258058194551,38.11112979595762],[-3.0142738036005974,38.111355151819765],[-3.014347039645734,38.11135310160611],[-3.0143840893363407,38.11135377886393],[-3.0144213628237755,38.11146308056419],[-3.0145357590450796,38.1114810639385],[-3.01456368335716,38.11148622635298],[-3.0146386335015967,38.111513902560716],[-3.0146417138511956,38.11225912336687],[-3.014641718042148,38.1122601669139],[-3.014640263781861,38.112262563300135],[-3.0145345755202806,38.11251325681886],[-3.0144842346450225,38.112632665418545],[-3.0144568844933444,38.11269754219117],[-3.0144420359509905,38.112716261496644],[-3.014329192896437,38.112858527547644],[-3.0140697511848655,38.11318561373642],[-3.0139404142202677,38.11334867193767],[-3.0138010583662127,38.113524359991374],[-3.013693807717788,38.11365957099406],[-3.0135700388517996,38.1138156068364],[-3.0133811878565657,38.11405368978106],[-3.0133121947310686,38.11414066879544],[-3.0131933192204428,38.11429053220397],[-3.0132064000193117,38.11429758892865],[-3.0132102506658587,38.11429966596438],[-3.013184628862717,38.1143313721914],[-3.012829705533666,38.11475608157406],[-3.012545609290636,38.11512292145551],[-3.012313061755184,38.115426037914375],[-3.0121191707212724,38.11565064946345],[-3.0118627867281607,38.11600829355842],[-3.0111820889782654,38.11604079187532],[-3.0111279016474124,38.116043409543835],[-3.0108301512833027,38.116002694446735],[-3.010601389853739,38.115775772006856],[-3.010287839601209,38.11535454195243],[-3.010060698393625,38.115262177564944],[-3.009846691629093,38.115269581300424],[-3.0098460655008887,38.11526968355966],[-3.0097641315543133,38.115283076165355],[-3.009712654092917,38.11529149075844],[-3.009693653155485,38.115260776948844],[-3.009597414652103,38.1151052096549],[-3.009516219151241,38.11497395910166],[-3.0094823939789763,38.114919282267664],[-3.0092270350926835,38.1145870940141],[-3.0091951142889326,38.114545568386944],[-3.0091876217052413,38.11453582190936],[-3.0091356539024803,38.114468218503504],[-3.0088455939349883,38.113943803023915],[-3.0088328249429357,38.11392071590845],[-3.0087757601045526,38.11371523018721],[-3.0087209885550132,38.113596536563904],[-3.008746285978483,38.1133912268626],[-3.0093203877066306,38.11315911770069],[-3.010121022116156,38.112835421991974],[-3.0098779762463552,38.1123626331717],[-3.008704561700198,38.112855034808376],[-3.00835370862357,38.113002260431784],[-3.008362523033471,38.112808909192466],[-3.0083626353509803,38.11280644239821],[-3.0083707716648735,38.11262796317058],[-3.008068139680066,38.112653935337335],[-3.007732533286216,38.112616728905124],[-3.0075724925702807,38.112647108276775],[-3.007381194059175,38.112661356674806],[-3.0073413305635044,38.11270101397565],[-3.0073014662296456,38.11274067211468],[-3.0071484352997495,38.112849185077806],[-3.0071453457300574,38.112851376107415],[-3.0071224036215183,38.11286764370607],[-3.0071223424336218,38.11286768729195],[-3.007014708732199,38.11294400955404],[-3.0064426915834956,38.113543013079806],[-3.0062978103785394,38.113620920359864],[-3.0057013298057806,38.11299809965479],[-3.0057257999353584,38.11299722877499],[-3.005902834960987,38.11292025523903],[-3.006256218534334,38.11276639785342],[-3.006469066081587,38.11263831985076],[-3.006625222623361,38.112556659992435],[-3.00676335220491,38.112430567662756],[-3.006871596108919,38.112331693888876],[-3.007045113249576,38.1122983733072],[-3.0070479966244394,38.112297819263375],[-3.007059645794162,38.11229558213327],[-3.0070616817585636,38.11229519153656],[-3.0070900000201166,38.11228975335746],[-3.007090976511894,38.11228956560282],[-3.00724620182417,38.11225975787701],[-3.0074801575194394,38.11220954775942],[-3.0074966975299535,38.112201705650335],[-3.0076597171744535,38.11229290662962],[-3.0077929567534003,38.11232129027002],[-3.0081259337440684,38.1123172191794],[-3.00829315775145,38.112272778326144],[-3.008155107797986,38.11208748461084],[-3.0082180718201736,38.11205818985749],[-3.0081668449776973,38.111989425557965],[-3.0081970592258602,38.11187433280048],[-3.0087648812317775,38.111675032924154],[-3.0099177307772775,38.11120864871643],[-3.0101590885316782,38.111116130940076],[-3.0103162559310346,38.11105588433108],[-3.0105928738396086,38.11094984905867],[-3.0106480871154715,38.11096922215265],[-3.0107212200631928,38.11105591953509],[-3.0108041598382087,38.1111265722775],[-3.010819583379154,38.111129487503604],[-3.010838963178633,38.11114758151905],[-3.0108762978539643,38.111154953403314],[-3.010945130885102,38.11115771356421],[-3.0109847965678447,38.11115678904025],[-3.011055960606394,38.111142957222796],[-3.0111107899910685,38.111122673854084],[-3.011190118841983,38.11110054562843],[-3.0112227814442085,38.111077498746056],[-3.0112414445909224,38.111058140739544],[-3.0112717719947857,38.111028641467755],[-3.011280045771899,38.11099092709219],[-3.011305017977507,38.11097097648508],[-3.011350981822668,38.11093420172091],[-3.011532912718231,38.11087091834818],[-3.0116905478278126,38.11081340507798],[-3.011759705238623,38.11081028784798],[-3.0118034378210266,38.110820107248145],[-3.0118745322897746,38.11082874312348],[-3.011945624243952,38.110828737256156],[-3.012022188743036,38.11084457402495],[-3.0120859926319707,38.110861851642994],[-3.012182611673779,38.110892089360476],[-3.0122300096626584,38.11090936865489],[-3.0123011024550257,38.11091080279863],[-3.012355787670957,38.11090071601575],[-3.0124013575666466,38.1108863100379],[-3.012430520724089,38.110873344909265],[-3.012446798381018,38.110859233136296],[-3.012530795114088,38.110857587768606],[-3.012619991980194,38.11082639619045],[-3.01281743191212,38.11074724671229],[-3.0128738831951547,38.11067640286245],[-3.012970248265281,38.110548774129825]],[[-3.011626396928066,38.11210664228983],[-3.011381319284816,38.112247596572956],[-3.0114575845499383,38.112316444691515],[-3.0116795122134397,38.11216580930966],[-3.011626396928066,38.11210664228983]]]},"properties":{"dn_surface":216918.9522705078,"provincia":23,"municipio":97,"agregado":0,"zona":0,"poligono":22,"parcela":194,"recinto":1,"uso_sigpac":"OV","idPanel":"23:97:0:0:22:194:1"},"id":1316640743},{"type":"Feature","geometry":{"type":"Polygon","coordinates":[[[-3.0145712295850355,38.11054298139621],[-3.0145463864607445,38.11095356391837],[-3.014418546504142,38.11097691003468],[-3.0141602539515646,38.111053470342796],[-3.013910034010412,38.11113853241585],[-3.01376205653024,38.111202324570115],[-3.0135737176693214,38.111261868775614],[-3.0133719250148197,38.11131928816849],[-3.0132320184696924,38.11137882734485],[-3.013049068334643,38.11148088875672],[-3.0129360718912532,38.11155955878999],[-3.012841907070839,38.11161696728644],[-3.0127531184034413,38.111648863782676],[-3.0126239700316764,38.111687142260365],[-3.012550753264919,38.111699819051466],[-3.0124544527354504,38.11168715650959],[-3.0123979436172803,38.111663776027484],[-3.012351280721353,38.11163431866524],[-3.01234887595319,38.111582762413946],[-3.012389929679181,38.11151093117587],[-3.01240976964517,38.11148893789883],[-3.0125088864942717,38.11143656441192],[-3.0125761873134183,38.1114200679873],[-3.0126892223135666,38.11135921955761],[-3.0126901342646852,38.1113582279784],[-3.012829724812044,38.11120428006825],[-3.0128493711560584,38.11117693326929],[-3.012883880291663,38.11115918039735],[-3.0129678661282577,38.11106429640958],[-3.01302997351989,38.110935464035606],[-3.0130635799244687,38.11074435327913],[-3.013062906019414,38.110618286933345],[-3.0131279487537115,38.110611593983265],[-3.0131964926091723,38.110601979101574],[-3.0132457186912425,38.11058593362338],[-3.0132863709240474,38.110555925570026],[-3.013376684259723,38.11052422018122],[-3.0138747872672846,38.110345541464284],[-3.013902783663736,38.110339841769786],[-3.013983083977287,38.11035191254925],[-3.0141067212473875,38.11039047098254],[-3.0141428489285915,38.110411091303746],[-3.014387439583238,38.11047169582005],[-3.0145472045345425,38.110528779098615],[-3.0145712295850355,38.11054298139621]]]},"properties":{"dn_surface":12862.3853558583,"provincia":23,"municipio":97,"agregado":0,"zona":0,"poligono":23,"parcela":145,"recinto":1,"uso_sigpac":"OV","idPanel":"23:97:0:0:23:145:1"},"id":1112597203},{"type":"Feature","geometry":{"type":"Polygon","coordinates":[[[-3.01302077270423,38.11162464175746],[-3.0129133192137374,38.11170438718895],[-3.0127263784543503,38.111804894595906],[-3.012690215569151,38.11181265037138],[-3.0126262264401453,38.11182644195566],[-3.012606223027034,38.111822794989365],[-3.012545688918721,38.111811759375],[-3.012439020812602,38.11177562666464],[-3.0125216320169947,38.11178942663085],[-3.0125713174273856,38.111783148585005],[-3.012605513079792,38.111776908257724],[-3.0127112491182233,38.11174593125634],[-3.0129029466079436,38.11168445669841],[-3.01302077270423,38.11162464175746]]]},"properties":{"dn_surface":191.399117484851,"provincia":23,"municipio":97,"agregado":0,"zona":0,"poligono":23,"parcela":145,"recinto":4,"uso_sigpac":"OV","idPanel":"23:97:0:0:23:145:4"},"id":1112597200},{"type":"Feature","geometry":{"type":"Polygon","coordinates":[[[-3.0122094530439045,38.11081877033453],[-3.0119819891330293,38.1107713824039],[-3.0118603886655197,38.1107605772919],[-3.0116765098155445,38.110768883758425],[-3.011509407345766,38.110829822712674],[-3.0113180090900067,38.110896441244876],[-3.0112644034632687,38.110939344857],[-3.0112042959938523,38.1109873874143],[-3.0110963974242746,38.111055531452905],[-3.0110531685942807,38.11108365441612],[-3.011017581545864,38.111097536524966],[-3.01091412035609,38.11110096891454],[-3.0108342684743863,38.11108592339747],[-3.0107661588015358,38.111027886258256],[-3.0106864091790557,38.11093334928131],[-3.0120739763348685,38.11039104011377],[-3.0121290806459835,38.11044493156345],[-3.01215921275149,38.11054451863734],[-3.0121868386678003,38.110658617301056],[-3.0122094530439045,38.11081877033453]]]},"properties":{"dn_surface":3665.91007438299,"provincia":23,"municipio":97,"agregado":0,"zona":0,"poligono":23,"parcela":147,"recinto":1,"uso_sigpac":"OV","idPanel":"23:97:0:0:23:147:1"},"id":1112597193},{"type":"Feature","geometry":{"type":"Polygon","coordinates":[[[-3.0098167715857485,38.11074993730335],[-3.0099023273529006,38.110917854494204],[-3.0099023281910906,38.11092264223757],[-3.009895889212691,38.11103755059318],[-3.009895890889072,38.11104870774517],[-3.0099003810748686,38.111064117036875],[-3.0099152673357885,38.111104579000454],[-3.009928178820203,38.11110457816227],[-3.0100379323050634,38.111109358361944],[-3.0100443888854613,38.111109358361944],[-3.0101590885316782,38.111116130940076],[-3.0099177307772775,38.11120864871643],[-3.0087648812317775,38.111675032924154],[-3.009727291411298,38.11082372906873],[-3.0098167715857485,38.11074993730335]]]},"properties":{"dn_surface":3049.16858543067,"provincia":23,"municipio":97,"agregado":0,"zona":0,"poligono":22,"parcela":196,"recinto":2,"uso_sigpac":"OV","idPanel":"23:97:0:0:22:196:2"},"id":1112595623},{"type":"Feature","geometry":{"type":"Polygon","coordinates":[[[-3.009725532049717,38.11049323479793],[-3.009856257895753,38.1105090883305],[-3.010015396718853,38.11058613646543],[-3.0098167715857485,38.11074993730335],[-3.009727291411298,38.11082372906873],[-3.0087648812317775,38.111675032924154],[-3.0081970592258602,38.11187433280048],[-3.008156930862035,38.11182626342111],[-3.008131002281219,38.11179520427703],[-3.0080347227065096,38.11176862190774],[-3.0078828753014126,38.11161541411968],[-3.0090373568035576,38.11053040770253],[-3.009501033656361,38.11050536173616],[-3.009725532049717,38.11049323479793]]]},"properties":{"dn_surface":11860.461592549784,"provincia":23,"municipio":97,"agregado":0,"zona":0,"poligono":22,"parcela":197,"recinto":1,"uso_sigpac":"OV","idPanel":"23:97:0:0:22:197:1"},"id":1179153869},{"type":"Feature","geometry":{"type":"Polygon","coordinates":[[[-3.0090373568035576,38.11053040770253],[-3.0078828753014126,38.11161541411968],[-3.0067372392222125,38.110338186343796],[-3.0068903196053394,38.110337459632746],[-3.0070368973075983,38.11032483564762],[-3.0072545493620364,38.11039701808747],[-3.0075104203826433,38.110516244799896],[-3.007736623655207,38.110544354352015],[-3.0079827875931726,38.11056038558098],[-3.0081291381458426,38.11055767487332],[-3.0090373568035576,38.11053040770253]]]},"properties":{"dn_surface":11966.1223746723,"provincia":23,"municipio":97,"agregado":0,"zona":0,"poligono":22,"parcela":198,"recinto":1,"uso_sigpac":"OV","idPanel":"23:97:0:0:22:198:1"},"id":1112595619},{"type":"Feature","geometry":{"type":"Polygon","coordinates":[[[-3.0103049629922185,38.11091715041428],[-3.010316477213292,38.110918684302646],[-3.0104418411555494,38.11092624645613],[-3.0105928738396086,38.11094984905867],[-3.0103162559310346,38.11105588433108],[-3.0103049629922185,38.11091715041428]]]},"properties":{"dn_surface":200.981748805347,"provincia":23,"municipio":97,"agregado":0,"zona":0,"poligono":22,"parcela":196,"recinto":1,"uso_sigpac":"OV","idPanel":"23:97:0:0:22:196:1"},"id":1112595624},{"type":"Feature","geometry":{"type":"Polygon","coordinates":[[[-3.006962556527559,38.11168962833298],[-3.0069855992189405,38.11169133907953],[-3.0070886203587723,38.11169893056967],[-3.0071316312592704,38.111702099767456],[-3.0073523418703583,38.11171836233697],[-3.00737549855563,38.111720073921674],[-3.0080347227065096,38.11176862190774],[-3.008131002281219,38.11179520427703],[-3.0081970592258602,38.11187433280048],[-3.0081668449776973,38.111989425557965],[-3.0082180718201736,38.11205818985749],[-3.008155107797986,38.11208748461084],[-3.00829315775145,38.112272778326144],[-3.0081259337440684,38.1123172191794],[-3.0077929567534003,38.11232129027002],[-3.0076597171744535,38.11229290662962],[-3.0074966975299535,38.112201705650335],[-3.0074801575194394,38.11220954775942],[-3.00724620182417,38.11225975787701],[-3.007090976511894,38.11228956560282],[-3.0070900000201166,38.11228975335746],[-3.0070203212548976,38.11219385180661],[-3.006935749523237,38.11203919394919],[-3.006857858168802,38.11193726245685],[-3.006779966814366,38.1118212694829],[-3.0067399088585325,38.11177381868802],[-3.0066580947731785,38.11174260364055],[-3.006962556527559,38.11168962833298]]]},"properties":{"dn_surface":6923.141009383592,"provincia":23,"municipio":97,"agregado":0,"zona":0,"poligono":22,"parcela":838,"recinto":2,"uso_sigpac":"OV","idPanel":"23:97:0:0:22:838:2"},"id":1155760595},{"type":"Feature","geometry":{"type":"Polygon","coordinates":[[[-3.005661558511053,38.110248905658665],[-3.0058237659490863,38.1102660248587],[-3.0059986367671874,38.1102928779635],[-3.0062980702175537,38.110318374038116],[-3.0067372392222125,38.110338186343796],[-3.0078828753014126,38.11161541411968],[-3.0080347227065096,38.11176862190774],[-3.00737549855563,38.111720073921674],[-3.0073523418703583,38.11171836233697],[-3.0069855992189405,38.11169133907953],[-3.006962556527559,38.11168962833298],[-3.0066580947731785,38.11174260364055],[-3.0066072149415146,38.11175145660724],[-3.0066064622465642,38.11175158736492],[-3.006541869620494,38.11176282665957],[-3.0062561372298675,38.11193290554331],[-3.0062151866012923,38.11194426302282],[-3.0057731275162474,38.111604859626595],[-3.0055798668014924,38.111334394873495],[-3.005051888174676,38.11060528240978],[-3.005164349852612,38.110476308381635],[-3.0053582559739502,38.110333993715614],[-3.005661558511053,38.110248905658665]]]},"properties":{"dn_surface":27604.163241254042,"provincia":23,"municipio":97,"agregado":0,"zona":0,"poligono":22,"parcela":199,"recinto":1,"uso_sigpac":"OV","idPanel":"23:97:0:0:22:199:1"},"id":1155760608},{"type":"Feature","geometry":{"type":"Polygon","coordinates":[[[-3.0066064622465642,38.11175158736492],[-3.0067176599334275,38.11179842544263],[-3.0068244814283833,38.11194429403585],[-3.006922402179831,38.11207786050906],[-3.007011425540532,38.11225009354206],[-3.007045113249576,38.1122983733072],[-3.006871596108919,38.112331693888876],[-3.00676335220491,38.112430567662756],[-3.006625222623361,38.112556659992435],[-3.006469066081587,38.11263831985076],[-3.006256218534334,38.11276639785342],[-3.005902834960987,38.11292025523903],[-3.0057257999353584,38.11299722877499],[-3.005690323528071,38.11299849108971],[-3.0054755213208804,38.11300626027622],[-3.005420997037499,38.113008232538135],[-3.0053371511786966,38.11298822661047],[-3.0052691663962103,38.113026442223884],[-3.0050379381723955,38.11300806154733],[-3.004889166087757,38.112747868817166],[-3.005226576267276,38.11253173724006],[-3.005232394146615,38.11253462145311],[-3.0052931973140353,38.11256418107462],[-3.0054528901809685,38.11246566856076],[-3.0057131893612854,38.11230514588536],[-3.0061383220300564,38.112155432512935],[-3.006107629175194,38.11207449936566],[-3.006179263438538,38.11204214186475],[-3.006168988901018,38.11195715271424],[-3.0062151866012923,38.11194426302282],[-3.0062561372298675,38.11193290554331],[-3.006541869620494,38.11176282665957],[-3.0066064622465642,38.11175158736492]]]},"properties":{"dn_surface":12086.139704353534,"provincia":23,"municipio":97,"agregado":0,"zona":0,"poligono":22,"parcela":838,"recinto":1,"uso_sigpac":"OV","idPanel":"23:97:0:0:22:838:1"},"id":1155760594},{"type":"Feature","geometry":{"type":"Polygon","coordinates":[[[-3.0062151866012923,38.11194426302282],[-3.006168988901018,38.11195715271424],[-3.006179263438538,38.11204214186475],[-3.006107629175194,38.11207449936566],[-3.0061383220300564,38.112155432512935],[-3.0057131893612854,38.11230514588536],[-3.0054528901809685,38.11246566856076],[-3.0052931973140353,38.11256418107462],[-3.005232394146615,38.11253462145311],[-3.005226576267276,38.11253173724006],[-3.004889166087757,38.112747868817166],[-3.0046745667226356,38.11237240563318],[-3.0041605481563836,38.11225497935371],[-3.004149472308873,38.11209933075531],[-3.004139314279813,38.11202128182106],[-3.0039921540352497,38.11190177599127],[-3.00371814876605,38.111814536299676],[-3.003558330170562,38.111750187587006],[-3.0033871004514157,38.11160346320145],[-3.0033158023024087,38.11154235744729],[-3.0037526763418425,38.111257282197926],[-3.0039812776770463,38.11130775047809],[-3.0041545534188776,38.111346051586935],[-3.004320761539534,38.111438428547274],[-3.004430043123218,38.111460327947015],[-3.0045608787721916,38.11141778559491],[-3.0046732247798573,38.11123536687259],[-3.0048179626542604,38.11100788368336],[-3.0049165053429605,38.11082546579914],[-3.005051888174676,38.11060528240978],[-3.0055798668014924,38.111334394873495],[-3.0057731275162474,38.111604859626595],[-3.0062151866012923,38.11194426302282]]]},"properties":{"dn_surface":25844.6701843274,"provincia":23,"municipio":97,"agregado":0,"zona":0,"poligono":22,"parcela":200,"recinto":1,"uso_sigpac":"OV","idPanel":"23:97:0:0:22:200:1"},"id":1112595617},{"type":"Feature","geometry":{"type":"Polygon","coordinates":[[[-3.004988805129456,38.110568782572074],[-3.0048732714838247,38.11081320894144],[-3.004717926310326,38.111043125397316],[-3.004560871228479,38.11131071515746],[-3.0044439545687402,38.11139588703341],[-3.00438851665786,38.11140318850971],[-3.004123751599267,38.111299817006284],[-3.0037403549434454,38.11121834741715],[-3.00408060575012,38.11090776687311],[-3.0041715603014265,38.11085394583145],[-3.0045693746697526,38.110618541743236],[-3.00482214019505,38.1104509908416],[-3.004988805129456,38.110568782572074]]]},"properties":{"dn_surface":5158.76687949523,"provincia":23,"municipio":97,"agregado":0,"zona":0,"poligono":23,"parcela":248,"recinto":1,"uso_sigpac":"OV","idPanel":"23:97:0:0:23:248:1"},"id":1112597013},{"type":"Feature","geometry":{"type":"Polygon","coordinates":[[[-3.00408060575012,38.11090776687311],[-3.0037403549434454,38.11121834741715],[-3.0033721328860303,38.11118121977486],[-3.0031084029925403,38.11115454436643],[-3.003260338407626,38.110995289873074],[-3.003454587348824,38.11083882822999],[-3.0035829109412675,38.11071039734915],[-3.003716943448301,38.11076978565126],[-3.003856555788609,38.11065595520844],[-3.00408060575012,38.11090776687311]]]},"properties":{"dn_surface":2886.36169849501,"provincia":23,"municipio":97,"agregado":0,"zona":0,"poligono":23,"parcela":247,"recinto":2,"uso_sigpac":"OV","idPanel":"23:97:0:0:23:247:2"},"id":1112597014},{"type":"Feature","geometry":{"type":"Polygon","coordinates":[[[-3.0037526763418425,38.111257282197926],[-3.0033158023024087,38.11154235744729],[-3.003178115285374,38.111484857588124],[-3.002928634628125,38.111336240568676],[-3.0027569506098004,38.11118654060729],[-3.002830526122035,38.111186360396346],[-3.0031030410887616,38.111199426946],[-3.0033625532083246,38.11122565224619],[-3.0037526763418425,38.111257282197926]]]},"properties":{"dn_surface":1722.07561226034,"provincia":23,"municipio":97,"agregado":0,"zona":0,"poligono":22,"parcela":779,"recinto":1,"uso_sigpac":"OV","idPanel":"23:97:0:0:22:779:1"},"id":1112596065},{"type":"Feature","geometry":{"type":"Polygon","coordinates":[[[-3.0159584128496593,38.10153609448889],[-3.016225013545156,38.10226032700825],[-3.016031925497617,38.10230216863317],[-3.0159239640637616,38.10202026258156],[-3.015834252548769,38.10174123822847],[-3.015492560892853,38.101831044458976],[-3.0153798142301924,38.10155896199848],[-3.0152302953179353,38.10159502932996],[-3.0151210765985295,38.10161626655929],[-3.0148453731556453,38.101669876377],[-3.014810454144952,38.101582816896325],[-3.014760819025983,38.101482961601505],[-3.014720082974141,38.10139941749122],[-3.014947388467037,38.101366046618125],[-3.01517400412926,38.101309241618765],[-3.0149599202512154,38.10076877060271],[-3.0153988956338997,38.100678414519365],[-3.015807753160313,38.10157126160391],[-3.0159584128496593,38.10153609448889]]]},"properties":{"dn_surface":7656.09042137399,"provincia":23,"municipio":97,"agregado":0,"zona":0,"poligono":23,"parcela":167,"recinto":1,"uso_sigpac":"OV","idPanel":"23:97:0:0:23:167:1"},"id":1112597164},{"type":"Feature","geometry":{"type":"Polygon","coordinates":[[[-3.016031925497617,38.10230216863317],[-3.0160682124349893,38.10237751105069],[-3.0158596187038493,38.10244900617445],[-3.015788311334748,38.10235068560618],[-3.0154546009275083,38.10243967879205],[-3.015386349600485,38.10223401537442],[-3.0153583850552668,38.10213983546657],[-3.0159239640637616,38.10202026258156],[-3.016031925497617,38.10230216863317]]]},"properties":{"dn_surface":1943.62108327752,"provincia":23,"municipio":97,"agregado":0,"zona":0,"poligono":23,"parcela":165,"recinto":1,"uso_sigpac":"OV","idPanel":"23:97:0:0:23:165:1"},"id":1112597166},{"type":"Feature","geometry":{"type":"Polygon","coordinates":[[[-3.01563657624716,38.10064152576129],[-3.016059911835784,38.10149128902279],[-3.0159584128496593,38.10153609448889],[-3.015807753160313,38.10157126160391],[-3.0153988956338997,38.100678414519365],[-3.01563657624716,38.10064152576129]]]},"properties":{"dn_surface":2327.95804635254,"provincia":23,"municipio":97,"agregado":0,"zona":0,"poligono":23,"parcela":168,"recinto":1,"uso_sigpac":"OV","idPanel":"23:97:0:0:23:168:1"},"id":1112597163},{"type":"Feature","geometry":{"type":"Polygon","coordinates":[[[-3.0159239640637616,38.10202026258156],[-3.0153583850552668,38.10213983546657],[-3.0153291690918307,38.102058814309316],[-3.0155069727380264,38.102014452245925],[-3.0153676336477773,38.10166612463689],[-3.0152730866125568,38.1016897490324],[-3.0152302953179353,38.10159502932996],[-3.0153798142301924,38.10155896199848],[-3.015492560892853,38.101831044458976],[-3.015834252548769,38.10174123822847],[-3.0159239640637616,38.10202026258156]]]},"properties":{"dn_surface":1508.43848494775,"provincia":23,"municipio":97,"agregado":0,"zona":0,"poligono":23,"parcela":403,"recinto":2,"uso_sigpac":"OV","idPanel":"23:97:0:0:23:403:2"},"id":1112597529},{"type":"Feature","geometry":{"type":"Polygon","coordinates":[[[-3.0151941500347346,38.10216671204071],[-3.0148808587830276,38.10227129305281],[-3.0147802214565997,38.102086902906734],[-3.0151393625595784,38.10198384907747],[-3.0151941500347346,38.10216671204071]]]},"properties":{"dn_surface":679.069750852696,"provincia":23,"municipio":97,"agregado":0,"zona":0,"poligono":23,"parcela":179,"recinto":1,"uso_sigpac":"OV","idPanel":"23:97:0:0:23:179:1"},"id":1112597142},{"type":"Feature","geometry":{"type":"Polygon","coordinates":[[[-3.0153291690918307,38.102058814309316],[-3.0152703943450985,38.10189605031286],[-3.015349884966754,38.101866299584],[-3.0152962508415424,38.101741118367215],[-3.0152730866125568,38.1016897490324],[-3.0153676336477773,38.10166612463689],[-3.0155069727380264,38.102014452245925],[-3.0153291690918307,38.102058814309316]]]},"properties":{"dn_surface":488.510485668715,"provincia":23,"municipio":97,"agregado":0,"zona":0,"poligono":23,"parcela":166,"recinto":2,"uso_sigpac":"OV","idPanel":"23:97:0:0:23:166:2"},"id":1112597165},{"type":"Feature","geometry":{"type":"Polygon","coordinates":[[[-3.0149599202512154,38.10076877060271],[-3.01517400412926,38.101309241618765],[-3.014947388467037,38.101366046618125],[-3.0149359882398543,38.10134147590571],[-3.014697722569717,38.10082792169695],[-3.0148512228862177,38.10079329270013],[-3.0149599202512154,38.10076877060271]]]},"properties":{"dn_surface":1413.02109352175,"provincia":23,"municipio":97,"agregado":0,"zona":0,"poligono":23,"parcela":169,"recinto":1,"uso_sigpac":"OV","idPanel":"23:97:0:0:23:169:1"},"id":1112597162},{"type":"Feature","geometry":{"type":"Polygon","coordinates":[[[-3.014947388467037,38.101366046618125],[-3.014720082974141,38.10139941749122],[-3.0147178005817707,38.10139407067487],[-3.0145655768292,38.10103748186157],[-3.0143895987616243,38.10107877866278],[-3.0143253514699855,38.10090835360637],[-3.014697722569717,38.10082792169695],[-3.0149359882398543,38.10134147590571],[-3.014947388467037,38.101366046618125]]]},"properties":{"dn_surface":1512.25883467098,"provincia":23,"municipio":97,"agregado":0,"zona":0,"poligono":23,"parcela":170,"recinto":1,"uso_sigpac":"OV","idPanel":"23:97:0:0:23:170:1"},"id":1112597161},{"type":"Feature","geometry":{"type":"Polygon","coordinates":[[[-3.014760819025983,38.101482961601505],[-3.0144087488969418,38.1015761893251],[-3.0141055796321083,38.10096434556107],[-3.0143234873346083,38.1009088288603],[-3.0143253514699855,38.10090835360637],[-3.0143895987616243,38.10107877866278],[-3.0145655768292,38.10103748186157],[-3.0147178005817707,38.10139407067487],[-3.014720082974141,38.10139941749122],[-3.014760819025983,38.101482961601505]]]},"properties":{"dn_surface":2148.27428277535,"provincia":23,"municipio":97,"agregado":0,"zona":0,"poligono":23,"parcela":171,"recinto":2,"uso_sigpac":"OV","idPanel":"23:97:0:0:23:171:2"},"id":1112597160},{"type":"Feature","geometry":{"type":"Polygon","coordinates":[[[-3.0140124013617577,38.10098670596551],[-3.0142183690424784,38.10147283290908],[-3.014116865027211,38.101498529311186],[-3.0138697287884186,38.1010356596357],[-3.0138856946385317,38.101027545952945],[-3.0140124013617577,38.10098670596551]]]},"properties":{"dn_surface":647.64322165847,"provincia":23,"municipio":97,"agregado":0,"zona":0,"poligono":23,"parcela":173,"recinto":1,"uso_sigpac":"OV","idPanel":"23:97:0:0:23:173:1"},"id":1112597158},{"type":"Feature","geometry":{"type":"Polygon","coordinates":[[[-3.014810454144952,38.101582816896325],[-3.0142161369415303,38.10171194096054],[-3.0141712904041285,38.10160045828897],[-3.014116865027211,38.101498529311186],[-3.0142183690424784,38.10147283290908],[-3.0140124013617577,38.10098670596551],[-3.0141055796321083,38.10096434556107],[-3.0144087488969418,38.1015761893251],[-3.014760819025983,38.101482961601505],[-3.014810454144952,38.101582816896325]]]},"properties":{"dn_surface":1454.88102217365,"provincia":23,"municipio":97,"agregado":0,"zona":0,"poligono":23,"parcela":172,"recinto":3,"uso_sigpac":"OV","idPanel":"23:97:0:0:23:172:3"},"id":1112597159},{"type":"Feature","geometry":{"type":"Polygon","coordinates":[[[-3.0138697287884186,38.1010356596357],[-3.014116865027211,38.101498529311186],[-3.0141712904041285,38.10160045828897],[-3.0142161369415303,38.10171194096054],[-3.014810454144952,38.101582816896325],[-3.0148453731556453,38.101669876377],[-3.0145124472945892,38.101742789718855],[-3.01420734683915,38.101809607740336],[-3.014156149333337,38.101715380893836],[-3.0141381768554845,38.101707098734806],[-3.0141112206532785,38.10170473419976],[-3.014076775220142,38.10169882076673],[-3.0140468233255637,38.10169645706992],[-3.014028850847712,38.1016881757491],[-3.0140138740622326,38.101679893590045],[-3.014000391770178,38.10166214407087],[-3.013990823827137,38.10164162768524],[-3.014028955621508,38.10163291804915],[-3.0139836547849272,38.1015323402342],[-3.013743597063786,38.1010998423867],[-3.0138697287884186,38.1010356596357]]]},"properties":{"dn_surface":1588.8676052781,"provincia":23,"municipio":97,"agregado":0,"zona":0,"poligono":23,"parcela":176,"recinto":2,"uso_sigpac":"OV","idPanel":"23:97:0:0:23:176:2"},"id":1112597152},{"type":"Feature","geometry":{"type":"Polygon","coordinates":[[[-3.015386349600485,38.10223401537442],[-3.0153077835028044,38.102248013991755],[-3.0152152715937954,38.10226449784352],[-3.0151941500347346,38.10216671204071],[-3.0151393625595784,38.10198384907747],[-3.015090503604889,38.10178377136046],[-3.015030954370257,38.10172618684405],[-3.0145591311452757,38.10185142338136],[-3.014604312958825,38.10197365752077],[-3.014455611282176,38.10191242687628],[-3.014364187344264,38.10186390319771],[-3.014288481152116,38.10184133743667],[-3.0142342007821314,38.10182441269677],[-3.01420734683915,38.101809607740336],[-3.0145124472945892,38.101742789718855],[-3.0148453731556453,38.101669876377],[-3.0151210765985295,38.10161626655929],[-3.0152302953179353,38.10159502932996],[-3.0152730866125568,38.1016897490324],[-3.0152962508415424,38.101741118367215],[-3.015349884966754,38.101866299584],[-3.0152703943450985,38.10189605031286],[-3.0153291690918307,38.102058814309316],[-3.0153583850552668,38.10213983546657],[-3.015386349600485,38.10223401537442]]]},"properties":{"dn_surface":2093.68364661859,"provincia":23,"municipio":97,"agregado":0,"zona":0,"poligono":23,"parcela":177,"recinto":2,"uso_sigpac":"OV","idPanel":"23:97:0:0:23:177:2"},"id":1112597149},{"type":"Feature","geometry":{"type":"Polygon","coordinates":[[[-3.0158752442486736,38.102949211363466],[-3.015866993940889,38.10297248120443],[-3.0158338141752075,38.10297708119316],[-3.0157185479123023,38.10300218750922],[-3.01563515970544,38.10302049861599],[-3.015587884930544,38.10302510866302],[-3.0155271982715846,38.10301496572137],[-3.015476236297264,38.10298774297462],[-3.015465324735065,38.10296890548429],[-3.0154285784693706,38.10287878241786],[-3.015295972562341,38.10255352767501],[-3.0154832418923516,38.1024978081322],[-3.015572011281372,38.10264506644501],[-3.0156951380935393,38.10291092785664],[-3.015712372963868,38.10296527276728],[-3.0158752442486736,38.102949211363466]],[[-3.015679018854589,38.102956246295236],[-3.015647967254249,38.10290162142897],[-3.0155604970602985,38.10292058380966],[-3.015588727311863,38.10297743826226],[-3.015679018854589,38.102956246295236]]]},"properties":{"dn_surface":1137.83850301421,"provincia":23,"municipio":97,"agregado":0,"zona":0,"poligono":23,"parcela":163,"recinto":1,"uso_sigpac":"OV","idPanel":"23:97:0:0:23:163:1"},"id":1112597173},{"type":"Feature","geometry":{"type":"Polygon","coordinates":[[[-3.0143031109267833,38.10368932842849],[-3.0144258111000544,38.10355899150275],[-3.0140427606168543,38.10335227783261],[-3.0141222411802255,38.10326484619543],[-3.013854058819506,38.103105527161404],[-3.014325590354239,38.10262924727823],[-3.0152732726908185,38.103062930326956],[-3.0155786430435563,38.1032307134073],[-3.015743363376311,38.10332118264637],[-3.0158642840714323,38.10340751122504],[-3.015574741267397,38.10363953153876],[-3.0154839677652103,38.10371786294314],[-3.0150003277324333,38.10410645470287],[-3.0143031109267833,38.10368932842849]]]},"properties":{"dn_surface":14372.7958604975,"provincia":23,"municipio":97,"agregado":0,"zona":0,"poligono":23,"parcela":183,"recinto":1,"uso_sigpac":"OV","idPanel":"23:97:0:0:23:183:1"},"id":1112597137},{"type":"Feature","geometry":{"type":"Polygon","coordinates":[[[-3.01716386889898,38.10435612562932],[-3.0171532582471223,38.1043409853967],[-3.01635696901646,38.10320493653893],[-3.016705946223047,38.103034013597465],[-3.0168159696052057,38.10333042872432],[-3.016928764882908,38.10329652727674],[-3.0169821643148165,38.10338024824517],[-3.0171481050527458,38.10332173501382],[-3.0171255032494964,38.103246571969066],[-3.0174544116641226,38.1031061113801],[-3.0176457906415033,38.10351805931438],[-3.017577028856547,38.10358133765794],[-3.0172896754057508,38.10388384223782],[-3.0171678578469363,38.104340983720334],[-3.01716386889898,38.10435612562932]]]},"properties":{"dn_surface":7143.02954945893,"provincia":23,"municipio":97,"agregado":0,"zona":0,"poligono":23,"parcela":158,"recinto":1,"uso_sigpac":"OV","idPanel":"23:97:0:0:23:158:1"},"id":1112597178},{"type":"Feature","geometry":{"type":"Polygon","coordinates":[[[-3.0173992553852047,38.10468019349457],[-3.016897932050254,38.10551258274617],[-3.01659706697074,38.10612224134786],[-3.0164131713569566,38.106494850493675],[-3.016161954807457,38.10628335075651],[-3.014718538189294,38.10543234864966],[-3.0146781541774064,38.10540396333286],[-3.013722023720117,38.10622277641508],[-3.013652115290738,38.10628262739823],[-3.0128464006093982,38.10580601894446],[-3.0129556461508953,38.10566486936301],[-3.0136401409031537,38.1051307107586],[-3.0141430207576163,38.10505459385317],[-3.014556390262776,38.10456858509443],[-3.0147408918881946,38.10434126451409],[-3.0147639261976735,38.10431296217817],[-3.0148053151998107,38.1042458122333],[-3.0150003277324333,38.10410645470287],[-3.0154839677652103,38.10371786294314],[-3.015574741267397,38.10363953153876],[-3.0158642840714323,38.10340751122504],[-3.01635696901646,38.10320493653893],[-3.0171532582471223,38.1043409853967],[-3.01716386889898,38.10435612562932],[-3.0173992553852047,38.10468019349457]]]},"properties":{"dn_surface":66501.1662363441,"provincia":23,"municipio":97,"agregado":0,"zona":0,"poligono":23,"parcela":157,"recinto":2,"uso_sigpac":"OV","idPanel":"23:97:0:0:23:157:2"},"id":1112597179},{"type":"Feature","geometry":{"type":"Polygon","coordinates":[[[-3.0128464006093982,38.10580601894446],[-3.012689090717679,38.1057042785595],[-3.0126191621717306,38.105659041425355],[-3.012689068924729,38.105584950426106],[-3.0130071236122924,38.105247665136915],[-3.0136564571168396,38.10457678678719],[-3.0132513840199335,38.10434141203561],[-3.012868444177863,38.10411883226001],[-3.01309054702315,38.103878243964374],[-3.0131276872383164,38.10389486611754],[-3.0131614067985955,38.10386501648219],[-3.013123283386128,38.103842782644506],[-3.0133372448883797,38.10361101127333],[-3.0134563332993585,38.10366561769939],[-3.0135890749932273,38.10354807910238],[-3.0141428933526813,38.10386338033459],[-3.0145187521625307,38.10402575121972],[-3.014522987538456,38.10409983551352],[-3.0148053151998107,38.1042458122333],[-3.0147639261976735,38.10431296217817],[-3.0147408918881946,38.10434126451409],[-3.014556390262776,38.10456858509443],[-3.0141430207576163,38.10505459385317],[-3.0136401409031537,38.1051307107586],[-3.0129556461508953,38.10566486936301],[-3.0128464006093982,38.10580601894446]],[[-3.0133866855471836,38.10386179280201],[-3.0133354201479507,38.103840480135574],[-3.0133017047786237,38.103888451446664],[-3.0133448757734826,38.103907632595025],[-3.0133866855471836,38.10386179280201]]]},"properties":{"dn_surface":18817.5234552725,"provincia":23,"municipio":97,"agregado":0,"zona":0,"poligono":23,"parcela":186,"recinto":1,"uso_sigpac":"OV","idPanel":"23:97:0:0:23:186:1"},"id":1112597134},{"type":"Feature","geometry":{"type":"Polygon","coordinates":[[[-3.013854058819506,38.103105527161404],[-3.0141222411802255,38.10326484619543],[-3.0140427606168543,38.10335227783261],[-3.0144258111000544,38.10355899150275],[-3.0143031109267833,38.10368932842849],[-3.0141428933526813,38.10386338033459],[-3.0135890749932273,38.10354807910238],[-3.0137785982171357,38.10333743264303],[-3.013707066213015,38.103247222404775],[-3.013854058819506,38.103105527161404]]]},"properties":{"dn_surface":2949.63821410229,"provincia":23,"municipio":97,"agregado":0,"zona":0,"poligono":23,"parcela":184,"recinto":3,"uso_sigpac":"OV","idPanel":"23:97:0:0:23:184:3"},"id":1112597136},{"type":"Feature","geometry":{"type":"Polygon","coordinates":[[[-3.014325590354239,38.10262924727823],[-3.013854058819506,38.103105527161404],[-3.013707066213015,38.103247222404775],[-3.0137785982171357,38.10333743264303],[-3.0135890749932273,38.10354807910238],[-3.0134563332993585,38.10366561769939],[-3.0133372448883797,38.10361101127333],[-3.013123283386128,38.103842782644506],[-3.0130973296596006,38.103826682683916],[-3.0130603730081247,38.10386563003755],[-3.01309054702315,38.103878243964374],[-3.012868444177863,38.10411883226001],[-3.0126887822636235,38.10402232134476],[-3.0124955475327697,38.10391851146778],[-3.012688726104869,38.10371453616557],[-3.013273730175121,38.10309675047009],[-3.0131242984346627,38.10301105304876],[-3.0137033563824502,38.10236460459544],[-3.0141337294173978,38.10254391614609],[-3.014325590354239,38.10262924727823]]]},"properties":{"dn_surface":10454.7559442111,"provincia":23,"municipio":97,"agregado":0,"zona":0,"poligono":23,"parcela":182,"recinto":3,"uso_sigpac":"OV","idPanel":"23:97:0:0:23:182:3"},"id":1112597139},{"type":"Feature","geometry":{"type":"Polygon","coordinates":[[[-3.0137033563824502,38.10236460459544],[-3.0131242984346627,38.10301105304876],[-3.013273730175121,38.10309675047009],[-3.012688726104869,38.10371453616557],[-3.0124955475327697,38.10391851146778],[-3.012144212496681,38.10373296880991],[-3.012055009763241,38.10368187440156],[-3.013365148245701,38.10220898701007],[-3.0137033563824502,38.10236460459544]]]},"properties":{"dn_surface":8483.93173568289,"provincia":23,"municipio":97,"agregado":0,"zona":0,"poligono":23,"parcela":369,"recinto":2,"uso_sigpac":"OV","idPanel":"23:97:0:0:23:369:2"},"id":1112597588},{"type":"Feature","geometry":{"type":"Polygon","coordinates":[[[-3.015295972562341,38.10255352767501],[-3.015118282910036,38.10260627164209],[-3.015231820824403,38.10290007664415],[-3.015175984773098,38.102888308451384],[-3.01508084681367,38.10284463621869],[-3.015055113531209,38.102814125251115],[-3.014905903073007,38.10248747240678],[-3.0148582024974053,38.1023567482371],[-3.0152152715937954,38.10226449784352],[-3.0153077835028044,38.102248013991755],[-3.015386349600485,38.10223401537442],[-3.0154546009275083,38.10243967879205],[-3.0154832418923516,38.1024978081322],[-3.015295972562341,38.10255352767501]]]},"properties":{"dn_surface":1915.85277318199,"provincia":23,"municipio":97,"agregado":0,"zona":0,"poligono":23,"parcela":164,"recinto":4,"uso_sigpac":"OV","idPanel":"23:97:0:0:23:164:4"},"id":1112597168},{"type":"Feature","geometry":{"type":"Polygon","coordinates":[[[-3.0152432730193897,38.10292971170273],[-3.0152535173820563,38.1029562211495],[-3.0152732726908185,38.103062930326956],[-3.014325590354239,38.10262924727823],[-3.0141337294173978,38.10254391614609],[-3.0148220890654374,38.10236607813411],[-3.0148563635077394,38.10245545185836],[-3.01488061067868,38.102506205961475],[-3.01502166889737,38.10282124986924],[-3.015045475180177,38.10286190377846],[-3.015075064138326,38.102882188823514],[-3.0151740577734443,38.10291571811456],[-3.0152432730193897,38.10292971170273]]]},"properties":{"dn_surface":2466.05306749674,"provincia":23,"municipio":97,"agregado":0,"zona":0,"poligono":23,"parcela":164,"recinto":3,"uso_sigpac":"OV","idPanel":"23:97:0:0:23:164:3"},"id":1112597169},{"type":"Feature","geometry":{"type":"Polygon","coordinates":[[[-3.0145887058541896,38.101997799079754],[-3.014628191326003,38.10201270545724],[-3.014701955431071,38.10208169103899],[-3.014741990755766,38.10217290542931],[-3.0148220890654374,38.10236607813411],[-3.0141337294173978,38.10254391614609],[-3.0137033563824502,38.10236460459544],[-3.013365148245701,38.10220898701007],[-3.0140962069874226,38.10199206921038],[-3.01415040437656,38.10209381797725],[-3.0145887058541896,38.101997799079754]]]},"properties":{"dn_surface":4663.87066070713,"provincia":23,"municipio":97,"agregado":0,"zona":0,"poligono":23,"parcela":178,"recinto":1,"uso_sigpac":"OV","idPanel":"23:97:0:0:23:178:1"},"id":1112597147},{"type":"Feature","geometry":{"type":"Polygon","coordinates":[[[-3.0145887058541896,38.101997799079754],[-3.01415040437656,38.10209381797725],[-3.0140962069874226,38.10199206921038],[-3.013365148245701,38.10220898701007],[-3.0131351865275313,38.10208346045886],[-3.012978346860608,38.10201705063608],[-3.0129104777483926,38.101988306573844],[-3.0132859367414375,38.10191409738968],[-3.013291527471186,38.10192572309009],[-3.0133275839062077,38.10200070592393],[-3.0134422056007204,38.10197717205301],[-3.0141622463300672,38.10181948497561],[-3.0141970672724883,38.101840217614324],[-3.014234207487655,38.10185714403062],[-3.014274203417402,38.10186842691115],[-3.014335626845695,38.10189325159524],[-3.014394194559407,38.10192146256844],[-3.014521326245148,38.10196546840089],[-3.0145887058541896,38.101997799079754]]]},"properties":{"dn_surface":2630.06142907322,"provincia":23,"municipio":97,"agregado":0,"zona":0,"poligono":23,"parcela":177,"recinto":1,"uso_sigpac":"OV","idPanel":"23:97:0:0:23:177:1"},"id":1112597150},{"type":"Feature","geometry":{"type":"Polygon","coordinates":[[[-3.0147102434574213,38.10204696229752],[-3.0147802214565997,38.102086902906734],[-3.0148808587830276,38.10227129305281],[-3.0151941500347346,38.10216671204071],[-3.0152152715937954,38.10226449784352],[-3.0148582024974053,38.1023567482371],[-3.0148566945929343,38.102357137995654],[-3.0147736240602203,38.10215604187735],[-3.0147102434574213,38.10204696229752]]]},"properties":{"dn_surface":421.483924786087,"provincia":23,"municipio":97,"agregado":0,"zona":0,"poligono":23,"parcela":178,"recinto":4,"uso_sigpac":"OV","idPanel":"23:97:0:0:23:178:4"},"id":1112597144},{"type":"Feature","geometry":{"type":"Polygon","coordinates":[[[-3.015859378143214,38.10299396150896],[-3.015743363376311,38.10332118264637],[-3.0155786430435563,38.1032307134073],[-3.0155961997789857,38.103194840535934],[-3.0155015186333074,38.10303138838523],[-3.015576401722515,38.103050841945446],[-3.015639016219319,38.10304371732738],[-3.015731637093075,38.10301748196886],[-3.015859378143214,38.10299396150896]]]},"properties":{"dn_surface":594.416077150287,"provincia":23,"municipio":97,"agregado":0,"zona":0,"poligono":23,"parcela":163,"recinto":2,"uso_sigpac":"OV","idPanel":"23:97:0:0:23:163:2"},"id":1112597172},{"type":"Feature","geometry":{"type":"Polygon","coordinates":[[[-3.0152432730193897,38.10292971170273],[-3.015320133399673,38.10295361605384],[-3.0153712822904453,38.10298542370188],[-3.0154278710367,38.10301379141666],[-3.0155015186333074,38.10303138838523],[-3.0155961997789857,38.103194840535934],[-3.0155786430435563,38.1032307134073],[-3.0152732726908185,38.103062930326956],[-3.0152535173820563,38.1029562211495],[-3.0152432730193897,38.10292971170273]]]},"properties":{"dn_surface":407.275640019924,"provincia":23,"municipio":97,"agregado":0,"zona":0,"poligono":23,"parcela":392,"recinto":2,"uso_sigpac":"OV","idPanel":"23:97:0:0:23:392:2"},"id":1112597554},{"type":"Feature","geometry":{"type":"Polygon","coordinates":[[[-3.015231820824403,38.10290007664415],[-3.015118282910036,38.10260627164209],[-3.015295972562341,38.10255352767501],[-3.0154285784693706,38.10287878241786],[-3.015465324735065,38.10296890548429],[-3.015476236297264,38.10298774297462],[-3.015402833452245,38.102964784102284],[-3.015348419809992,38.10293125732579],[-3.0152853023989676,38.102905469560966],[-3.015231820824403,38.10290007664415]]]},"properties":{"dn_surface":704.050019199939,"provincia":23,"municipio":97,"agregado":0,"zona":0,"poligono":23,"parcela":392,"recinto":1,"uso_sigpac":"OV","idPanel":"23:97:0:0:23:392:1"},"id":1112597555},{"type":"Feature","geometry":{"type":"Polygon","coordinates":[[[-3.0150003277324333,38.10410645470287],[-3.0148053151998107,38.1042458122333],[-3.014522987538456,38.10409983551352],[-3.0145187521625307,38.10402575121972],[-3.0141428933526813,38.10386338033459],[-3.0143031109267833,38.10368932842849],[-3.0150003277324333,38.10410645470287]]]},"properties":{"dn_surface":1649.76867954398,"provincia":23,"municipio":97,"agregado":0,"zona":0,"poligono":23,"parcela":185,"recinto":1,"uso_sigpac":"OV","idPanel":"23:97:0:0:23:185:1"},"id":1112597135},{"type":"Feature","geometry":{"type":"Polygon","coordinates":[[[-3.0164131713569566,38.106494850493675],[-3.016249269098,38.10701643624253],[-3.0160865042633715,38.10753414703737],[-3.0152717228768307,38.106936514791045],[-3.0154817884702556,38.106755696174105],[-3.0155033425355455,38.10673712774292],[-3.015564354412368,38.10668223297938],[-3.015661434458877,38.106734315614204],[-3.016161954807457,38.10628335075651],[-3.0164131713569566,38.106494850493675]]]},"properties":{"dn_surface":6611.03317993209,"provincia":23,"municipio":97,"agregado":0,"zona":0,"poligono":23,"parcela":155,"recinto":2,"uso_sigpac":"OV","idPanel":"23:97:0:0:23:155:2"},"id":1112597181},{"type":"Feature","geometry":{"type":"Polygon","coordinates":[[[-3.016161954807457,38.10628335075651],[-3.015661434458877,38.106734315614204],[-3.015564354412368,38.10668223297938],[-3.0155033425355455,38.10673712774292],[-3.0154817884702556,38.106755696174105],[-3.0152717228768307,38.106936514791045],[-3.014875993926137,38.10727723917526],[-3.0148407413156773,38.107247591543796],[-3.0136287398377797,38.10631958237332],[-3.013652115290738,38.10628262739823],[-3.013722023720117,38.10622277641508],[-3.0146781541774064,38.10540396333286],[-3.014718538189294,38.10543234864966],[-3.016161954807457,38.10628335075651]]]},"properties":{"dn_surface":23104.655029296875,"provincia":23,"municipio":97,"agregado":0,"zona":0,"poligono":23,"parcela":156,"recinto":1,"uso_sigpac":"OV","idPanel":"23:97:0:0:23:156:1"},"id":1307684425},{"type":"Feature","geometry":{"type":"Polygon","coordinates":[[[-3.0152717228768307,38.106936514791045],[-3.0160865042633715,38.10753414703737],[-3.0160370242096195,38.10763951175744],[-3.016024483205347,38.10766601114594],[-3.0159974658152437,38.10773460110187],[-3.015895615627355,38.1079934175234],[-3.015882137526252,38.10798974122045],[-3.01566212428955,38.1079225543952],[-3.015445283603387,38.10785660809171],[-3.0154799670825874,38.107701559637576],[-3.015375701230061,38.107667854326536],[-3.0153450569902387,38.10765865267268],[-3.015344897734069,38.107658344218635],[-3.015391170033286,38.107556488163425],[-3.015130289987045,38.107491084169084],[-3.014875993926137,38.10727723917526],[-3.0152717228768307,38.106936514791045]]]},"properties":{"dn_surface":5814.5616455078125,"provincia":23,"municipio":97,"agregado":0,"zona":0,"poligono":23,"parcela":154,"recinto":3,"uso_sigpac":"OV","idPanel":"23:97:0:0:23:154:3"},"id":1307684422},{"type":"Feature","geometry":{"type":"Polygon","coordinates":[[[-3.0126191621717306,38.105659041425355],[-3.012689090717679,38.1057042785595],[-3.0128464006093982,38.10580601894446],[-3.013652115290738,38.10628262739823],[-3.0136287398377797,38.10631958237332],[-3.0148407413156773,38.107247591543796],[-3.014875993926137,38.10727723917526],[-3.015130289987045,38.107491084169084],[-3.015391170033286,38.107556488163425],[-3.015344897734069,38.107658344218635],[-3.0153447334487575,38.10765830230915],[-3.015284056848082,38.10764293325056],[-3.0151410003835553,38.10762099194133],[-3.0151059673789717,38.107740004915144],[-3.0150900249981896,38.10784109654077],[-3.0150594754738793,38.10793958809984],[-3.015004896708125,38.108018371288836],[-3.0149719860015507,38.10811426864876],[-3.0149925484876365,38.108129793610715],[-3.0150020979904886,38.10812954550636],[-3.0150140916564516,38.108174293137296],[-3.0149793067562167,38.108254976503844],[-3.0149776597121454,38.108259004008545],[-3.014976787155973,38.10825916242652],[-3.014916926952715,38.10826998765515],[-3.0149169445547126,38.10835506816835],[-3.014848857513001,38.108402752818336],[-3.0147234985998868,38.10840276539119],[-3.0139244835741508,38.10906528279202],[-3.013442602902955,38.108750244751604],[-3.01357296162161,38.108652534385925],[-3.0136565543469223,38.10855834274341],[-3.0137017277785674,38.10848945103896],[-3.013715328255464,38.10844213435453],[-3.0137425174745927,38.1082872803606],[-3.0137479388898867,38.10817329233802],[-3.0137311658624504,38.10804361842088],[-3.0136979467018215,38.10790996309953],[-3.0136416823352388,38.10775440837841],[-3.0135995699748137,38.10764004065558],[-3.013543540301534,38.10752008639395],[-3.0134897997261465,38.1074361835382],[-3.013366589094942,38.107329213683585],[-3.013288446283396,38.107282715072955],[-3.012945064835701,38.1070291281211],[-3.012689300265271,38.10684979813024],[-3.0126242759711603,38.10680419889786],[-3.012583092325663,38.10677067547414],[-3.0125551378387287,38.106719214776575],[-3.0125329869818978,38.10659601252726],[-3.0125160731384795,38.10641738158719],[-3.0125098864553803,38.10626732036573],[-3.012507121265359,38.1061125719838],[-3.012489419522996,38.10599108131922],[-3.0124752608113146,38.105905281638655],[-3.012445817698289,38.105824079432296],[-3.0126191621717306,38.105659041425355]]]},"properties":{"dn_surface":38211.54345703125,"provincia":23,"municipio":97,"agregado":0,"zona":0,"poligono":23,"parcela":204,"recinto":3,"uso_sigpac":"OV","idPanel":"23:97:0:0:23:204:3"},"id":1307684418},{"type":"Feature","geometry":{"type":"Polygon","coordinates":[[[-3.0180650123918062,38.100177881597915],[-3.018320774447666,38.100818114031455],[-3.0184743082917813,38.10131433530162],[-3.0186843034772157,38.10181190019097],[-3.0186089166355976,38.10182957594941],[-3.018509692498129,38.10184977717546],[-3.0185127485402075,38.101881022397805],[-3.0185140385151827,38.101894209646844],[-3.018386750087842,38.10189688850326],[-3.018390007295609,38.10194209210974],[-3.01839083207493,38.101993066656945],[-3.018523301356929,38.10198902238841],[-3.0185265040823217,38.10202200853209],[-3.0185449836653455,38.10203228055508],[-3.0187786174955136,38.10219907540895],[-3.0189690551851127,38.102058270323795],[-3.019311037693085,38.10178657845998],[-3.020024411456252,38.10120479387891],[-3.0200781838828727,38.101286489779426],[-3.020099622277893,38.1013190610189],[-3.0202755575977602,38.101586356574245],[-3.0202295962671695,38.10159627739543],[-3.0200093860557304,38.101712664318825],[-3.019676316025931,38.102034647604654],[-3.0195203405332767,38.10223024603235],[-3.0193757552095204,38.102375101253415],[-3.0190896640734173,38.10266913675781],[-3.0188306909102613,38.102865379753865],[-3.01858688899275,38.10307261561664],[-3.018431698884469,38.10324126538583],[-3.0184157355489276,38.10325956308154],[-3.018107748365864,38.10270513954865],[-3.0180510355674346,38.10260582656301],[-3.018002539549174,38.102520662230745],[-3.017849957051126,38.10217684660043],[-3.0176029700102194,38.10149975139274],[-3.0171851974910617,38.10155343078023],[-3.0169383914992745,38.10159383826144],[-3.0169299735534167,38.10168630993735],[-3.016922351888409,38.10176958917947],[-3.0168271208898494,38.10179303420219],[-3.016603812726814,38.10184785855773],[-3.0164684315714796,38.101863467338745],[-3.016346326513369,38.101585258544844],[-3.0161344143865647,38.10110228990254],[-3.015911093650674,38.10059336669556],[-3.0159077836369144,38.10058155994605],[-3.015904929598714,38.10057137593307],[-3.0162653237962913,38.100499322574535],[-3.017242268196777,38.10033021347704],[-3.0180650123918062,38.100177881597915]],[[-3.018507110871798,38.102169999423324],[-3.017991655647257,38.10220820078749],[-3.0179973310342327,38.10225304900129],[-3.0185127887733447,38.102221574953006],[-3.018507110871798,38.102169999423324]],[[-3.018399511536182,38.1022686837662],[-3.0180115014805793,38.10229116822279],[-3.018017177705745,38.102338258595836],[-3.0184080200065977,38.10231577330103],[-3.018399511536182,38.1022686837662]],[[-3.0186297607536465,38.10242294599777],[-3.018574270874963,38.10246792077828],[-3.018633997805953,38.10250566281411],[-3.0186866780705257,38.102462909238085],[-3.0186297607536465,38.10242294599777]],[[-3.018391075150137,38.10251086797629],[-3.018338679870288,38.102513118517436],[-3.018304698794615,38.1025377906509],[-3.0182862963251047,38.10256470242902],[-3.0182863038688184,38.102596096849226],[-3.018299056935254,38.102626367256136],[-3.018333050583782,38.10265439298925],[-3.0183712879901403,38.102662235098336],[-3.018410938585456,38.1026611077323],[-3.0184477535827607,38.102644283575245],[-3.018471821380962,38.10261737095891],[-3.0184817279529113,38.102593823676926],[-3.0184732219970654,38.10255794577648],[-3.0184505581677286,38.10253328286311],[-3.018423647227802,38.10251646876435],[-3.018391075150137,38.10251086797629]]]},"properties":{"dn_surface":46407.10726838475,"provincia":23,"municipio":48,"agregado":0,"zona":0,"poligono":15,"parcela":117,"recinto":2,"uso_sigpac":"OV","idPanel":"23:48:0:0:15:117:2"},"id":1318201177},{"type":"Feature","geometry":{"type":"Polygon","coordinates":[[[-3.016031925497617,38.10230216863317],[-3.016225013545156,38.10226032700825],[-3.0159584128496593,38.10153609448889],[-3.016059911835784,38.10149128902279],[-3.01563657624716,38.10064152576129],[-3.015911093650674,38.10059336669556],[-3.0161344143865647,38.10110228990254],[-3.016346326513369,38.101585258544844],[-3.0164684315714796,38.101863467338745],[-3.016603812726814,38.10184785855773],[-3.016798828612197,38.10224367468021],[-3.0171587710251675,38.10216134343139],[-3.0174164575661098,38.102753718547746],[-3.018002539549174,38.102520662230745],[-3.0180510355674346,38.10260582656301],[-3.018107748365864,38.10270513954865],[-3.0184157355489276,38.10325956308154],[-3.0184187027428266,38.10326487972304],[-3.018433838784476,38.10329211085167],[-3.0184499211430498,38.10332104183041],[-3.018464690057318,38.10334761078866],[-3.0184685700405276,38.103354640691265],[-3.0179533889042367,38.1038953824428],[-3.0179385646694037,38.103909173188896],[-3.0177725334069154,38.10406412441293],[-3.0177177978995613,38.10411523390877],[-3.017684157967368,38.104146602345054],[-3.017595240218654,38.10434092839978],[-3.017579052248093,38.10437644084925],[-3.017563546564492,38.10440267034039],[-3.0173992553852047,38.10468019349457],[-3.01716386889898,38.10435612562932],[-3.0171678578469363,38.104340983720334],[-3.0172896754057508,38.10388384223782],[-3.017577028856547,38.10358133765794],[-3.0176457906415033,38.10351805931438],[-3.0174544116641226,38.1031061113801],[-3.0171255032494964,38.103246571969066],[-3.0171481050527458,38.10332173501382],[-3.0169821643148165,38.10338024824517],[-3.016928764882908,38.10329652727674],[-3.0168159696052057,38.10333042872432],[-3.016705946223047,38.103034013597465],[-3.0164954674017705,38.102367275908136],[-3.0161473937644,38.102488538584936],[-3.0162733947313365,38.10284200346271],[-3.015964313709844,38.10290603031032],[-3.0158752442486736,38.102949211363466],[-3.015712372963868,38.10296527276728],[-3.0156951380935393,38.10291092785664],[-3.015572011281372,38.10264506644501],[-3.0154832418923516,38.1024978081322],[-3.0154546009275083,38.10243967879205],[-3.015788311334748,38.10235068560618],[-3.0158596187038493,38.10244900617445],[-3.0160682124349893,38.10237751105069],[-3.016031925497617,38.10230216863317]]]},"properties":{"dn_surface":29511.3538248278,"provincia":23,"municipio":97,"agregado":0,"zona":0,"poligono":23,"parcela":159,"recinto":4,"uso_sigpac":"OV","idPanel":"23:97:0:0:23:159:4"},"id":1112597177},{"type":"Feature","geometry":{"type":"Polygon","coordinates":[[[-3.018002539549174,38.102520662230745],[-3.0174164575661098,38.102753718547746],[-3.0171587710251675,38.10216134343139],[-3.016798828612197,38.10224367468021],[-3.016603812726814,38.10184785855773],[-3.0168271208898494,38.10179303420219],[-3.016922351888409,38.10176958917947],[-3.0169299735534167,38.10168630993735],[-3.0169383914992745,38.10159383826144],[-3.0171852159312493,38.10155351795203],[-3.017469822632213,38.10223998496622],[-3.017849957051126,38.10217684660043],[-3.018002539549174,38.102520662230745]]]},"properties":{"dn_surface":6239.10323141069,"provincia":23,"municipio":97,"agregado":0,"zona":0,"poligono":23,"parcela":160,"recinto":4,"uso_sigpac":"OV","idPanel":"23:97:0:0:23:160:4"},"id":1112597176},{"type":"Feature","geometry":{"type":"Polygon","coordinates":[[[-3.017849957051126,38.10217684660043],[-3.017469822632213,38.10223998496622],[-3.0171852159312493,38.10155351795203],[-3.0176029700102194,38.10149975139274],[-3.017849957051126,38.10217684660043]]]},"properties":{"dn_surface":2797.07687089624,"provincia":23,"municipio":97,"agregado":0,"zona":0,"poligono":23,"parcela":161,"recinto":1,"uso_sigpac":"OV","idPanel":"23:97:0:0:23:161:1"},"id":1112597175},{"type":"Feature","geometry":{"type":"Polygon","coordinates":[[[-3.016705946223047,38.103034013597465],[-3.01635696901646,38.10320493653893],[-3.0158642840714323,38.10340751122504],[-3.015743363376311,38.10332118264637],[-3.015859378143214,38.10299396150896],[-3.015866993940889,38.10297248120443],[-3.0158752442486736,38.102949211363466],[-3.015964313709844,38.10290603031032],[-3.0162733947313365,38.10284200346271],[-3.0161473937644,38.102488538584936],[-3.0164954674017705,38.102367275908136],[-3.016705946223047,38.103034013597465]]]},"properties":{"dn_surface":4709.64432544324,"provincia":23,"municipio":97,"agregado":0,"zona":0,"poligono":23,"parcela":162,"recinto":1,"uso_sigpac":"OV","idPanel":"23:97:0:0:23:162:1"},"id":1112597174},{"type":"Feature","geometry":{"type":"Polygon","coordinates":[[[-3.018320025105478,38.10013062191041],[-3.01834080719744,38.10020029983747],[-3.018387694728385,38.100223868912394],[-3.018696680196177,38.10019351636282],[-3.018886359323493,38.100274319590596],[-3.019361630025454,38.10049653391522],[-3.020075604771114,38.100818063740036],[-3.02019897968763,38.100837706731284],[-3.020185152061143,38.10093168379706],[-3.0201558673660975,38.101028395039805],[-3.020218256389693,38.10103072939998],[-3.020024411456252,38.10120479387891],[-3.019311037693085,38.10178657845998],[-3.0189690551851127,38.102058270323795],[-3.0187786174955136,38.10219907540895],[-3.0185449836653455,38.10203228055508],[-3.0185265040823217,38.10202200853209],[-3.018523301356929,38.10198902238841],[-3.018522158065269,38.1019776665853],[-3.0186091370796637,38.101975427778854],[-3.018610463935015,38.102020092428916],[-3.018776088675177,38.102011759978495],[-3.018770809752244,38.101935934763304],[-3.0187208594736967,38.10193594146884],[-3.0186761654869416,38.10193387030043],[-3.018676154590467,38.10189128352425],[-3.0186209421527943,38.10187778698298],[-3.0185127485402075,38.101881022397805],[-3.018509692498129,38.10184977717546],[-3.0186089166355976,38.10182957594941],[-3.0186843034772157,38.10181190019097],[-3.0184743082917813,38.10131433530162],[-3.018320774447666,38.100818114031455],[-3.0180650123918062,38.100177881597915],[-3.018320025105478,38.10013062191041]],[[-3.0195358411877353,38.10117600287799],[-3.0194689971823396,38.101189408894754],[-3.0194809841427794,38.10124377476015],[-3.0196755356707,38.10122246796101],[-3.019668539295705,38.10117676898403],[-3.019546818966974,38.10118466809004],[-3.0195358411877353,38.10117600287799]]]},"properties":{"dn_surface":21740.669224959332,"provincia":23,"municipio":48,"agregado":0,"zona":0,"poligono":15,"parcela":118,"recinto":1,"uso_sigpac":"OV","idPanel":"23:48:0:0:15:118:1"},"id":1156718991},{"type":"Feature","geometry":{"type":"Polygon","coordinates":[[[-3.0206497006319277,38.102108498881506],[-3.0205848062573253,38.10212220748497],[-3.020395694584888,38.10210367006684],[-3.020222448179718,38.10212721902519],[-3.0201059061910747,38.10221411924968],[-3.020046297444927,38.102366353060546],[-3.0200422397653597,38.1025371452443],[-3.020075704515767,38.10269927892159],[-3.020115086890166,38.102812023069674],[-3.0197598358286815,38.102548902540576],[-3.0196869635581645,38.10258793790416],[-3.019432680070113,38.102410152698184],[-3.0195794312777777,38.10226322463234],[-3.0197350647887626,38.10206807631289],[-3.020058442823347,38.10175537766179],[-3.0202599496549336,38.101648816844005],[-3.02026850338763,38.10164701305834],[-3.020382239114925,38.10171999932274],[-3.0205458547127755,38.10192122955152],[-3.0206440990057053,38.10206388619923],[-3.0206497006319277,38.102108498881506]]]},"properties":{"dn_surface":5150.63257192184,"provincia":23,"municipio":48,"agregado":0,"zona":0,"poligono":15,"parcela":116,"recinto":2,"uso_sigpac":"OV","idPanel":"23:48:0:0:15:116:2"},"id":1112037796},{"type":"Feature","geometry":{"type":"Polygon","coordinates":[[[-3.020115086890166,38.102812023069674],[-3.020031501708567,38.102881162878475],[-3.0202624047145186,38.10305246132927],[-3.020186236679479,38.103131694626455],[-3.020235409117365,38.103176660186904],[-3.0204773712070203,38.10332830894089],[-3.0203549107561956,38.10346333805626],[-3.0198801002207465,38.10312317693598],[-3.019604706070108,38.10291817652691],[-3.0195465490696756,38.102966132750595],[-3.0191435102607906,38.10270725346476],[-3.019432680070113,38.102410152698184],[-3.0196869635581645,38.10258793790416],[-3.0197598358286815,38.102548902540576],[-3.020115086890166,38.102812023069674]]]},"properties":{"dn_surface":4449.19584972655,"provincia":23,"municipio":48,"agregado":0,"zona":0,"poligono":15,"parcela":115,"recinto":1,"uso_sigpac":"OV","idPanel":"23:48:0:0:15:115:1"},"id":1112037797},{"type":"Feature","geometry":{"type":"Polygon","coordinates":[[[-3.0203549107561956,38.10346333805626],[-3.0201630045570735,38.10365687034471],[-3.0198766678311917,38.10389665062482],[-3.019520951574054,38.103617487132084],[-3.0194040173123184,38.103531251592585],[-3.0193387600012875,38.10347511211634],[-3.0192560817416654,38.103529199702535],[-3.0191145071977075,38.10343034939797],[-3.018927871539615,38.10329996134266],[-3.018642787070143,38.10310892937608],[-3.018882256381646,38.10290538993286],[-3.0191435102607906,38.10270725346476],[-3.0195465490696756,38.102966132750595],[-3.019604706070108,38.10291817652691],[-3.0198801002207465,38.10312317693598],[-3.0203549107561956,38.10346333805626]]]},"properties":{"dn_surface":8834.89608934261,"provincia":23,"municipio":48,"agregado":0,"zona":0,"poligono":15,"parcela":114,"recinto":1,"uso_sigpac":"OV","idPanel":"23:48:0:0:15:114:1"},"id":1112037798},{"type":"Feature","geometry":{"type":"Polygon","coordinates":[[[-3.0171833249737814,38.10509219339667],[-3.017358754864857,38.10510650130624],[-3.0176717443680308,38.105131967206006],[-3.018480579632108,38.10522469201533],[-3.018470318505634,38.105238843183315],[-3.01864620688684,38.105258647945305],[-3.018741504102439,38.105277109926334],[-3.0187102186469863,38.105548266186474],[-3.0187101582972797,38.105548794246374],[-3.018613171289901,38.10553643512941],[-3.017925166196386,38.10544890542397],[-3.0179212149669947,38.10553667233734],[-3.016992137941995,38.1054373358823],[-3.0171833249737814,38.10509219339667]]]},"properties":{"dn_surface":5276.541015625,"provincia":23,"municipio":48,"agregado":0,"zona":0,"poligono":15,"parcela":107,"recinto":4,"uso_sigpac":"OV","idPanel":"23:48:0:0:15:107:4"},"id":1284007334},{"type":"Feature","geometry":{"type":"Polygon","coordinates":[[[-3.016992137941995,38.1054373358823],[-3.0179212149669947,38.10553667233734],[-3.017925166196386,38.10544890542397],[-3.018613171289901,38.10553643512941],[-3.0187101582972797,38.105548794246374],[-3.018672697055202,38.105874741334446],[-3.0186460426015276,38.10607220138294],[-3.018645966326205,38.10607276799965],[-3.0179623667612585,38.10600318981727],[-3.0179740888535433,38.10589972276014],[-3.0168030941629764,38.105771981710035],[-3.0169705805239424,38.105476253061084],[-3.016992137941995,38.1054373358823]]]},"properties":{"dn_surface":7485.3348388671875,"provincia":23,"municipio":48,"agregado":0,"zona":0,"poligono":15,"parcela":266,"recinto":2,"uso_sigpac":"OV","idPanel":"23:48:0:0:15:266:2"},"id":1284007330},{"type":"Feature","geometry":{"type":"Polygon","coordinates":[[[-3.0168030941629764,38.105771981710035],[-3.0179740888535433,38.10589972276014],[-3.0179623667612585,38.10600318981727],[-3.018645966326205,38.10607276799965],[-3.0186338234623564,38.10611603035724],[-3.018622263140813,38.10615722070827],[-3.0185894647517477,38.10635415353502],[-3.016626723822309,38.10612422031534],[-3.0166352716876723,38.10609510828752],[-3.01674243851706,38.10587897000485],[-3.0168030941629764,38.105771981710035]]]},"properties":{"dn_surface":6393.837646484375,"provincia":23,"municipio":48,"agregado":0,"zona":0,"poligono":15,"parcela":108,"recinto":3,"uso_sigpac":"OV","idPanel":"23:48:0:0:15:108:3"},"id":1284007329},{"type":"Feature","geometry":{"type":"Polygon","coordinates":[[[-3.0185894647517477,38.10635415353502],[-3.0185769379967113,38.10642968203081],[-3.0185658940004343,38.10650683242497],[-3.016568591967588,38.10629456825819],[-3.016600738244547,38.10621254881622],[-3.016626723822309,38.10612422031534],[-3.0185894647517477,38.10635415353502]]]},"properties":{"dn_surface":3194.59488134849,"provincia":23,"municipio":48,"agregado":0,"zona":0,"poligono":15,"parcela":246,"recinto":1,"uso_sigpac":"OV","idPanel":"23:48:0:0:15:246:1"},"id":1112037576},{"type":"Feature","geometry":{"type":"Polygon","coordinates":[[[-3.0163511008457,38.11225433813806],[-3.0164933819841373,38.11239185416429],[-3.0167132435083834,38.112577307973936],[-3.0167830781770095,38.112666705167555],[-3.0168697621483958,38.112777764553016],[-3.0168712834639124,38.11277971334562],[-3.016981730970396,38.11288190300061],[-3.01704808966357,38.11290607054346],[-3.0170742529376895,38.11291559909154],[-3.0171001236833703,38.112930443442934],[-3.0171689474944143,38.11296993394393],[-3.0173184052187745,38.11305517538966],[-3.017494701798689,38.11326938248169],[-3.0175228993608294,38.11335499943675],[-3.01755212454436,38.11344349976662],[-3.0176607649124123,38.11360841791233],[-3.0166607769823535,38.113895534993446],[-3.0156286670828556,38.114191875521385],[-3.0154832687144437,38.11390736269772],[-3.0153940684955756,38.11393152772598],[-3.0153624544694995,38.113865736487696],[-3.0152353579877524,38.11378490811424],[-3.015049932676549,38.11353203362418],[-3.0151336695706052,38.113397100062514],[-3.015145768848554,38.113377600401776],[-3.0156797137144036,38.11276850422581],[-3.015851634102412,38.11257238444375],[-3.015968782940881,38.11247916007292],[-3.0161709997197086,38.112335112867385],[-3.016355912058407,38.11233878581754],[-3.0163511008457,38.11225433813806]]]},"properties":{"dn_surface":26978.955201642235,"provincia":23,"municipio":97,"agregado":0,"zona":0,"poligono":22,"parcela":181,"recinto":1,"uso_sigpac":"OV","idPanel":"23:97:0:0:22:181:1"},"id":1329867637},{"type":"Feature","geometry":{"type":"Polygon","coordinates":[[[-3.017867859120986,38.112910539774475],[-3.0179954400767652,38.11264978629498],[-3.017949234832778,38.11262978455824],[-3.0179773955145417,38.11256804429402],[-3.0180426419290987,38.11255352516045],[-3.0182528667786936,38.11250672228675],[-3.01821057504553,38.11262073796962],[-3.0182776554206106,38.112638573822466],[-3.0182341038873255,38.11273393390235],[-3.0182011554621844,38.11280612975321],[-3.018136968520252,38.112946465451785],[-3.018142345511457,38.11300540699841],[-3.0181598142368977,38.113064798653255],[-3.0179325875338963,38.113542859690966],[-3.017895050854685,38.113518440691024],[-3.01771032794701,38.11337372125681],[-3.017867859120986,38.112910539774475]]]},"properties":{"dn_surface":2682.86888325274,"provincia":23,"municipio":97,"agregado":0,"zona":0,"poligono":23,"parcela":122,"recinto":1,"uso_sigpac":"OV","idPanel":"23:97:0:0:23:122:1"},"id":1112597232},{"type":"Feature","geometry":{"type":"Polygon","coordinates":[[[-3.0176607649124123,38.11360841791233],[-3.0176879063546895,38.11364957976488],[-3.017700934347566,38.113669338426405],[-3.0177035637507474,38.11367342879538],[-3.0178541999707638,38.11390779520394],[-3.0178699713607107,38.113919945611514],[-3.017839954925474,38.11402008421467],[-3.0177550101991004,38.11413758341669],[-3.01772035102742,38.11417771932426],[-3.0169223686522164,38.11441120563293],[-3.016924925971027,38.114415641336336],[-3.016336113163746,38.114580970195306],[-3.0158687985647505,38.114703936913116],[-3.0156286670828556,38.114191875521385],[-3.0166607769823535,38.113895534993446],[-3.0176607649124123,38.11360841791233]]]},"properties":{"dn_surface":11647.839784068517,"provincia":23,"municipio":97,"agregado":0,"zona":0,"poligono":22,"parcela":180,"recinto":2,"uso_sigpac":"OV","idPanel":"23:97:0:0:22:180:2"},"id":1341074650},{"type":"Feature","geometry":{"type":"Polygon","coordinates":[[[-3.0152353579877524,38.11378490811424],[-3.0153624544694995,38.113865736487696],[-3.0153940684955756,38.11393152772598],[-3.0154832687144437,38.11390736269772],[-3.0156286670828556,38.114191875521385],[-3.0158687985647505,38.114703936913116],[-3.0158720348177575,38.11471083773441],[-3.0176535413878285,38.11425508513332],[-3.01772035102742,38.11417771932426],[-3.0177550101991004,38.11413758341669],[-3.017839954925474,38.11402008421467],[-3.0178699713607107,38.113919945611514],[-3.0179652325341246,38.113993334207294],[-3.0179704636802054,38.113997363388364],[-3.018021805354762,38.114028180295435],[-3.0180766783253357,38.114037366023666],[-3.01827128517382,38.11401273579972],[-3.0185835152765224,38.11403171075324],[-3.0187193934787446,38.11408441700172],[-3.018752540555002,38.114111335485376],[-3.0187717678038335,38.114126953486476],[-3.018814463544754,38.11421880741602],[-3.0188420416842123,38.11429149193194],[-3.0167836473082694,38.115022075419716],[-3.016759579510068,38.1150306400489],[-3.0160809311356203,38.11500224215925],[-3.015625781193422,38.115068717360884],[-3.015364978260694,38.114961135627226],[-3.0150017836691014,38.11507320251752],[-3.015005009863824,38.11503692312388],[-3.015018284284668,38.114887630523015],[-3.015020328630974,38.11483436687794],[-3.015220457477596,38.11398778538708],[-3.0151713747260787,38.113842055933475],[-3.0152353579877524,38.11378490811424]]]},"properties":{"dn_surface":20141.901139357127,"provincia":23,"municipio":97,"agregado":0,"zona":0,"poligono":22,"parcela":179,"recinto":1,"uso_sigpac":"OV","idPanel":"23:97:0:0:22:179:1"},"id":1329867636},{"type":"Feature","geometry":{"type":"Polygon","coordinates":[[[-3.0188957135279906,38.11507400969484],[-3.0182723882323432,38.11517536954136],[-3.0168500747330533,38.11563610015503],[-3.0168840926891027,38.11573090870564],[-3.016783825004627,38.11575723877968],[-3.014922525226177,38.116245218123964],[-3.0149584835929257,38.11582621514134],[-3.0149780788073284,38.115181898206146],[-3.0150017836691014,38.11507320251752],[-3.015364978260694,38.114961135627226],[-3.015625781193422,38.115068717360884],[-3.0160809311356203,38.11500224215925],[-3.016759579510068,38.1150306400489],[-3.0167836473082694,38.115022075419716],[-3.0188420416842123,38.11429149193194],[-3.0189097188508343,38.11447908145064],[-3.0189374394826554,38.11463313245821],[-3.018928253754422,38.11478049051573],[-3.0189159767801153,38.114872031800274],[-3.0189153129333444,38.114879035718985],[-3.0188975768251765,38.115066277388706],[-3.0188957135279906,38.11507400969484]],[[-3.0175634644218365,38.1150849187425],[-3.0175118352479835,38.11517110650516],[-3.0177249132975876,38.11523810809035],[-3.0177765441478215,38.11515670807103],[-3.0175634644218365,38.1150849187425]]]},"properties":{"dn_surface":31271.870801185,"provincia":23,"municipio":97,"agregado":0,"zona":0,"poligono":22,"parcela":178,"recinto":1,"uso_sigpac":"OV","idPanel":"23:97:0:0:22:178:1"},"id":1112595669},{"type":"Feature","geometry":{"type":"Polygon","coordinates":[[[-3.0188957135279906,38.11507400969484],[-3.018860057747964,38.11523360449351],[-3.0187465189954055,38.11526606425366],[-3.0177388314486344,38.11555415195923],[-3.0174549615170037,38.11582799294308],[-3.017370119888045,38.11585581751052],[-3.0170328513626963,38.11596642846416],[-3.016912595352536,38.1160058678355],[-3.016880349330923,38.11601644328337],[-3.0168610055736305,38.11602278754626],[-3.0167838954126167,38.116048076587816],[-3.014962767583892,38.11664537607257],[-3.014951227378918,38.11656020754933],[-3.014922525226177,38.116245218123964],[-3.016783825004627,38.11575723877968],[-3.0168840926891027,38.11573090870564],[-3.0168500747330533,38.11563610015503],[-3.0182723882323432,38.11517536954136],[-3.0188957135279906,38.11507400969484]],[[-3.0172794872018383,38.11550628374553],[-3.0172762710654,38.11555416285569],[-3.0174118617683265,38.11557569093708],[-3.0174141491898387,38.11556463352977],[-3.017412670622031,38.115558799724795],[-3.017415072875623,38.115508660853436],[-3.0173998982772168,38.11550839514712],[-3.0172794872018383,38.11550628374553]],[[-3.017034162292431,38.1155853142007],[-3.016901815386225,38.115628421493085],[-3.016914739443495,38.115673904216976],[-3.0170438593167876,38.11563558550617],[-3.017034162292431,38.1155853142007]],[[-3.0164660695510253,38.115901380700706],[-3.016424121475912,38.11598038517195],[-3.0165177456635375,38.11600191912066],[-3.0165596945768414,38.11592530852113],[-3.0164660695510253,38.115901380700706]]]},"properties":{"dn_surface":11589.067289409319,"provincia":23,"municipio":97,"agregado":0,"zona":0,"poligono":22,"parcela":177,"recinto":1,"uso_sigpac":"OV","idPanel":"23:97:0:0:22:177:1"},"id":1349632656},{"type":"Feature","geometry":{"type":"Polygon","coordinates":[[[-3.0148111029042957,38.11502978258014],[-3.014810770980911,38.11503424594383],[-3.0148071340729072,38.11504495550216],[-3.0147996389746448,38.1150554898787],[-3.0147925135183335,38.115061243217355],[-3.014791649344066,38.11506180396674],[-3.0147831182425096,38.11506620446616],[-3.014773664293359,38.11506920602585],[-3.01476476354985,38.115070605803766],[-3.0147545753459375,38.11507069381375],[-3.0147534630673203,38.11507060664195],[-3.0147445614856223,38.11506920937859],[-3.0147341201482187,38.115065793752876],[-3.0147257089078847,38.1150612507611],[-3.0147185817751927,38.1150554982606],[-3.014713538383755,38.11504953788889],[-3.0147095368629415,38.11504213499157],[-3.0147071061108774,38.11502979347662],[-3.0147070901852597,38.11495318539164],[-3.014707421270455,38.114948721189734],[-3.01470919069032,38.11494168877255],[-3.0147129868544926,38.11493421882],[-3.0147185541149106,38.11492747809305],[-3.014725679571222,38.11492172391618],[-3.014734088296984,38.11491717924801],[-3.0147445287961983,38.1149137619459],[-3.014753428701516,38.114912362167985],[-3.0147636169054275,38.11491227415797],[-3.014773630765744,38.11491375859313],[-3.014778457904068,38.114915289966916],[-3.014784072103147,38.114917174218874],[-3.0147916191692126,38.11492115646132],[-3.014798902205312,38.11492678658601],[-3.0148046547058014,38.11493343008286],[-3.0148051819275428,38.11493420959988],[-3.014808980606286,38.114941678714246],[-3.0148108623436607,38.11494958955495],[-3.0148110861404884,38.114953174495156],[-3.0148111029042957,38.11502978258014]]]},"properties":{"dn_surface":142.21173813876,"provincia":23,"municipio":97,"agregado":0,"zona":0,"poligono":22,"parcela":186,"recinto":1,"uso_sigpac":"OV","idPanel":"23:97:0:0:22:186:1"},"id":1112595656},{"type":"Feature","geometry":{"type":"Polygon","coordinates":[[[-3.015145768848554,38.113377600401776],[-3.0151336695706052,38.113397100062514],[-3.015049932676549,38.11353203362418],[-3.0152353579877524,38.11378490811424],[-3.0151713747260787,38.113842055933475],[-3.015220457477596,38.11398778538708],[-3.015020328630974,38.11483436687794],[-3.015018284284668,38.114887630523015],[-3.014970553534212,38.114865220665365],[-3.0148624965466553,38.11481448835522],[-3.014886339709838,38.11482543763594],[-3.0149364081732277,38.114807766906665],[-3.0149495862021793,38.11480457591591],[-3.014954829921116,38.11480330689568],[-3.0149565297711804,38.11479635159202],[-3.014957663004557,38.11479171639928],[-3.0149610425881166,38.11477788709641],[-3.0150208575290947,38.11453315059666],[-3.0150362307786187,38.11447025111514],[-3.015057310428161,38.114384001326385],[-3.0151545522454115,38.11398612409374],[-3.0151302304755285,38.113843092774914],[-3.015126838319113,38.1138231421678],[-3.0151349696038645,38.11381537130492],[-3.01518525767313,38.11376731868938],[-3.0151006431937595,38.11363388381207],[-3.015025284012423,38.11351504350543],[-3.015145768848554,38.113377600401776]]]},"properties":{"dn_surface":821.4229736328125,"provincia":23,"municipio":97,"agregado":0,"zona":0,"poligono":22,"parcela":184,"recinto":2,"uso_sigpac":"OV","idPanel":"23:97:0:0:22:184:2"},"id":1316640741},{"type":"Feature","geometry":{"type":"Polygon","coordinates":[[[-3.016894507204414,38.11023976016355],[-3.017123120274283,38.110315978490036],[-3.017106817471642,38.110352661891426],[-3.0170844721546453,38.11040367667175],[-3.0170983634835995,38.11041803654916],[-3.016374705124629,38.11192924851875],[-3.016256444007542,38.11186437090794],[-3.016269668975155,38.11183652035663],[-3.016892524884195,38.1105305988099],[-3.016888645739177,38.110529427857955],[-3.016772971277563,38.110495013437856],[-3.0168248460411933,38.110386044499165],[-3.016894507204414,38.11023976016355]]]},"properties":{"dn_surface":2658.36669921875,"provincia":23,"municipio":97,"agregado":0,"zona":0,"poligono":23,"parcela":135,"recinto":1,"uso_sigpac":"OV","idPanel":"23:97:0:0:23:135:1"},"id":1318195384},{"type":"Feature","geometry":{"type":"Polygon","coordinates":[[[-3.016198247612163,38.11178101119958],[-3.0166996665008172,38.110668696540216],[-3.0165903798879903,38.11063644465125],[-3.016754898216867,38.11028754455819],[-3.0166350043049452,38.11025628508668],[-3.0166728527909727,38.11016597342737],[-3.0168838973907466,38.110236246469555],[-3.016894507204414,38.11023976016355],[-3.0168248460411933,38.110386044499165],[-3.016772971277563,38.110495013437856],[-3.016888645739177,38.110529427857955],[-3.016892524884195,38.1105305988099],[-3.016269668975155,38.11183652035663],[-3.016256444007542,38.11186437090794],[-3.0161819439713327,38.111817334179136],[-3.016198247612163,38.11178101119958]]]},"properties":{"dn_surface":2077.64997082039,"provincia":23,"municipio":97,"agregado":0,"zona":0,"poligono":23,"parcela":410,"recinto":1,"uso_sigpac":"OV","idPanel":"23:97:0:0:23:410:1"},"id":1112597518},{"type":"Feature","geometry":{"type":"Polygon","coordinates":[[[-3.0166728527909727,38.11016597342737],[-3.0166350043049452,38.11025628508668],[-3.016754898216867,38.11028754455819],[-3.0165903798879903,38.11063644465125],[-3.0166996665008172,38.110668696540216],[-3.016198247612163,38.11178101119958],[-3.0161134772293847,38.111713696131176],[-3.0160973915180502,38.11170657821856],[-3.0165032684395174,38.11079697067942],[-3.0165399795012164,38.110714590815576],[-3.0165830750589415,38.110618059783775],[-3.0164713937362366,38.11058688916037],[-3.0165111826329634,38.11049774929123],[-3.0163821616661344,38.11046180433553],[-3.016517034878107,38.11016536154838],[-3.0165396098592643,38.110121647406174],[-3.0166728527909727,38.11016597342737]]]},"properties":{"dn_surface":2414.80238674068,"provincia":23,"municipio":97,"agregado":0,"zona":0,"poligono":23,"parcela":137,"recinto":1,"uso_sigpac":"OV","idPanel":"23:97:0:0:23:137:1"},"id":1112597214},{"type":"Feature","geometry":{"type":"Polygon","coordinates":[[[-3.0165396098592643,38.110121647406174],[-3.016517034878107,38.11016536154838],[-3.0163821616661344,38.11046180433553],[-3.0165111826329634,38.11049774929123],[-3.0164713937362366,38.11058688916037],[-3.0165830750589415,38.110618059783775],[-3.0165399795012164,38.110714590815576],[-3.0165032684395174,38.11079697067942],[-3.0160973915180502,38.11170657821856],[-3.0160629511140558,38.11174822035423],[-3.015908246317997,38.111643241201676],[-3.015819827292551,38.111583226771415],[-3.0158276911945756,38.11155141074144],[-3.015884352025201,38.11140918492359],[-3.0161034683982115,38.110859386525135],[-3.016161270844118,38.11072554093451],[-3.0161865800022527,38.11066704614339],[-3.0164282830910847,38.11014031725841],[-3.016449945282932,38.11009173574473],[-3.0165396098592643,38.110121647406174]]]},"properties":{"dn_surface":4368.32918130939,"provincia":23,"municipio":97,"agregado":0,"zona":0,"poligono":23,"parcela":138,"recinto":1,"uso_sigpac":"OV","idPanel":"23:97:0:0:23:138:1"},"id":1112597213},{"type":"Feature","geometry":{"type":"Polygon","coordinates":[[[-3.0161034683982115,38.110859386525135],[-3.015884352025201,38.11140918492359],[-3.0158276911945756,38.11155141074144],[-3.015819827292551,38.111583226771415],[-3.0157665485600558,38.11155159849608],[-3.0156301020647645,38.11147068043624],[-3.015652908386463,38.11143606904142],[-3.0156812006641145,38.11145084633759],[-3.015731347079208,38.11125274255889],[-3.015996687974583,38.110814515680175],[-3.0161034683982115,38.110859386525135]]]},"properties":{"dn_surface":1255.07820291422,"provincia":23,"municipio":97,"agregado":0,"zona":0,"poligono":23,"parcela":365,"recinto":1,"uso_sigpac":"OV","idPanel":"23:97:0:0:23:365:1"},"id":1112597591},{"type":"Feature","geometry":{"type":"Polygon","coordinates":[[[-3.015996687974583,38.110814515680175],[-3.015731347079208,38.11125274255889],[-3.0156812006641145,38.11145084633759],[-3.015652908386463,38.11143606904142],[-3.0156301020647645,38.11147068043624],[-3.015452127427734,38.11136507180274],[-3.015412996510446,38.11134317491758],[-3.0154324970093365,38.11132118247875],[-3.015481990474134,38.11126097191189],[-3.015725981822668,38.110731630387534],[-3.015996687974583,38.110814515680175]]]},"properties":{"dn_surface":1742.33720138531,"provincia":23,"municipio":97,"agregado":0,"zona":0,"poligono":23,"parcela":141,"recinto":1,"uso_sigpac":"OV","idPanel":"23:97:0:0:23:141:1"},"id":1112597210},{"type":"Feature","geometry":{"type":"Polygon","coordinates":[[[-3.017275774018512,38.10997347798042],[-3.017123120274283,38.110315978490036],[-3.016894507204414,38.11023976016355],[-3.0168838973907466,38.110236246469555],[-3.0166728527909727,38.11016597342737],[-3.0165396098592643,38.110121647406174],[-3.016449945282932,38.11009173574473],[-3.016003910660976,38.10998435769136],[-3.015985441136237,38.110023204462124],[-3.015969024339707,38.11006259186567],[-3.015537702473265,38.1099412403407],[-3.0156058859068686,38.10980640233274],[-3.015829714586122,38.10942126307913],[-3.0158406663814583,38.10942549761688],[-3.0169968502482383,38.1098669833797],[-3.017275774018512,38.10997347798042]]]},"properties":{"dn_surface":6910.95936184073,"provincia":23,"municipio":97,"agregado":0,"zona":0,"poligono":23,"parcela":139,"recinto":1,"uso_sigpac":"OV","idPanel":"23:97:0:0:23:139:1"},"id":1112597212},{"type":"Feature","geometry":{"type":"Polygon","coordinates":[[[-3.0159299202445102,38.11015686900359],[-3.01561483945637,38.110057945776475],[-3.0153920442658384,38.1104836391946],[-3.0157894881540233,38.11060111911826],[-3.015725981822668,38.110731630387534],[-3.0152268872359023,38.11055611919201],[-3.015537702473265,38.1099412403407],[-3.015969024339707,38.11006259186567],[-3.0159299202445102,38.11015686900359]]]},"properties":{"dn_surface":1638.51252732505,"provincia":23,"municipio":97,"agregado":0,"zona":0,"poligono":23,"parcela":143,"recinto":1,"uso_sigpac":"OV","idPanel":"23:97:0:0:23:143:1"},"id":1112597207},{"type":"Feature","geometry":{"type":"Polygon","coordinates":[[[-3.016161270844118,38.11072554093451],[-3.015849039065036,38.11062643833469],[-3.0159510694638523,38.110357668402486],[-3.0158452076968674,38.11033677147847],[-3.0159299202445102,38.11015686900359],[-3.015969024339707,38.11006259186567],[-3.015985441136237,38.110023204462124],[-3.016003910660976,38.10998435769136],[-3.016449945282932,38.11009173574473],[-3.0164282830910847,38.11014031725841],[-3.0161865800022527,38.11066704614339],[-3.016161270844118,38.11072554093451]]]},"properties":{"dn_surface":2649.4199390322,"provincia":23,"municipio":97,"agregado":0,"zona":0,"poligono":23,"parcela":140,"recinto":1,"uso_sigpac":"OV","idPanel":"23:97:0:0:23:140:1"},"id":1112597211},{"type":"Feature","geometry":{"type":"Polygon","coordinates":[[[-3.0159299202445102,38.11015686900359],[-3.0158452076968674,38.11033677147847],[-3.0159510694638523,38.110357668402486],[-3.015849039065036,38.11062643833469],[-3.016161270844118,38.11072554093451],[-3.0161034683982115,38.110859386525135],[-3.015996687974583,38.110814515680175],[-3.015725981822668,38.110731630387534],[-3.0157894881540233,38.11060111911826],[-3.0153920442658384,38.1104836391946],[-3.01561483945637,38.110057945776475],[-3.0159299202445102,38.11015686900359]]]},"properties":{"dn_surface":2400.73638639921,"provincia":23,"municipio":97,"agregado":0,"zona":0,"poligono":23,"parcela":366,"recinto":1,"uso_sigpac":"OV","idPanel":"23:97:0:0:23:366:1"},"id":1112597590},{"type":"Feature","geometry":{"type":"Polygon","coordinates":[[[-3.0156025188961637,38.11167445876373],[-3.0156541111896398,38.11170951272308],[-3.015792844268253,38.11180376806803],[-3.0164002573579705,38.11221647791737],[-3.0165449399118085,38.112356250352036],[-3.0167678767565116,38.11254431512475],[-3.016926718860222,38.11274780343834],[-3.0169975719301445,38.11281331388287],[-3.0170240444965093,38.112837736235576],[-3.0170310735609274,38.112840300259904],[-3.0171090319705915,38.112868730838954],[-3.0173184052187745,38.11305517538966],[-3.0171689474944143,38.11296993394393],[-3.0171001236833703,38.112930443442934],[-3.0170742529376895,38.11291559909154],[-3.01704808966357,38.11290607054346],[-3.016981730970396,38.11288190300061],[-3.0168712834639124,38.11277971334562],[-3.0168697621483958,38.112777764553016],[-3.0167830781770095,38.112666705167555],[-3.0167132435083834,38.112577307973936],[-3.0164933819841373,38.11239185416429],[-3.0163511008457,38.11225433813806],[-3.0160696457405174,38.11206313518065],[-3.015900904608572,38.11194850426605],[-3.0155886443310163,38.111736381753474],[-3.0155734093829043,38.11172603010243],[-3.0155703608845386,38.11172395809584],[-3.0156025188961637,38.11167445876373]]]},"properties":{"dn_surface":1210.4708211377995,"provincia":23,"municipio":97,"agregado":0,"zona":0,"poligono":22,"parcela":9004,"recinto":6,"uso_sigpac":"OV","idPanel":"23:97:0:0:22:9004:6"},"id":1440572345},{"type":"Feature","geometry":{"type":"Polygon","coordinates":[[[-3.016198247612163,38.11178101119958],[-3.0161819439713327,38.111817334179136],[-3.016256444007542,38.11186437090794],[-3.016374705124629,38.11192924851875],[-3.016460772187904,38.11197646462031],[-3.0164951229055292,38.11203756618352],[-3.016414652439335,38.11218932976959],[-3.0163086096232297,38.1121140342907],[-3.016013106447495,38.11190487897204],[-3.0158138468042823,38.11177455294276],[-3.015908246317997,38.111643241201676],[-3.0160629511140558,38.11174822035423],[-3.0160973915180502,38.11170657821856],[-3.0161134772293847,38.111713696131176],[-3.016198247612163,38.11178101119958]]]},"properties":{"dn_surface":1271.2012939453125,"provincia":23,"municipio":97,"agregado":0,"zona":0,"poligono":23,"parcela":136,"recinto":1,"uso_sigpac":"OV","idPanel":"23:97:0:0:23:136:1"},"id":1318195387},{"type":"Feature","geometry":{"type":"Polygon","coordinates":[[[-3.0155886443310163,38.111736381753474],[-3.015900904608572,38.11194850426605],[-3.0161709997197086,38.112335112867385],[-3.015968782940881,38.11247916007292],[-3.0156187596727166,38.1122573983711],[-3.0155769482226336,38.11224456232381],[-3.0155298016908643,38.11217767221794],[-3.015459224385573,38.11217526409703],[-3.0154289774479848,38.11211457659988],[-3.015372949451086,38.112084001929844],[-3.015372944421943,38.1120619642287],[-3.015301516353429,38.11202632772711],[-3.01529770594002,38.11175309862213],[-3.0153359626247562,38.11173935313832],[-3.0155217550633404,38.11186476234286],[-3.0155886443310163,38.111736381753474]]]},"properties":{"dn_surface":3185.85302734375,"provincia":23,"municipio":97,"agregado":0,"zona":0,"poligono":22,"parcela":183,"recinto":1,"uso_sigpac":"OV","idPanel":"23:97:0:0:22:183:1"},"id":1316640118},{"type":"Feature","geometry":{"type":"Polygon","coordinates":[[[-3.0153802534419456,38.11159478457839],[-3.0154157642150374,38.11161891272627],[-3.0155125106617815,38.1116846503204],[-3.0155366958066345,38.11170108388072],[-3.0155734093829043,38.11172603010243],[-3.0155886443310163,38.111736381753474],[-3.0155217550633404,38.11186476234286],[-3.0153359626247562,38.11173935313832],[-3.0153803909051655,38.111723390640975],[-3.0153803045715573,38.11164269637794],[-3.0153802534419456,38.11159478457839]]]},"properties":{"dn_surface":306.0164794921875,"provincia":23,"municipio":97,"agregado":0,"zona":0,"poligono":22,"parcela":183,"recinto":3,"uso_sigpac":"OV","idPanel":"23:97:0:0:22:183:3"},"id":1316640130},{"type":"Feature","geometry":{"type":"Polygon","coordinates":[[[-3.01674623049028,38.11123964415802],[-3.0169971947444796,38.11127791676839],[-3.0171806276771798,38.111305923223114],[-3.0171674245025177,38.11142399071824],[-3.017643708576632,38.111574170962655],[-3.017464703803641,38.11191974008722],[-3.016997320473035,38.11178911566225],[-3.016544996908754,38.111662723260395],[-3.01674623049028,38.11123964415802]]]},"properties":{"dn_surface":4077.75573999344,"provincia":23,"municipio":97,"agregado":0,"zona":0,"poligono":23,"parcela":134,"recinto":1,"uso_sigpac":"OV","idPanel":"23:97:0:0:23:134:1"},"id":1112597218},{"type":"Feature","geometry":{"type":"Polygon","coordinates":[[[-3.018058390687906,38.11170074441364],[-3.017852277162062,38.11219953222272],[-3.017960878973357,38.11222150957414],[-3.017877432931359,38.11243484997732],[-3.0178036562534367,38.11254463363707],[-3.0178149567359664,38.11257176083009],[-3.0176836726551453,38.11284715330436],[-3.017668223130299,38.11287956277309],[-3.0175139357530436,38.113171090411896],[-3.0174993738717957,38.113159940803655],[-3.017476991674422,38.11311911925637],[-3.017423093519246,38.11305474455983],[-3.017375326726605,38.11300101823366],[-3.0176526788899407,38.112310684647326],[-3.017330626034326,38.11220419675209],[-3.017464703803641,38.11191974008722],[-3.017643708576632,38.111574170962655],[-3.018058390687906,38.11170074441364]]]},"properties":{"dn_surface":5128.23271661632,"provincia":23,"municipio":97,"agregado":0,"zona":0,"poligono":23,"parcela":131,"recinto":1,"uso_sigpac":"OV","idPanel":"23:97:0:0:23:131:1"},"id":1112597223},{"type":"Feature","geometry":{"type":"Polygon","coordinates":[[[-3.017464703803641,38.11191974008722],[-3.017330626034326,38.11220419675209],[-3.0172579892953033,38.11231398041181],[-3.016997430275972,38.112239388174686],[-3.0165644965694547,38.11211533683854],[-3.0164951229055292,38.11203756618352],[-3.016460772187904,38.11197646462031],[-3.016431671894739,38.11192464517728],[-3.016544996908754,38.111662723260395],[-3.016997320473035,38.11178911566225],[-3.017464703803641,38.11191974008722]]]},"properties":{"dn_surface":3846.93198787963,"provincia":23,"municipio":97,"agregado":0,"zona":0,"poligono":23,"parcela":133,"recinto":1,"uso_sigpac":"OV","idPanel":"23:97:0:0:23:133:1"},"id":1112597219},{"type":"Feature","geometry":{"type":"Polygon","coordinates":[[[-3.017330626034326,38.11220419675209],[-3.0176526788899407,38.112310684647326],[-3.017375326726605,38.11300101823366],[-3.0173034007730126,38.1129389577807],[-3.0171846115959946,38.1128458717113],[-3.0170428023587346,38.11275027190899],[-3.016956393313789,38.11265300578418],[-3.016894877684556,38.11261282461436],[-3.0168487386576084,38.11257487470732],[-3.016639452581224,38.112377424717096],[-3.016525783909159,38.112288987251475],[-3.016414652439335,38.11218932976959],[-3.0164951229055292,38.11203756618352],[-3.0165644965694547,38.11211533683854],[-3.016997430275972,38.112239388174686],[-3.0172579892953033,38.11231398041181],[-3.017330626034326,38.11220419675209]]]},"properties":{"dn_surface":4832.92993602665,"provincia":23,"municipio":97,"agregado":0,"zona":0,"poligono":23,"parcela":132,"recinto":1,"uso_sigpac":"OV","idPanel":"23:97:0:0:23:132:1"},"id":1112597221},{"type":"Feature","geometry":{"type":"Polygon","coordinates":[[[-3.016106785117494,38.10756902749131],[-3.0173357289372813,38.10770330474995],[-3.017331541338207,38.10761101496138],[-3.0183489032781954,38.107710928091336],[-3.018274431740458,38.10815611111184],[-3.017925031247737,38.108099736942336],[-3.0171422905261682,38.10800881005133],[-3.0168368137232546,38.10797117446566],[-3.0159658978896378,38.10785744795845],[-3.01600887190976,38.10773523058285],[-3.016106785117494,38.10756902749131]]]},"properties":{"dn_surface":8151.051513671875,"provincia":23,"municipio":48,"agregado":0,"zona":0,"poligono":15,"parcela":93,"recinto":1,"uso_sigpac":"OV","idPanel":"23:48:0:0:15:93:1"},"id":1303475402},{"type":"Feature","geometry":{"type":"Polygon","coordinates":[[[-3.0151410003835553,38.10762099194133],[-3.015284056848082,38.10764293325056],[-3.0153447334487575,38.10765830230915],[-3.015344897734069,38.107658344218635],[-3.0153450569902387,38.10765865267268],[-3.015375701230061,38.107667854326536],[-3.0154799670825874,38.107701559637576],[-3.015445283603387,38.10785660809171],[-3.01566212428955,38.1079225543952],[-3.015882137526252,38.10798974122045],[-3.015895615627355,38.1079934175234],[-3.0158371820241023,38.108141904623324],[-3.015554800718564,38.10885926062892],[-3.0155208280247945,38.10894551628505],[-3.015421074989204,38.10919887524912],[-3.015217704860431,38.10925315394269],[-3.014977839084884,38.10934033328462],[-3.0148113116136974,38.10939379641897],[-3.0147108184560127,38.109393807315456],[-3.0146566939894366,38.10938854515632],[-3.0146529958935377,38.109337376987156],[-3.014663647616723,38.109277275385125],[-3.0147007082038053,38.10914857879797],[-3.0147269879863843,38.10901370893873],[-3.014786629421957,38.1089222422531],[-3.01483319257323,38.10884828117332],[-3.0148369099475087,38.10877506273016],[-3.014848930435564,38.108695916604745],[-3.014873724106623,38.108536701506324],[-3.0149284822451157,38.10842208819372],[-3.0149769983799457,38.108259295698815],[-3.014976787155973,38.10825916242652],[-3.0149776597121454,38.108259004008545],[-3.0149793067562167,38.108254976503844],[-3.0150140916564516,38.108174293137296],[-3.0150020979904886,38.10812954550636],[-3.0149925484876365,38.108129793610715],[-3.0149719860015507,38.10811426864876],[-3.015004896708125,38.108018371288836],[-3.0150594754738793,38.10793958809984],[-3.0150900249981896,38.10784109654077],[-3.0151059673789717,38.107740004915144],[-3.0151410003835553,38.10762099194133]]]},"properties":{"dn_surface":11602.006225585938,"provincia":23,"municipio":97,"agregado":0,"zona":0,"poligono":23,"parcela":153,"recinto":1,"uso_sigpac":"OV","idPanel":"23:97:0:0:23:153:1"},"id":1307684419},{"type":"Feature","geometry":{"type":"Polygon","coordinates":[[[-3.0159658978896378,38.10785744795845],[-3.0168368137232546,38.10797117446566],[-3.0171422905261682,38.10800881005133],[-3.017925031247737,38.108099736942336],[-3.0179341717136903,38.108157507537015],[-3.0179981826356457,38.10823473839744],[-3.0180508989424046,38.108302957873235],[-3.018054208117974,38.10830719408733],[-3.0180374501779643,38.10834802317831],[-3.0179930856000237,38.10837569854786],[-3.017921562815998,38.108365342705866],[-3.017840115858025,38.108351564532626],[-3.0178032740386294,38.10835571525132],[-3.017623617991722,38.10834924945084],[-3.017537840104123,38.108349260347296],[-3.017432900346541,38.1083508964949],[-3.0171780703583697,38.10832623358152],[-3.0170389106408604,38.10832994676488],[-3.0170716260490797,38.108239905002876],[-3.016833206151915,38.1081483653947],[-3.016709525295915,38.10848581748371],[-3.0165065574985177,38.108996579680394],[-3.0162833842841317,38.10892546928602],[-3.0162416583294664,38.108999682661135],[-3.0164736493065143,38.10908046577234],[-3.0164286317782776,38.109197226528664],[-3.0166632873625034,38.10927560906265],[-3.0166469853980526,38.10931472573071],[-3.016640602578408,38.10933644743409],[-3.0167095236195336,38.1094399052711],[-3.016841160578499,38.109451334834915],[-3.0168791414986043,38.10943645947049],[-3.016975992719143,38.1094657391364],[-3.016985225386036,38.10943743763863],[-3.0174377568215287,38.109535799278234],[-3.017405260180995,38.10958915931516],[-3.017252494957447,38.109936438348086],[-3.016900458356021,38.10980626067857],[-3.0168103118202274,38.109772925847636],[-3.016697958268848,38.10973137842751],[-3.0161740130140786,38.109530468387476],[-3.015961811711598,38.109449096866655],[-3.015524663583914,38.10926979369788],[-3.015512980886577,38.109244818977686],[-3.0154954484586685,38.10920733845725],[-3.0154956320223585,38.10920650613423],[-3.0155379530921844,38.10901410121181],[-3.0157670858400807,38.1083810202185],[-3.0159658978896378,38.10785744795845]],[[-3.0165087887612754,38.10937958154855],[-3.016493301517862,38.10944176186274],[-3.0166586521697734,38.10946300998856],[-3.016670005458295,38.109400012438755],[-3.0165087887612754,38.10937958154855]]]},"properties":{"dn_surface":20607.80014349192,"provincia":23,"municipio":48,"agregado":0,"zona":0,"poligono":15,"parcela":92,"recinto":2,"uso_sigpac":"OV","idPanel":"23:48:0:0:15:92:2"},"id":1318201767},{"type":"Feature","geometry":{"type":"Polygon","coordinates":[[[-3.017925031247737,38.108099736942336],[-3.018274431740458,38.10815611111184],[-3.019515768204824,38.108386667107],[-3.0193771583401956,38.108733857291725],[-3.0192658215137316,38.108708006662596],[-3.018942289252119,38.10942167965973],[-3.018939203873378,38.109427603989246],[-3.018939059704635,38.10942788059208],[-3.0188986932947457,38.10950539559903],[-3.0188386587478906,38.10962067778755],[-3.018449533899101,38.11036789935412],[-3.017951456875441,38.110186178844344],[-3.0174756338060282,38.11001896657163],[-3.017252494957447,38.109936438348086],[-3.017405260180995,38.10958915931516],[-3.0174377568215287,38.109535799278234],[-3.016985225386036,38.10943743763863],[-3.016975992719143,38.1094657391364],[-3.0168791414986043,38.10943645947049],[-3.016841160578499,38.109451334834915],[-3.0167095236195336,38.1094399052711],[-3.016640602578408,38.10933644743409],[-3.0166469853980526,38.10931472573071],[-3.0166632873625034,38.10927560906265],[-3.0169059971179664,38.108692184981265],[-3.0169951462072215,38.10848425006773],[-3.0170389106408604,38.10832994676488],[-3.0171780703583697,38.10832623358152],[-3.017432900346541,38.1083508964949],[-3.017537840104123,38.108349260347296],[-3.017623617991722,38.10834924945084],[-3.0178032740386294,38.10835571525132],[-3.017840115858025,38.108351564532626],[-3.017921562815998,38.108365342705866],[-3.0179930856000237,38.10837569854786],[-3.0180374501779643,38.10834802317831],[-3.018054208117974,38.10830719408733],[-3.0180508989424046,38.108302957873235],[-3.0179981826356457,38.10823473839744],[-3.0179341717136903,38.108157507537015],[-3.017925031247737,38.108099736942336]],[[-3.017171912173743,38.10838817920242],[-3.0172445019741057,38.108395137020636],[-3.0173215006558,38.10842963442158],[-3.0173275163480646,38.10841060666206],[-3.0174165195921967,38.10842775855156],[-3.0174139522151022,38.108435510136076],[-3.017411767891005,38.10844120899239],[-3.0174271302440543,38.10844515519264],[-3.0173446020205077,38.10860445159551],[-3.0173122352994817,38.10861910819227],[-3.017264205315065,38.108620616096744],[-3.0171964778570217,38.10859664301407],[-3.0171489172592114,38.108568448804704],[-3.0171209535521837,38.1085501209341],[-3.0170990524760817,38.10851511475164],[-3.0170875918991915,38.10849664271231],[-3.0170875910610016,38.108470322696604],[-3.0171238838657075,38.108423802293004],[-3.017171912173743,38.10838817920242]]]},"properties":{"dn_surface":36587.94445800781,"provincia":23,"municipio":48,"agregado":0,"zona":0,"poligono":15,"parcela":91,"recinto":1,"uso_sigpac":"OV","idPanel":"23:48:0:0:15:91:1"},"id":1337947664},{"type":"Feature","geometry":{"type":"Polygon","coordinates":[[[-3.0165065574985177,38.108996579680394],[-3.016709525295915,38.10848581748371],[-3.016833206151915,38.1081483653947],[-3.0170716260490797,38.108239905002876],[-3.0170389106408604,38.10832994676488],[-3.0169951462072215,38.10848425006773],[-3.0169059971179664,38.108692184981265],[-3.0166632873625034,38.10927560906265],[-3.0164286317782776,38.109197226528664],[-3.0164736493065143,38.10908046577234],[-3.0164875691339414,38.109044363236876],[-3.0165065574985177,38.108996579680394]]]},"properties":{"dn_surface":2792.97235515319,"provincia":23,"municipio":48,"agregado":0,"zona":0,"poligono":15,"parcela":249,"recinto":1,"uso_sigpac":"OV","idPanel":"23:48:0:0:15:249:1"},"id":1112037573},{"type":"Feature","geometry":{"type":"Polygon","coordinates":[[[-3.0154393349663513,38.109241593621164],[-3.0157700513576,38.10939378133156],[-3.015829714586122,38.10942126307913],[-3.0156058859068686,38.10980640233274],[-3.015537702473265,38.1099412403407],[-3.0152268872359023,38.11055611919201],[-3.015725981822668,38.110731630387534],[-3.015481990474134,38.11126097191189],[-3.0154324970093365,38.11132118247875],[-3.015412996510446,38.11134317491758],[-3.015452127427734,38.11136507180274],[-3.0154035073573,38.11149618070178],[-3.0153638693348395,38.111470246253646],[-3.015248978581219,38.111381243009504],[-3.0148910562070346,38.11113455520254],[-3.014765992336928,38.11103782551962],[-3.014718716723842,38.111010163561104],[-3.0146464814780045,38.110982502440805],[-3.0146784902917436,38.10971430365157],[-3.0146848546712017,38.10960164332252],[-3.0147229386887213,38.109533232739324],[-3.014773571254228,38.109470228483985],[-3.0148389249571514,38.10943354005346],[-3.01500054733831,38.10938169881743],[-3.0152388163612076,38.10929506094652],[-3.0154393349663513,38.109241593621164]],[[-3.01518893313789,38.11076260990353],[-3.0150902655588245,38.11086108134603],[-3.015337010362715,38.11094966884775],[-3.015381857738308,38.11089715119212],[-3.015328020771028,38.1108676192309],[-3.0153459538539322,38.11081838644333],[-3.01518893313789,38.11076260990353]]]},"properties":{"dn_surface":15961.23622121131,"provincia":23,"municipio":97,"agregado":0,"zona":0,"poligono":23,"parcela":144,"recinto":1,"uso_sigpac":"OV","idPanel":"23:97:0:0:23:144:1"},"id":1210281789},{"type":"Feature","geometry":{"type":"Polygon","coordinates":[[[-3.0207116764276725,38.11004465207725],[-3.020816916257407,38.11007007187652],[-3.020786771579043,38.110182281259114],[-3.0205780286500175,38.11072662220013],[-3.020357085860198,38.11066414851928],[-3.020389586691682,38.11058474004031],[-3.0204806200328838,38.11060374265409],[-3.0207116764276725,38.11004465207725]]]},"properties":{"dn_surface":943.2344970703125,"provincia":23,"municipio":48,"agregado":0,"zona":0,"poligono":15,"parcela":81,"recinto":2,"uso_sigpac":"OV","idPanel":"23:48:0:0:15:81:2"},"id":1350743448},{"type":"Feature","geometry":{"type":"Polygon","coordinates":[[[-3.020816916257407,38.11007007187652],[-3.020821305022168,38.11007113218733],[-3.020930137335815,38.11009617312453],[-3.0207867523006646,38.11047833344955],[-3.0206432356696267,38.11080370889178],[-3.0205886183471153,38.110793426810574],[-3.020563838087102,38.110788762281146],[-3.0203656462984165,38.110678116961765],[-3.0203540239507864,38.11067162853013],[-3.020357085860198,38.11066414851928],[-3.0205780286500175,38.11072662220013],[-3.020786771579043,38.110182281259114],[-3.020816916257407,38.11007007187652]]]},"properties":{"dn_surface":834.98095703125,"provincia":23,"municipio":48,"agregado":0,"zona":0,"poligono":15,"parcela":81,"recinto":3,"uso_sigpac":"OV","idPanel":"23:48:0:0:15:81:3"},"id":1350743449},{"type":"Feature","geometry":{"type":"Polygon","coordinates":[[[-3.021504586074774,38.111575960499096],[-3.0214714163673775,38.11203038456844],[-3.0214789902555337,38.11217954305886],[-3.0214221249064575,38.1122469385935],[-3.0213958618876853,38.112278064792804],[-3.021213908360983,38.11225529199871],[-3.02067785628455,38.11217669404979],[-3.02035718309028,38.11212969587771],[-3.0202584090610385,38.11217378301464],[-3.02012482247128,38.11214946878849],[-3.0202376496002166,38.11178606129653],[-3.020376491643577,38.111448516168366],[-3.020386752770052,38.111429948575335],[-3.0204533109525333,38.111214175743726],[-3.0204940394606608,38.11123507937327],[-3.020614735520764,38.111285182202465],[-3.020663915502364,38.11130562482734],[-3.020865955423025,38.111389503375534],[-3.0208832984199105,38.111396707621765],[-3.0209143852242457,38.11140777844014],[-3.0211112375847247,38.111477875462356],[-3.0212612602493922,38.11153129836356],[-3.021504586074774,38.111575960499096]]]},"properties":{"dn_surface":9516.886016520153,"provincia":23,"municipio":97,"agregado":0,"zona":0,"poligono":23,"parcela":112,"recinto":1,"uso_sigpac":"OV","idPanel":"23:97:0:0:23:112:1"},"id":1346099378},{"type":"Feature","geometry":{"type":"Polygon","coordinates":[[[-3.020690917805041,38.1112338329842],[-3.0208292611251326,38.1112942120273],[-3.020830234264149,38.11130060825798],[-3.0208877290941905,38.1113109540417],[-3.0209088380803966,38.11131238986181],[-3.0209143852242457,38.11140777844014],[-3.0208832984199105,38.111396707621765],[-3.020865955423025,38.111389503375534],[-3.020663915502364,38.11130562482734],[-3.020690917805041,38.1112338329842]]]},"properties":{"dn_surface":187.609619140625,"provincia":23,"municipio":48,"agregado":0,"zona":0,"poligono":15,"parcela":79,"recinto":3,"uso_sigpac":"OV","idPanel":"23:48:0:0:15:79:3"},"id":1337936842},{"type":"Feature","geometry":{"type":"Polygon","coordinates":[[[-3.0217897836999463,38.11126596920286],[-3.023598880982332,38.11171755767421],[-3.023623542219313,38.11178217460778],[-3.023197334990491,38.11168148782812],[-3.0230764184863217,38.11168150878291],[-3.022592707207364,38.11154126360887],[-3.0225412029238754,38.11171566755493],[-3.0217066033642945,38.111562680210966],[-3.0217897836999463,38.11126596920286]]]},"properties":{"dn_surface":3047.0362539527,"provincia":23,"municipio":48,"agregado":0,"zona":0,"poligono":15,"parcela":74,"recinto":2,"uso_sigpac":"OV","idPanel":"23:48:0:0:15:74:2"},"id":1112037841},{"type":"Feature","geometry":{"type":"Polygon","coordinates":[[[-3.0222229303068175,38.1102373729974],[-3.022384811688798,38.110288898235666],[-3.023584923436339,38.11057403299654],[-3.0235999429695273,38.11080295200588],[-3.023611978545009,38.11097689494727],[-3.0235345976485073,38.111194474079156],[-3.0235487999460875,38.11136670375936],[-3.023558662932137,38.11152604542454],[-3.023559941172447,38.111594901925],[-3.023598880982332,38.11171755767421],[-3.0217897836999463,38.11126596920286],[-3.0218098382426706,38.1111944070239],[-3.0219335056876244,38.110872272863816],[-3.022086258338318,38.110546800191514],[-3.022150203043234,38.11039267290863],[-3.0222229303068175,38.1102373729974]]]},"properties":{"dn_surface":17397.0428587091,"provincia":23,"municipio":48,"agregado":0,"zona":0,"poligono":15,"parcela":73,"recinto":1,"uso_sigpac":"OV","idPanel":"23:48:0:0:15:73:1"},"id":1112037842},{"type":"Feature","geometry":{"type":"Polygon","coordinates":[[[-3.0225818752732496,38.111910604650404],[-3.022551298088658,38.111893485450366],[-3.0225436454106056,38.11186365509337],[-3.022613786856907,38.11182227531137],[-3.0226453572970833,38.11173475650233],[-3.0225412029238754,38.11171566755493],[-3.022592707207364,38.11154126360887],[-3.0230764184863217,38.11168150878291],[-3.023197334990491,38.11168148782812],[-3.0232238092332366,38.11171131483235],[-3.023163377384149,38.11179189845424],[-3.02314023075716,38.11182281594412],[-3.0231633975007175,38.11185165220732],[-3.023195114624208,38.11186841098552],[-3.0231604747309073,38.11198242666842],[-3.023160489818334,38.112030734932034],[-3.0231861694566105,38.1120694844727],[-3.0232012518540774,38.1121441068847],[-3.02321027748795,38.112188267782386],[-3.023178686093013,38.112206838728156],[-3.023129520360649,38.11220684794827],[-3.023101567550097,38.112192792333985],[-3.023008582901721,38.11214414041234],[-3.0228844502611127,38.11207927034525],[-3.0225818752732496,38.111910604650404]]]},"properties":{"dn_surface":2634.74869675993,"provincia":23,"municipio":48,"agregado":0,"zona":0,"poligono":15,"parcela":76,"recinto":2,"uso_sigpac":"OV","idPanel":"23:48:0:0:15:76:2"},"id":1112037839},{"type":"Feature","geometry":{"type":"Polygon","coordinates":[[[-3.022150203043234,38.11039267290863],[-3.022086258338318,38.110546800191514],[-3.0214530030013917,38.11038233131589],[-3.0215039473737146,38.1102348760283],[-3.022150203043234,38.11039267290863]]]},"properties":{"dn_surface":1028.37953656815,"provincia":23,"municipio":48,"agregado":0,"zona":0,"poligono":15,"parcela":72,"recinto":2,"uso_sigpac":"OV","idPanel":"23:48:0:0:15:72:2"},"id":1112037843},{"type":"Feature","geometry":{"type":"Polygon","coordinates":[[[-3.0217066033642945,38.111562680210966],[-3.021700805601525,38.11161198089195],[-3.021504586074774,38.111575960499096],[-3.0212612602493922,38.11153129836356],[-3.0211112375847247,38.111477875462356],[-3.0209143852242457,38.11140777844014],[-3.0209088380803966,38.11131238986181],[-3.020908517053486,38.11130686618728],[-3.021286428591545,38.11033719308824],[-3.0214530030013917,38.11038233131589],[-3.022086258338318,38.110546800191514],[-3.0219335056876244,38.110872272863816],[-3.0218098382426706,38.1111944070239],[-3.0217897836999463,38.11126596920286],[-3.0217066033642945,38.111562680210966]]]},"properties":{"dn_surface":9059.8941538676,"provincia":23,"municipio":48,"agregado":0,"zona":0,"poligono":15,"parcela":78,"recinto":5,"uso_sigpac":"OV","idPanel":"23:48:0:0:15:78:5"},"id":1346099377},{"type":"Feature","geometry":{"type":"Polygon","coordinates":[[[-3.0187972563347074,38.110506106887385],[-3.0187404823483814,38.110627515409305],[-3.0189421828019425,38.110715721534405],[-3.0191789045254227,38.11080662663244],[-3.0191336405692186,38.110887296587975],[-3.019349036215188,38.11099478779701],[-3.0192172995115696,38.11105329851378],[-3.019086139482923,38.11113073556905],[-3.0190013196469145,38.111311180353084],[-3.018934950895455,38.11138987050296],[-3.0188768911251063,38.11139970247598],[-3.0188104980661272,38.111386552945476],[-3.018773766887859,38.1113875495538],[-3.01869801124248,38.11134150440421],[-3.018579585840081,38.111269329508076],[-3.018303615852661,38.11114994856865],[-3.018190217077893,38.111105169924656],[-3.0180507975213704,38.1110098341523],[-3.017606056227151,38.11063568608898],[-3.017143575472002,38.11046477488219],[-3.0170983634835995,38.11041803654916],[-3.0170844721546453,38.11040367667175],[-3.017106817471642,38.110352661891426],[-3.017123120274283,38.110315978490036],[-3.017275774018512,38.10997347798042],[-3.0172833026443895,38.10997636051707],[-3.0173506101690597,38.110002038478996],[-3.0187972563347074,38.110506106887385]]]},"properties":{"dn_surface":13213.152465820312,"provincia":23,"municipio":97,"agregado":0,"zona":0,"poligono":23,"parcela":129,"recinto":1,"uso_sigpac":"OV","idPanel":"23:97:0:0:23:129:1"},"id":1318195386},{"type":"Feature","geometry":{"type":"Polygon","coordinates":[[[-3.0180507975213704,38.1110098341523],[-3.0178902890952104,38.111412090929576],[-3.017971058795366,38.11144263291018],[-3.0179521425151608,38.111517350875886],[-3.0179219332961393,38.11159495389285],[-3.018084277359203,38.11166955702646],[-3.018058390687906,38.11170074441364],[-3.017643708576632,38.111574170962655],[-3.0171674245025177,38.11142399071824],[-3.0171806276771798,38.111305923223114],[-3.0169971947444796,38.11127791676839],[-3.01674623049028,38.11123964415802],[-3.016997065663163,38.110750495538184],[-3.017143575472002,38.11046477488219],[-3.017606056227151,38.11063568608898],[-3.0180507975213704,38.1110098341523]]]},"properties":{"dn_surface":8769.60709181714,"provincia":23,"municipio":97,"agregado":0,"zona":0,"poligono":23,"parcela":130,"recinto":1,"uso_sigpac":"OV","idPanel":"23:97:0:0:23:130:1"},"id":1112597224},{"type":"Feature","geometry":{"type":"Polygon","coordinates":[[[-3.018773766887859,38.1113875495538],[-3.0188104980661272,38.111386552945476],[-3.0188768911251063,38.11139970247598],[-3.018934950895455,38.11138987050296],[-3.0190013196469145,38.111311180353084],[-3.019086139482923,38.11113073556905],[-3.0192172995115696,38.11105329851378],[-3.019349036215188,38.11099478779701],[-3.0191336405692186,38.110887296587975],[-3.0191789045254227,38.11080662663244],[-3.0189421828019425,38.110715721534405],[-3.0187404823483814,38.110627515409305],[-3.0187972563347074,38.110506106887385],[-3.0190499464228715,38.11059412609603],[-3.0195180246132924,38.11076457965089],[-3.019734096678888,38.11084331925397],[-3.020006766710833,38.110983877911195],[-3.0201980920440312,38.111082537946544],[-3.0204533075997713,38.11121417490554],[-3.020386752770052,38.111429948575335],[-3.020376491643577,38.111448516168366],[-3.0202376496002166,38.11178606129653],[-3.02012482247128,38.11214946878849],[-3.020109778630571,38.112197688203906],[-3.019541778928297,38.11208844769155],[-3.0195325286594055,38.11205059585279],[-3.0195183825205794,38.11204681226144],[-3.0194883794963876,38.11203879497057],[-3.0196037555622306,38.11180562130693],[-3.0195182987015423,38.11174533865574],[-3.0192660360904657,38.11156746376338],[-3.018733620083846,38.11141080766015],[-3.018773766887859,38.1113875495538]]]},"properties":{"dn_surface":13371.017128244812,"provincia":23,"municipio":97,"agregado":0,"zona":0,"poligono":23,"parcela":113,"recinto":1,"uso_sigpac":"OV","idPanel":"23:97:0:0:23:113:1"},"id":1346099387},{"type":"Feature","geometry":{"type":"Polygon","coordinates":[[[-3.018084277359203,38.11166955702646],[-3.0179219332961393,38.11159495389285],[-3.0179521425151608,38.111517350875886],[-3.017971058795366,38.11144263291018],[-3.0178902890952104,38.111412090929576],[-3.0180507975213704,38.1110098341523],[-3.018190217077893,38.111105169924656],[-3.018303615852661,38.11114994856865],[-3.018579585840081,38.111269329508076],[-3.01869801124248,38.11134150440421],[-3.018773766887859,38.1113875495538],[-3.018733620083846,38.11141080766015],[-3.018628271289365,38.111610091610856],[-3.018443630524345,38.11176810893525],[-3.018354533402892,38.1117436958026],[-3.018084277359203,38.11166955702646]]]},"properties":{"dn_surface":3780.33547288978,"provincia":23,"municipio":97,"agregado":0,"zona":0,"poligono":23,"parcela":128,"recinto":1,"uso_sigpac":"OV","idPanel":"23:97:0:0:23:128:1"},"id":1112597226},{"type":"Feature","geometry":{"type":"Polygon","coordinates":[[[-3.018590791607099,38.111798912431226],[-3.0185361474624965,38.11178431869874],[-3.018443630524345,38.11176810893525],[-3.018628271289365,38.111610091610856],[-3.018733620083846,38.11141080766015],[-3.0192660360904657,38.11156746376338],[-3.0195182987015423,38.11174533865574],[-3.0196037555622306,38.11180562130693],[-3.0194883794963876,38.11203879497057],[-3.018590791607099,38.111798912431226]]]},"properties":{"dn_surface":3627.39872620502,"provincia":23,"municipio":97,"agregado":0,"zona":0,"poligono":23,"parcela":114,"recinto":1,"uso_sigpac":"OV","idPanel":"23:97:0:0:23:114:1"},"id":1112597242},{"type":"Feature","geometry":{"type":"Polygon","coordinates":[[[-3.018115459717241,38.11226547098255],[-3.017960878973357,38.11222150957414],[-3.017852277162062,38.11219953222272],[-3.018058390687906,38.11170074441364],[-3.018084277359203,38.11166955702646],[-3.018354533402892,38.1117436958026],[-3.0183246628127782,38.11180669838154],[-3.018115459717241,38.11226547098255]]]},"properties":{"dn_surface":1547.01847720545,"provincia":23,"municipio":97,"agregado":0,"zona":0,"poligono":23,"parcela":127,"recinto":1,"uso_sigpac":"OV","idPanel":"23:97:0:0:23:127:1"},"id":1112597227},{"type":"Feature","geometry":{"type":"Polygon","coordinates":[[[-3.0217276863665994,38.109650367328555],[-3.0216954110083227,38.109671462065506],[-3.0215788505794916,38.10972907172763],[-3.021421196191531,38.10969250567288],[-3.021399634582527,38.10967971153514],[-3.0214503601871647,38.10955920322965],[-3.021530096398598,38.10957586310141],[-3.0215543066891617,38.10952217533199],[-3.0215604179351274,38.10950862347016],[-3.021614377278201,38.10952429679182],[-3.0216725074565414,38.109378101304344],[-3.021900949535575,38.10888705083056],[-3.0220460604046915,38.10894128342369],[-3.021984752646669,38.109135969062066],[-3.021898690612536,38.10933002689586],[-3.0218318776201825,38.10942971874354],[-3.0217748714551247,38.109521207222116],[-3.0216862697041784,38.1096178379986],[-3.0217276863665994,38.109650367328555]]]},"properties":{"dn_surface":1593.9317626953125,"provincia":23,"municipio":48,"agregado":0,"zona":0,"poligono":15,"parcela":67,"recinto":3,"uso_sigpac":"OV","idPanel":"23:48:0:0:15:67:3"},"id":1337930301},{"type":"Feature","geometry":{"type":"Polygon","coordinates":[[[-3.0204378304146426,38.108983355550976],[-3.0204798103409893,38.10899344317204],[-3.0205471161892783,38.109014072713364],[-3.0216725074565414,38.109378101304344],[-3.021614377278201,38.10952429679182],[-3.0215604179351274,38.10950862347016],[-3.0215543066891617,38.10952217533199],[-3.0215218025049153,38.10948599484482],[-3.0210497336901563,38.10936593329484],[-3.020949597601568,38.10933216595768],[-3.020739789332586,38.10927025889353],[-3.020558591015404,38.10918396468068],[-3.0204623030587916,38.10919884591243],[-3.020483297212916,38.109156492153204],[-3.0205075619858537,38.109107540159386],[-3.020526256145611,38.109063285384394],[-3.020417313190837,38.10903779517713],[-3.0204378304146426,38.108983355550976]]]},"properties":{"dn_surface":2030.647705078125,"provincia":23,"municipio":48,"agregado":0,"zona":0,"poligono":15,"parcela":68,"recinto":1,"uso_sigpac":"OV","idPanel":"23:48:0:0:15:68:1"},"id":1337930298},{"type":"Feature","geometry":{"type":"Polygon","coordinates":[[[-3.020558591015404,38.10918396468068],[-3.020739789332586,38.10927025889353],[-3.020949597601568,38.10933216595768],[-3.0210497336901563,38.10936593329484],[-3.0215218025049153,38.10948599484482],[-3.0215543066891617,38.10952217533199],[-3.021530096398598,38.10957586310141],[-3.0214503601871647,38.10955920322965],[-3.0210275828333244,38.10944084152973],[-3.02062865283362,38.109329145119574],[-3.0205779180088888,38.10942000076446],[-3.0203942512210755,38.10936153614816],[-3.0204623030587916,38.10919884591243],[-3.020558591015404,38.10918396468068]]]},"properties":{"dn_surface":1167.5810546875,"provincia":23,"municipio":48,"agregado":0,"zona":0,"poligono":15,"parcela":68,"recinto":2,"uso_sigpac":"OV","idPanel":"23:48:0:0:15:68:2"},"id":1337930299},{"type":"Feature","geometry":{"type":"Polygon","coordinates":[[[-3.0214503601871647,38.10955920322965],[-3.021399634582527,38.10967971153514],[-3.021421196191531,38.10969250567288],[-3.021402610158331,38.109738989196074],[-3.0214009706579725,38.109743088785166],[-3.0212718139043035,38.10968937000271],[-3.020690917805041,38.1112338329842],[-3.020663915502364,38.11130562482734],[-3.020614735520764,38.111285182202465],[-3.0204940394606608,38.11123507937327],[-3.0204533109525333,38.111214175743726],[-3.020198095396792,38.11108253962294],[-3.020211775501774,38.11105369833058],[-3.0202377686232484,38.111000609029134],[-3.0203540239507864,38.11067162853013],[-3.0203656462984165,38.110678116961765],[-3.020563838087102,38.110788762281146],[-3.0205886183471153,38.110793426810574],[-3.0206432356696267,38.11080370889178],[-3.0207867523006646,38.11047833344955],[-3.020930137335815,38.11009617312453],[-3.0211042847956286,38.10959287501308],[-3.0210998775906788,38.109591551510476],[-3.0210151901887468,38.10956612332933],[-3.0209783131653554,38.109554368547634],[-3.0209518724502247,38.10954594221985],[-3.0210275828333244,38.10944084152973],[-3.0214503601871647,38.10955920322965]]]},"properties":{"dn_surface":5149.4449462890625,"provincia":23,"municipio":48,"agregado":0,"zona":0,"poligono":15,"parcela":80,"recinto":1,"uso_sigpac":"OV","idPanel":"23:48:0:0:15:80:1"},"id":1337932894},{"type":"Feature","geometry":{"type":"Polygon","coordinates":[[[-3.0209518724502247,38.10954594221985],[-3.0209783131653554,38.109554368547634],[-3.0210151901887468,38.10956612332933],[-3.0210998775906788,38.109591551510476],[-3.0211042847956286,38.10959287501308],[-3.020930137335815,38.11009617312453],[-3.020821305022168,38.11007113218733],[-3.020816916257407,38.11007007187652],[-3.0207116764276725,38.11004465207725],[-3.0206117440193436,38.11002042334647],[-3.0208100715948683,38.10950053912404],[-3.0209518724502247,38.10954594221985]]]},"properties":{"dn_surface":1676.0484619140625,"provincia":23,"municipio":48,"agregado":0,"zona":0,"poligono":15,"parcela":82,"recinto":2,"uso_sigpac":"OV","idPanel":"23:48:0:0:15:82:2"},"id":1350743451},{"type":"Feature","geometry":{"type":"Polygon","coordinates":[[[-3.0212718139043035,38.10968937000271],[-3.0214009706579725,38.109743088785166],[-3.0213898629592273,38.10977086976666],[-3.021175453025129,38.1103071213324],[-3.02126997910559,38.11033273559187],[-3.021283323096235,38.11033635154507],[-3.021286428591545,38.11033719308824],[-3.020908517053486,38.11130686618728],[-3.0209088380803966,38.11131238986181],[-3.0208877290941905,38.1113109540417],[-3.020830234264149,38.11130060825798],[-3.0208292611251326,38.1112942120273],[-3.020690917805041,38.1112338329842],[-3.0212718139043035,38.10968937000271]]]},"properties":{"dn_surface":3185.9832763671875,"provincia":23,"municipio":48,"agregado":0,"zona":0,"poligono":15,"parcela":79,"recinto":2,"uso_sigpac":"OV","idPanel":"23:48:0:0:15:79:2"},"id":1337932895},{"type":"Feature","geometry":{"type":"Polygon","coordinates":[[[-3.021402610158331,38.109738989196074],[-3.0214777480574098,38.109760623727624],[-3.02126997910559,38.11033273559187],[-3.021175453025129,38.1103071213324],[-3.0213898629592273,38.10977086976666],[-3.0214009706579725,38.109743088785166],[-3.021402610158331,38.109738989196074]]]},"properties":{"dn_surface":520.4088134765625,"provincia":23,"municipio":48,"agregado":0,"zona":0,"poligono":15,"parcela":70,"recinto":2,"uso_sigpac":"OV","idPanel":"23:48:0:0:15:70:2"},"id":1337932893},{"type":"Feature","geometry":{"type":"Polygon","coordinates":[[[-3.0217276863665994,38.109650367328555],[-3.021586230845674,38.109991430341694],[-3.0215039473737146,38.1102348760283],[-3.0214530030013917,38.11038233131589],[-3.021286428591545,38.11033719308824],[-3.021283323096235,38.11033635154507],[-3.02126997910559,38.11033273559187],[-3.0214777480574098,38.109760623727624],[-3.021402610158331,38.109738989196074],[-3.021421196191531,38.10969250567288],[-3.0215788505794916,38.10972907172763],[-3.0216954110083227,38.109671462065506],[-3.0217276863665994,38.109650367328555]]]},"properties":{"dn_surface":1297.5374755859375,"provincia":23,"municipio":48,"agregado":0,"zona":0,"poligono":15,"parcela":70,"recinto":1,"uso_sigpac":"OV","idPanel":"23:48:0:0:15:70:1"},"id":1337932892},{"type":"Feature","geometry":{"type":"Polygon","coordinates":[[[-3.0208100715948683,38.10950053912404],[-3.0206117440193436,38.11002042334647],[-3.0204551306638203,38.11042484516946],[-3.020389586691682,38.11058474004031],[-3.020357085860198,38.11066414851928],[-3.0203540239507864,38.11067162853013],[-3.0202377686232484,38.111000609029134],[-3.020072230216696,38.11093808338049],[-3.019880575474684,38.11088430592474],[-3.02003796918544,38.110798932883085],[-3.0201312656406327,38.11075376615696],[-3.02032663440416,38.11024073581714],[-3.020643969924388,38.10944099072762],[-3.0208100715948683,38.10950053912404]]]},"properties":{"dn_surface":3029.4849853515625,"provincia":23,"municipio":48,"agregado":0,"zona":0,"poligono":15,"parcela":83,"recinto":1,"uso_sigpac":"OV","idPanel":"23:48:0:0:15:83:1"},"id":1350743450},{"type":"Feature","geometry":{"type":"Polygon","coordinates":[[[-3.0207116764276725,38.11004465207725],[-3.0204806200328838,38.11060374265409],[-3.020389586691682,38.11058474004031],[-3.0204551306638203,38.11042484516946],[-3.0206117440193436,38.11002042334647],[-3.0207116764276725,38.11004465207725]]]},"properties":{"dn_surface":562.199246096582,"provincia":23,"municipio":48,"agregado":0,"zona":0,"poligono":15,"parcela":257,"recinto":1,"uso_sigpac":"OV","idPanel":"23:48:0:0:15:257:1"},"id":1112037564},{"type":"Feature","geometry":{"type":"Polygon","coordinates":[[[-3.020643969924388,38.10944099072762],[-3.02032663440416,38.11024073581714],[-3.0201312656406327,38.11075376615696],[-3.02003796918544,38.110798932883085],[-3.019880575474684,38.11088430592474],[-3.0197071672987734,38.110810517512135],[-3.0194280063206262,38.11070519889253],[-3.0195814873587477,38.11049851707358],[-3.019940668694864,38.11000646328594],[-3.020211128418811,38.10960995398],[-3.0203597060432856,38.109423999770684],[-3.0203942512210755,38.10936153614816],[-3.0205779180088888,38.10942000076446],[-3.020643969924388,38.10944099072762]]]},"properties":{"dn_surface":7014.25794076644,"provincia":23,"municipio":48,"agregado":0,"zona":0,"poligono":15,"parcela":84,"recinto":1,"uso_sigpac":"OV","idPanel":"23:48:0:0:15:84:1"},"id":1112037831},{"type":"Feature","geometry":{"type":"Polygon","coordinates":[[[-3.0204378304146426,38.108983355550976],[-3.020417313190837,38.10903779517713],[-3.020526256145611,38.109063285384394],[-3.0205075619858537,38.109107540159386],[-3.020483297212916,38.109156492153204],[-3.020413527084948,38.109131589517375],[-3.0203616875253134,38.10910383451977],[-3.0202883022822915,38.10914399389662],[-3.0202074261319587,38.10923258139837],[-3.0201401261510026,38.10924661689606],[-3.0201486010938043,38.1093146578373],[-3.020192371394775,38.109316868983484],[-3.0202163914161253,38.109404968658396],[-3.020313790813165,38.10942837428621],[-3.0203597060432856,38.109423999770684],[-3.020211128418811,38.10960995398],[-3.019940668694864,38.11000646328594],[-3.0195814873587477,38.11049851707358],[-3.0194280063206262,38.11070519889253],[-3.019357275626497,38.1106788017633],[-3.0196748592510736,38.109908804049866],[-3.0198843842117116,38.109430288713014],[-3.0201017630160902,38.10890256154329],[-3.0204378304146426,38.108983355550976]]]},"properties":{"dn_surface":4996.7818603515625,"provincia":23,"municipio":48,"agregado":0,"zona":0,"poligono":15,"parcela":85,"recinto":1,"uso_sigpac":"OV","idPanel":"23:48:0:0:15:85:1"},"id":1337930303},{"type":"Feature","geometry":{"type":"Polygon","coordinates":[[[-3.0201017630160902,38.10890256154329],[-3.0198843842117116,38.109430288713014],[-3.0196748592510736,38.109908804049866],[-3.019357275626497,38.1106788017633],[-3.0191979012719035,38.11061312200434],[-3.019393160232494,38.1100970289169],[-3.019586716828448,38.109616174190734],[-3.0199006492957854,38.10885996051789],[-3.0201017630160902,38.10890256154329]]]},"properties":{"dn_surface":3583.70032592784,"provincia":23,"municipio":48,"agregado":0,"zona":0,"poligono":15,"parcela":86,"recinto":1,"uso_sigpac":"OV","idPanel":"23:48:0:0:15:86:1"},"id":1112037828},{"type":"Feature","geometry":{"type":"Polygon","coordinates":[[[-3.019586716828448,38.109616174190734],[-3.019439325243343,38.10956590372345],[-3.0192602224020795,38.10950978017286],[-3.0195623020194353,38.10877745241092],[-3.0199006492957854,38.10885996051789],[-3.019586716828448,38.109616174190734]]]},"properties":{"dn_surface":2685.9876708984375,"provincia":23,"municipio":48,"agregado":0,"zona":0,"poligono":15,"parcela":89,"recinto":2,"uso_sigpac":"OV","idPanel":"23:48:0:0:15:89:2"},"id":1337947665},{"type":"Feature","geometry":{"type":"Polygon","coordinates":[[[-3.021762747869655,38.105331189130624],[-3.022975888448261,38.10560533521581],[-3.0230241162456046,38.105541786974925],[-3.023080808927465,38.105552141978706],[-3.023078204669994,38.105613158884694],[-3.0231122385516604,38.105744378424845],[-3.0231092260954813,38.105950680543515],[-3.023116924035813,38.10612363358209],[-3.02310929063614,38.106148869817645],[-3.0227093522934227,38.106051781389226],[-3.022709715229851,38.10605092894963],[-3.0227477632051856,38.105961467215366],[-3.0226795470821592,38.105943352245134],[-3.0225198458333224,38.105900939812585],[-3.0216274689735454,38.1057000121705],[-3.021686962049422,38.10554426298924],[-3.02175659387598,38.105348495247114],[-3.021762747869655,38.105331189130624]]]},"properties":{"dn_surface":5959.965576171875,"provincia":23,"municipio":48,"agregado":0,"zona":0,"poligono":15,"parcela":40,"recinto":2,"uso_sigpac":"OV","idPanel":"23:48:0:0:15:40:2"},"id":1428704995},{"type":"Feature","geometry":{"type":"Polygon","coordinates":[[[-3.0216274689735454,38.1057000121705],[-3.0225198458333224,38.105900939812585],[-3.02246550092268,38.1061005816706],[-3.021555780227827,38.10588793947997],[-3.0216274689735454,38.1057000121705]]]},"properties":{"dn_surface":1825.26153779103,"provincia":23,"municipio":48,"agregado":0,"zona":0,"poligono":15,"parcela":41,"recinto":1,"uso_sigpac":"OV","idPanel":"23:48:0:0:15:41:1"},"id":1112037876},{"type":"Feature","geometry":{"type":"Polygon","coordinates":[[[-3.023081032724293,38.10624215705275],[-3.023077674095492,38.10643710253012],[-3.0219414014408823,38.10617267945324],[-3.02149868605278,38.106056756887256],[-3.021516920046027,38.10600439010588],[-3.021555780227827,38.10588793947997],[-3.02246550092268,38.1061005816706],[-3.023081032724293,38.10624215705275]]]},"properties":{"dn_surface":2914.72714934584,"provincia":23,"municipio":48,"agregado":0,"zona":0,"poligono":15,"parcela":251,"recinto":2,"uso_sigpac":"OV","idPanel":"23:48:0:0:15:251:2"},"id":1112037571},{"type":"Feature","geometry":{"type":"Polygon","coordinates":[[[-3.0225198458333224,38.105900939812585],[-3.0226795470821592,38.105943352245134],[-3.0227477632051856,38.105961467215366],[-3.022709715229851,38.10605092894963],[-3.0224948669221914,38.105992703217595],[-3.0225198458333224,38.105900939812585]]]},"properties":{"dn_surface":213.3330078125,"provincia":23,"municipio":48,"agregado":0,"zona":0,"poligono":15,"parcela":42,"recinto":3,"uso_sigpac":"OV","idPanel":"23:48:0:0:15:42:3"},"id":1428704994},{"type":"Feature","geometry":{"type":"Polygon","coordinates":[[[-3.0224948669221914,38.105992703217595],[-3.022709715229851,38.10605092894963],[-3.0227093522934227,38.106051781389226],[-3.02310929063614,38.106148869817645],[-3.023081032724293,38.10624215705275],[-3.02246550092268,38.1061005816706],[-3.0224948669221914,38.105992703217595]]]},"properties":{"dn_surface":630.7840576171875,"provincia":23,"municipio":48,"agregado":0,"zona":0,"poligono":15,"parcela":42,"recinto":2,"uso_sigpac":"OV","idPanel":"23:48:0:0:15:42:2"},"id":1428704993},{"type":"Feature","geometry":{"type":"Polygon","coordinates":[[[-3.023077674095492,38.10643710253012],[-3.0230760136403743,38.106591040382],[-3.0229433532509713,38.10657907689088],[-3.0217564354579998,38.106319436528196],[-3.0217269194224126,38.106403710702295],[-3.021405807854581,38.10633346280582],[-3.021471221069021,38.10613580326802],[-3.02149868605278,38.106056756887256],[-3.0219414014408823,38.10617267945324],[-3.023077674095492,38.10643710253012]]]},"properties":{"dn_surface":3166.35363822534,"provincia":23,"municipio":48,"agregado":0,"zona":0,"poligono":15,"parcela":43,"recinto":1,"uso_sigpac":"OV","idPanel":"23:48:0:0:15:43:1"},"id":1112037874},{"type":"Feature","geometry":{"type":"Polygon","coordinates":[[[-3.02006525228189,38.10565726110903],[-3.0209478047123732,38.105821250539805],[-3.0209311708245377,38.105899151952514],[-3.020919128543533,38.105902048738415],[-3.020599821599562,38.10585668839033],[-3.02059335496088,38.10579876943598],[-3.020054099320865,38.105709944726385],[-3.02006525228189,38.10565726110903]]]},"properties":{"dn_surface":564.480712890625,"provincia":23,"municipio":48,"agregado":0,"zona":0,"poligono":15,"parcela":102,"recinto":1,"uso_sigpac":"OV","idPanel":"23:48:0:0:15:102:1"},"id":1318781108},{"type":"Feature","geometry":{"type":"Polygon","coordinates":[[[-3.020069758393303,38.10545807941753],[-3.0201040931853105,38.10546375228992],[-3.02006525228189,38.10565726110903],[-3.020054099320865,38.105709944726385],[-3.019924800074833,38.10632070973938],[-3.0198144305200536,38.106883480810126],[-3.0196853852457037,38.10756648442177],[-3.0191758753054367,38.10722407276029],[-3.0190666130001316,38.1072691514764],[-3.018495272271053,38.10688159152906],[-3.0185261386313225,38.106709894937865],[-3.01855188951578,38.106604712943266],[-3.0185658940004343,38.10650683242497],[-3.0185769379967113,38.10642968203081],[-3.0185894647517477,38.10635415353502],[-3.018622263140813,38.10615722070827],[-3.018960983411877,38.106400067926955],[-3.0191255402975106,38.106264313776904],[-3.0190730544931026,38.1062033949392],[-3.019138168473581,38.10614263954864],[-3.0191995390958803,38.10615993560688],[-3.0199263842546267,38.10546395848476],[-3.020019461942134,38.10547449034675],[-3.020069758393303,38.10545807941753]]]},"properties":{"dn_surface":16281.789794921875,"provincia":23,"municipio":48,"agregado":0,"zona":0,"poligono":15,"parcela":99,"recinto":4,"uso_sigpac":"OV","idPanel":"23:48:0:0:15:99:4"},"id":1318781110},{"type":"Feature","geometry":{"type":"Polygon","coordinates":[[[-3.0192816800754776,38.10537888048614],[-3.0199263842546267,38.10546395848476],[-3.0191995390958803,38.10615993560688],[-3.019138168473581,38.10614263954864],[-3.0190730544931026,38.1062033949392],[-3.0191255402975106,38.106264313776904],[-3.018960983411877,38.106400067926955],[-3.018622263140813,38.10615722070827],[-3.0187100585526268,38.106076423347844],[-3.018967334380289,38.10583965552388],[-3.0188765172922025,38.1057541366371],[-3.0192816800754776,38.10537888048614]]]},"properties":{"dn_surface":5363.5263671875,"provincia":23,"municipio":48,"agregado":0,"zona":0,"poligono":15,"parcela":106,"recinto":1,"uso_sigpac":"OV","idPanel":"23:48:0:0:15:106:1"},"id":1284007331},{"type":"Feature","geometry":{"type":"Polygon","coordinates":[[[-3.018741504102439,38.105277109926334],[-3.0188368147290827,38.105295574421916],[-3.0192767540306895,38.10537795763855],[-3.0192816800754776,38.10537888048614],[-3.0188765172922025,38.1057541366371],[-3.018967334380289,38.10583965552388],[-3.0187100585526268,38.106076423347844],[-3.018622263140813,38.10615722070827],[-3.0186338234623564,38.10611603035724],[-3.018645966326205,38.10607276799965],[-3.0186460426015276,38.10607220138294],[-3.018672697055202,38.105874741334446],[-3.0187101582972797,38.105548794246374],[-3.0187102186469863,38.105548266186474],[-3.018741504102439,38.105277109926334]]]},"properties":{"dn_surface":2259.7979736328125,"provincia":23,"municipio":48,"agregado":0,"zona":0,"poligono":15,"parcela":109,"recinto":3,"uso_sigpac":"OV","idPanel":"23:48:0:0:15:109:3"},"id":1284007333},{"type":"Feature","geometry":{"type":"Polygon","coordinates":[[[-3.0191145071977075,38.10343034939797],[-3.0192560817416654,38.103529199702535],[-3.0193387600012875,38.10347511211634],[-3.0194040173123184,38.103531251592585],[-3.018558140739538,38.104353600161744],[-3.018254111491389,38.104129764776985],[-3.0184434008601837,38.10393506405117],[-3.0185208605465803,38.10398669657775],[-3.0191145071977075,38.10343034939797]]]},"properties":{"dn_surface":3326.2985710386,"provincia":23,"municipio":48,"agregado":0,"zona":0,"poligono":15,"parcela":112,"recinto":1,"uso_sigpac":"OV","idPanel":"23:48:0:0:15:112:1"},"id":1112037800},{"type":"Feature","geometry":{"type":"Polygon","coordinates":[[[-3.0191145071977075,38.10343034939797],[-3.0185208605465803,38.10398669657775],[-3.0184434008601837,38.10393506405117],[-3.018254111491389,38.104129764776985],[-3.017364556818578,38.10504458334563],[-3.017358754864857,38.10510650130624],[-3.0171833249737814,38.10509219339667],[-3.0174204750125395,38.104698486999325],[-3.0176006138570974,38.10439302193109],[-3.0177613695494157,38.104119734152846],[-3.0179385646694037,38.103909173188896],[-3.0179533889042367,38.1038953824428],[-3.0184685700405276,38.103354640691265],[-3.018464690057318,38.10334761078866],[-3.0184499454505707,38.10332103344851],[-3.0184906764732706,38.10327424398582],[-3.018642787070143,38.10310892937608],[-3.018927871539615,38.10329996134266],[-3.0191145071977075,38.10343034939797]]]},"properties":{"dn_surface":8523.82275390625,"provincia":23,"municipio":48,"agregado":0,"zona":0,"poligono":15,"parcela":113,"recinto":1,"uso_sigpac":"OV","idPanel":"23:48:0:0:15:113:1"},"id":1284007326},{"type":"Feature","geometry":{"type":"Polygon","coordinates":[[[-3.0185658940004343,38.10650683242497],[-3.01855188951578,38.106604712943266],[-3.0185261386313225,38.106709894937865],[-3.0180815037872786,38.106662275666736],[-3.0180577938963644,38.1067216731889],[-3.016465428335394,38.106564332284165],[-3.016533025873931,38.106385601599385],[-3.016568591967588,38.10629456825819],[-3.0185658940004343,38.10650683242497]]]},"properties":{"dn_surface":5112.1629638671875,"provincia":23,"municipio":48,"agregado":0,"zona":0,"poligono":15,"parcela":245,"recinto":2,"uso_sigpac":"OV","idPanel":"23:48:0:0:15:245:2"},"id":1303475408},{"type":"Feature","geometry":{"type":"Polygon","coordinates":[[[-3.018254111491389,38.104129764776985],[-3.018558140739538,38.104353600161744],[-3.0183043098742846,38.1046146428169],[-3.018239744070306,38.104588244011296],[-3.0176717443680308,38.105131967206006],[-3.017358754864857,38.10510650130624],[-3.017364556818578,38.10504458334563],[-3.018254111491389,38.104129764776985]]]},"properties":{"dn_surface":3876.66781250045,"provincia":23,"municipio":48,"agregado":0,"zona":0,"poligono":15,"parcela":111,"recinto":1,"uso_sigpac":"OV","idPanel":"23:48:0:0:15:111:1"},"id":1112037801},{"type":"Feature","geometry":{"type":"Polygon","coordinates":[[[-3.016465428335394,38.106564332284165],[-3.0180577938963644,38.1067216731889],[-3.0180815037872786,38.106662275666736],[-3.0185261386313225,38.106709894937865],[-3.018495272271053,38.10688159152906],[-3.018461556063536,38.1070588763354],[-3.0184548362913626,38.107099524377276],[-3.0184181654628017,38.10732088207132],[-3.018351762345538,38.1076938382279],[-3.0183489032781954,38.107710928091336],[-3.017331541338207,38.10761101496138],[-3.0173357289372813,38.10770330474995],[-3.016106785117494,38.10756902749131],[-3.016118788003551,38.10754865359806],[-3.016240969336984,38.1071308089945],[-3.016465428335394,38.106564332284165]]]},"properties":{"dn_surface":21297.75,"provincia":23,"municipio":48,"agregado":0,"zona":0,"poligono":15,"parcela":98,"recinto":1,"uso_sigpac":"OV","idPanel":"23:48:0:0:15:98:1"},"id":1303475407},{"type":"Feature","geometry":{"type":"Polygon","coordinates":[[[-3.0198766678311917,38.10389665062482],[-3.019832993922114,38.10393487126737],[-3.0197096106236936,38.1040428611997],[-3.018480579632108,38.10522469201533],[-3.0176717443680308,38.105131967206006],[-3.018239744070306,38.104588244011296],[-3.0183043098742846,38.1046146428169],[-3.018558140739538,38.104353600161744],[-3.0194040173123184,38.103531251592585],[-3.019520951574054,38.103617487132084],[-3.0198766678311917,38.10389665062482]]]},"properties":{"dn_surface":12272.2371985471,"provincia":23,"municipio":48,"agregado":0,"zona":0,"poligono":15,"parcela":110,"recinto":1,"uso_sigpac":"OV","idPanel":"23:48:0:0:15:110:1"},"id":1112037802},{"type":"Feature","geometry":{"type":"Polygon","coordinates":[[[-3.019832993922114,38.10393487126737],[-3.019999437574264,38.10404101718089],[-3.019928511581779,38.10411015531335],[-3.0207721459953274,38.104649892074605],[-3.020842991521537,38.10469512501777],[-3.0207075257089744,38.10482826401389],[-3.020069758393303,38.10545807941753],[-3.020019461942134,38.10547449034675],[-3.0199263842546267,38.10546395848476],[-3.0192816800754776,38.10537888048614],[-3.0192767540306895,38.10537795763855],[-3.0188368147290827,38.105295574421916],[-3.018741504102439,38.105277109926334],[-3.01864620688684,38.105258647945305],[-3.018470318505634,38.105238843183315],[-3.018480579632108,38.10522469201533],[-3.0197096106236936,38.1040428611997],[-3.019832993922114,38.10393487126737]]]},"properties":{"dn_surface":18151.979736328125,"provincia":23,"municipio":48,"agregado":0,"zona":0,"poligono":15,"parcela":105,"recinto":1,"uso_sigpac":"OV","idPanel":"23:48:0:0:15:105:1"},"id":1284007332},{"type":"Feature","geometry":{"type":"Polygon","coordinates":[[[-3.0201630045570735,38.10365687034471],[-3.0205132340200676,38.103886011474515],[-3.020384270050184,38.10401797784226],[-3.0210119505829782,38.10442769116108],[-3.0207721459953274,38.104649892074605],[-3.019928511581779,38.10411015531335],[-3.019999437574264,38.10404101718089],[-3.019832993922114,38.10393487126737],[-3.0198766678311917,38.10389665062482],[-3.0201630045570735,38.10365687034471]]]},"properties":{"dn_surface":4319.35695718373,"provincia":23,"municipio":48,"agregado":0,"zona":0,"poligono":15,"parcela":35,"recinto":2,"uso_sigpac":"OV","idPanel":"23:48:0:0:15:35:2"},"id":1112037883},{"type":"Feature","geometry":{"type":"Polygon","coordinates":[[[-3.0196853852457037,38.10756648442177],[-3.0196307000297726,38.10780316675027],[-3.019630932208504,38.10781830782105],[-3.019516290397423,38.107799668143684],[-3.0184548362913626,38.107099524377276],[-3.018461556063536,38.1070588763354],[-3.018495272271053,38.10688159152906],[-3.0190666130001316,38.1072691514764],[-3.0191758753054367,38.10722407276029],[-3.0196853852457037,38.10756648442177]]]},"properties":{"dn_surface":3271.2513427734375,"provincia":23,"municipio":48,"agregado":0,"zona":0,"poligono":15,"parcela":97,"recinto":2,"uso_sigpac":"OV","idPanel":"23:48:0:0:15:97:2"},"id":1303475410},{"type":"Feature","geometry":{"type":"Polygon","coordinates":[[[-3.0210820165921457,38.10721847364866],[-3.0210575112585727,38.107283369699644],[-3.021031980818181,38.107351058600926],[-3.0209862868703174,38.10750518336923],[-3.020965433532174,38.10757530637534],[-3.0209637244620153,38.107581255012406],[-3.0209630404986765,38.10758368827902],[-3.02094412002752,38.1076333510583],[-3.020893293001848,38.10779000045599],[-3.0208491899393013,38.10792835299617],[-3.020825719770832,38.10802037624018],[-3.0208079400767645,38.10806940870032],[-3.019630932208504,38.10781830782105],[-3.0196307000297726,38.10780316675027],[-3.0196853852457037,38.10756648442177],[-3.0198144305200536,38.106883480810126],[-3.0200994931965766,38.10693580316743],[-3.0200841174324817,38.1070181813549],[-3.0210820165921457,38.10721847364866]]]},"properties":{"dn_surface":10947.4877391155,"provincia":23,"municipio":48,"agregado":0,"zona":0,"poligono":15,"parcela":100,"recinto":1,"uso_sigpac":"OV","idPanel":"23:48:0:0:15:100:1"},"id":1112037812},{"type":"Feature","geometry":{"type":"Polygon","coordinates":[[[-3.0195323979017075,38.10829770912517],[-3.01950626144968,38.10824471789195],[-3.0195130742609844,38.108130075242684],[-3.019202176042776,38.107886234768415],[-3.0191552859972592,38.107852983756544],[-3.019161087112789,38.10779187716423],[-3.0184181654628017,38.10732088207132],[-3.0184548362913626,38.107099524377276],[-3.019516290397423,38.107799668143684],[-3.019630932208504,38.10781830782105],[-3.0208079400767645,38.10806940870032],[-3.020641422663863,38.10852935309137],[-3.0195323979017075,38.10829770912517]]]},"properties":{"dn_surface":8592.23769424357,"provincia":23,"municipio":48,"agregado":0,"zona":0,"poligono":15,"parcela":96,"recinto":3,"uso_sigpac":"OV","idPanel":"23:48:0:0:15:96:3"},"id":1112037816},{"type":"Feature","geometry":{"type":"Polygon","coordinates":[[[-3.0184181654628017,38.10732088207132],[-3.019161087112789,38.10779187716423],[-3.0191552859972592,38.107852983756544],[-3.019202176042776,38.107886234768415],[-3.0195130742609844,38.108130075242684],[-3.01950626144968,38.10824471789195],[-3.0195323979017075,38.10829770912517],[-3.019515768204824,38.108386667107],[-3.0190298533233904,38.10800189162802],[-3.018964162667939,38.108044981318415],[-3.018351762345538,38.1076938382279],[-3.0184181654628017,38.10732088207132]]]},"properties":{"dn_surface":3702.990966796875,"provincia":23,"municipio":48,"agregado":0,"zona":0,"poligono":15,"parcela":95,"recinto":1,"uso_sigpac":"OV","idPanel":"23:48:0:0:15:95:1"},"id":1303475409},{"type":"Feature","geometry":{"type":"Polygon","coordinates":[[[-3.019515768204824,38.108386667107],[-3.018274431740458,38.10815611111184],[-3.0183489032781954,38.107710928091336],[-3.018351762345538,38.1076938382279],[-3.018964162667939,38.108044981318415],[-3.0190298533233904,38.10800189162802],[-3.019515768204824,38.108386667107]]]},"properties":{"dn_surface":3178.0440673828125,"provincia":23,"municipio":48,"agregado":0,"zona":0,"poligono":15,"parcela":94,"recinto":1,"uso_sigpac":"OV","idPanel":"23:48:0:0:15:94:1"},"id":1303475404},{"type":"Feature","geometry":{"type":"Polygon","coordinates":[[[-3.0210794131728655,38.10760090470916],[-3.021013095551019,38.1078146399],[-3.020893293001848,38.10779000045599],[-3.02094412002752,38.1076333510583],[-3.0209630404986765,38.10758368827902],[-3.0209637244620153,38.107581255012406],[-3.020965433532174,38.10757530637534],[-3.0210737738280757,38.10759963820351],[-3.0210794131728655,38.10760090470916]]]},"properties":{"dn_surface":262.179220819443,"provincia":23,"municipio":48,"agregado":0,"zona":0,"poligono":15,"parcela":244,"recinto":2,"uso_sigpac":"OV","idPanel":"23:48:0:0:15:244:2"},"id":1112037578},{"type":"Feature","geometry":{"type":"Polygon","coordinates":[[[-3.021013095551019,38.1078146399],[-3.0220712144976085,38.10803225591226],[-3.021968319086332,38.10837475642191],[-3.0218184204738394,38.10832872552149],[-3.021868324651916,38.10814233377681],[-3.0208491899393013,38.10792835299617],[-3.020893293001848,38.10779000045599],[-3.021013095551019,38.1078146399]]]},"properties":{"dn_surface":2031.28125478748,"provincia":23,"municipio":48,"agregado":0,"zona":0,"poligono":15,"parcela":55,"recinto":1,"uso_sigpac":"OV","idPanel":"23:48:0:0:15:55:1"},"id":1112037861},{"type":"Feature","geometry":{"type":"Polygon","coordinates":[[[-3.021655937271174,38.10778465280143],[-3.022134818059046,38.107886419170285],[-3.022203604151523,38.107900287029906],[-3.022183438967671,38.10797870141516],[-3.0221462987525034,38.10812354238698],[-3.022050000737608,38.10840637715347],[-3.0219976364708026,38.10838376445375],[-3.021968319086332,38.10837475642191],[-3.0220712144976085,38.10803225591226],[-3.021013095551019,38.1078146399],[-3.0210794131728655,38.10760090470916],[-3.021328757205084,38.107656905045786],[-3.021308469645439,38.10771080403913],[-3.0212982118717253,38.10773793374676],[-3.0215687922950862,38.107791246006855],[-3.0215521550544886,38.10784397321012],[-3.0216322340857826,38.107859732865364],[-3.021655937271174,38.10778465280143]]]},"properties":{"dn_surface":2155.19793845954,"provincia":23,"municipio":48,"agregado":0,"zona":0,"poligono":15,"parcela":244,"recinto":1,"uso_sigpac":"OV","idPanel":"23:48:0:0:15:244:1"},"id":1112037579},{"type":"Feature","geometry":{"type":"Polygon","coordinates":[[[-3.022389847536525,38.10347761746735],[-3.022434243127509,38.103561698857675],[-3.022401763250784,38.10364813640106],[-3.0223356643966244,38.1038257883348],[-3.022114560674253,38.10437848603374],[-3.022010278057919,38.10464500961572],[-3.021972325636287,38.104741902745786],[-3.021879100427276,38.10499211179044],[-3.0210119505829782,38.10442769116108],[-3.020384270050184,38.10401797784226],[-3.0205132340200676,38.103886011474515],[-3.0201630045570735,38.10365687034471],[-3.0203549107561956,38.10346333805626],[-3.0204773712070203,38.10332830894089],[-3.020551150399515,38.10326980492965],[-3.020556626297184,38.10327349967278],[-3.0217345343818978,38.1040854538432],[-3.022389847536525,38.10347761746735]]]},"properties":{"dn_surface":15473.0590386106,"provincia":23,"municipio":48,"agregado":0,"zona":0,"poligono":15,"parcela":34,"recinto":4,"uso_sigpac":"OV","idPanel":"23:48:0:0:15:34:4"},"id":1112037884},{"type":"Feature","geometry":{"type":"Polygon","coordinates":[[[-3.0204773712070203,38.10332830894089],[-3.020235409117365,38.103176660186904],[-3.020186236679479,38.103131694626455],[-3.0202624047145186,38.10305246132927],[-3.020031501708567,38.102881162878475],[-3.020115086890166,38.102812023069674],[-3.020075704515767,38.10269927892159],[-3.0200422397653597,38.1025371452443],[-3.020046297444927,38.102366353060546],[-3.0201059061910747,38.10221411924968],[-3.020222448179718,38.10212721902519],[-3.020395694584888,38.10210367006684],[-3.0205848062573253,38.10212220748497],[-3.0209290317627207,38.10251051425999],[-3.020943218134684,38.10265570727174],[-3.0209198820766736,38.10281082026651],[-3.0211347002094806,38.10296580585634],[-3.0212035751501367,38.10291117763734],[-3.021832506262958,38.10332494276838],[-3.0219089098294916,38.103274098978915],[-3.022023564213429,38.103353121890336],[-3.022366775508479,38.10337721902519],[-3.022389847536525,38.10347761746735],[-3.0217345343818978,38.1040854538432],[-3.020556626297184,38.10327349967278],[-3.020551150399515,38.10326980492965],[-3.0204773712070203,38.10332830894089]],[[-3.0205035386720915,38.10292211266889],[-3.020447340522548,38.102864017694515],[-3.020370520375401,38.10292017477278],[-3.020436631802417,38.10297500415743],[-3.020500235363855,38.10292733627125],[-3.0205035386720915,38.10292211266889]],[[-3.020399510865629,38.10317608686469],[-3.0203482530101096,38.103058581795324],[-3.020406079763536,38.10303507055551],[-3.020386382289909,38.103004552882425],[-3.020356485715895,38.10295869464926],[-3.020241656988361,38.10300310532767],[-3.02028169985677,38.10308434944358],[-3.0203334203933725,38.103194377016706],[-3.020399510865629,38.10317608686469]]]},"properties":{"dn_surface":17606.4013060816,"provincia":23,"municipio":48,"agregado":0,"zona":0,"poligono":15,"parcela":33,"recinto":3,"uso_sigpac":"OV","idPanel":"23:48:0:0:15:33:3"},"id":1112037887},{"type":"Feature","geometry":{"type":"Polygon","coordinates":[[[-3.0210119505829782,38.10442769116108],[-3.021879100427276,38.10499211179044],[-3.0218242878064085,38.10515804498468],[-3.021762747869655,38.105331189130624],[-3.02175659387598,38.105348495247114],[-3.021592574270372,38.10536820277903],[-3.0215937921609757,38.10529094425834],[-3.021566183846663,38.105291556975516],[-3.021566182170283,38.10528793264032],[-3.0214900308990496,38.105293250958226],[-3.021375219773514,38.10530126908728],[-3.021374611247307,38.10529581582074],[-3.0213742231651675,38.10529234990358],[-3.021316631943234,38.10529637154096],[-3.0213167140858896,38.105297103281174],[-3.021320407152647,38.105330115408776],[-3.0212455735166706,38.10533534152569],[-3.021238436325695,38.10533584024898],[-3.021238517630161,38.10533657366554],[-3.0212390071333353,38.10534094147556],[-3.021196515072674,38.105343908669425],[-3.0211913987586736,38.10534426573852],[-3.021191457431999,38.10534479212208],[-3.02119887876951,38.10541114578612],[-3.0212464863059805,38.10540782152313],[-3.021246701720905,38.10540976025743],[-3.0211572181936925,38.10542051172527],[-3.0211810496222107,38.10539365023857],[-3.0210658227542533,38.105315437019044],[-3.0212135990687363,38.10515246431322],[-3.0207075257089744,38.10482826401389],[-3.020842991521537,38.10469512501777],[-3.0207721459953274,38.104649892074605],[-3.0210119505829782,38.10442769116108]]]},"properties":{"dn_surface":5652.633780220926,"provincia":23,"municipio":48,"agregado":0,"zona":0,"poligono":15,"parcela":36,"recinto":2,"uso_sigpac":"OV","idPanel":"23:48:0:0:15:36:2"},"id":1210302854},{"type":"Feature","geometry":{"type":"Polygon","coordinates":[[[-3.02175659387598,38.105348495247114],[-3.021686962049422,38.10554426298924],[-3.0216274689735454,38.1057000121705],[-3.021555780227827,38.10588793947997],[-3.021516920046027,38.10600439010588],[-3.0209309461895195,38.10590020471963],[-3.0209311708245377,38.105899151952514],[-3.0209478047123732,38.105821250539805],[-3.02006525228189,38.10565726110903],[-3.0201040931853105,38.10546375228992],[-3.020952983052461,38.10559016313195],[-3.0211572181936925,38.10542051172527],[-3.021592574270372,38.10536820277903],[-3.02175659387598,38.105348495247114]]]},"properties":{"dn_surface":5398.3221435546875,"provincia":23,"municipio":48,"agregado":0,"zona":0,"poligono":15,"parcela":103,"recinto":1,"uso_sigpac":"OV","idPanel":"23:48:0:0:15:103:1"},"id":1318781109},{"type":"Feature","geometry":{"type":"Polygon","coordinates":[[[-3.020054099320865,38.105709944726385],[-3.02059335496088,38.10579876943598],[-3.020599821599562,38.10585668839033],[-3.020919128543533,38.105902048738415],[-3.0209311708245377,38.105899151952514],[-3.0209309461895195,38.10590020471963],[-3.021516920046027,38.10600439010588],[-3.02149868605278,38.106056756887256],[-3.021471221069021,38.10613580326802],[-3.021405807854581,38.10633346280582],[-3.021314640402921,38.10660944704247],[-3.019924800074833,38.10632070973938],[-3.020054099320865,38.105709944726385]]]},"properties":{"dn_surface":8824.317260742188,"provincia":23,"municipio":48,"agregado":0,"zona":0,"poligono":15,"parcela":102,"recinto":2,"uso_sigpac":"OV","idPanel":"23:48:0:0:15:102:2"},"id":1318781107},{"type":"Feature","geometry":{"type":"Polygon","coordinates":[[[-3.0207075257089744,38.10482826401389],[-3.0212135990687363,38.10515246431322],[-3.0210658227542533,38.105315437019044],[-3.0211810496222107,38.10539365023857],[-3.0211572181936925,38.10542051172527],[-3.020952983052461,38.10559016313195],[-3.0201040931853105,38.10546375228992],[-3.020069758393303,38.10545807941753],[-3.0207075257089744,38.10482826401389]]]},"properties":{"dn_surface":4701.78856766217,"provincia":23,"municipio":48,"agregado":0,"zona":0,"poligono":15,"parcela":104,"recinto":2,"uso_sigpac":"OV","idPanel":"23:48:0:0:15:104:2"},"id":1112037808},{"type":"Feature","geometry":{"type":"Polygon","coordinates":[[[-3.0209290317627207,38.10251051425999],[-3.0210160426283506,38.1024596687941],[-3.0215886951253523,38.10198118279391],[-3.021491040918443,38.101911799909885],[-3.021714759794757,38.1017143851237],[-3.021781466336934,38.10166047858658],[-3.0221155128585107,38.10267805258874],[-3.022366775508479,38.10337721902519],[-3.022023564213429,38.103353121890336],[-3.0219089098294916,38.103274098978915],[-3.021832506262958,38.10332494276838],[-3.0212035751501367,38.10291117763734],[-3.0211347002094806,38.10296580585634],[-3.0209198820766736,38.10281082026651],[-3.020943218134684,38.10265570727174],[-3.0209290317627207,38.10251051425999]]]},"properties":{"dn_surface":12086.9125938689,"provincia":23,"municipio":48,"agregado":0,"zona":0,"poligono":15,"parcela":32,"recinto":4,"uso_sigpac":"OV","idPanel":"23:48:0:0:15:32:4"},"id":1112037888},{"type":"Feature","geometry":{"type":"Polygon","coordinates":[[[-3.021781466336934,38.10166047858658],[-3.021714759794757,38.1017143851237],[-3.021491040918443,38.101911799909885],[-3.0215886951253523,38.10198118279391],[-3.0210160426283506,38.1024596687941],[-3.0209290317627207,38.10251051425999],[-3.0205848062573253,38.10212220748497],[-3.0206497006319277,38.102108498881506],[-3.0210563252192033,38.101761175424514],[-3.0216532617675225,38.101270787959294],[-3.021781466336934,38.10166047858658]]]},"properties":{"dn_surface":5801.20338176859,"provincia":23,"municipio":48,"agregado":0,"zona":0,"poligono":15,"parcela":31,"recinto":2,"uso_sigpac":"OV","idPanel":"23:48:0:0:15:31:2"},"id":1112037889},{"type":"Feature","geometry":{"type":"Polygon","coordinates":[[[-3.0216532617675225,38.101270787959294],[-3.0210563252192033,38.101761175424514],[-3.0206497006319277,38.102108498881506],[-3.0206440990057053,38.10206388619923],[-3.0205458547127755,38.10192122955152],[-3.020382239114925,38.10171999932274],[-3.02026850338763,38.10164701305834],[-3.0204733361585934,38.101602729784844],[-3.020821866609714,38.10151543393451],[-3.021044465663699,38.10138327310656],[-3.0215666339548903,38.10107405378369],[-3.0216532617675225,38.101270787959294]]]},"properties":{"dn_surface":4343.7941080096,"provincia":23,"municipio":48,"agregado":0,"zona":0,"poligono":15,"parcela":30,"recinto":1,"uso_sigpac":"OV","idPanel":"23:48:0:0:15:30:1"},"id":1112037890},{"type":"Feature","geometry":{"type":"Polygon","coordinates":[[[-3.0225079661612484,38.10728637964124],[-3.0225877250038216,38.10701201814112],[-3.0223780583890107,38.106964827185266],[-3.022340898895466,38.10704585756264],[-3.0212414663838723,38.10679403919244],[-3.021314640402921,38.10660944704247],[-3.021405807854581,38.10633346280582],[-3.0217269194224126,38.106403710702295],[-3.0217564354579998,38.106319436528196],[-3.0229433532509713,38.10657907689088],[-3.0230760136403743,38.106591040382],[-3.0230739064297913,38.10677508100272],[-3.023092794211524,38.10698219029871],[-3.023118754643574,38.1071914612877],[-3.0230331259538614,38.107294942594024],[-3.0229790878208926,38.107384087492335],[-3.0225079661612484,38.10728637964124]]]},"properties":{"dn_surface":10648.3127697472,"provincia":23,"municipio":48,"agregado":0,"zona":0,"poligono":15,"parcela":44,"recinto":1,"uso_sigpac":"OV","idPanel":"23:48:0:0:15:44:1"},"id":1112037873},{"type":"Feature","geometry":{"type":"Polygon","coordinates":[[[-3.0210820165921457,38.10721847364866],[-3.0200841174324817,38.1070181813549],[-3.0200994931965766,38.10693580316743],[-3.0198144305200536,38.106883480810126],[-3.019924800074833,38.10632070973938],[-3.021314640402921,38.10660944704247],[-3.0212414663838723,38.10679403919244],[-3.0211401434177243,38.10706506804766],[-3.0210820165921457,38.10721847364866]]]},"properties":{"dn_surface":8358.93103534862,"provincia":23,"municipio":48,"agregado":0,"zona":0,"poligono":15,"parcela":101,"recinto":1,"uso_sigpac":"OV","idPanel":"23:48:0:0:15:101:1"},"id":1112037811},{"type":"Feature","geometry":{"type":"Polygon","coordinates":[[[-3.0212414663838723,38.10679403919244],[-3.022340898895466,38.10704585756264],[-3.0223780583890107,38.106964827185266],[-3.0225877250038216,38.10701201814112],[-3.0225079661612484,38.10728637964124],[-3.022479366267733,38.107382370040256],[-3.0211401434177243,38.10706506804766],[-3.0212414663838723,38.10679403919244]]]},"properties":{"dn_surface":4070.40139537571,"provincia":23,"municipio":48,"agregado":0,"zona":0,"poligono":15,"parcela":45,"recinto":1,"uso_sigpac":"OV","idPanel":"23:48:0:0:15:45:1"},"id":1112037872},{"type":"Feature","geometry":{"type":"Polygon","coordinates":[[[-3.0210575112585727,38.107283369699644],[-3.0210820165921457,38.10721847364866],[-3.0211401434177243,38.10706506804766],[-3.022479366267733,38.107382370040256],[-3.022450879529915,38.107476107383576],[-3.022343768021093,38.10746278602406],[-3.022312649365523,38.10753011617987],[-3.0222372491128593,38.10752048537256],[-3.0212440128062075,38.10732085524921],[-3.0210575112585727,38.107283369699644]]]},"properties":{"dn_surface":2701.61537070598,"provincia":23,"municipio":48,"agregado":0,"zona":0,"poligono":15,"parcela":50,"recinto":1,"uso_sigpac":"OV","idPanel":"23:48:0:0:15:50:1"},"id":1112037867},{"type":"Feature","geometry":{"type":"Polygon","coordinates":[[[-3.0212440128062075,38.10732085524921],[-3.0222372491128593,38.10752048537256],[-3.022312649365523,38.10753011617987],[-3.022795979267864,38.10763476340904],[-3.022715818932105,38.107722110389005],[-3.022616955216495,38.107821176946686],[-3.0226016775206728,38.10784308053735],[-3.02169912586803,38.1076476522623],[-3.0216736004567797,38.107728411066006],[-3.021655937271174,38.10778465280143],[-3.0216322340857826,38.107859732865364],[-3.0215521550544886,38.10784397321012],[-3.0215687922950862,38.107791246006855],[-3.0212982118717253,38.10773793374676],[-3.021308469645439,38.10771080403913],[-3.021328757205084,38.107656905045786],[-3.0210794131728655,38.10760090470916],[-3.0210737738280757,38.10759963820351],[-3.0210957453121687,38.107541747747604],[-3.0211234701349414,38.1074687019717],[-3.0211838081067084,38.107474378196855],[-3.0212393088818676,38.10733284807699],[-3.021239627394207,38.107332036708726],[-3.0212440128062075,38.10732085524921]]]},"properties":{"dn_surface":4367.91447152903,"provincia":23,"municipio":48,"agregado":0,"zona":0,"poligono":15,"parcela":51,"recinto":1,"uso_sigpac":"OV","idPanel":"23:48:0:0:15:51:1"},"id":1112037866},{"type":"Feature","geometry":{"type":"Polygon","coordinates":[[[-3.0212440128062075,38.10732085524921],[-3.021239627394207,38.107332036708726],[-3.0212393088818676,38.10733284807699],[-3.0211838081067084,38.107474378196855],[-3.0211234701349414,38.1074687019717],[-3.0210957453121687,38.107541747747604],[-3.0210737738280757,38.10759963820351],[-3.020965433532174,38.10757530637534],[-3.0209862868703174,38.10750518336923],[-3.021031980818181,38.107351058600926],[-3.0210575112585727,38.107283369699644],[-3.0212440128062075,38.10732085524921]]]},"properties":{"dn_surface":460.213122140391,"provincia":23,"municipio":48,"agregado":0,"zona":0,"poligono":15,"parcela":51,"recinto":2,"uso_sigpac":"OV","idPanel":"23:48:0:0:15:51:2"},"id":1112037865},{"type":"Feature","geometry":{"type":"Polygon","coordinates":[[[-3.0231065028149784,38.10459282220708],[-3.022114560674253,38.10437848603374],[-3.0223356643966244,38.1038257883348],[-3.0228833404970668,38.1037029423164],[-3.0227029183441645,38.10305288461541],[-3.023580660400132,38.10289185483481],[-3.0236595517156752,38.10312418946992],[-3.0237056966099556,38.10332029835553],[-3.0237131481223196,38.10343250606181],[-3.0236986004903077,38.103587347482886],[-3.023687693957251,38.10371695266841],[-3.023527340596309,38.103761774060104],[-3.0233849102599866,38.103853638886164],[-3.0232091928696145,38.10400328101235],[-3.0231371101744235,38.104012035910756],[-3.0230329876524493,38.10405711714148],[-3.0230900675782597,38.10421176661697],[-3.023079011009128,38.10423393926675],[-3.0230628255531387,38.10426656834136],[-3.0230466392589594,38.10429910689143],[-3.0230430082182886,38.104358591585395],[-3.023049315600802,38.10446322875623],[-3.0231065028149784,38.10459282220708]]]},"properties":{"dn_surface":13424.8606638222,"provincia":23,"municipio":48,"agregado":0,"zona":0,"poligono":15,"parcela":25,"recinto":1,"uso_sigpac":"OV","idPanel":"23:48:0:0:15:25:1"},"id":1112037896},{"type":"Feature","geometry":{"type":"Polygon","coordinates":[[[-3.022114560674253,38.10437848603374],[-3.0231065028149784,38.10459282220708],[-3.023169275729762,38.1047132215478],[-3.023140879516505,38.104728547858684],[-3.0231164747657764,38.1047417108002],[-3.023151874897741,38.10486824317982],[-3.02315657630751,38.10494575231942],[-3.02287403323123,38.104907405948325],[-3.0229005837492995,38.10482574609],[-3.022010278057919,38.10464500961572],[-3.022114560674253,38.10437848603374]]]},"properties":{"dn_surface":3142.53080503322,"provincia":23,"municipio":48,"agregado":0,"zona":0,"poligono":15,"parcela":37,"recinto":3,"uso_sigpac":"OV","idPanel":"23:48:0:0:15:37:3"},"id":1112037880},{"type":"Feature","geometry":{"type":"Polygon","coordinates":[[[-3.022010278057919,38.10464500961572],[-3.0229005837492995,38.10482574609],[-3.02287403323123,38.104907405948325],[-3.02315657630751,38.10494575231942],[-3.0231599022468867,38.10500099912292],[-3.023133372683577,38.10514358536264],[-3.023114240988447,38.105239033452506],[-3.021879100427276,38.10499211179044],[-3.021972325636287,38.104741902745786],[-3.022010278057919,38.10464500961572]]]},"properties":{"dn_surface":4136.60064829426,"provincia":23,"municipio":48,"agregado":0,"zona":0,"poligono":15,"parcela":38,"recinto":1,"uso_sigpac":"OV","idPanel":"23:48:0:0:15:38:1"},"id":1112037879},{"type":"Feature","geometry":{"type":"Polygon","coordinates":[[[-3.021879100427276,38.10499211179044],[-3.023114240988447,38.105239033452506],[-3.023115083369767,38.10537422433865],[-3.0230852236761283,38.10544921555439],[-3.023080808927465,38.105552141978706],[-3.0230241162456046,38.105541786974925],[-3.022975888448261,38.10560533521581],[-3.021762747869655,38.105331189130624],[-3.0218242878064085,38.10515804498468],[-3.021879100427276,38.10499211179044]]]},"properties":{"dn_surface":4660.13481100334,"provincia":23,"municipio":48,"agregado":0,"zona":0,"poligono":15,"parcela":39,"recinto":1,"uso_sigpac":"OV","idPanel":"23:48:0:0:15:39:1"},"id":1112037878},{"type":"Feature","geometry":{"type":"Polygon","coordinates":[[[-3.0223356643966244,38.1038257883348],[-3.022401763250784,38.10364813640106],[-3.022434243127509,38.103561698857675],[-3.022389847536525,38.10347761746735],[-3.022366775508479,38.10337721902519],[-3.0221155128585107,38.10267805258874],[-3.0234403355980115,38.10244665085952],[-3.023580660400132,38.10289185483481],[-3.0227029183441645,38.10305288461541],[-3.0228833404970668,38.1037029423164],[-3.0223356643966244,38.1038257883348]]]},"properties":{"dn_surface":8987.74919117207,"provincia":23,"municipio":48,"agregado":0,"zona":0,"poligono":15,"parcela":26,"recinto":1,"uso_sigpac":"OV","idPanel":"23:48:0:0:15:26:1"},"id":1112037895},{"type":"Feature","geometry":{"type":"Polygon","coordinates":[[[-3.023173050939175,38.100903986634535],[-3.0231495547868046,38.10090110661244],[-3.023125506266982,38.100954015703024],[-3.02277685846921,38.10101554222868],[-3.022798394932502,38.10130791141066],[-3.022763506096661,38.10134604152867],[-3.0227502283230563,38.10155360680022],[-3.022772809171546,38.10190347751774],[-3.0232368900321056,38.10185319699215],[-3.0234403355980115,38.10244665085952],[-3.0221155128585107,38.10267805258874],[-3.021781466336934,38.10166047858658],[-3.0216532617675225,38.101270787959294],[-3.0215666339548903,38.10107405378369],[-3.021990039951506,38.10081009254964],[-3.022510487437873,38.10049293807853],[-3.023026139637151,38.10017632256384],[-3.0231507818975016,38.1004681343492],[-3.02318301786083,38.100689841568595],[-3.0231807522322685,38.10073769972399],[-3.023179619837082,38.10076230480223],[-3.023173050939175,38.100903986634535]]]},"properties":{"dn_surface":24579.0154116535,"provincia":23,"municipio":48,"agregado":0,"zona":0,"poligono":15,"parcela":29,"recinto":2,"uso_sigpac":"OV","idPanel":"23:48:0:0:15:29:2"},"id":1112037891},{"type":"Feature","geometry":{"type":"Polygon","coordinates":[[[-3.023173050939175,38.100903986634535],[-3.0231693134483284,38.100983479770775],[-3.0231694978502093,38.10120113685434],[-3.0233147805483505,38.101472575584665],[-3.0234911114940703,38.10181782284411],[-3.0232368900321056,38.10185319699215],[-3.022772809171546,38.10190347751774],[-3.0227502283230563,38.10155360680022],[-3.022763506096661,38.10134604152867],[-3.022798394932502,38.10130791141066],[-3.02277685846921,38.10101554222868],[-3.023125506266982,38.100954015703024],[-3.0231495547868046,38.10090110661244],[-3.023173050939175,38.100903986634535]]]},"properties":{"dn_surface":4562.25958642066,"provincia":23,"municipio":48,"agregado":0,"zona":0,"poligono":15,"parcela":28,"recinto":1,"uso_sigpac":"OV","idPanel":"23:48:0:0:15:28:1"},"id":1112037892},{"type":"Feature","geometry":{"type":"Polygon","coordinates":[[[-3.023380492158561,38.10082806335109],[-3.02339409682641,38.10092413673098],[-3.0234753753081187,38.101139166087734],[-3.0235472744396192,38.101273082924536],[-3.02363310094226,38.101441065494186],[-3.0236235438956944,38.10151452114519],[-3.023633845255306,38.10162321264286],[-3.0236672027173457,38.101781740425196],[-3.023747541587653,38.1019097974731],[-3.0238270724424465,38.10200802248767],[-3.0238672494213135,38.102095528723765],[-3.023871504075616,38.10219746189253],[-3.0238326480847677,38.10231030829982],[-3.0237955070314113,38.102433518931036],[-3.0237073788580227,38.10255070045892],[-3.0236402280749517,38.10263777586522],[-3.0235863089650157,38.10272800286731],[-3.023580660400132,38.10289185483481],[-3.0234403355980115,38.10244665085952],[-3.0232368900321056,38.10185319699215],[-3.0234911114940703,38.10181782284411],[-3.0233147805483505,38.101472575584665],[-3.0231694978502093,38.10120113685434],[-3.0231693134483284,38.100983479770775],[-3.023173050939175,38.100903986634535],[-3.023179619837082,38.10076230480223],[-3.023380492158561,38.10082806335109]],[[-3.0236482009417234,38.10243125497885],[-3.023630000476092,38.102390060436875],[-3.023608172322552,38.10237952522215],[-3.023570583675538,38.10237378361816],[-3.023542698758405,38.10237857890522],[-3.023516027540923,38.10239008055345],[-3.023492995746016,38.102405414408025],[-3.0234881510056937,38.10242074407162],[-3.023489369734488,38.10243798983845],[-3.023494226209475,38.10245810892184],[-3.023502717916084,38.10247247885749],[-3.0235196954619705,38.10248109796902],[-3.023547587084626,38.102494506500335],[-3.0235827483323363,38.102494500633014],[-3.023604568942164,38.102482041771395],[-3.023630024783612,38.10246191682069],[-3.0236482009417234,38.10243125497885]]]},"properties":{"dn_surface":6061.76586499173,"provincia":23,"municipio":48,"agregado":0,"zona":0,"poligono":15,"parcela":27,"recinto":1,"uso_sigpac":"OV","idPanel":"23:48:0:0:15:27:1"},"id":1112037894},{"type":"Feature","geometry":{"type":"Polygon","coordinates":[[[-3.023179619837082,38.10076230480223],[-3.0231807522322685,38.10073769972399],[-3.02318301786083,38.100689841568595],[-3.0231507818975016,38.1004681343492],[-3.023026139637151,38.10017632256384],[-3.0230424466307424,38.1001663162472],[-3.0232380132071976,38.100056416917226],[-3.02325114765025,38.10011238372624],[-3.023316900331789,38.10028640797208],[-3.0233703089837918,38.100382835068274],[-3.0233725201299793,38.1005167644779],[-3.023363344460031,38.10070702447112],[-3.0233667743350128,38.10073090786747],[-3.023380492158561,38.10082806335109],[-3.023179619837082,38.10076230480223]]]},"properties":{"dn_surface":1467.8669750886,"provincia":23,"municipio":48,"agregado":0,"zona":0,"poligono":15,"parcela":250,"recinto":1,"uso_sigpac":"OV","idPanel":"23:48:0:0:15:250:1"},"id":1112037572},{"type":"Feature","geometry":{"type":"Polygon","coordinates":[[[-3.023472029252174,38.108271665712266],[-3.0234975119157137,38.10840874504126],[-3.023502111066259,38.108518699691814],[-3.023534948012081,38.108819448262864],[-3.0235672853964437,38.108990775212106],[-3.0236249906122676,38.10929233012229],[-3.0235010356680174,38.10906072555099],[-3.0234314465891683,38.10869292761791],[-3.0234204344441253,38.10850519476864],[-3.02337162913362,38.10820697250335],[-3.0234335102138523,38.108032835101795],[-3.0234620028190013,38.10796018746632],[-3.023453744129314,38.10782166309707],[-3.0234508741654977,38.107766776715465],[-3.023355813319582,38.10763313396697],[-3.023274430902268,38.1074683960322],[-3.023235273162888,38.1073670093636],[-3.0231651954190553,38.107241114008644],[-3.023118754643574,38.1071914612877],[-3.023092794211524,38.10698219029871],[-3.0230739064297913,38.10677508100272],[-3.0230760136403743,38.106591040382],[-3.023077674095492,38.10643710253012],[-3.023081032724293,38.10624215705275],[-3.0231854645385123,38.10608693928418],[-3.0231799232619956,38.10623267628151],[-3.0231770960458872,38.106309285204674],[-3.023152678722303,38.106634017754885],[-3.023165224755718,38.10698100593575],[-3.0231915129202016,38.1071444027659],[-3.023224606352276,38.10718846894807],[-3.0233452462536237,38.10741106213473],[-3.0234082605672334,38.107563005931695],[-3.0234509554699636,38.10766592397414],[-3.0235289448926705,38.10791664431494],[-3.023517015767366,38.10806121036029],[-3.023477581425164,38.108158194853104],[-3.023472029252174,38.108271665712266]]]},"properties":{"dn_surface":2415.98616409506,"provincia":23,"municipio":48,"agregado":0,"zona":0,"poligono":15,"parcela":9001,"recinto":8,"uso_sigpac":"OV","idPanel":"23:48:0:0:15:9001:8"},"id":1112037549},{"type":"Feature","geometry":{"type":"Polygon","coordinates":[[[-3.023274430902268,38.1074683960322],[-3.0230491286843484,38.10739894693117],[-3.023110697119576,38.10731646983723],[-3.0231651954190553,38.107241114008644],[-3.023235273162888,38.1073670093636],[-3.023274430902268,38.1074683960322]]]},"properties":{"dn_surface":222.031120117499,"provincia":23,"municipio":48,"agregado":0,"zona":0,"poligono":15,"parcela":46,"recinto":2,"uso_sigpac":"OV","idPanel":"23:48:0:0:15:46:2"},"id":1112037871},{"type":"Feature","geometry":{"type":"Polygon","coordinates":[[[-3.0229790878208926,38.107384087492335],[-3.0229266481169548,38.10747900081674],[-3.022888678093324,38.1075219983062],[-3.022795979267864,38.10763476340904],[-3.022312649365523,38.10753011617987],[-3.022343768021093,38.10746278602406],[-3.022450879529915,38.107476107383576],[-3.022479366267733,38.107382370040256],[-3.0225079661612484,38.10728637964124],[-3.0229790878208926,38.107384087492335]]]},"properties":{"dn_surface":1277.19971064997,"provincia":23,"municipio":48,"agregado":0,"zona":0,"poligono":15,"parcela":49,"recinto":1,"uso_sigpac":"OV","idPanel":"23:48:0:0:15:49:1"},"id":1112037868},{"type":"Feature","geometry":{"type":"Polygon","coordinates":[[[-3.023453744129314,38.10782166309707],[-3.022871952842739,38.10765403759652],[-3.02296305407736,38.10753793817241],[-3.0230491286843484,38.10739894693117],[-3.023274430902268,38.1074683960322],[-3.023355813319582,38.10763313396697],[-3.0234508741654977,38.107766776715465],[-3.023453744129314,38.10782166309707]]]},"properties":{"dn_surface":1199.47705365894,"provincia":23,"municipio":48,"agregado":0,"zona":0,"poligono":15,"parcela":47,"recinto":1,"uso_sigpac":"OV","idPanel":"23:48:0:0:15:47:1"},"id":1112037870},{"type":"Feature","geometry":{"type":"Polygon","coordinates":[[[-3.022871952842739,38.10765403759652],[-3.023453744129314,38.10782166309707],[-3.0234620028190013,38.10796018746632],[-3.0234335102138523,38.108032835101795],[-3.02337162913362,38.10820697250335],[-3.0234204344441253,38.10850519476864],[-3.0234314465891683,38.10869292761791],[-3.022712684100132,38.108620950534686],[-3.0227625849254482,38.10843122363056],[-3.0227956263897195,38.10831234057619],[-3.022803259789393,38.108284759922185],[-3.022828556374672,38.10820246974467],[-3.0228332284477784,38.10818723731114],[-3.0228709403087755,38.10805041782115],[-3.022896354240707,38.1079796628195],[-3.0229141238764896,38.10790422317186],[-3.022890853197327,38.10790062230606],[-3.0226721777124514,38.10786686167447],[-3.022681754875585,38.10785442292942],[-3.0227589480174455,38.1077613980479],[-3.022871952842739,38.10765403759652]]]},"properties":{"dn_surface":5629.327823362016,"provincia":23,"municipio":48,"agregado":0,"zona":0,"poligono":15,"parcela":265,"recinto":1,"uso_sigpac":"OV","idPanel":"23:48:0:0:15:265:1"},"id":1210295063},{"type":"Feature","geometry":{"type":"Polygon","coordinates":[[[-3.0235010356680174,38.10906072555099],[-3.0226524559313033,38.10897453024458],[-3.0226282171422674,38.108797974663844],[-3.0226530351208467,38.10864466377839],[-3.0226677403326474,38.10861609070693],[-3.022712684100132,38.108620950534686],[-3.0234314465891683,38.10869292761791],[-3.0235010356680174,38.10906072555099]]]},"properties":{"dn_surface":2887.47252136305,"provincia":23,"municipio":48,"agregado":0,"zona":0,"poligono":15,"parcela":60,"recinto":1,"uso_sigpac":"OV","idPanel":"23:48:0:0:15:60:1"},"id":1112037856},{"type":"Feature","geometry":{"type":"Polygon","coordinates":[[[-3.0226524559313033,38.10897453024458],[-3.0235010356680174,38.10906072555099],[-3.0235202721369423,38.10928261549594],[-3.0226755413703934,38.109113321996546],[-3.0226524559313033,38.10897453024458]]]},"properties":{"dn_surface":1458.89226105798,"provincia":23,"municipio":48,"agregado":0,"zona":0,"poligono":15,"parcela":61,"recinto":1,"uso_sigpac":"OV","idPanel":"23:48:0:0:15:61:1"},"id":1112037855},{"type":"Feature","geometry":{"type":"Polygon","coordinates":[[[-3.0226755413703934,38.109113321996546],[-3.0235202721369423,38.10928261549594],[-3.0235631103702256,38.10947097363521],[-3.0226679557475715,38.10929078366104],[-3.0226755413703934,38.109113321996546]]]},"properties":{"dn_surface":1517.8130422557,"provincia":23,"municipio":48,"agregado":0,"zona":0,"poligono":15,"parcela":62,"recinto":1,"uso_sigpac":"OV","idPanel":"23:48:0:0:15:62:1"},"id":1112037854},{"type":"Feature","geometry":{"type":"Polygon","coordinates":[[[-3.0235631103702256,38.10947097363521],[-3.0235943287704483,38.10970538949701],[-3.0235878537498624,38.10978686579165],[-3.023600085461889,38.10986446294123],[-3.02264103307298,38.109639941916754],[-3.0226574423257966,38.10958739492446],[-3.0226679557475715,38.10929078366104],[-3.0235631103702256,38.10947097363521]]]},"properties":{"dn_surface":3327.98501939044,"provincia":23,"municipio":48,"agregado":0,"zona":0,"poligono":15,"parcela":63,"recinto":1,"uso_sigpac":"OV","idPanel":"23:48:0:0:15:63:1"},"id":1112037853},{"type":"Feature","geometry":{"type":"Polygon","coordinates":[[[-3.023600085461889,38.10986446294123],[-3.0236487231343223,38.10999775197345],[-3.0236251590885317,38.110140246012236],[-3.0236517976165884,38.11031968412965],[-3.023621740948214,38.110492101564546],[-3.023584923436339,38.11057403299654],[-3.022384811688798,38.110288898235666],[-3.02240038526582,38.11022287398043],[-3.022404519220711,38.11020534741985],[-3.0224441564049815,38.11002013081804],[-3.0224746799453897,38.10987141656858],[-3.0225281003320568,38.1096254504435],[-3.02264103307298,38.109639941916754],[-3.023600085461889,38.10986446294123]]]},"properties":{"dn_surface":8106.11459396373,"provincia":23,"municipio":48,"agregado":0,"zona":0,"poligono":15,"parcela":64,"recinto":1,"uso_sigpac":"OV","idPanel":"23:48:0:0:15:64:1"},"id":1112037852},{"type":"Feature","geometry":{"type":"Polygon","coordinates":[[[-3.0195623020194353,38.10877745241092],[-3.0192602224020795,38.10950978017286],[-3.019257643290319,38.10950906519645],[-3.019254185755055,38.109508107144876],[-3.0190422568644437,38.10944938101318],[-3.0189440787885533,38.109422175868445],[-3.018942289252119,38.10942167965973],[-3.0192658215137316,38.108708006662596],[-3.0193771583401956,38.108733857291725],[-3.0195623020194353,38.10877745241092]]]},"properties":{"dn_surface":2400.486328125,"provincia":23,"municipio":48,"agregado":0,"zona":0,"poligono":15,"parcela":90,"recinto":1,"uso_sigpac":"OV","idPanel":"23:48:0:0:15:90:1"},"id":1337947666},{"type":"Feature","geometry":{"type":"Polygon","coordinates":[[[-3.0210275828333244,38.10944084152973],[-3.0209518724502247,38.10954594221985],[-3.0208100715948683,38.10950053912404],[-3.020643969924388,38.10944099072762],[-3.0205779180088888,38.10942000076446],[-3.02062865283362,38.109329145119574],[-3.0210275828333244,38.10944084152973]]]},"properties":{"dn_surface":443.467275556726,"provincia":23,"municipio":48,"agregado":0,"zona":0,"poligono":15,"parcela":69,"recinto":1,"uso_sigpac":"OV","idPanel":"23:48:0:0:15:69:1"},"id":1112037846},{"type":"Feature","geometry":{"type":"Polygon","coordinates":[[[-3.018942289252119,38.10942167965973],[-3.0189440787885533,38.109422175868445],[-3.0190422568644437,38.10944938101318],[-3.019254185755055,38.109508107144876],[-3.019257643290319,38.10950906519645],[-3.0192602224020795,38.10950978017286],[-3.019439325243343,38.10956590372345],[-3.0193845964415127,38.10958216461654],[-3.019228362786225,38.10996340963774],[-3.019024961644408,38.11045620941485],[-3.0190253002733174,38.11048095111806],[-3.0189098781070034,38.11041066801761],[-3.0188072735477856,38.11036802005353],[-3.0187062540065495,38.110332563762825],[-3.018698143676558,38.11032903833416],[-3.0186313474480118,38.11029386870453],[-3.018762280327069,38.10990282523798],[-3.01884482028528,38.109700289108616],[-3.0188536648700337,38.10968404246475],[-3.018841850576809,38.10962664402658],[-3.0188386587478906,38.10962067778755],[-3.0188986932947457,38.10950539559903],[-3.018939059704635,38.10942788059208],[-3.018939203873378,38.109427603989246],[-3.018942289252119,38.10942167965973]]]},"properties":{"dn_surface":4252.5382080078125,"provincia":23,"municipio":48,"agregado":0,"zona":0,"poligono":15,"parcela":88,"recinto":1,"uso_sigpac":"OV","idPanel":"23:48:0:0:15:88:1"},"id":1337947662},{"type":"Feature","geometry":{"type":"Polygon","coordinates":[[[-3.019586716828448,38.109616174190734],[-3.019393160232494,38.1100970289169],[-3.0191979012719035,38.11061312200434],[-3.019026439374026,38.11056420689087],[-3.019439325243343,38.10956590372345],[-3.019586716828448,38.109616174190734]]]},"properties":{"dn_surface":1711.211669921875,"provincia":23,"municipio":48,"agregado":0,"zona":0,"poligono":15,"parcela":87,"recinto":2,"uso_sigpac":"OV","idPanel":"23:48:0:0:15:87:2"},"id":1337947667},{"type":"Feature","geometry":{"type":"Polygon","coordinates":[[[-3.019439325243343,38.10956590372345],[-3.019026439374026,38.11056420689087],[-3.0185814114187006,38.11041600980482],[-3.018449533899101,38.11036789935412],[-3.0188386587478906,38.10962067778755],[-3.018841850576809,38.10962664402658],[-3.0188536648700337,38.10968404246475],[-3.01884482028528,38.109700289108616],[-3.018762280327069,38.10990282523798],[-3.0186313474480118,38.11029386870453],[-3.018698143676558,38.11032903833416],[-3.0187062540065495,38.110332563762825],[-3.0188072735477856,38.11036802005353],[-3.0189098781070034,38.11041066801761],[-3.0190253002733174,38.11048095111806],[-3.019024961644408,38.11045620941485],[-3.019228362786225,38.10996340963774],[-3.0193845964415127,38.10958216461654],[-3.019439325243343,38.10956590372345]]]},"properties":{"dn_surface":1594.712646484375,"provincia":23,"municipio":48,"agregado":0,"zona":0,"poligono":15,"parcela":88,"recinto":2,"uso_sigpac":"OV","idPanel":"23:48:0:0:15:88:2"},"id":1337947663},{"type":"Feature","geometry":{"type":"Polygon","coordinates":[[[-3.022715118204958,38.10816945258796],[-3.022812923286135,38.10818417623992],[-3.0228332284477784,38.10818723731114],[-3.022828556374672,38.10820246974467],[-3.022803259789393,38.108284759922185],[-3.0227956263897195,38.10831234057619],[-3.022556991915822,38.10829192142066],[-3.022533406915272,38.10837574381014],[-3.022341530891003,38.10832737771139],[-3.0223977516716864,38.108283205917246],[-3.0224647054800213,38.10821403341899],[-3.022688230734362,38.10825681716989],[-3.022715118204958,38.10816945258796]]]},"properties":{"dn_surface":423.6385498046875,"provincia":23,"municipio":48,"agregado":0,"zona":0,"poligono":15,"parcela":53,"recinto":1,"uso_sigpac":"OV","idPanel":"23:48:0:0:15:53:1"},"id":1350742807},{"type":"Feature","geometry":{"type":"Polygon","coordinates":[[[-3.0227956263897195,38.10831234057619],[-3.0227625849254482,38.10843122363056],[-3.022712684100132,38.108620950534686],[-3.0226677403326474,38.10861609070693],[-3.0226530351208467,38.10864466377839],[-3.022187825217862,38.1085091904221],[-3.02223138261848,38.108456818611614],[-3.022309714022858,38.108352438765166],[-3.022341530891003,38.10832737771139],[-3.022533406915272,38.10837574381014],[-3.022556991915822,38.10829192142066],[-3.0227956263897195,38.10831234057619]]]},"properties":{"dn_surface":1293.90434129295,"provincia":23,"municipio":48,"agregado":0,"zona":0,"poligono":15,"parcela":59,"recinto":1,"uso_sigpac":"OV","idPanel":"23:48:0:0:15:59:1"},"id":1112037857},{"type":"Feature","geometry":{"type":"Polygon","coordinates":[[[-3.0226530351208467,38.10864466377839],[-3.0226282171422674,38.108797974663844],[-3.0226524559313033,38.10897453024458],[-3.0226755413703934,38.109113321996546],[-3.0226679557475715,38.10929078366104],[-3.0226574423257966,38.10958739492446],[-3.02264103307298,38.109639941916754],[-3.0225281003320568,38.1096254504435],[-3.0224746799453897,38.10987141656858],[-3.0220490720226802,38.10982155681455],[-3.0219953876060477,38.10995864871646],[-3.021936109106905,38.11007735491259],[-3.0219171760628925,38.110085198698044],[-3.021586230845674,38.109991430341694],[-3.0217276863665994,38.109650367328555],[-3.0218506162040306,38.10953137866224],[-3.0219607560946495,38.10937021309482],[-3.0220441828582687,38.10913848279495],[-3.022120997976273,38.10892396724887],[-3.0221584567037794,38.10870332956037],[-3.022187825217862,38.1085091904221],[-3.0226530351208467,38.10864466377839]]]},"properties":{"dn_surface":8835.17415029359,"provincia":23,"municipio":48,"agregado":0,"zona":0,"poligono":15,"parcela":66,"recinto":1,"uso_sigpac":"OV","idPanel":"23:48:0:0:15:66:1"},"id":1112037849},{"type":"Feature","geometry":{"type":"Polygon","coordinates":[[[-3.0222229303068175,38.1102373729974],[-3.022150203043234,38.11039267290863],[-3.0215039473737146,38.1102348760283],[-3.021586230845674,38.109991430341694],[-3.0219171760628925,38.110085198698044],[-3.021936109106905,38.11007735491259],[-3.0220649029241446,38.11010689525574],[-3.0222229303068175,38.1102373729974]]]},"properties":{"dn_surface":1586.38643100006,"provincia":23,"municipio":48,"agregado":0,"zona":0,"poligono":15,"parcela":71,"recinto":1,"uso_sigpac":"OV","idPanel":"23:48:0:0:15:71:1"},"id":1112037844},{"type":"Feature","geometry":{"type":"Polygon","coordinates":[[[-3.022183438967671,38.10797870141516],[-3.022203604151523,38.107900287029906],[-3.022134818059046,38.107886419170285],[-3.021655937271174,38.10778465280143],[-3.0216736004567797,38.107728411066006],[-3.02169912586803,38.1076476522623],[-3.0226016775206728,38.10784308053735],[-3.0225556156072377,38.10790933194215],[-3.022554703656119,38.107911044365125],[-3.022523808797378,38.107964855348456],[-3.022477751074895,38.10804426550385],[-3.022183438967671,38.10797870141516]]]},"properties":{"dn_surface":1489.20723734167,"provincia":23,"municipio":48,"agregado":0,"zona":0,"poligono":15,"parcela":242,"recinto":3,"uso_sigpac":"OV","idPanel":"23:48:0:0:15:242:3"},"id":1112037581},{"type":"Feature","geometry":{"type":"Polygon","coordinates":[[[-3.0228332284477784,38.10818723731114],[-3.022812923286135,38.10818417623992],[-3.022715118204958,38.10816945258796],[-3.0227142506779283,38.108169321830246],[-3.0225706343022365,38.10814762527258],[-3.0225923970769286,38.10807380752337],[-3.022549392043763,38.10806588410978],[-3.0226084526134103,38.10798511943878],[-3.0226271400676454,38.10792527180837],[-3.0226721777124514,38.10786686167447],[-3.022890853197327,38.10790062230606],[-3.0229141238764896,38.10790422317186],[-3.022896354240707,38.1079796628195],[-3.0228709403087755,38.10805041782115],[-3.0228332284477784,38.10818723731114]]]},"properties":{"dn_surface":779.1656494140625,"provincia":23,"municipio":48,"agregado":0,"zona":0,"poligono":15,"parcela":243,"recinto":1,"uso_sigpac":"OV","idPanel":"23:48:0:0:15:243:1"},"id":1350742810},{"type":"Feature","geometry":{"type":"Polygon","coordinates":[[[-3.0208491899393013,38.10792835299617],[-3.021868324651916,38.10814233377681],[-3.0218184204738394,38.10832872552149],[-3.021968319086332,38.10837475642191],[-3.0219976364708026,38.10838376445375],[-3.022050000737608,38.10840637715347],[-3.022151420095647,38.10845025306642],[-3.022113350327363,38.108542549560525],[-3.0220824822907133,38.10868513580024],[-3.0220460604046915,38.10894128342369],[-3.021900949535575,38.10888705083056],[-3.0216725074565414,38.109378101304344],[-3.0205471161892783,38.109014072713364],[-3.0204798103409893,38.10899344317204],[-3.0206181721012695,38.10859352746047],[-3.020641422663863,38.10852935309137],[-3.0208079400767645,38.10806940870032],[-3.020825719770832,38.10802037624018],[-3.0208491899393013,38.10792835299617]]]},"properties":{"dn_surface":15051.1689453125,"provincia":23,"municipio":48,"agregado":0,"zona":0,"poligono":15,"parcela":56,"recinto":1,"uso_sigpac":"OV","idPanel":"23:48:0:0:15:56:1"},"id":1337930300},{"type":"Feature","geometry":{"type":"Polygon","coordinates":[[[-3.022477751074895,38.10804426550385],[-3.022454607800669,38.10808401500563],[-3.022391901941115,38.10817911021732],[-3.0221462987525034,38.10812354238698],[-3.022183438967671,38.10797870141516],[-3.022477751074895,38.10804426550385]]]},"properties":{"dn_surface":404.863711981296,"provincia":23,"municipio":48,"agregado":0,"zona":0,"poligono":15,"parcela":54,"recinto":2,"uso_sigpac":"OV","idPanel":"23:48:0:0:15:54:2"},"id":1112037862},{"type":"Feature","geometry":{"type":"Polygon","coordinates":[[[-3.022549392043763,38.10806588410978],[-3.0225923970769286,38.10807380752337],[-3.0225706343022365,38.10814762527258],[-3.0227142506779283,38.108169321830246],[-3.022715118204958,38.10816945258796],[-3.022688230734362,38.10825681716989],[-3.0224647054800213,38.10821403341899],[-3.022465371003172,38.1082133461029],[-3.0224987754038737,38.108158993648544],[-3.0225094916677167,38.108138442897115],[-3.0225414107950876,38.10807688032921],[-3.022549392043763,38.10806588410978]]]},"properties":{"dn_surface":222.68017578125,"provincia":23,"municipio":48,"agregado":0,"zona":0,"poligono":15,"parcela":53,"recinto":2,"uso_sigpac":"OV","idPanel":"23:48:0:0:15:53:2"},"id":1350742808},{"type":"Feature","geometry":{"type":"Polygon","coordinates":[[[-3.022391901941115,38.10817911021732],[-3.0223358026980343,38.1082477060406],[-3.022236590295231,38.10833072963467],[-3.022151420095647,38.10845025306642],[-3.022050000737608,38.10840637715347],[-3.0221462987525034,38.10812354238698],[-3.022391901941115,38.10817911021732]]]},"properties":{"dn_surface":531.902776692102,"provincia":23,"municipio":48,"agregado":0,"zona":0,"poligono":15,"parcela":58,"recinto":3,"uso_sigpac":"OV","idPanel":"23:48:0:0:15:58:3"},"id":1112037858},{"type":"Feature","geometry":{"type":"Polygon","coordinates":[[[-3.0221758256845668,38.11495866548023],[-3.022563525609733,38.11508373857043],[-3.022527506893277,38.115149879334126],[-3.0224850190235686,38.115254266724236],[-3.0224804810609216,38.11530945653078],[-3.022479212878895,38.115340772999275],[-3.0224783906141455,38.11536106223531],[-3.0224333906879055,38.115400803355186],[-3.022349411556835,38.115417101128685],[-3.0222532225066856,38.115452696559004],[-3.0221921511183467,38.11548104918634],[-3.022110098148739,38.115487600482254],[-3.0221098953066705,38.11548730627743],[-3.0220404361473285,38.115386428390394],[-3.022022974965601,38.115361105821194],[-3.021968306513477,38.11528171326782],[-3.0220403682539088,38.1151694938269],[-3.0221758256845668,38.11495866548023]]]},"properties":{"dn_surface":1923.1357136900224,"provincia":23,"municipio":97,"agregado":0,"zona":0,"poligono":23,"parcela":91,"recinto":1,"uso_sigpac":"OV","idPanel":"23:97:0:0:23:91:1"},"id":1155760780},{"type":"Feature","geometry":{"type":"Polygon","coordinates":[[[-3.0211401383885814,38.11502399403744],[-3.021615658871273,38.11517199666332],[-3.0217316753145553,38.11554068559278],[-3.0217836883795965,38.11561027467167],[-3.0218123821504346,38.11564866379041],[-3.021849339640101,38.11569810947839],[-3.0218675987790586,38.11572253937484],[-3.0217940257813947,38.11574697513859],[-3.0216859025767984,38.11582044587706],[-3.021612569301579,38.11588453810347],[-3.0215646700748606,38.11592951875133],[-3.021481752092794,38.115984419382215],[-3.021467578293686,38.11594667986088],[-3.0214524573394628,38.115906418224824],[-3.0213745450302687,38.115698967785335],[-3.0212477016820127,38.11536123071156],[-3.021198571991835,38.11523039506258],[-3.0211817117926003,38.115185494042834],[-3.0211401383885814,38.11502399403744]]]},"properties":{"dn_surface":3211.4436880107,"provincia":23,"municipio":97,"agregado":0,"zona":0,"poligono":23,"parcela":86,"recinto":2,"uso_sigpac":"OV","idPanel":"23:97:0:0:23:86:2"},"id":1112597291},{"type":"Feature","geometry":{"type":"Polygon","coordinates":[[[-3.021481752092794,38.115984419382215],[-3.0212360458067686,38.116048628117085],[-3.0209849658822994,38.11607660691149],[-3.0209709362519344,38.116083458279576],[-3.0209249154098283,38.11592538312007],[-3.020707718492759,38.115956600682125],[-3.020382395018333,38.11605470751181],[-3.020383442756292,38.11603553642175],[-3.020392493535876,38.11586994688554],[-3.020970507936657,38.115795143424435],[-3.0208792298438687,38.11536128770854],[-3.020864264793054,38.115290000455985],[-3.0209227109691623,38.11503772694843],[-3.0211401383885814,38.11502399403744],[-3.0211817117926003,38.115185494042834],[-3.021198571991835,38.11523039506258],[-3.0212477016820127,38.11536123071156],[-3.0213745450302687,38.115698967785335],[-3.0214524573394628,38.115906418224824],[-3.021467578293686,38.11594667986088],[-3.021481752092794,38.115984419382215]]]},"properties":{"dn_surface":4668.97912026276,"provincia":23,"municipio":97,"agregado":0,"zona":0,"poligono":23,"parcela":85,"recinto":1,"uso_sigpac":"OV","idPanel":"23:97:0:0:23:85:1"},"id":1112597292},{"type":"Feature","geometry":{"type":"Polygon","coordinates":[[[-3.021615658871273,38.11517199666332],[-3.021968306513477,38.11528171326782],[-3.022022974965601,38.115361105821194],[-3.0220404361473285,38.115386428390394],[-3.0221098953066705,38.11548730627743],[-3.0220999744854855,38.11550535670699],[-3.022091433325644,38.11551281743945],[-3.0220409046957433,38.11553746694176],[-3.021990364331178,38.11556262354924],[-3.0219185682970915,38.11558225145308],[-3.021825017870219,38.115614701154925],[-3.021815844714841,38.11561611099117],[-3.0218065005686285,38.11561607997814],[-3.0217836883795965,38.11561027467167],[-3.0217316753145553,38.11554068559278],[-3.021615658871273,38.11517199666332]]]},"properties":{"dn_surface":1195.4973239974,"provincia":23,"municipio":97,"agregado":0,"zona":0,"poligono":23,"parcela":88,"recinto":3,"uso_sigpac":"OV","idPanel":"23:97:0:0:23:88:3"},"id":1112597288},{"type":"Feature","geometry":{"type":"Polygon","coordinates":[[[-3.0209227109691623,38.11503772694843],[-3.020864264793054,38.115290000455985],[-3.0208792298438687,38.11536128770854],[-3.020970507936657,38.115795143424435],[-3.020392493535876,38.11586994688554],[-3.0203747750297056,38.11574458294331],[-3.020486419472034,38.11561153950089],[-3.0203808242495844,38.11536136398385],[-3.0203687232952547,38.115332614892424],[-3.0209227109691623,38.11503772694843]]]},"properties":{"dn_surface":3158.42152543897,"provincia":23,"municipio":97,"agregado":0,"zona":0,"poligono":23,"parcela":95,"recinto":1,"uso_sigpac":"OV","idPanel":"23:97:0:0:23:95:1"},"id":1112597274},{"type":"Feature","geometry":{"type":"Polygon","coordinates":[[[-3.0209709362519344,38.116083458279576],[-3.0208769491278793,38.116129076790315],[-3.020737796954083,38.11621300646817],[-3.020558914556885,38.11633325577279],[-3.020472273333208,38.11639149743044],[-3.0202919266174395,38.11618464881167],[-3.0202742793574497,38.116164408190684],[-3.020382395018333,38.11605470751181],[-3.020707718492759,38.115956600682125],[-3.0209249154098283,38.11592538312007],[-3.0209709362519344,38.116083458279576]]]},"properties":{"dn_surface":1634.03748658573,"provincia":23,"municipio":97,"agregado":0,"zona":0,"poligono":23,"parcela":83,"recinto":1,"uso_sigpac":"OV","idPanel":"23:97:0:0:23:83:1"},"id":1112597294},{"type":"Feature","geometry":{"type":"Polygon","coordinates":[[[-3.020382395018333,38.11605470751181],[-3.0202742793574497,38.116164408190684],[-3.0202919266174395,38.11618464881167],[-3.0202010332540294,38.11627542315199],[-3.0201814221140086,38.11638011480525],[-3.0201805856000234,38.11644180729266],[-3.0200884257309686,38.11642028172588],[-3.02006150892371,38.116406628442974],[-3.0199322817620504,38.11630865907645],[-3.0198363206996808,38.11623845644226],[-3.019670095815217,38.11606286813321],[-3.0196052575993693,38.11599124644272],[-3.0197824108098397,38.11590410481938],[-3.020119691069853,38.115727586957235],[-3.0203747750297056,38.11574458294331],[-3.020392493535876,38.11586994688554],[-3.020383442756292,38.11603553642175],[-3.020382395018333,38.11605470751181]]]},"properties":{"dn_surface":3193.1007697916,"provincia":23,"municipio":97,"agregado":0,"zona":0,"poligono":23,"parcela":96,"recinto":2,"uso_sigpac":"OV","idPanel":"23:97:0:0:23:96:2"},"id":1112597272},{"type":"Feature","geometry":{"type":"Polygon","coordinates":[[[-3.01806865265257,38.11652035578837],[-3.01749589035263,38.11618119462915],[-3.017885228939964,38.115695000630325],[-3.0188790419215885,38.11541183980776],[-3.0188806017938616,38.11541786974925],[-3.018903857385597,38.11554630230643],[-3.018940792244124,38.11565346578308],[-3.0189531077751877,38.115704815839536],[-3.019014174134384,38.11578281615871],[-3.019030934588965,38.1158073198159],[-3.0190710059558454,38.11586590177885],[-3.019228458339927,38.115952941981135],[-3.0193379645586287,38.115997594896555],[-3.019500224802656,38.11606375912959],[-3.019522575148796,38.116086038229554],[-3.0196072608743463,38.116170454057794],[-3.0197997663795806,38.116349510798585],[-3.019830720749839,38.116371407683715],[-3.019921282189863,38.11643547057349],[-3.0191770345227145,38.11646180400024],[-3.01806865265257,38.11652035578837]]]},"properties":{"dn_surface":14648.105398188693,"provincia":23,"municipio":97,"agregado":0,"zona":0,"poligono":22,"parcela":158,"recinto":1,"uso_sigpac":"OV","idPanel":"23:97:0:0:22:158:1"},"id":1349632657},{"type":"Feature","geometry":{"type":"Polygon","coordinates":[[[-3.020138170652876,38.114535028981294],[-3.0202697028380454,38.1145399667607],[-3.0207137425669277,38.114722496124216],[-3.0209121631815825,38.11485927789565],[-3.0209227109691623,38.11503772694843],[-3.020435160778323,38.11509304835087],[-3.0202623376592896,38.11510875687651],[-3.020138170652876,38.114535028981294]]]},"properties":{"dn_surface":2857.77844271364,"provincia":23,"municipio":97,"agregado":0,"zona":0,"poligono":23,"parcela":94,"recinto":1,"uso_sigpac":"OV","idPanel":"23:97:0:0:23:94:1"},"id":1112597275},{"type":"Feature","geometry":{"type":"Polygon","coordinates":[[[-3.0203504717000107,38.11415799754312],[-3.020282755976632,38.11447823655476],[-3.0202747168928212,38.11451625351705],[-3.0202697028380454,38.1145399667607],[-3.020138170652876,38.114535028981294],[-3.0195190245744,38.11434720476922],[-3.0194835439761603,38.11433648515262],[-3.0195190094869737,38.114293128917694],[-3.019755180519382,38.114004690010375],[-3.0203504717000107,38.11415799754312]]]},"properties":{"dn_surface":2814.54989428918,"provincia":23,"municipio":97,"agregado":0,"zona":0,"poligono":23,"parcela":99,"recinto":1,"uso_sigpac":"OV","idPanel":"23:97:0:0:23:99:1"},"id":1112597267},{"type":"Feature","geometry":{"type":"Polygon","coordinates":[[[-3.020124305307823,38.115111120573346],[-3.0200426261711195,38.11511257483363],[-3.0195192542385603,38.11516735727966],[-3.0195295505690307,38.11527280414242],[-3.0192912471803273,38.11529320653415],[-3.018994542039606,38.115328218583954],[-3.0190038677456297,38.115218261418846],[-3.019035656953493,38.11506783809915],[-3.019044726173265,38.11487009641874],[-3.0190510888763415,38.114773029783265],[-3.0190364515579615,38.11463729994074],[-3.0194835439761603,38.11433648515262],[-3.0195190245744,38.11434720476922],[-3.020138170652876,38.114535028981294],[-3.0202623376592896,38.11510875687651],[-3.020124305307823,38.115111120573346]]]},"properties":{"dn_surface":8421.3889751092,"provincia":23,"municipio":97,"agregado":0,"zona":0,"poligono":23,"parcela":98,"recinto":2,"uso_sigpac":"OV","idPanel":"23:97:0:0:23:98:2"},"id":1112597268},{"type":"Feature","geometry":{"type":"Polygon","coordinates":[[[-3.0190233925520413,38.113616077295916],[-3.0189855423896335,38.11370125168645],[-3.0190815948147534,38.113704213012994],[-3.0190329211001345,38.11383751713262],[-3.0195188896257505,38.11386412632402],[-3.019887359787515,38.113884351857536],[-3.019755180519382,38.114004690010375],[-3.0195190094869737,38.114293128917694],[-3.0194835439761603,38.11433648515262],[-3.0190364515579615,38.11463729994074],[-3.0190057126026275,38.11445515865938],[-3.0189498765513227,38.11425580513884],[-3.0188573529076486,38.1141344334973],[-3.0188320890117932,38.11406679740202],[-3.01878641769507,38.113995371009906],[-3.0187231904811074,38.113947933626065],[-3.0186662899280363,38.11392047283323],[-3.018615714359475,38.11390362353049],[-3.018538338492115,38.11389728010579],[-3.018484089135175,38.1139017099419],[-3.018256501172125,38.11375308286418],[-3.01825754052818,38.11374943422152],[-3.0182991265050543,38.113603377035446],[-3.0184046521577033,38.113628417972706],[-3.018458363396428,38.1135607257186],[-3.0184659381227754,38.113542463226906],[-3.0185293866189946,38.11338947588291],[-3.018975792559283,38.113504957560735],[-3.0189829984818695,38.11357453406674],[-3.0190233925520413,38.113616077295916]]]},"properties":{"dn_surface":7352.83604835762,"provincia":23,"municipio":97,"agregado":0,"zona":0,"poligono":23,"parcela":119,"recinto":4,"uso_sigpac":"OV","idPanel":"23:97:0:0:23:119:4"},"id":1112597236},{"type":"Feature","geometry":{"type":"Polygon","coordinates":[[[-3.0209227109691623,38.11503772694843],[-3.0203687232952547,38.115332614892424],[-3.0201854085473956,38.11536139332051],[-3.0201733168131595,38.11536328763074],[-3.020124305307823,38.115111120573346],[-3.0202623376592896,38.11510875687651],[-3.020435160778323,38.11509304835087],[-3.0209227109691623,38.11503772694843]]]},"properties":{"dn_surface":1144.8495710103,"provincia":23,"municipio":97,"agregado":0,"zona":0,"poligono":23,"parcela":373,"recinto":1,"uso_sigpac":"OV","idPanel":"23:97:0:0:23:373:1"},"id":1112597583},{"type":"Feature","geometry":{"type":"Polygon","coordinates":[[[-3.019738394919091,38.11556415324671],[-3.019720599299407,38.11556613891966],[-3.0196526103259687,38.11557371951335],[-3.0195978547020466,38.11557976538046],[-3.0195892096066,38.11566899242143],[-3.0195331983735083,38.11567134354539],[-3.019344286190378,38.11567921080018],[-3.019300620663203,38.11536152072546],[-3.0192912471803273,38.11529320653415],[-3.0195295505690307,38.11527280414242],[-3.0195192542385603,38.11516735727966],[-3.0200426261711195,38.11511257483363],[-3.020124305307823,38.115111120573346],[-3.0201733168131595,38.11536328763074],[-3.020201878988109,38.115510369923584],[-3.020093279691385,38.11552201238777],[-3.019738394919091,38.11556415324671]]]},"properties":{"dn_surface":3441.14660205514,"provincia":23,"municipio":97,"agregado":0,"zona":0,"poligono":23,"parcela":379,"recinto":2,"uso_sigpac":"OV","idPanel":"23:97:0:0:23:379:2"},"id":1112597578},{"type":"Feature","geometry":{"type":"Polygon","coordinates":[[[-3.0203687232952547,38.115332614892424],[-3.0203808242495844,38.11536136398385],[-3.020486419472034,38.11561153950089],[-3.0203747750297056,38.11574458294331],[-3.020119691069853,38.115727586957235],[-3.0197824108098397,38.11590410481938],[-3.019738394919091,38.11556415324671],[-3.020093279691385,38.11552201238777],[-3.020201878988109,38.115510369923584],[-3.0201733168131595,38.11536328763074],[-3.0201854085473956,38.11536139332051],[-3.0203687232952547,38.115332614892424]]]},"properties":{"dn_surface":2052.96306586616,"provincia":23,"municipio":97,"agregado":0,"zona":0,"poligono":23,"parcela":372,"recinto":2,"uso_sigpac":"OV","idPanel":"23:97:0:0:23:372:2"},"id":1112597584},{"type":"Feature","geometry":{"type":"Polygon","coordinates":[[[-3.0197824108098397,38.11590410481938],[-3.0196052575993693,38.11599124644272],[-3.0196002611465906,38.11599119112216],[-3.0195707643893814,38.11599904664229],[-3.0195519864105873,38.1159774598876],[-3.019549304201412,38.1159774598876],[-3.0194312786158193,38.11591502560171],[-3.0193749681487656,38.115885237992416],[-3.0193696045686065,38.11588327662696],[-3.0192542779559957,38.11583618793031],[-3.019243550795677,38.115832264361245],[-3.0191770479337596,38.11579056187588],[-3.0191684497769744,38.11578517063546],[-3.0191577217784644,38.11577928402451],[-3.019118338565876,38.11573516671271],[-3.019071881026589,38.115683124311005],[-3.0190648343601723,38.115683245010416],[-3.0190642266721563,38.115679971038844],[-3.0190404589461064,38.11552622010345],[-3.0189942218508854,38.11539139718289],[-3.018994322433729,38.11536156347313],[-3.018994542039606,38.115328218583954],[-3.0192912471803273,38.11529320653415],[-3.019300620663203,38.11536152072546],[-3.019344286190378,38.11567921080018],[-3.0195331983735083,38.11567134354539],[-3.0195892096066,38.11566899242143],[-3.0195978547020466,38.11557976538046],[-3.0196526103259687,38.11557371951335],[-3.019720599299407,38.11556613891966],[-3.019738394919091,38.11556415324671],[-3.0197824108098397,38.11590410481938]]]},"properties":{"dn_surface":2625.60101352145,"provincia":23,"municipio":97,"agregado":0,"zona":0,"poligono":23,"parcela":97,"recinto":1,"uso_sigpac":"OV","idPanel":"23:97:0:0:23:97:1"},"id":1112597270},{"type":"Feature","geometry":{"type":"Polygon","coordinates":[[[-3.0222457869199384,38.11469656586701],[-3.022414973130969,38.11473132645975],[-3.022621597114747,38.114115366342844],[-3.0224718041142404,38.11408069292193],[-3.0226349670892927,38.11347807847207],[-3.0227519156002645,38.113192717399755],[-3.02274560318861,38.1130746532574],[-3.0230076290410826,38.11306640630241],[-3.0230140822687193,38.11291499224171],[-3.0238464698439227,38.11288465394139],[-3.023855409982378,38.113010468830055],[-3.0237877311393757,38.11325147957365],[-3.0237415728340484,38.11337469104302],[-3.023675680174719,38.11350024944545],[-3.0236032789671885,38.11360967603608],[-3.023596290974098,38.113616580210135],[-3.0235699910749494,38.11359135738559],[-3.0235100579491285,38.113561935227324],[-3.023455323279966,38.113571490597536],[-3.0234084684384444,38.113616836696394],[-3.0231753685355405,38.11388614977588],[-3.0231259161420705,38.11395890553794],[-3.022999185949515,38.114227885017726],[-3.0229640691258948,38.11435789085823],[-3.022855253576055,38.11457498551607],[-3.022755783848809,38.11475377319772],[-3.0227011346750636,38.11482652895984],[-3.022627291780102,38.114945888944504],[-3.022563525609733,38.11508373857043],[-3.0221758256845668,38.11495866548023],[-3.0222457869199384,38.11469656586701]]]},"properties":{"dn_surface":13981.10524096536,"provincia":23,"municipio":97,"agregado":0,"zona":0,"poligono":23,"parcela":382,"recinto":1,"uso_sigpac":"OV","idPanel":"23:97:0:0:23:382:1"},"id":1346099380},{"type":"Feature","geometry":{"type":"Polygon","coordinates":[[[-3.0204890891083536,38.11342822123265],[-3.0212975522159065,38.113478477450684],[-3.0213046122933687,38.11343440456298],[-3.0220398318120734,38.11345853019634],[-3.0226349670892927,38.11347807847207],[-3.0224718041142404,38.11408069292193],[-3.022040018728525,38.11405462771609],[-3.0206762184605727,38.113972377771745],[-3.0204890891083536,38.11342822123265]]]},"properties":{"dn_surface":10939.6525147784,"provincia":23,"municipio":97,"agregado":0,"zona":0,"poligono":23,"parcela":107,"recinto":1,"uso_sigpac":"OV","idPanel":"23:97:0:0:23:107:1"},"id":1112597249},{"type":"Feature","geometry":{"type":"Polygon","coordinates":[[[-3.0230354041552787,38.1143938048009],[-3.023028214158309,38.114409635702344],[-3.0229782504687157,38.11439983809515],[-3.0229916590000183,38.1143481242641],[-3.0230782348448475,38.114139167596505],[-3.023133293893682,38.11401892164463],[-3.023188026886465,38.11391875621936],[-3.0232123335689205,38.113885060966595],[-3.023351340735783,38.1137308574084],[-3.023437973577557,38.11363804375085],[-3.0234658023359358,38.113622956324235],[-3.023517855634114,38.11362639374292],[-3.023567816809136,38.113644715746176],[-3.0234080459904997,38.1138025813581],[-3.0232755465336467,38.113971050916376],[-3.023160041386487,38.11413311921484],[-3.0230691832270735,38.11431942630227],[-3.0230354041552787,38.1143938048009]]]},"properties":{"dn_surface":761.2927999229912,"provincia":23,"municipio":97,"agregado":0,"zona":0,"poligono":23,"parcela":382,"recinto":12,"uso_sigpac":"OV","idPanel":"23:97:0:0:23:382:12"},"id":1346099385},{"type":"Feature","geometry":{"type":"Polygon","coordinates":[[[-3.0222457869199384,38.11469656586701],[-3.0222574126203305,38.11466474899885],[-3.021858686300885,38.11457622017048],[-3.021807450238314,38.11452566723307],[-3.0216751209341055,38.11452235386653],[-3.0211370815083134,38.11434371873551],[-3.0210947805550563,38.11441510489453],[-3.0205455144074866,38.114225372123],[-3.0203504717000107,38.11415799754312],[-3.019755180519382,38.114004690010375],[-3.019887359787515,38.113884351857536],[-3.0206762184605727,38.113972377771745],[-3.022040018728525,38.11405462771609],[-3.0224718041142404,38.11408069292193],[-3.022621597114747,38.114115366342844],[-3.022414973130969,38.11473132645975],[-3.0222457869199384,38.11469656586701]]]},"properties":{"dn_surface":10286.5737859995,"provincia":23,"municipio":97,"agregado":0,"zona":0,"poligono":23,"parcela":383,"recinto":1,"uso_sigpac":"OV","idPanel":"23:97:0:0:23:383:1"},"id":1112597570},{"type":"Feature","geometry":{"type":"Polygon","coordinates":[[[-3.0210947805550563,38.11441510489453],[-3.0208853276787893,38.11476861419641],[-3.0208933525133643,38.11477264840664],[-3.020948421620483,38.114800329643515],[-3.0209121631815825,38.11485927789565],[-3.0207137425669277,38.114722496124216],[-3.0202697028380454,38.1145399667607],[-3.0202747168928212,38.11451625351705],[-3.020282755976632,38.11447823655476],[-3.0203504717000107,38.11415799754312],[-3.0205455144074866,38.114225372123],[-3.0210947805550563,38.11441510489453]]]},"properties":{"dn_surface":2920.90219897554,"provincia":23,"municipio":97,"agregado":0,"zona":0,"poligono":23,"parcela":93,"recinto":2,"uso_sigpac":"OV","idPanel":"23:97:0:0:23:93:2"},"id":1112597276},{"type":"Feature","geometry":{"type":"Polygon","coordinates":[[[-3.0211370815083134,38.11434371873551],[-3.0216751209341055,38.11452235386653],[-3.021807450238314,38.11452566723307],[-3.021858686300885,38.11457622017048],[-3.0222574126203305,38.11466474899885],[-3.0222457869199384,38.11469656586701],[-3.0221758256845668,38.11495866548023],[-3.0220403682539088,38.1151694938269],[-3.021968306513477,38.11528171326782],[-3.021615658871273,38.11517199666332],[-3.0211401383885814,38.11502399403744],[-3.0209227109691623,38.11503772694843],[-3.0209121631815825,38.11485927789565],[-3.020948421620483,38.114800329643515],[-3.0208853276787893,38.11476861419641],[-3.0210947805550563,38.11441510489453],[-3.0211370815083134,38.11434371873551]],[[-3.0211417980055097,38.114502337880594],[-3.021117851744911,38.11454524903641],[-3.0212057116973816,38.11457678175802],[-3.0212328523014698,38.114532608287504],[-3.0211417980055097,38.114502337880594]],[[-3.021199238353177,38.11471118390702],[-3.0211817830387817,38.114711187259786],[-3.0211421140032773,38.11471370350725],[-3.0211135560192797,38.11473001469179],[-3.021100868331692,38.11475384947309],[-3.02110246173158,38.11477768173978],[-3.021107228520198,38.11479775053175],[-3.0211294514614013,38.11482534208227],[-3.0211564319711286,38.11484038927571],[-3.0211929284560934,38.11484163650297],[-3.0212214881164723,38.114831596658775],[-3.0212468718735495,38.11481403154147],[-3.021261144579121,38.114783924581644],[-3.021253205239964,38.11476385662786],[-3.0212293922516342,38.114728739804264],[-3.021199238353177,38.11471118390702]]]},"properties":{"dn_surface":7468.75010407615,"provincia":23,"municipio":97,"agregado":0,"zona":0,"poligono":23,"parcela":92,"recinto":1,"uso_sigpac":"OV","idPanel":"23:97:0:0:23:92:1"},"id":1324665149},{"type":"Feature","geometry":{"type":"Polygon","coordinates":[[[-3.0192699923489985,38.11309006338732],[-3.0184254518516624,38.112908033585285],[-3.018478581386273,38.11280005454944],[-3.0182341038873255,38.11273393390235],[-3.0182776554206106,38.112638573822466],[-3.018827643250087,38.11278486570177],[-3.0189333616865195,38.11267976333528],[-3.0193481603062544,38.1127765919247],[-3.0193326814447445,38.11290277142615],[-3.0192699923489985,38.11309006338732]]]},"properties":{"dn_surface":2534.21069297042,"provincia":23,"municipio":97,"agregado":0,"zona":0,"poligono":23,"parcela":117,"recinto":1,"uso_sigpac":"OV","idPanel":"23:97:0:0:23:117:1"},"id":1112597239},{"type":"Feature","geometry":{"type":"Polygon","coordinates":[[[-3.0182341038873255,38.11273393390235],[-3.018478581386273,38.11280005454944],[-3.0184254518516624,38.112908033585285],[-3.0192699923489985,38.11309006338732],[-3.0192238122507216,38.113165596074055],[-3.0190233925520413,38.113616077295916],[-3.0189829984818695,38.11357453406674],[-3.018975792559283,38.113504957560735],[-3.0185293866189946,38.11338947588291],[-3.0184659381227754,38.113542463226906],[-3.018458363396428,38.1135607257186],[-3.0184046521577033,38.113628417972706],[-3.0182991265050543,38.113603377035446],[-3.018321692266118,38.113524333169266],[-3.018330109373785,38.11350669093841],[-3.018520528623195,38.11310756061124],[-3.018142345511457,38.11300540699841],[-3.018136968520252,38.112946465451785],[-3.0182011554621844,38.11280612975321],[-3.0182341038873255,38.11273393390235]]]},"properties":{"dn_surface":4412.9011724433,"provincia":23,"municipio":97,"agregado":0,"zona":0,"poligono":23,"parcela":118,"recinto":2,"uso_sigpac":"OV","idPanel":"23:97:0:0:23:118:2"},"id":1112597238},{"type":"Feature","geometry":{"type":"Polygon","coordinates":[[[-3.0212975522159065,38.113478477450684],[-3.0204890891083536,38.11342822123265],[-3.0195187119293934,38.1132268409678],[-3.0192238122507216,38.113165596074055],[-3.0192699923489985,38.11309006338732],[-3.0193326814447445,38.11290277142615],[-3.0195186297867376,38.112931855793704],[-3.020491840049137,38.113083937053915],[-3.0211322627518937,38.113115653339236],[-3.0212975522159065,38.113478477450684]]]},"properties":{"dn_surface":6139.44774346973,"provincia":23,"municipio":97,"agregado":0,"zona":0,"poligono":23,"parcela":109,"recinto":1,"uso_sigpac":"OV","idPanel":"23:97:0:0:23:109:1"},"id":1112597247},{"type":"Feature","geometry":{"type":"Polygon","coordinates":[[[-3.019887359787515,38.113884351857536],[-3.0195188896257505,38.11386412632402],[-3.0190329211001345,38.11383751713262],[-3.0190815948147534,38.113704213012994],[-3.0189855423896335,38.11370125168645],[-3.0190233925520413,38.113616077295916],[-3.0192238122507216,38.113165596074055],[-3.0195187119293934,38.1132268409678],[-3.0204890891083536,38.11342822123265],[-3.0206762184605727,38.113972377771745],[-3.019887359787515,38.113884351857536]]]},"properties":{"dn_surface":8636.37755313126,"provincia":23,"municipio":97,"agregado":0,"zona":0,"poligono":23,"parcela":380,"recinto":2,"uso_sigpac":"OV","idPanel":"23:97:0:0:23:380:2"},"id":1112597577},{"type":"Feature","geometry":{"type":"Polygon","coordinates":[[[-3.019541778928297,38.11208844769155],[-3.020109778630571,38.112197688203906],[-3.02012482247128,38.11214946878849],[-3.0202584090610385,38.11217378301464],[-3.02035718309028,38.11212969587771],[-3.02067785628455,38.11217669404979],[-3.021213908360983,38.11225529199871],[-3.0213958618876853,38.112278064792804],[-3.0214221249064575,38.1122469385935],[-3.0214172868716593,38.112368291794866],[-3.0203713275527253,38.112230136229414],[-3.0202612270570532,38.112271476616485],[-3.0200208080758637,38.112251304727124],[-3.019683200921607,38.11223114708699],[-3.019589086392616,38.11224925870442],[-3.0195605082920496,38.11216514211014],[-3.019541778928297,38.11208844769155]]]},"properties":{"dn_surface":1716.505978814983,"provincia":23,"municipio":97,"agregado":0,"zona":0,"poligono":23,"parcela":100,"recinto":5,"uso_sigpac":"OV","idPanel":"23:97:0:0:23:100:5"},"id":1346099375},{"type":"Feature","geometry":{"type":"Polygon","coordinates":[[[-3.019603435373511,38.11229149427885],[-3.0202751217387687,38.11236718286901],[-3.0220395518564906,38.11256600581504],[-3.0227497086450277,38.11264603790764],[-3.022753450326827,38.11264645951741],[-3.0227540873515064,38.1126577289869],[-3.022767102771527,38.112888087169125],[-3.022039633999147,38.1128262915843],[-3.0217436036016703,38.112801104801974],[-3.0217531581336656,38.1127091737589],[-3.0207789361754918,38.11260072449821],[-3.0207991558417175,38.11269814820278],[-3.0197819104101895,38.11251921802872],[-3.0195185300420837,38.11257513454632],[-3.0194681128915017,38.11258586673577],[-3.019518502381801,38.112476265801604],[-3.019603435373511,38.11229149427885]]]},"properties":{"dn_surface":7077.2883735344785,"provincia":23,"municipio":97,"agregado":0,"zona":0,"poligono":23,"parcela":111,"recinto":1,"uso_sigpac":"OV","idPanel":"23:97:0:0:23:111:1"},"id":1346099381},{"type":"Feature","geometry":{"type":"Polygon","coordinates":[[[-3.0197819104101895,38.11251921802872],[-3.0207991558417175,38.11269814820278],[-3.0207789361754918,38.11260072449821],[-3.0217531581336656,38.1127091737589],[-3.0217436036016703,38.112801104801974],[-3.022039633999147,38.1128262915843],[-3.022767102771527,38.112888087169125],[-3.0227540873515064,38.1126577289869],[-3.022851184161823,38.112588288267744],[-3.0228721758013766,38.11259657629412],[-3.023019116440065,38.11264629942306],[-3.023239518597097,38.112696009979175],[-3.0235543806175516,38.11277057874699],[-3.023823219281329,38.11279250245423],[-3.0238464698439227,38.11288465394139],[-3.0230140822687193,38.11291499224171],[-3.0230076290410826,38.11306640630241],[-3.02274560318861,38.1130746532574],[-3.0220397002161863,38.113038359614535],[-3.0216075803925144,38.11301616852455],[-3.0195185820098867,38.11276205770372],[-3.019402108752853,38.11274792413775],[-3.0194681128915017,38.11258586673577],[-3.0195185300420837,38.11257513454632],[-3.0197819104101895,38.11251921802872]]]},"properties":{"dn_surface":10597.39806271138,"provincia":23,"municipio":97,"agregado":0,"zona":0,"poligono":23,"parcela":100,"recinto":3,"uso_sigpac":"OV","idPanel":"23:97:0:0:23:100:3"},"id":1346099372},{"type":"Feature","geometry":{"type":"Polygon","coordinates":[[[-3.0227519156002645,38.113192717399755],[-3.022039737934752,38.11315885869985],[-3.0211322627518937,38.113115653339236],[-3.020491840049137,38.113083937053915],[-3.0195186297867376,38.112931855793704],[-3.0193326814447445,38.11290277142615],[-3.0193481603062544,38.1127765919247],[-3.019402108752853,38.11274792413775],[-3.0195185820098867,38.11276205770372],[-3.0216075803925144,38.11301616852455],[-3.0220397002161863,38.113038359614535],[-3.02274560318861,38.1130746532574],[-3.0227519156002645,38.113192717399755]]]},"properties":{"dn_surface":5144.7205982518235,"provincia":23,"municipio":97,"agregado":0,"zona":0,"poligono":23,"parcela":110,"recinto":2,"uso_sigpac":"OV","idPanel":"23:97:0:0:23:110:2"},"id":1346099382},{"type":"Feature","geometry":{"type":"Polygon","coordinates":[[[-3.0211322627518937,38.113115653339236],[-3.022039737934752,38.11315885869985],[-3.0227519156002645,38.113192717399755],[-3.0226349670892927,38.11347807847207],[-3.0220398318120734,38.11345853019634],[-3.0213046122933687,38.11343440456298],[-3.0212975522159065,38.113478477450684],[-3.0211322627518937,38.113115653339236]]]},"properties":{"dn_surface":4364.81074480406,"provincia":23,"municipio":97,"agregado":0,"zona":0,"poligono":23,"parcela":108,"recinto":1,"uso_sigpac":"OV","idPanel":"23:97:0:0:23:108:1"},"id":1112597248},{"type":"Feature","geometry":{"type":"Polygon","coordinates":[[[-3.018443630524345,38.11176810893525],[-3.0185361474624965,38.11178431869874],[-3.018590791607099,38.111798912431226],[-3.018283645128973,38.11242353105462],[-3.0182528667786936,38.11250672228675],[-3.0180426419290987,38.11255352516045],[-3.0179773955145417,38.11256804429402],[-3.018115459717241,38.11226547098255],[-3.0183246628127782,38.11180669838154],[-3.018354533402892,38.1117436958026],[-3.018443630524345,38.11176810893525]]]},"properties":{"dn_surface":1867.29673428619,"provincia":23,"municipio":97,"agregado":0,"zona":0,"poligono":23,"parcela":126,"recinto":2,"uso_sigpac":"OV","idPanel":"23:97:0:0:23:126:2"},"id":1112597228},{"type":"Feature","geometry":{"type":"Polygon","coordinates":[[[-3.019603435373511,38.11229149427885],[-3.019518502381801,38.112476265801604],[-3.0194681128915017,38.11258586673577],[-3.0187927527378644,38.11241877600068],[-3.0187189785745128,38.112534869557464],[-3.018283645128973,38.11242353105462],[-3.018590791607099,38.111798912431226],[-3.0194883794963876,38.11203879497057],[-3.0195183825205794,38.11204681226144],[-3.0195325286594055,38.11205059585279],[-3.019541778928297,38.11208844769155],[-3.0195605082920496,38.11216514211014],[-3.019589086392616,38.11224925870442],[-3.019603435373511,38.11229149427885]]]},"properties":{"dn_surface":6480.682286017986,"provincia":23,"municipio":97,"agregado":0,"zona":0,"poligono":23,"parcela":115,"recinto":1,"uso_sigpac":"OV","idPanel":"23:97:0:0:23:115:1"},"id":1346099389},{"type":"Feature","geometry":{"type":"Polygon","coordinates":[[[-3.018115459717241,38.11226547098255],[-3.0179773955145417,38.11256804429402],[-3.017949234832778,38.11262978455824],[-3.0178149567359664,38.11257176083009],[-3.0178036562534367,38.11254463363707],[-3.017877432931359,38.11243484997732],[-3.017960878973357,38.11222150957414],[-3.018115459717241,38.11226547098255]]]},"properties":{"dn_surface":585.812722978592,"provincia":23,"municipio":97,"agregado":0,"zona":0,"poligono":23,"parcela":125,"recinto":1,"uso_sigpac":"OV","idPanel":"23:97:0:0:23:125:1"},"id":1112597229},{"type":"Feature","geometry":{"type":"Polygon","coordinates":[[[-3.0194681128915017,38.11258586673577],[-3.019402108752853,38.11274792413775],[-3.0193481603062544,38.1127765919247],[-3.0189333616865195,38.11267976333528],[-3.018827643250087,38.11278486570177],[-3.0182776554206106,38.112638573822466],[-3.01821057504553,38.11262073796962],[-3.0182528667786936,38.11250672228675],[-3.018283645128973,38.11242353105462],[-3.0187189785745128,38.112534869557464],[-3.0187927527378644,38.11241877600068],[-3.0194681128915017,38.11258586673577]]]},"properties":{"dn_surface":2695.110236613722,"provincia":23,"municipio":97,"agregado":0,"zona":0,"poligono":23,"parcela":116,"recinto":1,"uso_sigpac":"OV","idPanel":"23:97:0:0:23:116:1"},"id":1346099388},{"type":"Feature","geometry":{"type":"Polygon","coordinates":[[[-3.0178149567359664,38.11257176083009],[-3.017949234832778,38.11262978455824],[-3.0179954400767652,38.11264978629498],[-3.017867859120986,38.112910539774475],[-3.0178564329099014,38.11290876700187],[-3.017668223130299,38.11287956277309],[-3.0176836726551453,38.11284715330436],[-3.0178149567359664,38.11257176083009]]]},"properties":{"dn_surface":598.255452895885,"provincia":23,"municipio":97,"agregado":0,"zona":0,"poligono":23,"parcela":124,"recinto":1,"uso_sigpac":"OV","idPanel":"23:97:0:0:23:124:1"},"id":1112597230},{"type":"Feature","geometry":{"type":"Polygon","coordinates":[[[-3.0175066644516093,38.11318484511585],[-3.0175139357530436,38.113171090411896],[-3.017668223130299,38.11287956277309],[-3.0178564329099014,38.11290876700187],[-3.017867859120986,38.112910539774475],[-3.01771032794701,38.11337372125681],[-3.017558128501959,38.113247299518264],[-3.017524707337451,38.11320673948643],[-3.0175066644516093,38.11318484511585]]]},"properties":{"dn_surface":938.795886176353,"provincia":23,"municipio":97,"agregado":0,"zona":0,"poligono":23,"parcela":123,"recinto":4,"uso_sigpac":"OV","idPanel":"23:97:0:0:23:123:4"},"id":1112597231},{"type":"Feature","geometry":{"type":"Polygon","coordinates":[[[-3.017558128501959,38.113247299518264],[-3.01771032794701,38.11337372125681],[-3.017895050854685,38.113518440691024],[-3.0179325875338963,38.113542859690966],[-3.018256501172125,38.11375308286418],[-3.018484089135175,38.1139017099419],[-3.0184312823038564,38.11390425468784],[-3.018309111028707,38.11389820965891],[-3.018138186410855,38.11389523995044],[-3.017986805039602,38.113871811691496],[-3.0178828400974176,38.1138329339077],[-3.0177618456415445,38.11364463527994],[-3.0176164606841778,38.113423933888924],[-3.017558128501959,38.113247299518264]]]},"properties":{"dn_surface":1675.84387087866,"provincia":23,"municipio":97,"agregado":0,"zona":0,"poligono":23,"parcela":120,"recinto":3,"uso_sigpac":"OV","idPanel":"23:97:0:0:23:120:3"},"id":1112597234},{"type":"Feature","geometry":{"type":"Polygon","coordinates":[[[-3.018142345511457,38.11300540699841],[-3.018520528623195,38.11310756061124],[-3.018330109373785,38.11350669093841],[-3.018321692266118,38.113524333169266],[-3.0182991265050543,38.113603377035446],[-3.01825754052818,38.11374943422152],[-3.018256501172125,38.11375308286418],[-3.0179325875338963,38.113542859690966],[-3.0181598142368977,38.113064798653255],[-3.018142345511457,38.11300540699841]]]},"properties":{"dn_surface":2184.13726958953,"provincia":23,"municipio":97,"agregado":0,"zona":0,"poligono":23,"parcela":121,"recinto":1,"uso_sigpac":"OV","idPanel":"23:97:0:0:23:121:1"},"id":1112597233},{"type":"Feature","geometry":{"type":"Polygon","coordinates":[[[-3.018726188688051,38.11402679476677],[-3.0187717678038335,38.114126953486476],[-3.018752540555002,38.114111335485376],[-3.0187193934787446,38.11408441700172],[-3.0185835152765224,38.11403171075324],[-3.01827128517382,38.11401273579972],[-3.0180766783253357,38.114037366023666],[-3.018021805354762,38.114028180295435],[-3.0179704636802054,38.113997363388364],[-3.0179652325341246,38.113993334207294],[-3.0178699713607107,38.113919945611514],[-3.0178541999707638,38.11390779520394],[-3.018015171078007,38.11395634989552],[-3.0180509995252485,38.11397779667246],[-3.018066122994042,38.113980333874736],[-3.018078379013591,38.11398238911747],[-3.0182684185627653,38.113958300364516],[-3.01860186745461,38.113978625642744],[-3.018726188688051,38.11402679476677]]]},"properties":{"dn_surface":458.5933221676912,"provincia":23,"municipio":97,"agregado":0,"zona":0,"poligono":22,"parcela":9004,"recinto":8,"uso_sigpac":"OV","idPanel":"23:97:0:0:22:9004:8"},"id":1329867595},{"type":"Feature","geometry":{"type":"Polygon","coordinates":[[[-3.0217066033642945,38.111562680210966],[-3.0225412029238754,38.11171566755493],[-3.0226453572970833,38.11173475650233],[-3.022613786856907,38.11182227531137],[-3.0225436454106056,38.11186365509337],[-3.022551298088658,38.111893485450366],[-3.0225818752732496,38.111910604650404],[-3.0225708002639293,38.11194124218471],[-3.0219609061307247,38.11164534757407],[-3.0217052404667584,38.11157427070734],[-3.0217066033642945,38.111562680210966]]]},"properties":{"dn_surface":871.743408203125,"provincia":23,"municipio":48,"agregado":0,"zona":0,"poligono":15,"parcela":77,"recinto":1,"uso_sigpac":"OV","idPanel":"23:48:0:0:15:77:1"},"id":1437341692},{"type":"Feature","geometry":{"type":"Polygon","coordinates":[[[-3.021504586074774,38.111575960499096],[-3.021700805601525,38.11161198089195],[-3.021815677914957,38.111633051321434],[-3.0219326197204057,38.111689992107586],[-3.022039293693858,38.111742068036904],[-3.0222468229232327,38.11184324599614],[-3.0225523567230907,38.11199226450873],[-3.0227161902504376,38.11207208873017],[-3.0230492359727164,38.11227779154274],[-3.0230528871299556,38.11227878228374],[-3.023459592183506,38.112382897261995],[-3.0237507317401904,38.11245747022079],[-3.02379780954035,38.11269179136704],[-3.023823219281329,38.11279250245423],[-3.0235543806175516,38.11277057874699],[-3.023239518597097,38.112696009979175],[-3.023019116440065,38.11264629942306],[-3.0228721758013766,38.11259657629412],[-3.022851184161823,38.112588288267744],[-3.0227540873515064,38.1126577289869],[-3.022753450326827,38.11264645951741],[-3.0227497086450277,38.11264603790764],[-3.0227770235927114,38.11259204503696],[-3.022268404648804,38.112533468941365],[-3.0218674504193634,38.11248953854604],[-3.021485059591982,38.11244853678784],[-3.021013569128577,38.112398749118256],[-3.020646026843549,38.11235187583651],[-3.0202822019327997,38.112316733867175],[-3.0202751217387687,38.11236718286901],[-3.019603435373511,38.11229149427885],[-3.019589086392616,38.11224925870442],[-3.019683200921607,38.11223114708699],[-3.0200208080758637,38.112251304727124],[-3.0202612270570532,38.112271476616485],[-3.0203713275527253,38.112230136229414],[-3.0214172868716593,38.112368291794866],[-3.0214221249064575,38.1122469385935],[-3.0214789902555337,38.11217954305886],[-3.0214714163673775,38.11203038456844],[-3.021504586074774,38.111575960499096]]]},"properties":{"dn_surface":14361.805406921172,"provincia":23,"municipio":97,"agregado":0,"zona":0,"poligono":23,"parcela":100,"recinto":4,"uso_sigpac":"OV","idPanel":"23:97:0:0:23:100:4"},"id":1346099373},{"type":"Feature","geometry":{"type":"Polygon","coordinates":[[[-3.023178686093013,38.112206838728156],[-3.02321027748795,38.112188267782386],[-3.0232012518540774,38.1121441068847],[-3.0231861694566105,38.1120694844727],[-3.023160489818334,38.112030734932034],[-3.0231604747309073,38.11198242666842],[-3.023195114624208,38.11186841098552],[-3.0231633975007175,38.11185165220732],[-3.02314023075716,38.11182281594412],[-3.023163377384149,38.11179189845424],[-3.0232238092332366,38.11171131483235],[-3.023197334990491,38.11168148782812],[-3.023623542219313,38.11178217460778],[-3.023637927242394,38.11181966434833],[-3.0236638558232105,38.111919520481365],[-3.0236767681458154,38.11198603088698],[-3.023669281429456,38.11211211986392],[-3.0236704599251123,38.11222342567734],[-3.0236833823060025,38.112319768954535],[-3.0236472236117553,38.1123261744053],[-3.023178686093013,38.112206838728156]]]},"properties":{"dn_surface":2512.57985799606,"provincia":23,"municipio":48,"agregado":0,"zona":0,"poligono":15,"parcela":75,"recinto":3,"uso_sigpac":"OV","idPanel":"23:48:0:0:15:75:3"},"id":1112037840},{"type":"Feature","geometry":{"type":"Polygon","coordinates":[[[-3.023755522836328,38.112457830642626],[-3.0237507317401904,38.11245747022079],[-3.023459592183506,38.112382897261995],[-3.0230528871299556,38.11227878228374],[-3.0230492359727164,38.11227779154274],[-3.0227161902504376,38.11207208873017],[-3.0225523567230907,38.11199226450873],[-3.0225818752732496,38.111910604650404],[-3.0228844502611127,38.11207927034525],[-3.023008582901721,38.11214414041234],[-3.023101567550097,38.112192792333985],[-3.023129520360649,38.11220684794827],[-3.023178686093013,38.112206838728156],[-3.0236472236117553,38.1123261744053],[-3.0236833823060025,38.112319768954535],[-3.023755522836328,38.112457830642626]]]},"properties":{"dn_surface":1135.2335258132728,"provincia":23,"municipio":48,"agregado":0,"zona":0,"poligono":15,"parcela":256,"recinto":1,"uso_sigpac":"OV","idPanel":"23:48:0:0:15:256:1"},"id":1346099383}]}