{"type":"FeatureCollection","features":[{"type":"Feature","geometry":{"type":"Polygon","coordinates":[[[-2.9209996576830535,38.14828120850956],[-2.9209930317882016,38.14828548579504],[-2.9210267236881986,38.14839223520562],[-2.921029990954249,38.148409884141984],[-2.921028793180215,38.148427694010905],[-2.921023177304755,38.14844496995258],[-2.920975986348896,38.148546934134316],[-2.9209956662205254,38.14860345666355],[-2.921046789965587,38.14861689704608],[-2.9210746991902408,38.1486277641842],[-2.921114051389787,38.14864879102777],[-2.9211302829462458,38.148659304449524],[-2.9211438012804867,38.14867198794616],[-2.9211541495787596,38.148686412364185],[-2.9212156585024687,38.14879421118911],[-2.921294674708377,38.14882101651705],[-2.9213146160954007,38.14882973788781],[-2.9213319641214284,38.14884141471785],[-2.9213460289557895,38.14885558097322],[-2.921356247334554,38.14887167255188],[-2.9213622127353975,38.14888904572362],[-2.9213629612393954,38.14889816439663],[-2.9214137077987914,38.14888915468839],[-2.9214534631679028,38.14880659712816],[-2.9213546237598136,38.148688017498756],[-2.9213427415731696,38.1486696611297],[-2.92127712467847,38.14853112670218],[-2.921269780454473,38.14852033332485],[-2.9212408989289935,38.14847789071743],[-2.9212328271557584,38.14846292901936],[-2.9212282917076817,38.14844706459027],[-2.9212235173753505,38.14841860802733],[-2.9212211159599493,38.148404295088625],[-2.921158999348223,38.14834287082209],[-2.9213135289624947,38.14844450810966],[-2.921470195962202,38.14867744708002],[-2.921583697834384,38.14898523812653],[-2.921588729491158,38.1490778606767],[-2.9215627472661576,38.14917173967419],[-2.921485129999973,38.14920711214583],[-2.9214351730159027,38.14920300501302],[-2.9213265401915627,38.14916344075135],[-2.921233661155174,38.14894961335955],[-2.921095855953298,38.14879429249356],[-2.9209339938496943,38.14863754670398],[-2.9209082580526626,38.14852866326072],[-2.9209240101642315,38.148295808109395],[-2.920937839467099,38.1482644589515],[-2.9209996576830535,38.14828120850956]]]},"properties":{"dn_surface":2075.56518765764,"provincia":23,"municipio":97,"agregado":0,"zona":0,"poligono":15,"parcela":17,"recinto":3,"uso_sigpac":"OV","idPanel":"23:97:0:0:15:17:3"},"id":1112589815},{"type":"Feature","geometry":{"type":"Polygon","coordinates":[[[-2.9175310499239586,38.14926674855229],[-2.9174227666250028,38.149176333795566],[-2.9172064322058215,38.14903745319546],[-2.9170644159355406,38.14898755320834],[-2.9169516860366866,38.14896435209894],[-2.916918454303202,38.14894482645437],[-2.91688778575586,38.14886110464775],[-2.9170195048574805,38.14862559410935],[-2.917282470321356,38.14828754271417],[-2.9173772989885394,38.14817543056162],[-2.91738606981254,38.14803096258453],[-2.917321799051571,38.14776406349327],[-2.9172509929203088,38.14756684735815],[-2.9173229876055116,38.147518667337664],[-2.917392009229482,38.14751222835926],[-2.917462101222551,38.14751556938606],[-2.9179560065727532,38.1477532248536],[-2.9183985291770718,38.147292362644066],[-2.9184112118355157,38.147279122589026],[-2.9188135691956325,38.14701506663948],[-2.9187327332784374,38.147461676260036],[-2.9187399601557824,38.14753207000166],[-2.9188451119755277,38.147910404825836],[-2.9188461647426287,38.14799115860035],[-2.918831653990993,38.14821385069351],[-2.9188070430454336,38.148592094154935],[-2.9187987684301295,38.148644271505304],[-2.9187721307402623,38.148686251431656],[-2.9187383147880923,38.14871714042306],[-2.918707941283759,38.14873045842978],[-2.9186610395035766,38.148726188688045],[-2.9185939742159235,38.1487354548826],[-2.918465129269071,38.14873241979524],[-2.918212529705466,38.148757144734674],[-2.9180478722369894,38.14878726510551],[-2.918000483468204,38.148815688979056],[-2.9179994918889993,38.148818758432185],[-2.91799910464505,38.148818820458274],[-2.9179496312968216,38.14886934573542],[-2.9179504837364245,38.148923692322484],[-2.9179771214262913,38.14898571840962],[-2.918347568040941,38.14961993095994],[-2.9183627795197236,38.149693935625635],[-2.91832986965134,38.150143101726826],[-2.918330186487298,38.15016680575039],[-2.9182984324834305,38.15018940420089],[-2.9181917115713185,38.15009815544474],[-2.9181254031695665,38.15000225808487],[-2.918071266968326,38.1499443483506],[-2.9180251975111777,38.14994722250535],[-2.9180016401709103,38.149927827618455],[-2.9179440598454507,38.14987767617421],[-2.9178772384711946,38.149824904546875],[-2.917806889153683,38.14976311734395],[-2.917749000374168,38.14968232333629],[-2.9176932900514183,38.14959341899862],[-2.917635201782596,38.149487388755375],[-2.9175723383432532,38.14936513198484],[-2.9175310499239586,38.14926674855229]]]},"properties":{"dn_surface":27920.20060435675,"provincia":23,"municipio":97,"agregado":0,"zona":0,"poligono":15,"parcela":70,"recinto":1,"uso_sigpac":"OV","idPanel":"23:97:0:0:15:70:1"},"id":1155764142},{"type":"Feature","geometry":{"type":"Polygon","coordinates":[[[-2.917090252315417,38.14906286293643],[-2.9172515486405217,38.149136522267696],[-2.9175330565516977,38.149384481609445],[-2.9175930726583643,38.149501327861174],[-2.9176518440523354,38.149608620419144],[-2.917708693475794,38.14969923801792],[-2.9177696584139556,38.14978427075425],[-2.917844113187886,38.14984975605307],[-2.917910934562143,38.1499025268422],[-2.9179682868998222,38.14995240838917],[-2.918025642590263,38.14999967478215],[-2.9180665680731277,38.150041793009876],[-2.9180956096929664,38.15009760223913],[-2.91814210159806,38.15016414868691],[-2.9176741633854304,38.150165707721015],[-2.917405489845156,38.15020014812504],[-2.917361010435134,38.15011836672909],[-2.917276196466457,38.149943768322856],[-2.9172551511827205,38.1497591468362],[-2.9172403722101667,38.149671867749646],[-2.9171944695529026,38.14955665010177],[-2.9172087280092374,38.149463743405136],[-2.917206653488079,38.14941842915749],[-2.917130249083355,38.149326071475514],[-2.917043270907149,38.149188392840415],[-2.917015705340546,38.14913299097168],[-2.9170391335994976,38.14908769516424],[-2.917090252315417,38.14906286293643]]]},"properties":{"dn_surface":5017.5302625342565,"provincia":23,"municipio":97,"agregado":0,"zona":0,"poligono":15,"parcela":69,"recinto":1,"uso_sigpac":"OV","idPanel":"23:97:0:0:15:69:1"},"id":1155764152},{"type":"Feature","geometry":{"type":"Polygon","coordinates":[[[-2.9161376464486204,38.146623713042516],[-2.916794635145791,38.147056526049596],[-2.916925671960453,38.14713980696814],[-2.9169478840051815,38.14717776693345],[-2.916982005058646,38.147237540803104],[-2.9169267750189762,38.14728985896943],[-2.916921928602273,38.14734151831817],[-2.9169086692688557,38.147369271639405],[-2.916921838077714,38.1474215403525],[-2.9169350311940927,38.14745257937997],[-2.916959231426372,38.147496690824426],[-2.916959195384186,38.147529352588464],[-2.9169966448915985,38.14755387636225],[-2.917014738907053,38.14758253325269],[-2.9170648643673873,38.147663343186],[-2.917058183151971,38.147723763300405],[-2.9170671190994755,38.147748434595655],[-2.917088951443967,38.1478087071886],[-2.917135184348236,38.147865899431906],[-2.9171748206943167,38.14790675534499],[-2.917213765533344,38.148058036133364],[-2.917260524821164,38.14815384464512],[-2.916996949992892,38.148505904715876],[-2.9168221110260246,38.14880445722815],[-2.9167994614459247,38.14885130704056],[-2.9168101198746337,38.14891296097119],[-2.9168445049580636,38.14898589778235],[-2.9169720942957453,38.149194903064966],[-2.917079634958037,38.14937108732738],[-2.9171012778715055,38.14940769445349],[-2.9171201388311467,38.14948314415935],[-2.917182920127834,38.14988154777552],[-2.9171899022535923,38.149965550375924],[-2.9172354671201393,38.15004372252412],[-2.9173104893489477,38.150212763728234],[-2.9171189259696857,38.150157378623334],[-2.916794024105014,38.15013217926813],[-2.9165829040681075,38.15041556388755],[-2.915886525452824,38.15027175724265],[-2.91544428699504,38.15005540019234],[-2.9152182069364603,38.14994473978547],[-2.9148249640583965,38.149702730757184],[-2.9145834839282023,38.14919315795265],[-2.9144926299597396,38.14900157194222],[-2.9144640694611703,38.148632212460484],[-2.9146500085830698,38.14821650691877],[-2.9148408410603306,38.148207275090044],[-2.9151344750715475,38.14832096052592],[-2.9161376464486204,38.146623713042516]]]},"properties":{"dn_surface":64074.89343261719,"provincia":23,"municipio":97,"agregado":0,"zona":0,"poligono":15,"parcela":68,"recinto":3,"uso_sigpac":"OV","idPanel":"23:97:0:0:15:68:3"},"id":1300145974},{"type":"Feature","geometry":{"type":"Polygon","coordinates":[[[-2.9148249640583965,38.149702730757184],[-2.914711814226169,38.149650737808685],[-2.914217269336716,38.14942369550758],[-2.9142035146327916,38.149417380581326],[-2.9140716480096667,38.14935684060572],[-2.913713704680723,38.14919251003147],[-2.9129893388890826,38.14885989765361],[-2.912911783648984,38.14882428629764],[-2.9127757344559266,38.14876181429321],[-2.9128979216566933,38.14850423252608],[-2.9129288517194296,38.1480191055436],[-2.912748554456893,38.14780554972549],[-2.912723093586301,38.14752451623005],[-2.912822326105673,38.147561325360016],[-2.912835573704426,38.14756623967014],[-2.9130073591437853,38.14735159839552],[-2.9128028784127755,38.147129192125306],[-2.9123943075474683,38.14645554774734],[-2.9125064892698216,38.14588053574448],[-2.912641372540079,38.14589010117294],[-2.9127097353464206,38.14587999511167],[-2.912753426857497,38.14589029563308],[-2.9129840934937645,38.14588914982687],[-2.913298321004112,38.14589862640716],[-2.913469526415737,38.145928579139934],[-2.913590761432246,38.14595824604979],[-2.9137144003787276,38.14600189900409],[-2.9138285878906305,38.14601059690554],[-2.9138856896093897,38.14603110407106],[-2.9138974821096646,38.14603533860878],[-2.9139542988436995,38.14602759624438],[-2.913988910238529,38.14602287890901],[-2.914115278332847,38.145995034224995],[-2.9142075446520774,38.14594886837597],[-2.9145770642281805,38.14576402309248],[-2.9146684948716155,38.14574858865507],[-2.91477474136798,38.145751731868955],[-2.9150686444383056,38.14592057526011],[-2.9151544374133307,38.14594515267808],[-2.9155596664136447,38.146068292901276],[-2.9158165172787913,38.14620619365684],[-2.9158970212726003,38.146265465450455],[-2.9161376464486204,38.146623713042516],[-2.9151344750715475,38.14832096052592],[-2.9148408410603306,38.148207275090044],[-2.9146500085830698,38.14821650691877],[-2.9144640694611703,38.148632212460484],[-2.9144926299597396,38.14900157194222],[-2.9145834839282023,38.14919315795265],[-2.9148249640583965,38.149702730757184]],[[-2.9137301885324827,38.14719686593918],[-2.913704487101256,38.14713323639384],[-2.913607956069437,38.147023753644476],[-2.9135049039165613,38.14698042087883],[-2.913453337606986,38.14699310437547],[-2.9134113920464446,38.147043961576],[-2.9133920097323958,38.14708720214065],[-2.9133951990467426,38.147115193508],[-2.9134080476668798,38.14714828023452],[-2.9134402199277405,38.14718901544819],[-2.9134176390792508,38.147211898045214],[-2.913366069416914,38.14722712628779],[-2.9133563740689383,38.147252562850866],[-2.9133273073033874,38.14731106267118],[-2.913327259526536,38.1473517735773],[-2.9133594343019684,38.147389964044976],[-2.913420622198768,38.14741545425224],[-2.9134334448350034,38.1474714411778],[-2.91346887178906,38.14748419005332],[-2.913571981777071,38.147479178513095],[-2.9136460903783785,38.14747668992587],[-2.913726696631413,38.147428405969805],[-2.913742856941692,38.14738516289057],[-2.9137010480061796,38.147318976864625],[-2.9136817939352566,38.147252807602484],[-2.9137301885324827,38.14719686593918]],[[-2.9142660369286557,38.14851293629485],[-2.9142701868091634,38.14859508314177],[-2.914338118785656,38.14859513343322],[-2.9143382135011677,38.148512989939036],[-2.9142660369286557,38.14851293629485]]]},"properties":{"dn_surface":82848.1744431145,"provincia":23,"municipio":97,"agregado":0,"zona":0,"poligono":15,"parcela":105,"recinto":2,"uso_sigpac":"OV","idPanel":"23:97:0:0:15:105:2"},"id":1112589590},{"type":"Feature","geometry":{"type":"Polygon","coordinates":[[[-2.9128160908075325,38.145316284429526],[-2.912901093369043,38.14581504206373],[-2.9126391328954178,38.14585377903157],[-2.9125592181494366,38.14581605627407],[-2.9124650256687414,38.14578940936411],[-2.912317073334281,38.14569362599809],[-2.9121909525061223,38.14563373562001],[-2.912130473718373,38.145555292736304],[-2.912113659619609,38.145433195221926],[-2.912417864049545,38.145367029312524],[-2.9124752272837,38.145413617609535],[-2.9125860301829,38.145454501182854],[-2.9126820247728844,38.14551868812478],[-2.9127559146065063,38.14552748660907],[-2.9127633501932526,38.145489605433596],[-2.9127191071529155,38.14540797072098],[-2.9127598214118073,38.14534971397592],[-2.9128160908075325,38.145316284429526]]]},"properties":{"dn_surface":2477.837907594502,"provincia":23,"municipio":97,"agregado":0,"zona":0,"poligono":15,"parcela":104,"recinto":2,"uso_sigpac":"OV","idPanel":"23:97:0:0:15:104:2"},"id":1155764175},{"type":"Feature","geometry":{"type":"Polygon","coordinates":[[[-2.912911783648984,38.14882428629764],[-2.9128854435166978,38.14883958662463],[-2.912838181314658,38.148856427545496],[-2.912739103860504,38.14880235923766],[-2.912726602251178,38.148792855835296],[-2.912646193811071,38.148691395405905],[-2.912544885094159,38.14864518094183],[-2.912536171267102,38.148633646604196],[-2.91253297021809,38.14862221033485],[-2.9125878557615197,38.14844588274187],[-2.9125879965775003,38.14832738693147],[-2.9125728764614687,38.14816535048428],[-2.9125850830277846,38.14808583639331],[-2.9126144507036775,38.147968291928976],[-2.912533393504225,38.147889636144924],[-2.9124971149487555,38.14783157721277],[-2.9124630643032825,38.14780252469646],[-2.9124585472953943,38.14773843666097],[-2.91246321769212,38.14767314666051],[-2.9124709449691144,38.14761269553307],[-2.912519206294072,38.14755036518278],[-2.9125931958723488,38.1475189422641],[-2.9126732187448865,38.14747379733092],[-2.9127161617519652,38.14741337302556],[-2.9127162564674767,38.1473335697589],[-2.912713462778983,38.14726382980578],[-2.9126230111418963,38.14715819099743],[-2.912616604852921,38.1471458369096],[-2.912615344214608,38.14713147032674],[-2.9126265843474317,38.14710319229832],[-2.9127933406445887,38.14712778480367],[-2.9128028784127755,38.147129192125306],[-2.9130073591437853,38.14735159839552],[-2.912835573704426,38.14756623967014],[-2.912822326105673,38.147561325360016],[-2.912723093586301,38.14752451623005],[-2.912748554456893,38.14780554972549],[-2.9129288517194296,38.1480191055436],[-2.9128979216566933,38.14850423252608],[-2.9127757344559266,38.14876181429321],[-2.912911783648984,38.14882428629764]]]},"properties":{"dn_surface":4521.39892578125,"provincia":23,"municipio":97,"agregado":0,"zona":0,"poligono":15,"parcela":111,"recinto":25,"uso_sigpac":"OV","idPanel":"23:97:0:0:15:111:25"},"id":1303687555},{"type":"Feature","geometry":{"type":"Polygon","coordinates":[[[-2.9122013963580966,38.14577975760207],[-2.9122042889530526,38.14578378091579],[-2.9123486881985476,38.14585319816564],[-2.912430603704935,38.145874169688625],[-2.9125064892698216,38.14588053574448],[-2.9123943075474683,38.14645554774734],[-2.9128028784127755,38.147129192125306],[-2.9127933406445887,38.14712778480367],[-2.9126265843474317,38.14710319229832],[-2.9125073500913294,38.14704610985791],[-2.912434265758649,38.147011121277416],[-2.9122308897625433,38.14691375624619],[-2.912230708713425,38.146912939010576],[-2.9122243795379625,38.146608188080535],[-2.9122135802932734,38.14626158462909],[-2.9122013963580966,38.14577975760207]]]},"properties":{"dn_surface":3385.051513671875,"provincia":23,"municipio":97,"agregado":0,"zona":0,"poligono":15,"parcela":106,"recinto":2,"uso_sigpac":"OV","idPanel":"23:97:0:0:15:106:2"},"id":1429256813},{"type":"Feature","geometry":{"type":"Polygon","coordinates":[[[-2.912042506477535,38.14555690457638],[-2.912096490128129,38.145647247248746],[-2.9121644120463372,38.145728322888374],[-2.9122013368465804,38.14577967545938],[-2.9122013963580966,38.14577975760207],[-2.9122135802932734,38.14626158462909],[-2.9122243795379625,38.146608188080535],[-2.912230708713425,38.146912939010576],[-2.9122308897625433,38.14691375624619],[-2.9120330114570563,38.14681902313271],[-2.911929462257293,38.146371646567985],[-2.912042506477535,38.14555690457638]]]},"properties":{"dn_surface":2712.3038330078125,"provincia":23,"municipio":97,"agregado":0,"zona":0,"poligono":15,"parcela":106,"recinto":3,"uso_sigpac":"OV","idPanel":"23:97:0:0:15:106:3"},"id":1429256814},{"type":"Feature","geometry":{"type":"Polygon","coordinates":[[[-2.9255407082239215,38.15054292691383],[-2.9252680708814003,38.15063377752952],[-2.925159407882208,38.15064371092356],[-2.9248360424204787,38.15067324120838],[-2.924926178897987,38.15047601417683],[-2.924836693694395,38.15036951622335],[-2.924609213019711,38.15038658177923],[-2.924202210408581,38.15006266981737],[-2.9242890083738566,38.149782524803726],[-2.924306660662989,38.14937408301972],[-2.9248160792405056,38.14965308809448],[-2.924895907652879,38.149715508131095],[-2.924930677465688,38.149754014596596],[-2.925048454108742,38.15009828368787],[-2.9251082531241033,38.15021584743059],[-2.925159795964348,38.15025950206126],[-2.925181120365477,38.15027754159436],[-2.9252444364276187,38.15030407953958],[-2.9253271540821877,38.15033135173957],[-2.925396500924021,38.15037582863499],[-2.925449639678725,38.150421377575924],[-2.9254892994941355,38.150478723208096],[-2.9255407082239215,38.15054292691383]]]},"properties":{"dn_surface":7285.42405171899,"provincia":23,"municipio":97,"agregado":0,"zona":0,"poligono":15,"parcela":15,"recinto":1,"uso_sigpac":"OV","idPanel":"23:97:0:0:15:15:1"},"id":1112589824},{"type":"Feature","geometry":{"type":"Polygon","coordinates":[[[-2.924202210408581,38.15006266981737],[-2.924609213019711,38.15038658177923],[-2.924836693694395,38.15036951622335],[-2.924926178897987,38.15047601417683],[-2.9248360424204787,38.15067324120838],[-2.9247973406566583,38.15074822655683],[-2.9247712553342438,38.15074417390639],[-2.9246640214496264,38.150751264158714],[-2.9246386569709277,38.1507884546653],[-2.9246699181188593,38.15087561891974],[-2.9246716841859626,38.150884451769855],[-2.9246694294538753,38.150900868566396],[-2.9246651890488082,38.1509087081609],[-2.924651428477551,38.15092174034473],[-2.924632443465736,38.1509296872276],[-2.92461106039128,38.15093136528472],[-2.9246004648268498,38.15092973668081],[-2.924587806475926,38.15092879120209],[-2.9244085636568706,38.150812675852336],[-2.924355976431428,38.1507625185408],[-2.9243073345680437,38.15066653736184],[-2.9242359618200933,38.15065407598564],[-2.9242176716680923,38.150649293271414],[-2.9242041776413727,38.150640739538716],[-2.924180665563384,38.15061489980607],[-2.9240949999932946,38.15050170890254],[-2.9240053890611466,38.1504343427045],[-2.9239957691503027,38.150309745706465],[-2.9239197830025723,38.1502638690331],[-2.923902253089234,38.15024810434869],[-2.923903559828017,38.15024463172597],[-2.924147607335305,38.149999094754406],[-2.924202210408581,38.15006266981737]]]},"properties":{"dn_surface":4236.99334567583,"provincia":23,"municipio":97,"agregado":0,"zona":0,"poligono":15,"parcela":14,"recinto":2,"uso_sigpac":"OV","idPanel":"23:97:0:0:15:14:2"},"id":1112589825},{"type":"Feature","geometry":{"type":"Polygon","coordinates":[[[-2.9241746984861607,38.15096157115096],[-2.924120231199725,38.15098332470558],[-2.9240274410115146,38.150995238743434],[-2.92392016605557,38.15110398388529],[-2.92389455011976,38.15111618542247],[-2.9237405879603675,38.151176848612124],[-2.9236250132434076,38.15124418798797],[-2.9235568105314256,38.15138421187979],[-2.923541231925263,38.151416195547796],[-2.9234375301748527,38.15123501231807],[-2.9234042741338473,38.151122549801926],[-2.9233266015470982,38.15093275584252],[-2.9231977591148177,38.15074292667913],[-2.923049406125361,38.150585630198435],[-2.923097566029284,38.15058611299611],[-2.923356376583509,38.15051553736723],[-2.9234203036864277,38.15050152030969],[-2.9234741783722744,38.15050110456727],[-2.9235328131412155,38.150524934319435],[-2.924131623883195,38.15089881751456],[-2.9241746984861607,38.15096157115096]]]},"properties":{"dn_surface":4374.05347010045,"provincia":23,"municipio":97,"agregado":0,"zona":0,"poligono":15,"parcela":10,"recinto":5,"uso_sigpac":"OV","idPanel":"23:97:0:0:15:10:5"},"id":1112589837},{"type":"Feature","geometry":{"type":"Polygon","coordinates":[[[-2.9255407082239215,38.15054292691383],[-2.925533044649395,38.150560046113895],[-2.925476253061071,38.15062769394382],[-2.925464775720374,38.15069140563185],[-2.925432864974907,38.150758890014686],[-2.925399115239776,38.15083862957886],[-2.925379776511626,38.15088908780078],[-2.925345839021852,38.15092872163228],[-2.925278007628203,38.15096508819775],[-2.9251590172854978,38.15102900105143],[-2.925133930247809,38.151042495078144],[-2.9250937448870387,38.15104674302694],[-2.925058624710656,38.151060573167996],[-2.9250341495519363,38.151085300622015],[-2.9250245950199423,38.15111991788419],[-2.925028619171895,38.151162331993135],[-2.925048215224487,38.15119759466185],[-2.925065243899986,38.151230727488894],[-2.924836733927532,38.15122860099996],[-2.9248459732999486,38.151126707226155],[-2.9248642458499523,38.151124947026375],[-2.9247475010192394,38.15104350509756],[-2.924659311657954,38.150990684855145],[-2.924742155041078,38.15085514528187],[-2.9247973406566583,38.15074822655683],[-2.9248360424204787,38.15067324120838],[-2.925159407882208,38.15064371092356],[-2.9252680708814003,38.15063377752952],[-2.9255407082239215,38.15054292691383]]]},"properties":{"dn_surface":2860.83695331106,"provincia":23,"municipio":97,"agregado":0,"zona":0,"poligono":15,"parcela":13,"recinto":1,"uso_sigpac":"OV","idPanel":"23:97:0:0:15:13:1"},"id":1112589829},{"type":"Feature","geometry":{"type":"Polygon","coordinates":[[[-2.9249307126696835,38.1487077376035],[-2.9252605053751473,38.14852048922822],[-2.9252347913710643,38.1483290440338],[-2.9252086356406592,38.148134257812615],[-2.9252849084494947,38.14814849196142],[-2.9253165677378514,38.14811799691947],[-2.925360910522843,38.14809598855501],[-2.925424950781462,38.148075288605725],[-2.9254725465832676,38.148083096348955],[-2.9255037758799656,38.14804293110478],[-2.925487385905527,38.14801829166075],[-2.925489058933499,38.147987181387094],[-2.9255252050548917,38.147954797064045],[-2.925558097321278,38.147893892475594],[-2.925562138237038,38.147843417489895],[-2.9256844352407416,38.147895376910725],[-2.925683475512771,38.14794134075589],[-2.925548871359907,38.14832924771409],[-2.9255294136087246,38.148385383837564],[-2.925422981034099,38.14856277425591],[-2.92548310107637,38.14870160791736],[-2.925760400433713,38.14862103351555],[-2.925821596712416,38.14871119932971],[-2.925704535045745,38.14901845477257],[-2.9254208335903775,38.148994838758995],[-2.9253230335383438,38.14898666388834],[-2.9249307126696835,38.1487077376035]]]},"properties":{"dn_surface":4214.47501188767,"provincia":23,"municipio":97,"agregado":0,"zona":0,"poligono":16,"parcela":306,"recinto":1,"uso_sigpac":"OV","idPanel":"23:97:0:0:16:306:1"},"id":1112591669},{"type":"Feature","geometry":{"type":"Polygon","coordinates":[[[-2.9256099829813826,38.147672118200944],[-2.925582949665663,38.14769292460042],[-2.9255701295439973,38.14772422262871],[-2.92555091067707,38.14776056488668],[-2.9255285544635985,38.14782914897526],[-2.9254220548337435,38.14778390094469],[-2.925401976821689,38.147775415943585],[-2.925334533510181,38.14777005487801],[-2.9252484471685256,38.147994068797345],[-2.9252169253433893,38.14799998139216],[-2.925196895108187,38.14799205714044],[-2.9251582880598774,38.147954732523374],[-2.925135386184477,38.147955848154766],[-2.9251110518417387,38.14795809366677],[-2.9250469621298882,38.14796598271448],[-2.925098137842753,38.147807754166166],[-2.9250126759529214,38.14778868198252],[-2.924878022346826,38.14777255184711],[-2.924772008867383,38.14776193784249],[-2.9247656956175385,38.147685686826605],[-2.9247593815295025,38.14760943497254],[-2.9248508859336906,38.14760269592199],[-2.924855465805856,38.14760235813128],[-2.9248600490307837,38.14760202034054],[-2.925066858254633,38.14759134011888],[-2.9250734774439615,38.147590983887966],[-2.9250846630944114,38.147590360274336],[-2.925300487893848,38.14757923497359],[-2.925319467876522,38.14757816460451],[-2.925319511462421,38.14757825009991],[-2.9253251600273042,38.147577957571485],[-2.9253589240116726,38.147576209106376],[-2.9253661911221553,38.14757683942554],[-2.92537672633688,38.147577753053014],[-2.925401832652946,38.14769240995156],[-2.9254133627996364,38.14768908233577],[-2.925560856643966,38.14764708899838],[-2.9256099829813826,38.147672118200944]]]},"properties":{"dn_surface":1778.1470947265625,"provincia":23,"municipio":97,"agregado":0,"zona":0,"poligono":16,"parcela":307,"recinto":4,"uso_sigpac":"OV","idPanel":"23:97:0:0:16:307:4"},"id":1179528851},{"type":"Feature","geometry":{"type":"Polygon","coordinates":[[[-2.9255285544635985,38.14782914897526],[-2.9255236368007145,38.14788349975325],[-2.925507189829331,38.147914600806786],[-2.9254825344596824,38.14794699183534],[-2.925448033705982,38.14797548863146],[-2.925449639678725,38.14801048978481],[-2.9254135011010467,38.14803509653942],[-2.9253987338631586,38.148028605593225],[-2.9253806985210296,38.148007852837935],[-2.925382358976147,38.14798970601649],[-2.925377468135355,38.147955999867236],[-2.925351221880389,38.14793913128611],[-2.925303594227349,38.147962433816474],[-2.925283859035156,38.147998717401094],[-2.9252484471685256,38.147994068797345],[-2.925334533510181,38.14777005487801],[-2.925401976821689,38.147775415943585],[-2.9254220548337435,38.14778390094469],[-2.9255285544635985,38.14782914897526]]]},"properties":{"dn_surface":411.928819167523,"provincia":23,"municipio":97,"agregado":0,"zona":0,"poligono":16,"parcela":306,"recinto":3,"uso_sigpac":"OV","idPanel":"23:97:0:0:16:306:3"},"id":1112591667},{"type":"Feature","geometry":{"type":"Polygon","coordinates":[[[-2.9248578085479324,38.14789808426562],[-2.924842763030842,38.14799144526148],[-2.9249600920802408,38.148036087280445],[-2.9249521678285104,38.14805019653889],[-2.9249813879828976,38.14806142158429],[-2.9249823502254393,38.14806304851177],[-2.9249888881103034,38.14807134743461],[-2.9250500776834825,38.14809406239354],[-2.9250396003038936,38.14811241960078],[-2.9251498256899304,38.14815483287154],[-2.9251530946323623,38.148152737395634],[-2.9251793299908533,38.14813161499839],[-2.92518464160321,38.148127331845615],[-2.9252054530318348,38.14811055881816],[-2.9252086356406592,38.148134257812615],[-2.9252347913710643,38.1483290440338],[-2.9252605053751473,38.14852048922822],[-2.9249307126696835,38.1487077376035],[-2.924744247164234,38.148575130020106],[-2.924727721402957,38.14832871378681],[-2.924723112194127,38.14825985393358],[-2.924612134951331,38.148192096300704],[-2.9246300822834717,38.148051059874945],[-2.9246943639409158,38.14802424448874],[-2.9247020392501075,38.14788401272574],[-2.9248578085479324,38.14789808426562]]]},"properties":{"dn_surface":3121.21754787944,"provincia":23,"municipio":97,"agregado":0,"zona":0,"poligono":16,"parcela":198,"recinto":1,"uso_sigpac":"OV","idPanel":"23:97:0:0:16:198:1"},"id":1112590698},{"type":"Feature","geometry":{"type":"Polygon","coordinates":[[[-2.9247656956175385,38.147685686826605],[-2.924772008867383,38.14776193784249],[-2.924878022346826,38.14777255184711],[-2.9248578085479324,38.14789808426562],[-2.9247020392501075,38.14788401272574],[-2.9246943639409158,38.14802424448874],[-2.9246300822834717,38.148051059874945],[-2.924612134951331,38.148192096300704],[-2.924317298975128,38.148012010262136],[-2.924521332950671,38.14759035273062],[-2.9247656956175385,38.147685686826605]]]},"properties":{"dn_surface":1647.65857483665,"provincia":23,"municipio":97,"agregado":0,"zona":0,"poligono":16,"parcela":199,"recinto":1,"uso_sigpac":"OV","idPanel":"23:97:0:0:16:199:1"},"id":1112590696},{"type":"Feature","geometry":{"type":"Polygon","coordinates":[[[-2.928572138518669,38.147484249564826],[-2.9285202511821837,38.14756037401395],[-2.9280337789041564,38.14833083105569],[-2.9279344483165115,38.14848821973732],[-2.9276546913850123,38.14863368767553],[-2.9277645504818586,38.14833066174123],[-2.9281363482593803,38.14730561694836],[-2.928572138518669,38.147484249564826]]]},"properties":{"dn_surface":4128.78097514372,"provincia":23,"municipio":97,"agregado":0,"zona":0,"poligono":16,"parcela":202,"recinto":1,"uso_sigpac":"OV","idPanel":"23:97:0:0:16:202:1"},"id":1112590692},{"type":"Feature","geometry":{"type":"Polygon","coordinates":[[[-2.9279344483165115,38.14848821973732],[-2.928169527186872,38.14863193753405],[-2.9277622018724494,38.14898344607553],[-2.9275903728471917,38.14916629395134],[-2.927269951110032,38.149460174390526],[-2.927034510141433,38.14968299724134],[-2.926799854557207,38.14957172244095],[-2.9266474799303697,38.14923770693244],[-2.9267083828424445,38.149165374456516],[-2.926868319622774,38.14900757506163],[-2.927001181177865,38.1488765256741],[-2.927197031900855,38.14875434853161],[-2.9273114490769174,38.14869349507279],[-2.9276546913850123,38.14863368767553],[-2.9279344483165115,38.14848821973732]]]},"properties":{"dn_surface":7479.93489752737,"provincia":23,"municipio":97,"agregado":0,"zona":0,"poligono":16,"parcela":207,"recinto":1,"uso_sigpac":"OV","idPanel":"23:97:0:0:16:207:1"},"id":1112590687},{"type":"Feature","geometry":{"type":"Polygon","coordinates":[[[-2.9276546913850123,38.14863368767553],[-2.9274386553616023,38.14839183287424],[-2.9273403373079203,38.14833039435851],[-2.9271212586534765,38.148167217134215],[-2.9271638127402255,38.14806648257772],[-2.927074752499148,38.14799207222788],[-2.927148761355803,38.14793678100031],[-2.927067026060344,38.14784146618271],[-2.9270539460996647,38.14782880280265],[-2.9270527743095323,38.1478276678929],[-2.927525356934986,38.147524092105755],[-2.927546570694987,38.14751046480674],[-2.9279651185402344,38.14722944304597],[-2.9281363482593803,38.14730561694836],[-2.9277645504818586,38.14833066174123],[-2.9276546913850123,38.14863368767553]]]},"properties":{"dn_surface":7073.01184319934,"provincia":23,"municipio":97,"agregado":0,"zona":0,"poligono":16,"parcela":203,"recinto":2,"uso_sigpac":"OV","idPanel":"23:97:0:0:16:203:2"},"id":1112590691},{"type":"Feature","geometry":{"type":"Polygon","coordinates":[[[-2.925683475512771,38.14794134075589],[-2.9256844352407416,38.147895376910725],[-2.925562138237038,38.147843417489895],[-2.9255803118805774,38.14777169270201],[-2.9256059303309576,38.14773030369983],[-2.9256318513680606,38.14768325942731],[-2.9258075871986207,38.147772794922304],[-2.925888851431093,38.14776752941043],[-2.9261627686903036,38.14786918849089],[-2.926274331828167,38.14792261474494],[-2.9262979009031,38.147864047869405],[-2.926736081681316,38.148047194140986],[-2.9268121373988474,38.14800010628255],[-2.926820577975844,38.148005339105],[-2.927067026060344,38.14784146618271],[-2.927148761355803,38.14793678100031],[-2.927074752499148,38.14799207222788],[-2.9271638127402255,38.14806648257772],[-2.9271212586534765,38.148167217134215],[-2.9273403373079203,38.14833039435851],[-2.9274386553616023,38.14839183287424],[-2.9276546913850123,38.14863368767553],[-2.9273114490769174,38.14869349507279],[-2.927197031900855,38.14875434853161],[-2.927001181177865,38.1488765256741],[-2.926868319622774,38.14900757506163],[-2.9263517957055143,38.148524708678565],[-2.9261735939188953,38.148114789164936],[-2.9259937995705783,38.14804446583133],[-2.925683475512771,38.14794134075589]]]},"properties":{"dn_surface":10079.0895796431,"provincia":23,"municipio":97,"agregado":0,"zona":0,"poligono":16,"parcela":307,"recinto":1,"uso_sigpac":"OV","idPanel":"23:97:0:0:16:307:1"},"id":1112591666},{"type":"Feature","geometry":{"type":"Polygon","coordinates":[[[-2.9267083828424445,38.149165374456516],[-2.9265641788953047,38.14910940429476],[-2.9262961876419893,38.14912500469384],[-2.9260336027165414,38.14909833934374],[-2.925788501603961,38.1490501433976],[-2.925704535045745,38.14901845477257],[-2.925821596712416,38.14871119932971],[-2.925760400433713,38.14862103351555],[-2.92548310107637,38.14870160791736],[-2.925422981034099,38.14856277425591],[-2.9255294136087246,38.148385383837564],[-2.925548871359907,38.14832924771409],[-2.925683475512771,38.14794134075589],[-2.9259937995705783,38.14804446583133],[-2.9261735939188953,38.148114789164936],[-2.9263517957055143,38.148524708678565],[-2.926868319622774,38.14900757506163],[-2.9267083828424445,38.149165374456516]]]},"properties":{"dn_surface":8746.82979569112,"provincia":23,"municipio":97,"agregado":0,"zona":0,"poligono":16,"parcela":196,"recinto":1,"uso_sigpac":"OV","idPanel":"23:97:0:0:16:196:1"},"id":1112590702},{"type":"Feature","geometry":{"type":"Polygon","coordinates":[[[-2.9267083828424445,38.149165374456516],[-2.9266474799303697,38.14923770693244],[-2.926799854557207,38.14957172244095],[-2.927034510141433,38.14968299724134],[-2.926819410376662,38.150108708261484],[-2.9264324782338718,38.15025221231966],[-2.9262798429298305,38.15040884411539],[-2.925919737907931,38.15065763158921],[-2.9258926190967927,38.150613542775886],[-2.925852717044366,38.15057170031275],[-2.925802189252656,38.150536967380305],[-2.925728021978022,38.150519254741454],[-2.92562577700247,38.15050729208858],[-2.9255999724738277,38.150515119110196],[-2.9262961876419893,38.14912500469384],[-2.9265641788953047,38.14910940429476],[-2.9267083828424445,38.149165374456516]]]},"properties":{"dn_surface":10493.5358641324,"provincia":23,"municipio":97,"agregado":0,"zona":0,"poligono":16,"parcela":206,"recinto":1,"uso_sigpac":"OV","idPanel":"23:97:0:0:16:206:1"},"id":1112590688},{"type":"Feature","geometry":{"type":"Polygon","coordinates":[[[-2.925788501603961,38.1490501433976],[-2.9260336027165414,38.14909833934374],[-2.9262961876419893,38.14912500469384],[-2.9255999724738277,38.150515119110196],[-2.925542853991262,38.15045262112187],[-2.9255010282919427,38.150392299913904],[-2.925439564630512,38.15033962635485],[-2.92541949080941,38.15032672492873],[-2.9253597244834735,38.150288382748556],[-2.925271302943456,38.150259214562],[-2.925419909066403,38.149911783816634],[-2.925788501603961,38.1490501433976]]]},"properties":{"dn_surface":6130.32489442128,"provincia":23,"municipio":97,"agregado":0,"zona":0,"poligono":16,"parcela":205,"recinto":1,"uso_sigpac":"OV","idPanel":"23:97:0:0:16:205:1"},"id":1112590689},{"type":"Feature","geometry":{"type":"Polygon","coordinates":[[[-2.925788501603961,38.1490501433976],[-2.925419909066403,38.149911783816634],[-2.925271302943456,38.150259214562],[-2.9252198514659615,38.15023764038011],[-2.925162150441089,38.150188754603334],[-2.9251080460910823,38.150082550854705],[-2.9249883357428508,38.149732511660915],[-2.924943874773018,38.149683273844175],[-2.924856406255448,38.149614810455006],[-2.9250759366944985,38.14933195724828],[-2.9253230335383438,38.14898666388834],[-2.9254208335903775,38.148994838758995],[-2.925704535045745,38.14901845477257],[-2.925788501603961,38.1490501433976]]]},"properties":{"dn_surface":5677.5818387871,"provincia":23,"municipio":97,"agregado":0,"zona":0,"poligono":16,"parcela":204,"recinto":1,"uso_sigpac":"OV","idPanel":"23:97:0:0:16:204:1"},"id":1112590690},{"type":"Feature","geometry":{"type":"Polygon","coordinates":[[[-2.922202801165151,38.147199732550234],[-2.921762831688692,38.14742700367731],[-2.9214108244239285,38.1474659686329],[-2.921265309547055,38.147362133610244],[-2.92128244467273,38.14713223307999],[-2.9212849810367807,38.14710853157095],[-2.9217122552819403,38.146905407031966],[-2.921730503524423,38.14691686593247],[-2.9218029256867117,38.146962248911706],[-2.9218244076676307,38.14693747870996],[-2.9218544802616226,38.14709882532651],[-2.9221375949837323,38.14691254589931],[-2.922202801165151,38.147199732550234]]]},"properties":{"dn_surface":3393.291867265,"provincia":23,"municipio":97,"agregado":0,"zona":0,"poligono":16,"parcela":182,"recinto":2,"uso_sigpac":"OV","idPanel":"23:97:0:0:16:182:2"},"id":1112590735},{"type":"Feature","geometry":{"type":"Polygon","coordinates":[[[-2.922057033154788,38.146144072854185],[-2.9220629910119165,38.14619058571401],[-2.922029864052228,38.14620567984616],[-2.921909761430905,38.14627566035989],[-2.921807066347126,38.1463332893004],[-2.9217809441443343,38.14636212053446],[-2.921803442850169,38.146530733423276],[-2.9218053279403042,38.146568683330344],[-2.9218142873571384,38.146592931339455],[-2.9218292348059554,38.14661836706435],[-2.9218494159154242,38.14665149150946],[-2.921877836436203,38.146680482837894],[-2.9219249737478776,38.14670948757737],[-2.9219609036161542,38.146717789852914],[-2.9220065707419263,38.14672255077423],[-2.9220582300906317,38.146724358750845],[-2.922107180408071,38.146720142653294],[-2.922135543931904,38.14671938492921],[-2.9221478636539193,38.14680620301104],[-2.9221610048024953,38.14689895212794],[-2.9221375949837323,38.14691254589931],[-2.9218544802616226,38.14709882532651],[-2.9218244076676307,38.14693747870996],[-2.9218374331459365,38.14692252623203],[-2.921753277156697,38.146857758424176],[-2.921723748548254,38.14661421718384],[-2.9217113458453916,38.14657905928891],[-2.9216649536849526,38.14631018039199],[-2.9218959480536553,38.146196598053535],[-2.922057033154788,38.146144072854185]]]},"properties":{"dn_surface":1709.582233454175,"provincia":23,"municipio":97,"agregado":0,"zona":0,"poligono":16,"parcela":377,"recinto":1,"uso_sigpac":"OV","idPanel":"23:97:0:0:16:377:1"},"id":1210208382},{"type":"Feature","geometry":{"type":"Polygon","coordinates":[[[-2.92206797405365,38.146229489481726],[-2.922086011072159,38.14637031049253],[-2.9221330452864196,38.14670177874055],[-2.922102653341899,38.146702708293674],[-2.922045518933714,38.14670838787157],[-2.9219766465076296,38.146698879440066],[-2.921933992676228,38.14667815602144],[-2.9219033232906946,38.14665152838987],[-2.92187714744372,38.146623720586234],[-2.921859957835671,38.14659473596336],[-2.9218472600898,38.146564572844795],[-2.921844303792376,38.146528502998706],[-2.9218446474504263,38.1465073412065],[-2.9218313378255867,38.14641023349972],[-2.9218470513803987,38.14635666978248],[-2.921932333897491,38.146314140003255],[-2.9220402542600183,38.14624964628368],[-2.92206797405365,38.146229489481726]]]},"properties":{"dn_surface":968.5758632070253,"provincia":23,"municipio":97,"agregado":0,"zona":0,"poligono":16,"parcela":377,"recinto":2,"uso_sigpac":"OV","idPanel":"23:97:0:0:16:377:2"},"id":1210208384},{"type":"Feature","geometry":{"type":"Polygon","coordinates":[[[-2.9216649536849526,38.14631018039199],[-2.9217113458453916,38.14657905928891],[-2.921723748548254,38.14661421718384],[-2.921753277156697,38.146857758424176],[-2.9218374331459365,38.14692252623203],[-2.9218244076676307,38.14693747870996],[-2.9218029256867117,38.146962248911706],[-2.921730503524423,38.14691686593247],[-2.9217122552819403,38.146905407031966],[-2.9212849810367807,38.14710853157095],[-2.921312073864017,38.1468518701368],[-2.9213108995593133,38.14645378084208],[-2.9216649536849526,38.14631018039199]]]},"properties":{"dn_surface":2544.66831301571,"provincia":23,"municipio":97,"agregado":0,"zona":0,"poligono":16,"parcela":335,"recinto":1,"uso_sigpac":"OV","idPanel":"23:97:0:0:16:335:1"},"id":1112591601},{"type":"Feature","geometry":{"type":"Polygon","coordinates":[[[-2.924483699041378,38.14700405617086],[-2.9246054981600045,38.146865701954255],[-2.924326833390553,38.146725011701164],[-2.924142952026007,38.146749314192675],[-2.924166907506699,38.14668390768372],[-2.9241763765432767,38.14668335196353],[-2.9242267526225296,38.14668938777234],[-2.9242799793872223,38.14669014214368],[-2.9243268350669345,38.146689052496214],[-2.9244165222744054,38.14668075441156],[-2.9244515594699414,38.146682682249434],[-2.924504115682341,38.14670305111355],[-2.924579470672725,38.146714031407356],[-2.924664633328594,38.14672518017741],[-2.924732277805792,38.14676482741993],[-2.92481492672875,38.14682727427868],[-2.9249106170556316,38.14689478129267],[-2.924784172685991,38.14691124251328],[-2.9246325256083923,38.146997754655644],[-2.924483699041378,38.14700405617086]]]},"properties":{"dn_surface":865.120656635836,"provincia":23,"municipio":97,"agregado":0,"zona":0,"poligono":16,"parcela":186,"recinto":5,"uso_sigpac":"OV","idPanel":"23:97:0:0:16:186:5"},"id":1112590725},{"type":"Feature","geometry":{"type":"Polygon","coordinates":[[[-2.924219212261987,38.14646855143272],[-2.9243041980596893,38.14648964197875],[-2.924496653273502,38.14660003500282],[-2.9246208772768605,38.14668385655412],[-2.9246221354006012,38.14669022680093],[-2.9246070479739936,38.14670212910411],[-2.9244395725095016,38.146662481023384],[-2.924415097350782,38.14665988263326],[-2.924350722654207,38.14666239720435],[-2.924283163672427,38.146663235394726],[-2.92423337432643,38.14666734252751],[-2.924179979923664,38.146664241223135],[-2.9241741218111885,38.14666420937189],[-2.9241965123904654,38.14660307511929],[-2.924219212261987,38.14646855143272]]]},"properties":{"dn_surface":469.839844971648,"provincia":23,"municipio":97,"agregado":0,"zona":0,"poligono":16,"parcela":186,"recinto":4,"uso_sigpac":"OV","idPanel":"23:97:0:0:16:186:4"},"id":1112590726},{"type":"Feature","geometry":{"type":"Polygon","coordinates":[[[-2.924219212261987,38.14646855143272],[-2.9241965123904654,38.14660307511929],[-2.9241741218111885,38.14666420937189],[-2.9241079785329385,38.14666415656592],[-2.924037904141868,38.14667681324045],[-2.9239890376434645,38.14668486070616],[-2.9238305333304724,38.146717969225676],[-2.9236680895227543,38.14674914990735],[-2.923600195264828,38.14675032337385],[-2.9234714458716775,38.14674118626067],[-2.923310090873246,38.14671218403578],[-2.9230734638652778,38.146682091325204],[-2.9229080855530842,38.14668318097267],[-2.9227812656741596,38.146704387188976],[-2.9226862132101483,38.14671218235938],[-2.9225816891949883,38.14673439440412],[-2.9224995457008203,38.14674311158393],[-2.922418825453897,38.14673422592787],[-2.9222643436164755,38.14670388259836],[-2.9222079317283884,38.146699524008454],[-2.9221330461246104,38.14670177874055],[-2.922086011072159,38.14637031049253],[-2.92206797405365,38.146229489481726],[-2.9220629910119165,38.14619058571401],[-2.922057033154788,38.146144072854185],[-2.922262357943496,38.14602173058819],[-2.9223547022144314,38.14594712074904],[-2.9223558555643767,38.14595376843684],[-2.9223660018587707,38.146118393215914],[-2.9223900621132586,38.14625912873129],[-2.922420743233457,38.14634202743494],[-2.9224518409342664,38.14636222866102],[-2.922578075756316,38.14640003188475],[-2.922697856512538,38.146425933643485],[-2.922831047476443,38.146439344689355],[-2.9229900555418467,38.146439596984635],[-2.9231539251113787,38.146446387164815],[-2.923299941226091,38.14646231361999],[-2.923386109710402,38.1464744673803],[-2.923516367008023,38.14647145073317],[-2.9237084835929266,38.1464625659153],[-2.92388123798035,38.14645820816355],[-2.9239622088461936,38.14645812434452],[-2.9240462810163965,38.14645653178283],[-2.9241690784197494,38.14646047211576],[-2.924219212261987,38.14646855143272]]]},"properties":{"dn_surface":6600.74733834263,"provincia":23,"municipio":97,"agregado":0,"zona":0,"poligono":16,"parcela":183,"recinto":4,"uso_sigpac":"OV","idPanel":"23:97:0:0:16:183:4"},"id":1112590731},{"type":"Feature","geometry":{"type":"Polygon","coordinates":[[[-2.9221375949837323,38.14691254589931],[-2.9221610048024953,38.14689895212794],[-2.9221478636539193,38.14680620301104],[-2.9221355447700943,38.14671938492921],[-2.9221791817987968,38.146718215653635],[-2.922246993075877,38.146723748548254],[-2.9223618276707426,38.146740679993684],[-2.922431147690484,38.14675518152521],[-2.922487559578571,38.146766581752416],[-2.92252276441218,38.14676733612376],[-2.922566854063681,38.14676071441983],[-2.922671293421613,38.14673540023256],[-2.9227649209620012,38.14672978519528],[-2.922852597350782,38.146710673616724],[-2.9229471469005732,38.14669977714195],[-2.9231130281269864,38.14670656732213],[-2.9233804167214283,38.146741353898705],[-2.923523415350819,38.14676373441972],[-2.9236398425073826,38.14677262007581],[-2.923809159476111,38.14674923456454],[-2.9239920551287866,38.146710257874304],[-2.9240968306010555,38.14668796201053],[-2.924166907506699,38.14668390768372],[-2.924142952026007,38.146749314192675],[-2.924002215672416,38.14676796811926],[-2.9236294900181594,38.14687073528739],[-2.9231346668495033,38.146845621427644],[-2.9225188668269735,38.14715118707872],[-2.922261036955478,38.147169670014534],[-2.922202801165151,38.147199732550234],[-2.9221375949837323,38.14691254589931]]]},"properties":{"dn_surface":4063.9118600063,"provincia":23,"municipio":97,"agregado":0,"zona":0,"poligono":16,"parcela":183,"recinto":2,"uso_sigpac":"OV","idPanel":"23:97:0:0:16:183:2"},"id":1112590733},{"type":"Feature","geometry":{"type":"Polygon","coordinates":[[[-2.9251564247626916,38.147129761256565],[-2.9251873246505746,38.147161455748915],[-2.925236181928884,38.147208972760836],[-2.9252754343837757,38.1472406546803],[-2.9252962608998274,38.147259028651376],[-2.92535715878276,38.147291358492],[-2.9254225242203487,38.147318578724196],[-2.925406001811832,38.14731798277083],[-2.925017731917216,38.14730398582989],[-2.9250532443666897,38.14725937650036],[-2.9251564247626916,38.147129761256565]]]},"properties":{"dn_surface":307.7655037425364,"provincia":23,"municipio":97,"agregado":0,"zona":0,"poligono":16,"parcela":190,"recinto":2,"uso_sigpac":"OV","idPanel":"23:97:0:0:16:190:2"},"id":1210208257},{"type":"Feature","geometry":{"type":"Polygon","coordinates":[[[-2.9212849810367807,38.14710853157095],[-2.92128244467273,38.14713223307999],[-2.921265309547055,38.147362133610244],[-2.9214108244239285,38.1474659686329],[-2.921762831688692,38.14742700367731],[-2.922202801165151,38.147199732550234],[-2.922261036955478,38.147169670014534],[-2.9225188668269735,38.14715118707872],[-2.9231346668495033,38.146845621427644],[-2.9236294900181594,38.14687073528739],[-2.924002215672416,38.14676796811926],[-2.924142952026007,38.146749314192675],[-2.924326833390553,38.146725011701164],[-2.9246054981600045,38.146865701954255],[-2.924483699041378,38.14700405617086],[-2.924346334727635,38.14729660640191],[-2.9244558727975702,38.1474306062195],[-2.9241189378719885,38.1476855317614],[-2.923888116170502,38.14796242794915],[-2.923855441833612,38.14832813878823],[-2.9238468973210088,38.148424027766254],[-2.924744247164234,38.148575130020106],[-2.9249307126696835,38.1487077376035],[-2.9253230335383438,38.14898666388834],[-2.9250759366944985,38.14933195724828],[-2.924856406255448,38.149614810455006],[-2.9243458469008417,38.149335264747435],[-2.9241839018163924,38.149218804901466],[-2.9241139053770246,38.149142061029636],[-2.9240618101693276,38.14908173227798],[-2.9239917131471165,38.14899228060199],[-2.9239122325837457,38.14892607529768],[-2.9238347938521083,38.14887348052849],[-2.9236642430671598,38.148803970239555],[-2.9236076928776615,38.14874760361374],[-2.9235631774254545,38.1486427568953],[-2.9235007565506255,38.148524739691595],[-2.923443314526576,38.148449085467234],[-2.923311280265378,38.14832777752818],[-2.923145382275157,38.148175443134505],[-2.9228894919761705,38.14797167654166],[-2.9227798985856706,38.147892292370216],[-2.9227136580773387,38.14782735692427],[-2.9226765103184587,38.147772173823256],[-2.9226028970876565,38.14766496424616],[-2.9225174578289663,38.14762480067836],[-2.922413393980318,38.14760598414276],[-2.922016902276391,38.14762031635988],[-2.921549502181977,38.147667766316545],[-2.9211604829451727,38.14773770911174],[-2.9210986177905562,38.14774550763494],[-2.921045684392493,38.14772519241501],[-2.920949420743401,38.14766960865896],[-2.9208776196801733,38.14757735994175],[-2.920632132161834,38.14715305624324],[-2.920551593802219,38.14701393592071],[-2.9205021548197956,38.14692936251265],[-2.919673730208649,38.14628528529988],[-2.9199775272780677,38.146078025967796],[-2.920397028145762,38.14609679221192],[-2.921108925017501,38.14642876756514],[-2.92180435983043,38.14614588418354],[-2.9218959480536553,38.146196598053535],[-2.9216649536849526,38.14631018039199],[-2.9213108995593133,38.14645378084208],[-2.921312073864017,38.1468518701368],[-2.9212849810367807,38.14710853157095]]]},"properties":{"dn_surface":49937.8491929276,"provincia":23,"municipio":97,"agregado":0,"zona":0,"poligono":16,"parcela":195,"recinto":3,"uso_sigpac":"OV","idPanel":"23:97:0:0:16:195:3"},"id":1112590703},{"type":"Feature","geometry":{"type":"Polygon","coordinates":[[[-2.9249106170556316,38.14689478129267],[-2.924982367827438,38.14696443491218],[-2.9250435892518514,38.147022173655614],[-2.9250871541961825,38.14705849747335],[-2.9251564247626916,38.147129761256565],[-2.9250532443666897,38.14725937650036],[-2.925017731917216,38.14730398582989],[-2.924853050141218,38.147301985069504],[-2.9244558727975702,38.1474306062195],[-2.924346334727635,38.14729660640191],[-2.924483699041378,38.14700405617086],[-2.9246325256083923,38.146997754655644],[-2.924784172685991,38.14691124251328],[-2.9249106170556316,38.14689478129267]]]},"properties":{"dn_surface":2535.997243044138,"provincia":23,"municipio":97,"agregado":0,"zona":0,"poligono":16,"parcela":187,"recinto":4,"uso_sigpac":"OV","idPanel":"23:97:0:0:16:187:4"},"id":1210208262},{"type":"Feature","geometry":{"type":"Polygon","coordinates":[[[-2.9249467246202663,38.146890079882894],[-2.924922033208432,38.14686775300609],[-2.9248451015819663,38.146817299813335],[-2.9247681523535043,38.146763822429705],[-2.924659602510011,38.146686454944245],[-2.924509309109855,38.146574301720364],[-2.9243067117926005,38.14646835110523],[-2.924222715897722,38.14644779113368],[-2.9242315336603837,38.146395536669814],[-2.924261254214421,38.146348420312904],[-2.9243208814007566,38.14618397825936],[-2.924405367637,38.14603911130365],[-2.924475021256508,38.1458903576592],[-2.9245147506417184,38.145765108549],[-2.924547935436543,38.14556540969406],[-2.924569612715817,38.14545961582047],[-2.924663515182645,38.14548076671619],[-2.9248213757654358,38.14545338136051],[-2.9249344719534798,38.14545345512127],[-2.924999288376378,38.14545899555961],[-2.9249981048515803,38.14550423604646],[-2.9249618899985785,38.14688810594458],[-2.9249467246202663,38.146890079882894]]]},"properties":{"dn_surface":6870.89268473266,"provincia":23,"municipio":97,"agregado":0,"zona":0,"poligono":16,"parcela":186,"recinto":1,"uso_sigpac":"OV","idPanel":"23:97:0:0:16:186:1"},"id":1112590727},{"type":"Feature","geometry":{"type":"Polygon","coordinates":[[[-2.9227405589589814,38.14924128432895],[-2.92268950562191,38.149206004058186],[-2.9223526561917454,38.1489309812259],[-2.9222965670069496,38.148872181333445],[-2.92208395834395,38.148642305110684],[-2.922052931889321,38.1486050014484],[-2.922014290475207,38.14855854307092],[-2.922022487138807,38.14855465051485],[-2.9220154304141057,38.14853813984101],[-2.9219968368371925,38.14850117229304],[-2.9219915553996896,38.148485833409325],[-2.9219887893714778,38.14848147481942],[-2.922023322814603,38.148459932488805],[-2.9220433555643774,38.148447024357125],[-2.9220271298752496,38.14843170139903],[-2.9220380791560157,38.14842209406106],[-2.922018260982976,38.148279517879615],[-2.922006429925944,38.148242738924495],[-2.9219267884300226,38.14815640112573],[-2.9218913723724413,38.14813655529241],[-2.9218692257065606,38.14813537428219],[-2.9218443146888506,38.14815266866404],[-2.9218149243818186,38.14813123613632],[-2.9217998721592044,38.14809335160811],[-2.9217718464260907,38.14806651442896],[-2.9217452942316404,38.14804317585637],[-2.921689133800663,38.148090945163574],[-2.9216714320583006,38.14807577559429],[-2.921646320713092,38.1480850870511],[-2.921582748164698,38.14816083599095],[-2.9216284831838895,38.1481958472026],[-2.9216447088730164,38.14821101593364],[-2.9216517513484805,38.1482363695159],[-2.9216328333918953,38.14824855848019],[-2.921612710117561,38.148261523608795],[-2.92157320955832,38.148234947945014],[-2.9215362520686536,38.14821572572532],[-2.9214447828684618,38.14816823385914],[-2.9212824212033994,38.14806647503403],[-2.921013771970646,38.147939904097655],[-2.9209281064005554,38.14791115332983],[-2.920816623728968,38.14785801038417],[-2.9207617205835414,38.14783445639668],[-2.920696594868397,38.147802708260144],[-2.920681891332977,38.14779100544621],[-2.920396829494645,38.147501868326316],[-2.9203502336539464,38.147427671715036],[-2.9202653199406163,38.14729590483657],[-2.920205721252752,38.14721275383758],[-2.9201926446448345,38.14719205053552],[-2.920113766740338,38.14708442353958],[-2.920096331542511,38.147070006665274],[-2.920065400641584,38.14705014071541],[-2.920018627942718,38.147021641404734],[-2.9199100143967573,38.14696578607504],[-2.9197981738178838,38.146872455254055],[-2.9196949674379806,38.14677047514664],[-2.9196616267397477,38.1466905478278],[-2.919626923143978,38.14661913149396],[-2.9196099070413353,38.1465890396216],[-2.9195939805861695,38.146564145367705],[-2.919555337495675,38.14650086031861],[-2.9195092529511006,38.14644751117811],[-2.9196235963664114,38.1463158934975],[-2.9204499674111584,38.146958347135524],[-2.9204945088472667,38.147034624973514],[-2.9208221289632985,38.14760075467308],[-2.9209023638980005,38.147703824427964],[-2.921013112314827,38.14776780014594],[-2.9210889760867644,38.147796963303364],[-2.921172414585049,38.147786385340936],[-2.9215605201943533,38.14771662191848],[-2.921780238388046,38.147694330245685],[-2.9220223278826376,38.14766971008001],[-2.9224077496063856,38.147655820427445],[-2.9224937848184274,38.147671379755224],[-2.922555953397957,38.147700622540754],[-2.9226212484275558,38.147795659917335],[-2.9226610172077123,38.14785480933517],[-2.922733983355551,38.14792632876643],[-2.92284597229412,38.1480074278754],[-2.923099239895447,38.14820911994704],[-2.9231075631257926,38.14821678603616],[-2.923392269571409,38.1484781622911],[-2.923444582708602,38.148547143681924],[-2.9235043834003434,38.148660202151405],[-2.9235516313531478,38.14877162950242],[-2.923623458400277,38.14884314809552],[-2.9237994850828937,38.148914825106544],[-2.923868826895584,38.14896200684231],[-2.9239416932987683,38.149022710265086],[-2.924009169299702,38.14910873541885],[-2.924062517601998,38.149170507534336],[-2.924136846647373,38.14925194024306],[-2.924306660662989,38.14937408301972],[-2.9242890083738566,38.149782524803726],[-2.924202210408581,38.15006266981737],[-2.924147607335305,38.149999094754406],[-2.923903559828017,38.15024463172597],[-2.923788179571222,38.15036071522448],[-2.9234850538922874,38.150464970180565],[-2.923413835371366,38.15046555356105],[-2.9233428297507955,38.15048109780139],[-2.9230901849249116,38.15054996603655],[-2.923063136521765,38.15054967769902],[-2.9230123748749413,38.150523777616684],[-2.922914382877313,38.15047828818729],[-2.9227546950395227,38.15038679300318],[-2.922284968966839,38.15024236442105],[-2.9222476686573122,38.15022278177949],[-2.9222224835513524,38.1501866247616],[-2.9222178215365306,38.15017012833701],[-2.9222705210794815,38.150088959658234],[-2.9224453181368295,38.150003414787534],[-2.922496950663444,38.14997659185761],[-2.922543051133635,38.149951278508524],[-2.9226075088110575,38.14991246945635],[-2.9226602309851493,38.14987357658512],[-2.9227215856818307,38.14981741699236],[-2.922778666445831,38.1497622623898],[-2.9227918251964042,38.14974189436387],[-2.922820658106843,38.149691265989304],[-2.922849323379208,38.14962094014115],[-2.922872372776113,38.14956369090086],[-2.922887039431157,38.149510799412326],[-2.9228960072298946,38.149455645648004],[-2.922886281707065,38.1493940369796],[-2.922869936156716,38.14935221044212],[-2.92283540019902,38.14930627593361],[-2.922817881182157,38.14928515353634],[-2.9227937404613935,38.14926864034794],[-2.9227814190629973,38.149261180453664],[-2.9227405589589814,38.14924128432895]]]},"properties":{"dn_surface":44855.7391404057,"provincia":23,"municipio":97,"agregado":0,"zona":0,"poligono":15,"parcela":16,"recinto":1,"uso_sigpac":"OV","idPanel":"23:97:0:0:15:16:1"},"id":1112589823},{"type":"Feature","geometry":{"type":"Polygon","coordinates":[[[-2.9229287603566805,38.150526781690985],[-2.9230176202702594,38.15063856192015],[-2.922867533903124,38.15086282729658],[-2.9224863768919627,38.151036245530776],[-2.921900126432635,38.151103082830645],[-2.921776635845848,38.151098583424755],[-2.9211708505218237,38.15107645016994],[-2.920637804196048,38.15101119034432],[-2.9201128732294066,38.15086526643054],[-2.919736203889472,38.150760554660735],[-2.919658051019642,38.150735084570044],[-2.9193739614821355,38.150540754324425],[-2.9193023188368863,38.15030249955075],[-2.9193510570921632,38.150089385458955],[-2.9190850883922037,38.15023394144603],[-2.9188392303937216,38.150252063959954],[-2.918395333995392,38.150185597978435],[-2.9183760489114254,38.15018270035432],[-2.918375521689684,38.15014394578452],[-2.9183956835207745,38.14986907466465],[-2.9184086620604193,38.14969207484302],[-2.9183959475507404,38.14963032954964],[-2.918391633384921,38.14960932701362],[-2.9183770639599595,38.14958438079188],[-2.9183654625670887,38.14952699744117],[-2.918345883278303,38.149490186634836],[-2.9182993938877817,38.14945139602284],[-2.9180195916940024,38.148972319936604],[-2.9179994591995753,38.14892548772619],[-2.9180038320387203,38.148919427609854],[-2.9180184618133875,38.14889743852376],[-2.9180393168279126,38.14887096847198],[-2.9180603621116497,38.148845811864476],[-2.9183968653691923,38.1487992746971],[-2.9185746472224383,38.14877471823394],[-2.918643094686007,38.14878405902738],[-2.9187637966134425,38.14877869460901],[-2.9188224699391405,38.148756985478514],[-2.9188690724853616,38.14868146285008],[-2.918884826273312,38.14853167487871],[-2.9188631892271752,38.14843234764382],[-2.918877419185037,38.148213882544724],[-2.918891814266402,38.14799191129532],[-2.9188907673666336,38.14790629098752],[-2.918877393201136,38.14785821825538],[-2.918877850014886,38.14780251547634],[-2.91882386133515,38.14752196561676],[-2.918823943477806,38.147430685009425],[-2.9188961259176502,38.14688283205078],[-2.919478439396825,38.14651623272991],[-2.919615364498816,38.14674948602166],[-2.9197636822842763,38.14689613497012],[-2.9199071226399913,38.14701583190731],[-2.920044647048094,38.147119303155364],[-2.920136293944644,38.147221299188374],[-2.920298437680211,38.147460697253706],[-2.9206475129550697,38.14781486537322],[-2.920724939113852,38.14787647487978],[-2.920783786783146,38.14791563010459],[-2.9213338559170876,38.14815376082609],[-2.921453053292814,38.1482156687284],[-2.92154578816046,38.14826385964534],[-2.9216450089451675,38.148330620669924],[-2.9217794513272914,38.14843877404937],[-2.921867027133228,38.14850922227336],[-2.9219719576707153,38.14857328264853],[-2.9220463889753154,38.148662829040006],[-2.9222599087512435,38.14889369684198],[-2.9223179366703587,38.14895448073099],[-2.9226579787676314,38.14923211955545],[-2.9227664372483746,38.14930699677734],[-2.922803809642274,38.14936614451878],[-2.9228231332829973,38.1494417735974],[-2.92281816281412,38.14950215515509],[-2.922799492961883,38.14956541170568],[-2.9227460742515965,38.14968028653371],[-2.9226714719561615,38.14975296853501],[-2.92232063396696,38.14997119894079],[-2.922231394353145,38.15007018754676],[-2.922169663308987,38.150165318800674],[-2.922179328482111,38.15019948344005],[-2.922213060615245,38.15024790402117],[-2.9222638205856875,38.15027452578542],[-2.92273263470725,38.150418682793884],[-2.9228893570275223,38.15050846387871],[-2.9229287603566805,38.150526781690985]],[[-2.9209996576830535,38.14828120850956],[-2.920937839467099,38.1482644589515],[-2.9209240101642315,38.148295808109395],[-2.9209082580526626,38.14852866326072],[-2.9209339938496943,38.14863754670398],[-2.921095855953298,38.14879429249356],[-2.921233661155174,38.14894961335955],[-2.9213265401915627,38.14916344075135],[-2.9214351730159027,38.14920300501302],[-2.921485129999973,38.14920711214583],[-2.9215627472661576,38.14917173967419],[-2.921588729491158,38.1490778606767],[-2.921583697834384,38.14898523812653],[-2.921470195962202,38.14867744708002],[-2.9213135289624947,38.14844450810966],[-2.921158999348223,38.14834287082209],[-2.921064060878101,38.14828735663593],[-2.9209996576830535,38.14828120850956]]]},"properties":{"dn_surface":119417.28305530807,"provincia":23,"municipio":97,"agregado":0,"zona":0,"poligono":15,"parcela":17,"recinto":2,"uso_sigpac":"OV","idPanel":"23:97:0:0:15:17:2"},"id":1155764119},{"type":"Feature","geometry":{"type":"Polygon","coordinates":[[[-2.9259466136438617,38.14615763896526],[-2.9259873346082763,38.146178754657],[-2.9260444002848502,38.14619957865847],[-2.926071486406564,38.14623173247915],[-2.926128332477261,38.14626730108739],[-2.926245420966024,38.14633508973333],[-2.9263268519983794,38.14640553711911],[-2.926350075738881,38.14643900186951],[-2.926223751230464,38.14657212829272],[-2.9261064255338263,38.14657637875612],[-2.9260678101036137,38.14663871329731],[-2.9260656710417967,38.146642165803456],[-2.9260524511033266,38.14666350613018],[-2.926042987934082,38.14667878214962],[-2.9256417529108676,38.147326471962884],[-2.925497356179944,38.14732127266802],[-2.925412486890702,38.14728379633851],[-2.9252987042247476,38.147221042702114],[-2.9252653828048936,38.14720268800946],[-2.925259125713802,38.14719355927818],[-2.9252177995759427,38.147151345496724],[-2.925179128825165,38.14711866696885],[-2.925174490279674,38.147107067252364],[-2.9252418212736746,38.147022486300614],[-2.9253571973395163,38.146916484555845],[-2.9254228653638283,38.146983221272876],[-2.9254412276002006,38.147001879390444],[-2.9254705181625793,38.14703164772135],[-2.9255678144622035,38.14697141619976],[-2.9256194436360565,38.146898628586456],[-2.925648673848729,38.14686243887914],[-2.9256621762573523,38.14683446762842],[-2.925653811117489,38.14680893718804],[-2.9256452305627003,38.14678952721371],[-2.925643827432026,38.146786352986766],[-2.9256387505129724,38.146774867264185],[-2.9256372409321214,38.14677145331481],[-2.925676687847178,38.14675284297408],[-2.9259466136438617,38.14615763896526]]]},"properties":{"dn_surface":4279.839734842387,"provincia":23,"municipio":97,"agregado":0,"zona":0,"poligono":16,"parcela":190,"recinto":3,"uso_sigpac":"OV","idPanel":"23:97:0:0:16:190:3"},"id":1210208259},{"type":"Feature","geometry":{"type":"Polygon","coordinates":[[[-2.925492233998611,38.145413532114105],[-2.92598690880757,38.14546351089112],[-2.9257475635482404,38.14606017418939],[-2.9258299241337133,38.14609735882863],[-2.9259466136438617,38.14615763896526],[-2.925676687847178,38.14675284297408],[-2.9256372409321214,38.14677145331481],[-2.925570202466559,38.14675115988783],[-2.925522244566515,38.146755913265395],[-2.9255181944306603,38.146760694303254],[-2.925448826634068,38.14679772555368],[-2.9254062172267568,38.14679094962278],[-2.925343114903159,38.146780913131295],[-2.9253361847452033,38.14677771962599],[-2.9253055488872857,38.14679165370265],[-2.9252234431116837,38.14685538802178],[-2.9252880592070856,38.14694712544289],[-2.9252868974752366,38.14695390221203],[-2.9252418212736746,38.147022486300614],[-2.925174490279674,38.147107067252364],[-2.925137820289303,38.14706690619914],[-2.925080136028238,38.147007307511245],[-2.9250525578887796,38.14698448694031],[-2.9250694826286714,38.14699483020948],[-2.925076468107192,38.146987703076775],[-2.925063963983295,38.146980060457],[-2.9250403672480796,38.14696563771537],[-2.925035627281554,38.14697047575018],[-2.9250036017040073,38.146943974685314],[-2.9249467246202663,38.14689008072108],[-2.9249618899985785,38.14688810594458],[-2.9249981048515803,38.14550423604646],[-2.924999288376378,38.14545899555961],[-2.925097635766722,38.14548609760695],[-2.9253171477655853,38.145433876670694],[-2.9253264055781902,38.14542054441472],[-2.9254244419999087,38.14541637190305],[-2.925492233998611,38.145413532114105]]]},"properties":{"dn_surface":11810.311964323164,"provincia":23,"municipio":97,"agregado":0,"zona":0,"poligono":16,"parcela":187,"recinto":3,"uso_sigpac":"OV","idPanel":"23:97:0:0:16:187:3"},"id":1210208261},{"type":"Feature","geometry":{"type":"Polygon","coordinates":[[[-2.9253851107551223,38.147411925470806],[-2.925415525330783,38.14746809428368],[-2.9255997780136624,38.1475016193838],[-2.925605769398407,38.14757472048029],[-2.9255983078277588,38.1476514911742],[-2.9256099829813826,38.147672118200944],[-2.925560856643966,38.14764708899838],[-2.9254133627996364,38.14768908233577],[-2.925401832652946,38.14769240995156],[-2.92537672633688,38.147577753053014],[-2.9253661911221553,38.14757683942554],[-2.925366269912051,38.14751584515071],[-2.925318218134684,38.14751581413768],[-2.925319467876522,38.14757816460451],[-2.925300487893848,38.14757923497359],[-2.9250846630944114,38.147590360274336],[-2.9250734774439615,38.147590983887966],[-2.9250787999527925,38.14755109357023],[-2.925096707889986,38.14741687498491],[-2.9251026439541663,38.14741516675295],[-2.9253851107551223,38.147411925470806]]]},"properties":{"dn_surface":862.47314453125,"provincia":23,"municipio":97,"agregado":0,"zona":0,"poligono":16,"parcela":372,"recinto":2,"uso_sigpac":"OV","idPanel":"23:97:0:0:16:372:2"},"id":1179528849},{"type":"Feature","geometry":{"type":"Polygon","coordinates":[[[-2.9247656956175385,38.147685686826605],[-2.924521332950671,38.14759035273062],[-2.924317298975128,38.148012010262136],[-2.924612134951331,38.148192096300704],[-2.924723112194127,38.14825985393358],[-2.924727721402957,38.14832871378681],[-2.924744247164234,38.148575130020106],[-2.9238468973210088,38.148424027766254],[-2.923855441833612,38.14832813878823],[-2.923888116170502,38.14796242794915],[-2.9241189378719885,38.1476855317614],[-2.9244558727975702,38.1474306062195],[-2.924853050141218,38.147301985069504],[-2.925017731917216,38.14730398582989],[-2.925406001811832,38.147317983609014],[-2.9254225242203487,38.147318578724196],[-2.9254763603494376,38.14734006070512],[-2.925527040691795,38.147366522374995],[-2.9255625087171797,38.14739377613478],[-2.9255847878171375,38.14742582518167],[-2.9255997780136624,38.1475016193838],[-2.925415525330783,38.14746809428368],[-2.9253851107551223,38.147411925470806],[-2.9251026439541663,38.14741516675295],[-2.925096707889986,38.14741687498491],[-2.9250787999527925,38.14755109357023],[-2.925037628880151,38.14755318820792],[-2.9249783646302436,38.147556602157294],[-2.9248672792608907,38.14756300090255],[-2.924855465805856,38.14760235813128],[-2.9248508859336906,38.14760269592199],[-2.9247593815295025,38.14760943497254],[-2.9247656956175385,38.147685686826605]]]},"properties":{"dn_surface":7481.80925669085,"provincia":23,"municipio":97,"agregado":0,"zona":0,"poligono":16,"parcela":305,"recinto":1,"uso_sigpac":"OV","idPanel":"23:97:0:0:16:305:1"},"id":1112591673},{"type":"Feature","geometry":{"type":"Polygon","coordinates":[[[-2.9207604884437015,38.145695439842086],[-2.9207943513345325,38.1456186750155],[-2.920663433542903,38.14552890901811],[-2.9203700895455533,38.14525454248886],[-2.920257677320848,38.1451492867335],[-2.920414145669439,38.144826201227374],[-2.92054120778538,38.14467902254262],[-2.920612136292436,38.14451855686417],[-2.92060031780826,38.1444715922197],[-2.9206937089789635,38.144434794824434],[-2.9215805780898374,38.144085622319466],[-2.9218137316369255,38.14397447408584],[-2.9218187415007493,38.143962245726556],[-2.921840161455581,38.143909961926056],[-2.921965555572691,38.14393402050416],[-2.922019178801427,38.14394721529692],[-2.9234659800322937,38.14430337579495],[-2.9236722100665986,38.144181300911725],[-2.9236756357506293,38.14417932026785],[-2.9236851131691104,38.14417364907183],[-2.9236898439155423,38.144234307232324],[-2.9237023421721062,38.14428785083297],[-2.923692921750571,38.14434849893516],[-2.9236663628505983,38.144428784161306],[-2.923619387309664,38.144497970070574],[-2.923549246701553,38.144564617101224],[-2.9234827748526797,38.14461639547298],[-2.923397683442991,38.14468375328909],[-2.923330544394586,38.14471777711245],[-2.9232697806221113,38.144766584937486],[-2.9231970541967183,38.144795917409425],[-2.9226710243625056,38.144942741539666],[-2.9226616634524856,38.14494534914988],[-2.922327005051941,38.14499397173486],[-2.9220804270479337,38.14506275196004],[-2.921782932331886,38.14514862121038],[-2.9215912608260663,38.14520391830527],[-2.9215080218170897,38.14524450851201],[-2.921386516065091,38.145318419300395],[-2.921274464262245,38.14540946102346],[-2.921163668906759,38.14549951116737],[-2.9210411229605153,38.14558459670974],[-2.9209376584179787,38.1456488758526],[-2.920798383868389,38.14568951718894],[-2.9207604884437015,38.145695439842086]]]},"properties":{"dn_surface":29575.8564472083,"provincia":23,"municipio":97,"agregado":0,"zona":0,"poligono":15,"parcela":76,"recinto":1,"uso_sigpac":"OV","idPanel":"23:97:0:0:15:76:1"},"id":1112589654},{"type":"Feature","geometry":{"type":"Polygon","coordinates":[[[-2.9207468879668053,38.145793073932396],[-2.92083980304538,38.14577430517372],[-2.920962805805374,38.145727992641355],[-2.9211197795827553,38.14563195865642],[-2.9212252683550273,38.14553732361122],[-2.9213550017836685,38.145426441922126],[-2.9214219983397127,38.14536071857728],[-2.9215177465017286,38.14531247317794],[-2.9216201431897364,38.14527714764489],[-2.921734051584247,38.14523848108507],[-2.9219037021527408,38.14518024110379],[-2.9221121198639044,38.14511820076737],[-2.9222175365518055,38.1450905295888],[-2.9224313857365476,38.14504619015656],[-2.92252828976308,38.14505008271263],[-2.9226506638802983,38.145023378805746],[-2.9226991406201805,38.14500140899801],[-2.922801059539679,38.14498161345614],[-2.9229484402283097,38.144926153752294],[-2.9230925016830858,38.14487853531932],[-2.923276427471723,38.14482218713371],[-2.9231900108830637,38.14493257931963],[-2.923087251258626,38.145084630404995],[-2.922912575738881,38.14535704814162],[-2.922791542726251,38.14549526824774],[-2.9227609496160416,38.14553642423297],[-2.922755585197692,38.14556031349662],[-2.9227572624166163,38.1455940934066],[-2.922756370582066,38.145612620766485],[-2.9227192471307064,38.14564657166727],[-2.922648484585344,38.14576161497155],[-2.922376375302754,38.145931114665785],[-2.9223682406652416,38.145936181526565],[-2.9223547022144314,38.14594712074904],[-2.922262357943496,38.14602173058819],[-2.922057033154788,38.146144072854185],[-2.9218959480536553,38.146196598053535],[-2.92180435983043,38.14614588418354],[-2.921108925017501,38.14642876756514],[-2.920397028145762,38.14609679221192],[-2.92046844028866,38.14601825125999],[-2.920613873861067,38.145981850328695],[-2.9206392492362405,38.14583847702821],[-2.920727709333015,38.14582610030925],[-2.9207468879668053,38.145793073932396]]]},"properties":{"dn_surface":18721.1984537415,"provincia":23,"municipio":97,"agregado":0,"zona":0,"poligono":16,"parcela":178,"recinto":1,"uso_sigpac":"OV","idPanel":"23:97:0:0:16:178:1"},"id":1112590751},{"type":"Feature","geometry":{"type":"Polygon","coordinates":[[[-2.9239312972236453,38.14570424922283],[-2.923892385074043,38.145810842730015],[-2.92357289205181,38.145979167281354],[-2.923422959911702,38.1452913130621],[-2.9234209164035865,38.145281668005566],[-2.9234731155468885,38.145238081268275],[-2.9235331609902184,38.14522189832684],[-2.92371474822773,38.14509467024919],[-2.923790525666059,38.14509472054061],[-2.9238816939559094,38.145553705203724],[-2.9239312972236453,38.14570424922283]]]},"properties":{"dn_surface":2792.26991860573,"provincia":23,"municipio":97,"agregado":0,"zona":0,"poligono":16,"parcela":185,"recinto":1,"uso_sigpac":"OV","idPanel":"23:97:0:0:16:185:1"},"id":1112590728},{"type":"Feature","geometry":{"type":"Polygon","coordinates":[[[-2.92357289205181,38.145979167281354],[-2.923140347265621,38.1462120366819],[-2.923019123983778,38.14557602286047],[-2.9230267087684103,38.14552600804129],[-2.92297723122923,38.14547532350795],[-2.9230320413355253,38.14544606982594],[-2.9231314272437343,38.145461096902864],[-2.9234209164035865,38.145281668005566],[-2.923422959911702,38.1452913130621],[-2.92357289205181,38.145979167281354]]]},"properties":{"dn_surface":3200.52518316266,"provincia":23,"municipio":97,"agregado":0,"zona":0,"poligono":16,"parcela":184,"recinto":1,"uso_sigpac":"OV","idPanel":"23:97:0:0:16:184:1"},"id":1112590729},{"type":"Feature","geometry":{"type":"Polygon","coordinates":[[[-2.924222715897722,38.14644779113368],[-2.924173687628578,38.14643591229981],[-2.9241242335587283,38.14643071551953],[-2.924023061466846,38.14643373300487],[-2.9239593581607557,38.14643356452859],[-2.9237411730172442,38.146440102413436],[-2.9235926431696204,38.14644471162228],[-2.923434138018438,38.14645242297365],[-2.9232261787974045,38.14643800526116],[-2.92279441771921,38.14642107213936],[-2.922701376073889,38.14640967191215],[-2.9225949233826953,38.146376394916416],[-2.9224746397122523,38.14633699829278],[-2.9224380929358658,38.14630254783049],[-2.9224054839778235,38.14621654782246],[-2.9223956746359567,38.14612149452026],[-2.922388799798566,38.14607556084994],[-2.9223789904567,38.14597740624339],[-2.9223772294187382,38.145939016286405],[-2.922376375302754,38.145931114665785],[-2.922648484585344,38.14576161497155],[-2.9227192471307064,38.14564657166727],[-2.922756370582066,38.145612620766485],[-2.9227980286433115,38.14557452333793],[-2.9228077776354713,38.14556560750697],[-2.92297723122923,38.14547532350795],[-2.9230267087684103,38.14552600804129],[-2.923019123983778,38.14557602286047],[-2.923140347265621,38.1462120366819],[-2.92357289205181,38.145979167281354],[-2.923892385074043,38.145810842730015],[-2.9239312972236453,38.14570424922283],[-2.924060176536302,38.14567107783907],[-2.924139187713068,38.14563498871462],[-2.924486590798145,38.14551309655684],[-2.924517557741258,38.145474181892666],[-2.924569612715817,38.14545961582047],[-2.924547935436543,38.14556540969406],[-2.9245147506417184,38.145765108549],[-2.924475021256508,38.1458903576592],[-2.924405367637,38.14603911130365],[-2.9243208814007566,38.14618397825936],[-2.924261254214421,38.146348420312904],[-2.9242315336603837,38.146395536669814],[-2.924222715897722,38.14644779113368]]]},"properties":{"dn_surface":12186.2086367281,"provincia":23,"municipio":97,"agregado":0,"zona":0,"poligono":16,"parcela":183,"recinto":1,"uso_sigpac":"OV","idPanel":"23:97:0:0:16:183:1"},"id":1112590734},{"type":"Feature","geometry":{"type":"Polygon","coordinates":[[[-2.921018701368195,38.14372413176889],[-2.921012314357597,38.143747575953455],[-2.921080021699072,38.14380236342862],[-2.9211524413467904,38.14376578061004],[-2.9211751345127897,38.143889016386964],[-2.921174441329356,38.14391126615027],[-2.921202622965879,38.143935627315074],[-2.9212315925013477,38.14395036856908],[-2.92131475272043,38.14393843441462],[-2.921389867988369,38.14397513290348],[-2.92146722206278,38.14395915196593],[-2.9215038099104946,38.14389590128263],[-2.921508374695234,38.1438959046354],[-2.9215813835907807,38.14392592693795],[-2.921625813547571,38.14389570514609],[-2.9216317051876604,38.143869893911926],[-2.9217842541580947,38.143899198723545],[-2.921840161455581,38.143909961926056],[-2.9218137316369255,38.14397447408584],[-2.9215805780898374,38.144085622319466],[-2.9206937089789635,38.144434794824434],[-2.92068322154109,38.14442370221309],[-2.9208793664688986,38.14391912921408],[-2.9207993419199783,38.14383687843156],[-2.9208117236680824,38.14380469695058],[-2.920813162002752,38.1438009586216],[-2.920813276834832,38.14380066022582],[-2.920829116118199,38.143807753830885],[-2.9208984453580347,38.14380780076951],[-2.920959759821579,38.14378723660707],[-2.9209969696065468,38.1437563543212],[-2.921018701368195,38.14372413176889]]]},"properties":{"dn_surface":3182.7128828990485,"provincia":23,"municipio":97,"agregado":0,"zona":0,"poligono":15,"parcela":77,"recinto":3,"uso_sigpac":"OV","idPanel":"23:97:0:0:15:77:3"},"id":1155764192},{"type":"Feature","geometry":{"type":"Polygon","coordinates":[[[-2.9208117236680824,38.14380469695058],[-2.9207993419199783,38.14383687843156],[-2.9208793664688986,38.14391912921408],[-2.92068322154109,38.14442370221309],[-2.9203530625464356,38.14410992397279],[-2.920329801925558,38.14398571421867],[-2.920496841531059,38.143805035579504],[-2.9205514328696682,38.14374368172102],[-2.9205515401580353,38.14374356102161],[-2.9206421736824315,38.143727831541185],[-2.920704188873123,38.1437278734507],[-2.9207971307737908,38.143802593930985],[-2.9208117236680824,38.14380469695058]]]},"properties":{"dn_surface":2194.4423060659396,"provincia":23,"municipio":97,"agregado":0,"zona":0,"poligono":15,"parcela":78,"recinto":1,"uso_sigpac":"OV","idPanel":"23:97:0:0:15:78:1"},"id":1155764188},{"type":"Feature","geometry":{"type":"Polygon","coordinates":[[[-2.9205514328696682,38.14374368172102],[-2.920496841531059,38.143805035579504],[-2.920329801925558,38.14398571421867],[-2.9203530625464356,38.14410992397279],[-2.92068322154109,38.14442370221309],[-2.9206937089789635,38.144434794824434],[-2.92060031780826,38.1444715922197],[-2.920612136292436,38.14451855686417],[-2.92054120778538,38.14467902254262],[-2.920414145669439,38.144826201227374],[-2.920257677320848,38.1451492867335],[-2.9203700895455533,38.14525454248886],[-2.920663433542903,38.14552890901811],[-2.9207943513345325,38.1456186750155],[-2.9207604884437015,38.145695439842086],[-2.9206464593497787,38.14571338633601],[-2.9205873359158536,38.14572046569188],[-2.9204497100867157,38.14571334107376],[-2.9202530404517377,38.145639481414975],[-2.9198782813476485,38.14540705541714],[-2.9197628977380927,38.145306033361294],[-2.919698503763139,38.145227758953865],[-2.9195502161525315,38.14516051094077],[-2.9192516426854818,38.14508189203707],[-2.9190328934398524,38.14495502102852],[-2.9190284594128104,38.144940237026844],[-2.9189528429070317,38.14468882098802],[-2.9191663165824897,38.144734033814615],[-2.91939452145365,38.14477096532039],[-2.9200254851781122,38.144893977300455],[-2.920215626986511,38.14445807807644],[-2.920261032596888,38.14415483337447],[-2.9202097378609917,38.14399383209238],[-2.9201586518344973,38.1438509466187],[-2.920126277569757,38.14376763971629],[-2.920296907982791,38.143746921326795],[-2.9205514328696682,38.14374368172102]]]},"properties":{"dn_surface":10618.4840047051,"provincia":23,"municipio":97,"agregado":0,"zona":0,"poligono":15,"parcela":75,"recinto":4,"uso_sigpac":"OV","idPanel":"23:97:0:0:15:75:4"},"id":1112589661},{"type":"Feature","geometry":{"type":"Polygon","coordinates":[[[-2.9207468879668053,38.145793073932396],[-2.920727709333015,38.14582610030925],[-2.9206392492362405,38.14583847702821],[-2.920613873861067,38.145981850328695],[-2.92046844028866,38.14601825125999],[-2.920397028145762,38.14609679221192],[-2.9199775272780677,38.146078025967796],[-2.919673730208649,38.14628528529988],[-2.919496987711459,38.146042541178616],[-2.9194237374170853,38.145816813159996],[-2.91936876637824,38.145678881391376],[-2.919318688694757,38.1455533900442],[-2.919255340781381,38.145457091191105],[-2.919182714100642,38.145393140618836],[-2.9191152104394265,38.1453410898352],[-2.918999636560656,38.145310455653686],[-2.9189912311876554,38.14527448974326],[-2.9189984790197596,38.14522123028914],[-2.9190095791747916,38.145194109801594],[-2.919079952799824,38.14516190736589],[-2.9191620107985736,38.14514647209029],[-2.9191941118132534,38.145147902881206],[-2.919241375691674,38.14514723149074],[-2.9193269708537737,38.14515855963356],[-2.9194179036121315,38.14518256708206],[-2.9195123827539313,38.14522488815189],[-2.919622921623165,38.14526017764271],[-2.9196603468230564,38.14528696453047],[-2.9197191425245483,38.145341936407505],[-2.919804666440467,38.145419463149125],[-2.919868824045737,38.14546457958383],[-2.9199301100108093,38.145485075014676],[-2.9201820800934475,38.145641311184534],[-2.9202145867922655,38.14568454336728],[-2.9202573638376514,38.14570992544799],[-2.9203625349357747,38.145762112018446],[-2.920492710928929,38.14578192097139],[-2.920647870862357,38.14578766173719],[-2.9207468879668053,38.145793073932396]]]},"properties":{"dn_surface":7936.3790136819,"provincia":23,"municipio":97,"agregado":0,"zona":0,"poligono":16,"parcela":179,"recinto":1,"uso_sigpac":"OV","idPanel":"23:97:0:0:16:179:1"},"id":1112590744},{"type":"Feature","geometry":{"type":"Polygon","coordinates":[[[-2.9201586518344973,38.1438509466187],[-2.9202097378609917,38.14399383209238],[-2.920261032596888,38.14415483337447],[-2.920215626986511,38.14445807807644],[-2.9200254851781122,38.144893977300455],[-2.91939452145365,38.14477096532039],[-2.919464221173627,38.14458751730024],[-2.919570369601718,38.14446943555589],[-2.9198587515120953,38.14447351167567],[-2.9201586518344973,38.1438509466187]]]},"properties":{"dn_surface":3692.66645381014,"provincia":23,"municipio":97,"agregado":0,"zona":0,"poligono":15,"parcela":79,"recinto":1,"uso_sigpac":"OV","idPanel":"23:97:0:0:15:79:1"},"id":1112589649},{"type":"Feature","geometry":{"type":"Polygon","coordinates":[[[-2.9196235963664114,38.1463158934975],[-2.9195092529511006,38.14644751117811],[-2.9194534303108406,38.14636875648762],[-2.9193034964943525,38.14624806294208],[-2.9192653898456924,38.1461856621838],[-2.91918914888809,38.14608685127419],[-2.9191130520992306,38.14585601532346],[-2.919054917729939,38.14579041854532],[-2.9190922716836494,38.14575772828283],[-2.9190973477645126,38.14570807220909],[-2.9191048210698254,38.145657516757126],[-2.9191037683027248,38.14557640256069],[-2.9190960787442966,38.145511596196116],[-2.91906898424068,38.14545047116357],[-2.9190417849632673,38.145381324649236],[-2.919085259383038,38.14538730346112],[-2.9191373696781615,38.14542744691238],[-2.919203269881205,38.14548553434301],[-2.9192604646390956,38.14557245636047],[-2.9193089489226907,38.14569380034172],[-2.9193633508302774,38.14583038010929],[-2.919438306842047,38.14606142644578],[-2.9196235963664114,38.1463158934975]]]},"properties":{"dn_surface":2113.72003402374,"provincia":23,"municipio":97,"agregado":0,"zona":0,"poligono":15,"parcela":72,"recinto":1,"uso_sigpac":"OV","idPanel":"23:97:0:0:15:72:1"},"id":1112589671},{"type":"Feature","geometry":{"type":"Polygon","coordinates":[[[-2.926068721216543,38.14387914082806],[-2.9258924598406226,38.14405143923992],[-2.925851278709696,38.14414838852875],[-2.925728973324088,38.14411595391431],[-2.9255176931928215,38.14461061195942],[-2.9256137615435573,38.144632484537055],[-2.9253820547130434,38.145267930065415],[-2.9252952601005293,38.145268540268006],[-2.92522920986141,38.145285974627654],[-2.9251247705034777,38.14531623413811],[-2.9250523500175682,38.14532889081261],[-2.9250361721052927,38.145329477545886],[-2.924989147949317,38.14530248697787],[-2.924929801556754,38.145239201928774],[-2.92484547541487,38.14516275645275],[-2.9247956005734554,38.14510902677381],[-2.9246860449015233,38.145007519405794],[-2.9246520126962365,38.14497918773321],[-2.924628793984877,38.144964687039845],[-2.924570789535093,38.14495278389845],[-2.924524688226711,38.144945072547074],[-2.924500296048837,38.14493886993836],[-2.9244731378427526,38.144919255445586],[-2.9244429604749658,38.14486326265265],[-2.9244115258216272,38.14478338143428],[-2.924368697646629,38.14469960430711],[-2.9244082132932965,38.14464689554404],[-2.9244801995965966,38.14458364821354],[-2.924548617723502,38.14452410149346],[-2.9245981732143855,38.14449622076725],[-2.924625338125994,38.14445155444079],[-2.9246560443919023,38.14438268117655],[-2.924737586903577,38.14419469100281],[-2.92476124817945,38.14411650795813],[-2.9247636462420905,38.144077408053874],[-2.9247566079575784,38.14403736853822],[-2.92473188637089,38.14397219588443],[-2.9247390730150977,38.14389958261472],[-2.9247179246339448,38.14381485917062],[-2.924704994709342,38.14376364825375],[-2.9247038589613954,38.143728274943896],[-2.9247050626027624,38.143694759902075],[-2.9247157185168997,38.143665906875015],[-2.924723983073919,38.14364263954866],[-2.9247051824639843,38.14361096768744],[-2.924683956969318,38.14359141773531],[-2.924674549120638,38.14356534666214],[-2.9246722533172225,38.14352251681075],[-2.9246440104928015,38.143490840758574],[-2.9246191866468894,38.1434717576785],[-2.9247130430132477,38.14340174363713],[-2.9249296833719125,38.14339184963802],[-2.9249271210239596,38.1433785827609],[-2.9250391677976646,38.1433822381091],[-2.9250493199593914,38.143387201034244],[-2.9254263019443334,38.14357139420562],[-2.9258734354338607,38.143789880259476],[-2.9259968539362764,38.14385016374888],[-2.926055145885357,38.14387363391734],[-2.926068721216543,38.14387914082806]]]},"properties":{"dn_surface":17445.4063407225,"provincia":23,"municipio":97,"agregado":0,"zona":0,"poligono":16,"parcela":178,"recinto":3,"uso_sigpac":"OV","idPanel":"23:97:0:0:16:178:3"},"id":1112590749},{"type":"Feature","geometry":{"type":"Polygon","coordinates":[[[-2.9237294282938198,38.144188564669406],[-2.923815045248869,38.14432655511138],[-2.9238837818881143,38.144453711942816],[-2.92390557651404,38.1444931915473],[-2.924001803282756,38.14453602391325],[-2.9240720461500906,38.144583802440565],[-2.924126195762378,38.14461548687461],[-2.92416056240562,38.14463493372932],[-2.9242028080383125,38.14463937613826],[-2.92427095459154,38.14463501754835],[-2.924306829977442,38.144648848527595],[-2.924348909648443,38.14470609776788],[-2.924407168069909,38.14482495651467],[-2.9244576313209616,38.144936019252924],[-2.9244941772591577,38.14495404118398],[-2.9245701198209892,38.14496803980134],[-2.9246446366210064,38.144991929064986],[-2.9247471523320465,38.14508748528138],[-2.9248510929667106,38.14519863183861],[-2.9248875559240606,38.145231908834376],[-2.924947656687954,38.145308186672366],[-2.9249908260064315,38.14534791773397],[-2.925008008908957,38.145355712904404],[-2.925053020569862,38.145355712904404],[-2.9252090941307896,38.145313719566985],[-2.9252611457525877,38.145297122559526],[-2.9252945903864256,38.145287734827434],[-2.925372770078348,38.1452933934506],[-2.9253264055781902,38.14542054441472],[-2.9253171477655853,38.145433876670694],[-2.925097635766722,38.14548609760695],[-2.924999288376378,38.14545899555961],[-2.9249344719534798,38.14545345512127],[-2.9248213757654358,38.14545338136051],[-2.924663515182645,38.14548076671619],[-2.924569612715817,38.14545961582047],[-2.924517557741258,38.145474181892666],[-2.924486590798145,38.14551309655684],[-2.924139187713068,38.14563498871462],[-2.924060176536302,38.14567107783907],[-2.9239312972236453,38.14570424922283],[-2.9238816939559094,38.145553705203724],[-2.923790525666059,38.14509472054061],[-2.92371474822773,38.14509467024919],[-2.9235331609902184,38.14522189832684],[-2.9234731155468885,38.145238081268275],[-2.9234209164035865,38.145281668005566],[-2.9231314272437343,38.145461096902864],[-2.9230320413355253,38.14544606982594],[-2.92297723122923,38.14547532350795],[-2.9228077776354713,38.14556560750697],[-2.9227980286433115,38.14557452333793],[-2.9227959029925406,38.145565426457836],[-2.92280202178222,38.145536341252125],[-2.922823897712612,38.145491915486275],[-2.92287033262076,38.1454442216162],[-2.922997065327886,38.14527775365653],[-2.9231822173890305,38.14498471559867],[-2.923330742207512,38.14480877608787],[-2.9234137414940435,38.1447722083567],[-2.9235098307995395,38.14469318376888],[-2.92358197971177,38.14464086727895],[-2.9236620059370697,38.14456534548867],[-2.9237080938344056,38.14450989081399],[-2.9237275121906405,38.14447450828399],[-2.923709144086935,38.144442061096726],[-2.9237378789291006,38.144355288277126],[-2.9237484485096306,38.14428670921765],[-2.923735041654708,38.14422910961386],[-2.9237308909360107,38.14419912838261],[-2.9237294282938198,38.144188564669406]]]},"properties":{"dn_surface":12869.9507068759,"provincia":23,"municipio":97,"agregado":0,"zona":0,"poligono":16,"parcela":178,"recinto":5,"uso_sigpac":"OV","idPanel":"23:97:0:0:16:178:5"},"id":1112590747},{"type":"Feature","geometry":{"type":"Polygon","coordinates":[[[-2.9247378894902996,38.143383212924476],[-2.924727382774048,38.14339104665166],[-2.9242144764864126,38.14377365708495],[-2.9237258911304704,38.14413816595899],[-2.9237230362540805,38.144140597549296],[-2.9236563079189546,38.14388711788578],[-2.9235961920676345,38.143530808189865],[-2.9236129734769745,38.14341509684786],[-2.9236510625236365,38.14322008850618],[-2.923699389227443,38.14305717195913],[-2.923749988265334,38.14301466564919],[-2.9240529253514356,38.1429527686434],[-2.9242553919109935,38.142909611059565],[-2.9242774405086,38.14301077644592],[-2.9242972326977386,38.14310276951508],[-2.9243060102272636,38.14311866328083],[-2.9243250622943084,38.143158677650746],[-2.9243718358313635,38.143202516683345],[-2.924432271033213,38.143233698203204],[-2.9244853301598326,38.143239565535794],[-2.9245512370683984,38.143248020361995],[-2.92452852294764,38.14325909704769],[-2.9244863359882736,38.14328482781559],[-2.9245069286492127,38.143373422861],[-2.9245768865318227,38.14341807326187],[-2.924654311014223,38.143389624242616],[-2.9247378894902996,38.143383212924476]]]},"properties":{"dn_surface":7182.40483148584,"provincia":23,"municipio":48,"agregado":0,"zona":0,"poligono":24,"parcela":225,"recinto":4,"uso_sigpac":"OV","idPanel":"23:48:0:0:24:225:4"},"id":1112044754},{"type":"Feature","geometry":{"type":"Polygon","coordinates":[[[-2.924584176273445,38.14349787485216],[-2.9245862298398446,38.14349919164923],[-2.9246074167777545,38.14351503931448],[-2.9246227556614732,38.143521547024505],[-2.9246415755497854,38.143531812341934],[-2.9246392034710467,38.14354576821154],[-2.9246427138123043,38.1435718409611],[-2.9246556806172834,38.14359232884823],[-2.9246698200505863,38.14361560623294],[-2.924678013361425,38.14364540809143],[-2.92468743210658,38.143670547096946],[-2.924676765295968,38.14370405124228],[-2.9246755339943187,38.14375618165397],[-2.9246802286985654,38.143789697533975],[-2.924690759722338,38.1438567318086],[-2.9247013494194354,38.14389862791592],[-2.924703672044943,38.14393679994339],[-2.924692996852427,38.14397309777726],[-2.9247129692524947,38.14403828132754],[-2.924731805066424,38.144082039893846],[-2.9247211416085745,38.14413882226205],[-2.9246691285435333,38.14428308488252],[-2.924610050371888,38.144404061736395],[-2.924573443245795,38.14447479410691],[-2.9245061943944504,38.1445175627704],[-2.924441306725371,38.14456313182791],[-2.924350026956202,38.14466768517971],[-2.924338430592473,38.14464842943241],[-2.9243262759939594,38.144636945386196],[-2.9243046498442977,38.144625126902014],[-2.92425310029853,38.14462169032154],[-2.92420590934267,38.14461976164549],[-2.924165339252522,38.144609200446894],[-2.9240733034356414,38.144554884034704],[-2.9240253564320717,38.14451573970638],[-2.9240005451590148,38.14449981325117],[-2.9239317280534936,38.14447307414028],[-2.9239219203880085,38.14446435696047],[-2.9238814332787055,38.144383553732695],[-2.9237348220488317,38.14413150318376],[-2.9242144764864126,38.14377365708495],[-2.924584176273445,38.14349787485216]]]},"properties":{"dn_surface":6565.8194358598,"provincia":23,"municipio":97,"agregado":0,"zona":0,"poligono":16,"parcela":178,"recinto":7,"uso_sigpac":"OV","idPanel":"23:97:0:0:16:178:7"},"id":1112590745},{"type":"Feature","geometry":{"type":"Polygon","coordinates":[[[-2.9235260916926613,38.142014924147134],[-2.9234760634624095,38.14205797108983],[-2.9232176476958474,38.14232862862667],[-2.9228355577788085,38.142785945290996],[-2.9227735199569773,38.142744625858654],[-2.9226843163853475,38.14270815451937],[-2.9225514565066364,38.14262361715353],[-2.922849004028678,38.1422579037999],[-2.923143427615221,38.1419304907169],[-2.9231635358021277,38.14190824262997],[-2.9232877665110086,38.14194987386912],[-2.9233407175110706,38.141949909073105],[-2.9233710918535945,38.141931814219475],[-2.923393676054846,38.14194201331986],[-2.9235260916926613,38.142014924147134]]]},"properties":{"dn_surface":3166.97617788186,"provincia":23,"municipio":48,"agregado":0,"zona":0,"poligono":24,"parcela":219,"recinto":2,"uso_sigpac":"OV","idPanel":"23:48:0:0:24:219:2"},"id":1112044762},{"type":"Feature","geometry":{"type":"Polygon","coordinates":[[[-2.9237534625644064,38.14219055101296],[-2.9236972451364833,38.14225946031942],[-2.9233774218672473,38.14265120786584],[-2.9234176105807785,38.1427429838437],[-2.9231043402838313,38.14308471489457],[-2.923057835805883,38.14303087792729],[-2.9229835780066895,38.14299802254129],[-2.9229948365797007,38.142925747900506],[-2.922898813491244,38.142863135918276],[-2.9228002506859747,38.142828190923666],[-2.9228355577788085,38.142785945290996],[-2.9232176476958474,38.14232862862667],[-2.9234760634624095,38.14205797108983],[-2.9235260916926613,38.142014924147134],[-2.9235761475831947,38.14205578425114],[-2.923646955390838,38.142113512936305],[-2.9237019557663473,38.14211814561443],[-2.9236896125750014,38.14213616251638],[-2.923668474252133,38.142161744086394],[-2.9237534625644064,38.14219055101296]]]},"properties":{"dn_surface":3712.91937413488,"provincia":23,"municipio":48,"agregado":0,"zona":0,"poligono":24,"parcela":220,"recinto":2,"uso_sigpac":"OV","idPanel":"23:48:0:0:24:220:2"},"id":1112044761},{"type":"Feature","geometry":{"type":"Polygon","coordinates":[[[-2.9228355577788085,38.142785945290996],[-2.9228002506859747,38.142828190923666],[-2.9222198734265485,38.14344714924752],[-2.9221308383311833,38.14346718702643],[-2.9221189670410133,38.14346988348484],[-2.9221132673465173,38.14346366075958],[-2.9219147402816854,38.14342368997552],[-2.921871585212444,38.14333227274312],[-2.9218915768908906,38.143312728658344],[-2.9222145534322888,38.14297172850948],[-2.9225087205325795,38.14267622198096],[-2.9225514565066364,38.14262361715353],[-2.9226843163853475,38.14270815451937],[-2.9227735199569773,38.142744625858654],[-2.9228355577788085,38.142785945290996]]]},"properties":{"dn_surface":3151.33951107243,"provincia":23,"municipio":48,"agregado":0,"zona":0,"poligono":24,"parcela":218,"recinto":1,"uso_sigpac":"OV","idPanel":"23:48:0:0:24:218:1"},"id":1112044763},{"type":"Feature","geometry":{"type":"Polygon","coordinates":[[[-2.9228002506859747,38.142828190923666],[-2.922898813491244,38.142863135918276],[-2.9229948365797007,38.142925747900506],[-2.9229835780066895,38.14299802254129],[-2.923057835805883,38.14303087792729],[-2.9231043402838313,38.14308471489457],[-2.922393358715972,38.14386031591059],[-2.9222899595522853,38.143648899992485],[-2.922290023254753,38.14358752350287],[-2.922242628618635,38.14351250630321],[-2.9221866307965887,38.143478401175344],[-2.9221308383311833,38.14346718702643],[-2.9222198734265485,38.14344714924752],[-2.9228002506859747,38.142828190923666]]]},"properties":{"dn_surface":3837.30423947799,"provincia":23,"municipio":48,"agregado":0,"zona":0,"poligono":24,"parcela":217,"recinto":3,"uso_sigpac":"OV","idPanel":"23:48:0:0:24:217:3"},"id":1112044764},{"type":"Feature","geometry":{"type":"Polygon","coordinates":[[[-2.912845896018797,38.14336482218965],[-2.9132027555675957,38.14355426662365],[-2.913684270787791,38.14371451269625],[-2.913898512245625,38.14378100633806],[-2.913961940625277,38.143800701297124],[-2.913278173422257,38.14434945195762],[-2.913254269071177,38.14434792561295],[-2.913191276550518,38.144355482737296],[-2.9126360542221996,38.1441155071588],[-2.9127578659136812,38.143980950782804],[-2.912862163617442,38.14389207410545],[-2.912951525607051,38.143790569251934],[-2.912948330425371,38.14369413125928],[-2.912931444242235,38.14359416867609],[-2.912910091342633,38.143507811598965],[-2.912845896018797,38.14336482218965]]]},"properties":{"dn_surface":5941.5861368395745,"provincia":23,"municipio":97,"agregado":0,"zona":0,"poligono":15,"parcela":99,"recinto":1,"uso_sigpac":"OV","idPanel":"23:97:0:0:15:99:1"},"id":1155764217},{"type":"Feature","geometry":{"type":"Polygon","coordinates":[[[-2.9136388785884604,38.14486101294972],[-2.9136943441596235,38.14489172927392],[-2.913710371197632,38.144909220630495],[-2.913713036643,38.144917030050124],[-2.9137134020940008,38.1449291460919],[-2.913705803060132,38.144945945103245],[-2.913693427179362,38.144956565813374],[-2.9136751261308866,38.14496372060634],[-2.913658226536704,38.14496514972092],[-2.9134835040782994,38.14495651049279],[-2.913393084292447,38.14498082974811],[-2.913266338174274,38.14500084154312],[-2.9131250251457113,38.14500989064632],[-2.9130263248772215,38.14500981604738],[-2.91281323257838,38.14503494834736],[-2.912684680159967,38.145102412613625],[-2.912663002880693,38.14510836460343],[-2.9124460993302526,38.145117132912844],[-2.9124263758727236,38.14511239629908],[-2.9124107168002853,38.145102004414895],[-2.912451521583737,38.145076115229045],[-2.9124972993506373,38.14496799872998],[-2.912663074965064,38.1447628038608],[-2.9127885277555006,38.144634940434855],[-2.9136388785884604,38.14486101294972]]]},"properties":{"dn_surface":3025.90237608824,"provincia":23,"municipio":97,"agregado":0,"zona":0,"poligono":15,"parcela":102,"recinto":1,"uso_sigpac":"OV","idPanel":"23:97:0:0:15:102:1"},"id":1112589601},{"type":"Feature","geometry":{"type":"Polygon","coordinates":[[[-2.913575015188009,38.145126501366576],[-2.913202136144914,38.145202164811025],[-2.913197675295781,38.14518436919133],[-2.9131974221622894,38.14516944018271],[-2.913200861257366,38.14515475844024],[-2.9132050832222447,38.145146393300394],[-2.9132181539628297,38.14512836550196],[-2.913231342050066,38.145117667678335],[-2.9132469189798487,38.14510920698473],[-2.913444301076639,38.14504278207454],[-2.913472268136428,38.14503716033175],[-2.9134900604033507,38.145037053881566],[-2.9135097235111727,38.14504002107543],[-2.913527203133088,38.1450457098735],[-2.9135429418336116,38.14505398281241],[-2.913556334439298,38.14506452137988],[-2.9135663315358054,38.14507614540392],[-2.9135741325735522,38.14509070477058],[-2.9135778549769733,38.14510534376535],[-2.913575015188009,38.145126501366576]]]},"properties":{"dn_surface":335.928925115254,"provincia":23,"municipio":97,"agregado":0,"zona":0,"poligono":15,"parcela":102,"recinto":3,"uso_sigpac":"OV","idPanel":"23:97:0:0:15:102:3"},"id":1112589599},{"type":"Feature","geometry":{"type":"Polygon","coordinates":[[[-2.912351299161541,38.14451869684197],[-2.9125169716785533,38.14456274206938],[-2.912718418998624,38.14461630159565],[-2.9127317143742273,38.14461983624443],[-2.9125372215196323,38.14484283846798],[-2.912441694639873,38.144968955105185],[-2.912415637815931,38.144925757288235],[-2.912415228779031,38.144885199770926],[-2.912351299161541,38.14451869684197]]]},"properties":{"dn_surface":798.70068359375,"provincia":23,"municipio":97,"agregado":0,"zona":0,"poligono":15,"parcela":102,"recinto":4,"uso_sigpac":"OV","idPanel":"23:97:0:0:15:102:4"},"id":1179500702},{"type":"Feature","geometry":{"type":"Polygon","coordinates":[[[-2.9126360542221996,38.1441155071588],[-2.913191276550518,38.144355482737296],[-2.913197522745134,38.14435818254847],[-2.9131240478157423,38.14435492785529],[-2.913048731382115,38.14438141383269],[-2.9129317074340104,38.14443547208222],[-2.912763491847425,38.14457867523009],[-2.912731716050608,38.14461983372985],[-2.9125169716785533,38.14456274206938],[-2.9125236143372124,38.14455673643539],[-2.9125761814460858,38.144528091279625],[-2.9126227672285,38.1443941601936],[-2.912649118257262,38.14430965970814],[-2.9126694175515726,38.14423950652716],[-2.912641183109056,38.144183674666806],[-2.912627081394319,38.14415495910305],[-2.9126193180751394,38.14413401272574],[-2.9126360542221996,38.1441155071588]]]},"properties":{"dn_surface":1350.388671875,"provincia":23,"municipio":97,"agregado":0,"zona":0,"poligono":15,"parcela":101,"recinto":4,"uso_sigpac":"OV","idPanel":"23:97:0:0:15:101:4"},"id":1179500700},{"type":"Feature","geometry":{"type":"Polygon","coordinates":[[[-2.9126193180751394,38.14413401272574],[-2.912627081394319,38.14415495910305],[-2.912641183109056,38.144183674666806],[-2.9126694175515726,38.14423950652716],[-2.912649118257262,38.14430965970814],[-2.9126227672285,38.1443941601936],[-2.9125761814460858,38.144528091279625],[-2.9125236143372124,38.14455673643539],[-2.9125169716785533,38.14456274206938],[-2.912351299161541,38.14451869684197],[-2.912356396197164,38.14445471106575],[-2.9123889992878733,38.144388673399476],[-2.9126193180751394,38.14413401272574]]]},"properties":{"dn_surface":702.3245849609375,"provincia":23,"municipio":97,"agregado":0,"zona":0,"poligono":15,"parcela":101,"recinto":6,"uso_sigpac":"OV","idPanel":"23:97:0:0:15:101:6"},"id":1179500701},{"type":"Feature","geometry":{"type":"Polygon","coordinates":[[[-2.9121753571361513,38.14457300068128],[-2.9121492743283075,38.144665723814256],[-2.912169948293712,38.14471990192504],[-2.9122091102240453,38.14486872933023],[-2.91220734080418,38.14495307558866],[-2.912153881022565,38.145001797918354],[-2.9120737005702373,38.14506631510727],[-2.912028538873257,38.145153263108625],[-2.9120017511473146,38.145225728856815],[-2.911981575905178,38.145350915940895],[-2.91199137435057,38.145438613284455],[-2.911651000329911,38.14542681826961],[-2.9119525108160085,38.14503571948248],[-2.9119457323705094,38.144786063643465],[-2.9119762424998723,38.14475775460201],[-2.9121753571361513,38.14457300068128]]]},"properties":{"dn_surface":1636.91149764535,"provincia":23,"municipio":97,"agregado":0,"zona":0,"poligono":15,"parcela":103,"recinto":2,"uso_sigpac":"OV","idPanel":"23:97:0:0:15:103:2"},"id":1112589595},{"type":"Feature","geometry":{"type":"Polygon","coordinates":[[[-2.9120452783730792,38.14533537086237],[-2.9120668357911303,38.14522577831008],[-2.912140426390793,38.145088770227204],[-2.912257377416335,38.14497683577102],[-2.912277476383148,38.14491490859035],[-2.912269220208033,38.14484109922296],[-2.9122226721441846,38.14469082091023],[-2.9122300959962666,38.14452222143248],[-2.9122828977984425,38.14447321495629],[-2.9123113275393147,38.144446836267235],[-2.9123054199736065,38.14452001447722],[-2.9123695767406867,38.14488777888272],[-2.912369886032932,38.14491562859584],[-2.9123107952884313,38.14499110931479],[-2.912084066470507,38.14525068094585],[-2.9120452783730792,38.14533537086237]]]},"properties":{"dn_surface":627.270457526494,"provincia":23,"municipio":97,"agregado":0,"zona":0,"poligono":15,"parcela":103,"recinto":3,"uso_sigpac":"OV","idPanel":"23:97:0:0:15:103:3"},"id":1112589594},{"type":"Feature","geometry":{"type":"Polygon","coordinates":[[[-2.9148783358300228,38.141936459470486],[-2.9149245410740097,38.141936705898445],[-2.914986065085147,38.14194299232619],[-2.9150390395545385,38.141942993164406],[-2.9151016540513432,38.14195062069675],[-2.9151624245293393,38.14195908641946],[-2.9152098669423077,38.14196989991336],[-2.9152498502992,38.14198381387345],[-2.915331576374565,38.1420135713079],[-2.915377259425953,38.14204349554217],[-2.9153964539853603,38.14205673894995],[-2.9154381975420236,38.14208490298449],[-2.9154874009929537,38.14210493657248],[-2.915529144549617,38.142123545236814],[-2.9155849688662565,38.14213720773978],[-2.9156125461675253,38.142146344014776],[-2.9156372736215452,38.142146680129116],[-2.91566954478887,38.14214466847224],[-2.915736905119532,38.14215252650695],[-2.9157084896278973,38.142262631193546],[-2.9156307667497257,38.14224796956765],[-2.9156072890375433,38.14224354056975],[-2.9153594386605577,38.14219672093225],[-2.9152226786820696,38.14217088622874],[-2.9150085252342244,38.14213035218077],[-2.9149841741276785,38.14216845715305],[-2.9148783358300228,38.141936459470486]]]},"properties":{"dn_surface":1233.93557330595,"provincia":23,"municipio":97,"agregado":0,"zona":0,"poligono":15,"parcela":602,"recinto":2,"uso_sigpac":"OV","idPanel":"23:97:0:0:15:602:2"},"id":1112590030},{"type":"Feature","geometry":{"type":"Polygon","coordinates":[[[-2.9141898118966707,38.14387143115306],[-2.913961940625277,38.143800701297124],[-2.913898512245625,38.14378100633806],[-2.913684270787791,38.14371451269625],[-2.91357707210717,38.143358432664485],[-2.9142206858006525,38.14278913376714],[-2.914309233069225,38.14269889335404],[-2.914477106674141,38.14289269973071],[-2.914436328712781,38.14322045898635],[-2.914422071094636,38.14331237745657],[-2.9146489172592105,38.14353137313017],[-2.9148116753883166,38.143413337486294],[-2.9148489078044237,38.14338803922462],[-2.914874337661972,38.14340428083935],[-2.9149125247769065,38.14344189211755],[-2.915189809885013,38.14326634990894],[-2.9149525693216956,38.14295613984501],[-2.9149519851030097,38.142968125967286],[-2.9145277006828905,38.14236540674361],[-2.9145257376410507,38.141990839585105],[-2.9146113504051474,38.141966463332864],[-2.914649693423491,38.14197182607484],[-2.91470962571112,38.14197266426521],[-2.9147450811636495,38.14196729984687],[-2.9147885069683794,38.14196032777937],[-2.914835104485458,38.14194106448835],[-2.9148730745090887,38.141934945698694],[-2.9148783358300228,38.141936459470486],[-2.9149841741276785,38.14216845715305],[-2.915007509347499,38.1422194861826],[-2.915176176718693,38.142219610234775],[-2.915224272081957,38.14227372212849],[-2.9154025995971318,38.14280686065521],[-2.915639960859863,38.142913024170724],[-2.9156499898076054,38.1431250083819],[-2.9156757323101594,38.14336719762113],[-2.9154483949660297,38.14357504284828],[-2.9154222241481973,38.14370768982664],[-2.9153754372000953,38.143804631571754],[-2.9150574696843305,38.14372905194634],[-2.915084154312858,38.14394429336531],[-2.9148845887301613,38.14401588739551],[-2.9144576179099153,38.14395455532994],[-2.914216374149404,38.143879675593524],[-2.9142070031810996,38.143836256494296],[-2.914186045907351,38.143767355569764],[-2.9141708729853253,38.14369594007408],[-2.9141667633379553,38.14363575632936],[-2.9141815146502266,38.14358353623126],[-2.914186292335318,38.14356107189124],[-2.914208922637041,38.143525447962475],[-2.914067601226574,38.14352284957232],[-2.914067518245727,38.1435668554048],[-2.9141578768436833,38.143570627261425],[-2.9141384316653567,38.143612956713156],[-2.9141336548184538,38.14365687956479],[-2.9141424583318805,38.14373743133544],[-2.9141697020333823,38.14380758954556],[-2.9141898118966707,38.14387143115306]]]},"properties":{"dn_surface":19757.2006211206,"provincia":23,"municipio":97,"agregado":0,"zona":0,"poligono":15,"parcela":95,"recinto":1,"uso_sigpac":"OV","idPanel":"23:97:0:0:15:95:1"},"id":1112589619},{"type":"Feature","geometry":{"type":"Polygon","coordinates":[[[-2.9145257376410507,38.141990839585105],[-2.9145277006828905,38.14236540674361],[-2.9149519851030097,38.142968125967286],[-2.9149525693216956,38.14295613984501],[-2.915189809885013,38.14326634990894],[-2.9149125247769065,38.14344189211755],[-2.914874337661972,38.14340428083935],[-2.9148489078044237,38.14338803922462],[-2.9148116753883166,38.143413337486294],[-2.9146489172592105,38.14353137313017],[-2.914422071094636,38.14331237745657],[-2.914436328712781,38.14322045898635],[-2.914477106674141,38.14289269973071],[-2.914309233069225,38.14269889335404],[-2.9142206858006525,38.14278913376714],[-2.91357707210717,38.143358432664485],[-2.913684270787791,38.14371451269625],[-2.9132027555675957,38.14355426662365],[-2.913188514713258,38.143242508422134],[-2.9141694204014192,38.14281162744379],[-2.9142359215869558,38.14273948523714],[-2.9144686929192356,38.14197872019062],[-2.9145257376410507,38.141990839585105]]]},"properties":{"dn_surface":8381.73558574393,"provincia":23,"municipio":97,"agregado":0,"zona":0,"poligono":15,"parcela":96,"recinto":2,"uso_sigpac":"OV","idPanel":"23:97:0:0:15:96:2"},"id":1112589616},{"type":"Feature","geometry":{"type":"Polygon","coordinates":[[[-2.91435079725315,38.14192434845785],[-2.9143864119618486,38.14192480191886],[-2.9144208272201313,38.14193477219325],[-2.9144390511550933,38.14193452492711],[-2.9144802909593452,38.14194080213477],[-2.9144686929192356,38.14197872019062],[-2.9142359215869558,38.14273948523714],[-2.9141694204014192,38.14281162744379],[-2.913188514713258,38.143242508422134],[-2.9132027555675957,38.14355426662365],[-2.912845896018797,38.14336482218965],[-2.912801633700081,38.14315776821422],[-2.9127650399850333,38.14302813872115],[-2.9127529247814667,38.14294710582922],[-2.9127540429274164,38.14293798380348],[-2.912809015642644,38.14286602348406],[-2.9128805132809585,38.142798128387966],[-2.9129668661671495,38.14274643634985],[-2.9130289500894513,38.14268943772851],[-2.913154941836294,38.14257572966147],[-2.913201697771352,38.14252390602746],[-2.9132411413336476,38.14248590499079],[-2.9133521127091115,38.142424909877775],[-2.913433881532185,38.14238002645999],[-2.9135243943571676,38.14234436900361],[-2.913628038272442,38.142311025790775],[-2.913718533495428,38.14229035014901],[-2.9138236056870883,38.14228236135659],[-2.9139067868609305,38.142277814173866],[-2.9139432749639917,38.142270926763615],[-2.913982696733337,38.142251365076845],[-2.9140046246315316,38.14221680816439],[-2.914035337602963,38.14215690437524],[-2.9140675165693475,38.142091240541845],[-2.9140952941981135,38.142046316052756],[-2.914156632130988,38.14200256922112],[-2.914213155498395,38.14197366841725],[-2.914265459415492,38.14194676250648],[-2.9143157709540883,38.14192893252098],[-2.91435079725315,38.14192434845785]]]},"properties":{"dn_surface":11201.543077493054,"provincia":23,"municipio":97,"agregado":0,"zona":0,"poligono":15,"parcela":97,"recinto":3,"uso_sigpac":"OV","idPanel":"23:97:0:0:15:97:3"},"id":1155764184},{"type":"Feature","geometry":{"type":"Polygon","coordinates":[[[-2.9142907082239216,38.1417361789114],[-2.9142937014017223,38.14176344608222],[-2.9142955462587206,38.14178129953706],[-2.914326225702537,38.14181901894176],[-2.9143715734777786,38.14185036809968],[-2.9143717419540427,38.14188624348557],[-2.9143216701378925,38.141874772012216],[-2.9143187146786578,38.14190703815038],[-2.9142063167031886,38.14194037465771],[-2.9141669075066985,38.14194956541505],[-2.9141085057546796,38.141978332108465],[-2.9140529907302843,38.142034759922154],[-2.9140310619939003,38.142069316834636],[-2.914003278497802,38.14212000304434],[-2.9139798519152316,38.1421879786067],[-2.9139637578219926,38.14222484473365],[-2.913933829396744,38.1422369230568],[-2.9138812983300566,38.142236883661866],[-2.9138141743690773,38.14223683337045],[-2.9137441133890514,38.142252914890804],[-2.9136711338301677,38.14226899473485],[-2.9136156649062426,38.14228508715166],[-2.9134623816810477,38.14234144120465],[-2.9133616446099664,38.14238515786141],[-2.9132419141451664,38.142448452130594],[-2.9131849574333404,38.14248874394153],[-2.9131425852339023,38.14253596171952],[-2.9130841415723645,38.14259930125098],[-2.913019879193298,38.14264765477691],[-2.912924600417888,38.142729479758714],[-2.9128120314515846,38.14281120415768],[-2.9127655588248706,38.142872165743114],[-2.912768861294917,38.14285789555211],[-2.9127693985749428,38.14285557208839],[-2.9127724487496884,38.14284239322126],[-2.912802764418886,38.142780048621745],[-2.912843144239822,38.1426986955411],[-2.9128801117877727,38.142608326046656],[-2.912920688583444,38.14255310941803],[-2.913029511676997,38.14239925538524],[-2.9133770773710057,38.14214130481432],[-2.9137238476223555,38.141780788240936],[-2.913840658670107,38.14172157260606],[-2.9139014056787733,38.14169070456941],[-2.9139387437068667,38.14167180589121],[-2.9142907082239216,38.1417361789114]]]},"properties":{"dn_surface":4509.57568359375,"provincia":23,"municipio":97,"agregado":0,"zona":0,"poligono":15,"parcela":97,"recinto":4,"uso_sigpac":"OV","idPanel":"23:97:0:0:15:97:4"},"id":1307657425},{"type":"Feature","geometry":{"type":"Polygon","coordinates":[[[-2.9171333101545756,38.144150732947196],[-2.916906023940058,38.144822191324664],[-2.9168626408830365,38.14493869391836],[-2.9167775905446756,38.14516665236155],[-2.9168499481663073,38.14536615424177],[-2.9168683447684853,38.14554903396885],[-2.9167533626521145,38.14560221630944],[-2.91642117020763,38.145482197507164],[-2.9161631919764393,38.14553383254835],[-2.916151244410946,38.145402329699834],[-2.916313091427123,38.145081957415925],[-2.9162648183675,38.14498053051415],[-2.9160298878568347,38.144938090421306],[-2.9157865142546,38.14489411057272],[-2.9155326557290646,38.144937726646674],[-2.915517018449575,38.1449404189141],[-2.915018936396774,38.14508353405199],[-2.914878518555523,38.1451238971091],[-2.9145433052729546,38.14495619449505],[-2.914581101791179,38.14493702508133],[-2.9147310330930964,38.144860979422106],[-2.9148040855745423,38.14484868652218],[-2.914992957524535,38.144849005872715],[-2.9150192171905465,38.144839111035424],[-2.9150737917653498,38.144818603031695],[-2.915297927222277,38.14471953815041],[-2.9153926779377564,38.14469446284738],[-2.9161695069026647,38.14449449912428],[-2.9162478424979943,38.14445246723011],[-2.9164400244617474,38.144350853411936],[-2.917033369364343,38.14412443388622],[-2.9171333101545756,38.144150732947196]]]},"properties":{"dn_surface":13036.5321940378,"provincia":23,"municipio":97,"agregado":0,"zona":0,"poligono":15,"parcela":86,"recinto":2,"uso_sigpac":"OV","idPanel":"23:97:0:0:15:86:2"},"id":1112589635},{"type":"Feature","geometry":{"type":"Polygon","coordinates":[[[-2.9165538004221796,38.144252428069876],[-2.9163957445410342,38.14415001964721],[-2.916332459491936,38.14410310780872],[-2.916279961114672,38.144105683567716],[-2.915796059566501,38.14412921492411],[-2.9156356936327033,38.14415162897271],[-2.9156023101867623,38.14410374734797],[-2.9157016458035496,38.144060469064755],[-2.9156223471274885,38.14394694204685],[-2.9156494097798706,38.14393272214727],[-2.9159681123885877,38.14376513939442],[-2.91614047534111,38.14372948445259],[-2.916228380555861,38.143801649290424],[-2.916290632954426,38.14385270681845],[-2.916488942089763,38.1438817811277],[-2.9166597770212457,38.14388578013396],[-2.916863363403133,38.14389052345325],[-2.9169773095162097,38.14394495218292],[-2.9170602308510376,38.143984487107986],[-2.9170289789231996,38.14407107636384],[-2.9165538004221796,38.144252428069876]]]},"properties":{"dn_surface":3934.90842547942,"provincia":23,"municipio":97,"agregado":0,"zona":0,"poligono":15,"parcela":89,"recinto":1,"uso_sigpac":"OV","idPanel":"23:97:0:0:15:89:1"},"id":1112589631},{"type":"Feature","geometry":{"type":"Polygon","coordinates":[[[-2.9150574696843305,38.14372905194634],[-2.9153754372000953,38.143804631571754],[-2.9156494097798706,38.14393272214727],[-2.9156223471274885,38.14394694204685],[-2.9157016458035496,38.144060469064755],[-2.9156023101867623,38.14410374734797],[-2.9156356936327033,38.14415162897271],[-2.915796059566501,38.14412921492411],[-2.916279961114672,38.144105683567716],[-2.916332459491936,38.14410310780872],[-2.9163957445410342,38.14415001964721],[-2.9165538004221796,38.144252428069876],[-2.9164088035469535,38.144307750310475],[-2.9162127390854202,38.14441134393431],[-2.9161415985162016,38.144449505903566],[-2.915372988846033,38.14464740264921],[-2.915272416060264,38.144674005973286],[-2.9150449689131954,38.144774510027446],[-2.9150192808930147,38.14478422465379],[-2.9149788633535123,38.144799426074314],[-2.9149111895396524,38.144799286096486],[-2.9147975233821586,38.14479911175292],[-2.9147067783784433,38.144814365979386],[-2.914509345152041,38.144914440880086],[-2.9145263252124973,38.14493536211165],[-2.9145276923009864,38.1449369856864],[-2.9145433052729546,38.14495619449505],[-2.914878518555523,38.1451238971091],[-2.915018936396774,38.14508353405199],[-2.915517018449575,38.1449404189141],[-2.9155326557290646,38.144937726646674],[-2.9157865142546,38.14489411057272],[-2.9160298878568347,38.144938090421306],[-2.9162648183675,38.14498053051415],[-2.916313091427123,38.145081957415925],[-2.916151244410946,38.145402329699834],[-2.9161631919764393,38.14553383254835],[-2.91642117020763,38.145482197507164],[-2.9167533626521145,38.14560221630944],[-2.9168683447684853,38.14554903396885],[-2.9168499481663073,38.14536615424177],[-2.916943749212101,38.145372692964855],[-2.9169241766288385,38.14540279657186],[-2.916923254619435,38.14542651819744],[-2.91692669287632,38.14546465669736],[-2.9169328963232273,38.14550547740643],[-2.916932813342381,38.145526433003795],[-2.9169204081249482,38.14554629811548],[-2.916885036491456,38.145564151570284],[-2.9167877217516427,38.14561712687788],[-2.916748326804389,38.145634896513684],[-2.9167018902198607,38.14563699198959],[-2.9166550345401485,38.145639003646465],[-2.9166435513321187,38.14564881047377],[-2.916634666514228,38.14566481990977],[-2.916631985143243,38.14569491178213],[-2.9166460692559815,38.14576959705843],[-2.9163220164781514,38.14568694813545],[-2.9161669470692844,38.14565375412056],[-2.9159145604060326,38.14555585097111],[-2.9158602439938632,38.14552466945128],[-2.915826208435816,38.14538485594528],[-2.9158234759352193,38.14535211120037],[-2.9157777652235484,38.14527087462818],[-2.915615033078344,38.14534088866955],[-2.9155682193081507,38.14540581824815],[-2.9154932750310465,38.145546764149344],[-2.9155071512725734,38.14567227058393],[-2.915601629576184,38.145616234205136],[-2.9157790141271955,38.14555346212856],[-2.915814311161745,38.145550737171675],[-2.91604238946616,38.145649395530626],[-2.916324301385093,38.14571392445427],[-2.9166542533467266,38.14580480775936],[-2.9167050024206937,38.14602315551181],[-2.9168138590418615,38.1464009756871],[-2.9167399750755716,38.14641063164018],[-2.916688995499253,38.14647004676431],[-2.916792704793376,38.146518829443664],[-2.9168254780367295,38.14645577573512],[-2.9168525406891126,38.146565981004585],[-2.9168994022361576,38.14675265102849],[-2.9169570990700784,38.14696835177577],[-2.9164019865446966,38.14649998189509],[-2.916204035316648,38.146587223263055],[-2.916178697660041,38.14655538627835],[-2.9161088378457025,38.146442492094195],[-2.916047693534803,38.14635954309907],[-2.9159778010310413,38.14627658739846],[-2.9159337951985775,38.1462432316128],[-2.9158450802919313,38.14617791479023],[-2.9155809296268775,38.146036133213244],[-2.9151704535548655,38.145911366900776],[-2.915150944674071,38.145905765274534],[-2.9150902504713985,38.1458884155721],[-2.9150180579732696,38.14584699471874],[-2.9149370736963793,38.14576624345875],[-2.9148483613043044,38.14571588498154],[-2.9148001393742944,38.14569603747182],[-2.9145955790152005,38.14569741042763],[-2.914441185187768,38.14570643941428],[-2.914126448057678,38.145861654668266],[-2.914002855211666,38.1459347146934],[-2.9138239526979004,38.145969344528424],[-2.9138239325813315,38.145969336984734],[-2.913819992248415,38.14596792211938],[-2.91381621284805,38.14596656508917],[-2.9135331685339305,38.14586490684687],[-2.9134105236812244,38.14583137839401],[-2.913236414778168,38.14579357433206],[-2.9131208207828285,38.14578258230361],[-2.912901093369043,38.14581504206373],[-2.9128160908075325,38.145316284429526],[-2.912810195814681,38.14528169566583],[-2.913202136144914,38.145202164811025],[-2.913575015188009,38.145126501366576],[-2.9138501042373544,38.1450706795645],[-2.9140158236930267,38.144961209387986],[-2.9140476925289747,38.1449366286173],[-2.9142073795285746,38.14481372560198],[-2.9146751811161744,38.14470276596114],[-2.9147089006764526,38.14465664621258],[-2.9148866406201805,38.14441352658204],[-2.9150197829690443,38.14434747215196],[-2.9151413918184574,38.14428717692792],[-2.9151408444801477,38.143969030039415],[-2.915089695589375,38.143988910238534],[-2.915084154312858,38.14394429336531],[-2.9150574696843305,38.14372905194634]]]},"properties":{"dn_surface":43008.48037637277,"provincia":23,"municipio":97,"agregado":0,"zona":0,"poligono":15,"parcela":73,"recinto":10,"uso_sigpac":"OV","idPanel":"23:97:0:0:15:73:10"},"id":1155764138},{"type":"Feature","geometry":{"type":"Polygon","coordinates":[[[-2.9132547644416844,38.14438315810685],[-2.913313657373259,38.14438511444317],[-2.913348106997347,38.14438544971932],[-2.9133893468015994,38.144383186605296],[-2.9134184328455284,38.14438192931976],[-2.913457325716753,38.14437698399661],[-2.913502901479774,38.14436203906237],[-2.913547264381335,38.144345048105436],[-2.913586660166779,38.14434052187747],[-2.913669138937094,38.14433934924912],[-2.9136943693053343,38.1443356612115],[-2.9137258852631382,38.14432862041241],[-2.913767963257758,38.14432409418444],[-2.913868799235302,38.144317975394756],[-2.9138988072886356,38.14431462263329],[-2.91392135460951,38.144303893796604],[-2.9139479252441483,38.14428042362809],[-2.913996372647367,38.14423524432914],[-2.9140967878533477,38.144156871853454],[-2.9142098588956804,38.144068189636215],[-2.9142350884257313,38.14403499645948],[-2.9142459002432757,38.14401236448137],[-2.914242798100727,38.1439854585706],[-2.9142178175132165,38.14388613049752],[-2.914216374149404,38.143879675593524],[-2.9144576179099153,38.14395455532994],[-2.9148845887301613,38.14401588739551],[-2.915084154312858,38.14394429336531],[-2.915089695589375,38.143988910238534],[-2.9151408444801477,38.143969030039415],[-2.9151413918184574,38.14428717692792],[-2.9150197829690443,38.14434747215196],[-2.9148866406201805,38.14441352658204],[-2.9147089006764526,38.14465664621258],[-2.9146751811161744,38.14470276596114],[-2.9142073795285746,38.14481372560198],[-2.9132547644416844,38.14438315810685]]]},"properties":{"dn_surface":8500.22736872201,"provincia":23,"municipio":97,"agregado":0,"zona":0,"poligono":15,"parcela":100,"recinto":2,"uso_sigpac":"OV","idPanel":"23:97:0:0:15:100:2"},"id":1112589607},{"type":"Feature","geometry":{"type":"Polygon","coordinates":[[[-2.913425526450606,38.14435676516854],[-2.9134180967311916,38.14435795623709],[-2.9133849873735005,38.14435753714187],[-2.9133273190380526,38.144357201865745],[-2.913268245057359,38.144357419795256],[-2.913278173422257,38.14434945195762],[-2.913961940625277,38.143800701297124],[-2.9141898118966707,38.14387143115306],[-2.91420403347263,38.143935703590415],[-2.91421597600898,38.14398872751303],[-2.914217342259278,38.14400295327994],[-2.914186517808528,38.1440344985744],[-2.9139383732267246,38.14423949227793],[-2.9138616218111886,38.144278016345396],[-2.913703736920877,38.14429982019141],[-2.9135180626671353,38.1443198504266],[-2.913425526450606,38.14435676516854]]]},"properties":{"dn_surface":2230.697945435345,"provincia":23,"municipio":97,"agregado":0,"zona":0,"poligono":15,"parcela":100,"recinto":3,"uso_sigpac":"OV","idPanel":"23:97:0:0:15:100:3"},"id":1155758874},{"type":"Feature","geometry":{"type":"Polygon","coordinates":[[[-2.9132547644416844,38.14438315810685],[-2.9142073795285746,38.14481372560198],[-2.9140476925289747,38.1449366286173],[-2.9140158236930267,38.144961209387986],[-2.9139229572294925,38.14493653557818],[-2.9136388785884604,38.14486101294972],[-2.9127885277555006,38.144634940434855],[-2.912807826250513,38.144604189744854],[-2.912955871624104,38.144465218620184],[-2.913122658096114,38.14439314849781],[-2.9132547644416844,38.14438315810685]]]},"properties":{"dn_surface":3552.72442641695,"provincia":23,"municipio":97,"agregado":0,"zona":0,"poligono":15,"parcela":101,"recinto":3,"uso_sigpac":"OV","idPanel":"23:97:0:0:15:101:3"},"id":1112589604},{"type":"Feature","geometry":{"type":"Polygon","coordinates":[[[-2.9170113274722596,38.142208239344285],[-2.9171698217269673,38.14222277356521],[-2.917229043229165,38.14222822347898],[-2.917121284637379,38.14266264581161],[-2.9169935704093315,38.14287903806593],[-2.9167859531699687,38.14311231566518],[-2.916794262151078,38.14314290961357],[-2.916748406432474,38.14311474054989],[-2.916727426527585,38.14310200592365],[-2.9167162115404732,38.143095189759606],[-2.9167018466339614,38.14308493617685],[-2.916687415510411,38.143123780433],[-2.9166830946390676,38.14313763488161],[-2.916674745424821,38.14316194491681],[-2.916631856900117,38.14317666521606],[-2.916600201802713,38.143187535706915],[-2.9165891066768235,38.14319320606472],[-2.9165890052557892,38.14319319684466],[-2.9167611050165356,38.14278171410601],[-2.9169261757128635,38.14253074063171],[-2.9170113274722596,38.142208239344285]]]},"properties":{"dn_surface":2147.4901123046875,"provincia":23,"municipio":97,"agregado":0,"zona":0,"poligono":15,"parcela":92,"recinto":1,"uso_sigpac":"OV","idPanel":"23:97:0:0:15:92:1"},"id":1179499921},{"type":"Feature","geometry":{"type":"Polygon","coordinates":[[[-2.9170113274722596,38.142208239344285],[-2.9169261757128635,38.14253074063171],[-2.9167611050165356,38.14278171410601],[-2.9165890052557892,38.14319319684466],[-2.916471467496989,38.14318743344771],[-2.9163506130189067,38.14278583297349],[-2.916311651416072,38.14252488838659],[-2.91630632806905,38.142489554471666],[-2.9163683910365936,38.142404069950686],[-2.9164001425258888,38.1423807498183],[-2.9157031025784077,38.142283445974954],[-2.9157084896278973,38.142262631193546],[-2.915736905119532,38.14215252650695],[-2.9158976163877615,38.1421690983687],[-2.9160655059182945,38.14218075172934],[-2.916215153911867,38.142185184080034],[-2.9162698064383745,38.142190398462276],[-2.9164268590056515,38.1421838966196],[-2.9167284725891633,38.142169100045066],[-2.9167860931477594,38.142177072911835],[-2.916848620472766,38.14218568028872],[-2.9170113274722596,38.142208239344285]]]},"properties":{"dn_surface":5368.75809124663,"provincia":23,"municipio":97,"agregado":0,"zona":0,"poligono":15,"parcela":93,"recinto":2,"uso_sigpac":"OV","idPanel":"23:97:0:0:15:93:2"},"id":1112589626},{"type":"Feature","geometry":{"type":"Polygon","coordinates":[[[-2.916330693424833,38.143647427291995],[-2.9165631529502964,38.14365147156053],[-2.9165629827976516,38.143649728124586],[-2.9165664545821524,38.143652945099205],[-2.9164036838801906,38.14368895124281],[-2.9163211673913105,38.143694310632014],[-2.9162730234130034,38.14370511322946],[-2.9162569444071917,38.14373580524614],[-2.9162912557298695,38.1437954299179],[-2.916343925936158,38.14383520205081],[-2.9163920615325605,38.14383162381617],[-2.9164173187228926,38.14379190784197],[-2.916428815341968,38.14375940617231],[-2.916463219703777,38.14373775822969],[-2.916534260528341,38.14374683918413],[-2.9165777869159153,38.14376493068502],[-2.9166419126699514,38.14380832212393],[-2.9166991920850687,38.143826423683095],[-2.916810091376161,38.14381763777166],[-2.9167961673577825,38.14384006523133],[-2.9166597770212457,38.14388578013396],[-2.916488942089763,38.1438817811277],[-2.916290632954426,38.14385270681845],[-2.916228380555861,38.143801649290424],[-2.91614047534111,38.14372948445259],[-2.9161223461216594,38.14371505081448],[-2.916330693424833,38.143647427291995]]]},"properties":{"dn_surface":602.9712376791394,"provincia":23,"municipio":97,"agregado":0,"zona":0,"poligono":15,"parcela":85,"recinto":4,"uso_sigpac":"OV","idPanel":"23:97:0:0:15:85:4"},"id":1155758401},{"type":"Feature","geometry":{"type":"Polygon","coordinates":[[[-2.916471467496989,38.14318743344771],[-2.9165890052557892,38.14319319684466],[-2.9165891066768235,38.14319320606472],[-2.9166428623396374,38.14319818575373],[-2.9166838213501167,38.14323401587734],[-2.9167410219753394,38.14332074930195],[-2.916782209811789,38.14338037900288],[-2.916807384021275,38.14341290665644],[-2.916795901651436,38.14343276506261],[-2.916750060182068,38.14343453867343],[-2.916674426074292,38.143434485029246],[-2.9166171081024173,38.14345069898371],[-2.9166078972284737,38.143488620392304],[-2.9166215731425025,38.14355545517762],[-2.9166054798874543,38.14359879045779],[-2.916566458773104,38.143649333336896],[-2.916562777441011,38.143647615884845],[-2.916532580794846,38.14333753909321],[-2.916471467496989,38.14318743344771]]]},"properties":{"dn_surface":632.4053955078125,"provincia":23,"municipio":97,"agregado":0,"zona":0,"poligono":15,"parcela":85,"recinto":3,"uso_sigpac":"OV","idPanel":"23:97:0:0:15:85:3"},"id":1179499920},{"type":"Feature","geometry":{"type":"Polygon","coordinates":[[[-2.916573409885818,38.14214771864698],[-2.9162608025974515,38.14216503901275],[-2.9159396231362003,38.142141743187864],[-2.9157444253635063,38.142123384304256],[-2.915786090968465,38.1419619354285],[-2.916573409885818,38.14214771864698]]]},"properties":{"dn_surface":768.903842260419,"provincia":23,"municipio":97,"agregado":0,"zona":0,"poligono":15,"parcela":93,"recinto":3,"uso_sigpac":"OV","idPanel":"23:97:0:0:15:93:3"},"id":1112589625},{"type":"Feature","geometry":{"type":"Polygon","coordinates":[[[-2.9163683910365936,38.142404069950686],[-2.91630632806905,38.142489554471666],[-2.916311651416072,38.14252488838659],[-2.9163506130189067,38.14278583297349],[-2.916471467496989,38.14318743344771],[-2.916532580794846,38.14333753909321],[-2.916562777441011,38.143647615884845],[-2.9165629827976516,38.143649728124586],[-2.9165631529502964,38.14365147156053],[-2.916330693424833,38.143647427291995],[-2.9161223461216594,38.14371505081448],[-2.91614047534111,38.14372948445259],[-2.9159681123885877,38.14376513939442],[-2.9156494097798706,38.14393272214727],[-2.9153754372000953,38.143804631571754],[-2.9154222241481973,38.14370768982664],[-2.9154483949660297,38.14357504284828],[-2.9156757323101594,38.14336719762113],[-2.9156499898076054,38.1431250083819],[-2.915639960859863,38.142913024170724],[-2.9154025995971318,38.14280686065521],[-2.915224272081957,38.14227372212849],[-2.915176176718693,38.142219610234775],[-2.915007509347499,38.1422194861826],[-2.9149841741276785,38.14216845715305],[-2.9150085252342244,38.14213035218077],[-2.9152226786820696,38.14217088622874],[-2.9153594386605577,38.14219672093225],[-2.91529284275951,38.14229283873621],[-2.9153243922449286,38.14236000795947],[-2.915324323513318,38.1424084193205],[-2.9153598284190787,38.14248652273707],[-2.915383550044659,38.14250527054105],[-2.9154012886673972,38.14255993983136],[-2.915415072707985,38.142608357059714],[-2.9154011771880786,38.14264894726645],[-2.915418924192722,38.142687999393814],[-2.915454493639141,38.14270988286796],[-2.9155533841768433,38.14268497520297],[-2.915589021516682,38.14264910065526],[-2.9156635156855586,38.1426595755203],[-2.9157037328975632,38.142630436670345],[-2.915731438441958,38.14258203201487],[-2.9158007308014167,38.142521190290665],[-2.915814621292181,38.142463419696014],[-2.915838765365706,38.142410855939886],[-2.9158819774318916,38.14242788461536],[-2.915898588688588,38.14249555926742],[-2.916208554839108,38.142503788620445],[-2.9163683910365936,38.142404069950686]]]},"properties":{"dn_surface":11450.426299414294,"provincia":23,"municipio":97,"agregado":0,"zona":0,"poligono":15,"parcela":94,"recinto":2,"uso_sigpac":"OV","idPanel":"23:97:0:0:15:94:2"},"id":1155759025},{"type":"Feature","geometry":{"type":"Polygon","coordinates":[[[-2.9156635156855586,38.1426595755203],[-2.915589021516682,38.14264910065526],[-2.9155533841768433,38.14268497520297],[-2.915454493639141,38.14270988286796],[-2.915418924192722,38.142687999393814],[-2.9154011771880786,38.14264894726645],[-2.915415072707985,38.142608357059714],[-2.9154012886673972,38.14255993983136],[-2.915383550044659,38.14250527054105],[-2.9153598284190787,38.14248652273707],[-2.915324323513318,38.1424084193205],[-2.9153243922449286,38.14236000795947],[-2.91529284275951,38.14229283873621],[-2.9153594386605577,38.14219672093225],[-2.9156072890375433,38.14224354056975],[-2.9156307667497257,38.14224796956765],[-2.9155858514807136,38.142328604319175],[-2.9156635156855586,38.1426595755203]]]},"properties":{"dn_surface":1194.3449180436,"provincia":23,"municipio":97,"agregado":0,"zona":0,"poligono":15,"parcela":94,"recinto":5,"uso_sigpac":"OV","idPanel":"23:97:0:0:15:94:5"},"id":1112589620},{"type":"Feature","geometry":{"type":"Polygon","coordinates":[[[-2.915838765365706,38.142410855939886],[-2.915814621292181,38.142463419696014],[-2.9158007308014167,38.142521190290665],[-2.915731438441958,38.14258203201487],[-2.9157037328975632,38.142630436670345],[-2.9156635156855586,38.1426595755203],[-2.9156669271203537,38.142607012602355],[-2.915670792854326,38.14254744157478],[-2.915698350039026,38.142476958985014],[-2.9157317963492444,38.14241547269242],[-2.915798573299412,38.14239501749472],[-2.915838765365706,38.142410855939886]]]},"properties":{"dn_surface":210.638359252967,"provincia":23,"municipio":97,"agregado":0,"zona":0,"poligono":15,"parcela":94,"recinto":4,"uso_sigpac":"OV","idPanel":"23:97:0:0:15:94:4"},"id":1112589621},{"type":"Feature","geometry":{"type":"Polygon","coordinates":[[[-2.9193301249641257,38.14340962178841],[-2.9194688345734074,38.14341373059759],[-2.919592219548208,38.1434364463947],[-2.919641180762123,38.143453800288086],[-2.9198819903400235,38.14354097208627],[-2.91996086656814,38.14357952968132],[-2.9200254089027884,38.14359880889799],[-2.9200626295842307,38.14375077700248],[-2.920126277569757,38.14376763971629],[-2.9201586518344973,38.1438509466187],[-2.9199001614689917,38.14385662535844],[-2.919581122745938,38.14360675242807],[-2.919396207054478,38.14364339475816],[-2.9191819127906506,38.14362161438146],[-2.9192456831519715,38.14353811134254],[-2.919322596338248,38.143437494132684],[-2.9193299992355706,38.14341008866043],[-2.9193301249641257,38.14340962178841]]]},"properties":{"dn_surface":1891.9798619003166,"provincia":23,"municipio":97,"agregado":0,"zona":0,"poligono":15,"parcela":81,"recinto":1,"uso_sigpac":"OV","idPanel":"23:97:0:0:15:81:1"},"id":1155764206},{"type":"Feature","geometry":{"type":"Polygon","coordinates":[[[-2.919396207054478,38.14364339475816],[-2.919348204730343,38.14391869754607],[-2.9188098677469703,38.14415183684392],[-2.9186827427667525,38.144145708834145],[-2.91840186014559,38.144276013070424],[-2.9182087813181448,38.14436564244272],[-2.9179807709071497,38.144258139499044],[-2.918156296351927,38.143427839017846],[-2.9184026924686246,38.14352246651933],[-2.9185887439080322,38.143593887882304],[-2.918672385248386,38.14360223877296],[-2.919094020986946,38.143638586060035],[-2.9191819127906506,38.14362161438146],[-2.919396207054478,38.14364339475816]],[[-2.9186179129328083,38.14365829945925],[-2.9185655972810443,38.14361838902494],[-2.918494580764001,38.143579942909184],[-2.918462804128993,38.14356810682301],[-2.9184159652130877,38.143647822079686],[-2.91838222385986,38.14372163899074],[-2.918352203233671,38.143811703383875],[-2.918288484001964,38.14393718802555],[-2.9183052578675897,38.14398741155418],[-2.918338920430924,38.143984481240636],[-2.918374562799904,38.14388408279845],[-2.9183876704208656,38.14386784705104],[-2.918419458790538,38.143869345735425],[-2.918445663135985,38.143847211642395],[-2.918458827753891,38.14378076410105],[-2.918494372054599,38.14376749806212],[-2.918511221357359,38.14374978793785],[-2.9185654346721135,38.14376459373247],[-2.918571107544518,38.14370847856378],[-2.9185916901471725,38.1436966785198],[-2.9186179129328083,38.14365829945925]]]},"properties":{"dn_surface":6956.47017304594,"provincia":23,"municipio":97,"agregado":0,"zona":0,"poligono":15,"parcela":83,"recinto":1,"uso_sigpac":"OV","idPanel":"23:97:0:0:15:83:1"},"id":1112589640},{"type":"Feature","geometry":{"type":"Polygon","coordinates":[[[-2.9201586518344973,38.1438509466187],[-2.9198587515120953,38.14447351167567],[-2.919570369601718,38.14446943555589],[-2.919464221173627,38.14458751730024],[-2.91939452145365,38.14477096532039],[-2.9191663165824897,38.144734033814615],[-2.919348204730343,38.14391869754607],[-2.919396207054478,38.14364339475816],[-2.919581122745938,38.14360675242807],[-2.9199001614689917,38.14385662535844],[-2.9201586518344973,38.1438509466187]]]},"properties":{"dn_surface":5869.00885728949,"provincia":23,"municipio":97,"agregado":0,"zona":0,"poligono":15,"parcela":80,"recinto":1,"uso_sigpac":"OV","idPanel":"23:97:0:0:15:80:1"},"id":1112589648},{"type":"Feature","geometry":{"type":"Polygon","coordinates":[[[-2.919348204730343,38.14391869754607],[-2.9191663165824897,38.144734033814615],[-2.9189528429070317,38.14468882098802],[-2.9184015290603957,38.144576133836864],[-2.9183822464909994,38.14457215494721],[-2.918336441902008,38.14450633018129],[-2.918259740777894,38.14441362548848],[-2.9182087813181448,38.14436564244272],[-2.91840186014559,38.144276013070424],[-2.9186827427667525,38.144145708834145],[-2.9188098677469703,38.14415183684392],[-2.919348204730343,38.14391869754607]]]},"properties":{"dn_surface":4781.12960535846,"provincia":23,"municipio":97,"agregado":0,"zona":0,"poligono":15,"parcela":84,"recinto":1,"uso_sigpac":"OV","idPanel":"23:97:0:0:15:84:1"},"id":1112589638},{"type":"Feature","geometry":{"type":"Polygon","coordinates":[[[-2.9183822464909994,38.14457215494721],[-2.9184015290603957,38.144576133836864],[-2.9189528429070317,38.14468882098802],[-2.9190284594128104,38.144940237026844],[-2.9190328934398524,38.14495502102852],[-2.9192516426854818,38.14508189203707],[-2.9191297371166787,38.14510208488119],[-2.919031796248662,38.14512373617657],[-2.918969314185936,38.14517515496465],[-2.9189536375114993,38.14521371758886],[-2.9189465045114757,38.14526580609106],[-2.918652968568532,38.145068132304004],[-2.9185634238534224,38.14503039613547],[-2.918513145842442,38.144985386989134],[-2.918492767758236,38.14493985900296],[-2.91848138345667,38.144914345326384],[-2.918447937146451,38.14481896764451],[-2.9184361957757883,38.14470305681323],[-2.918408553933862,38.14462165260295],[-2.9184014930182096,38.14460839913687],[-2.9183822464909994,38.14457215494721]]]},"properties":{"dn_surface":2746.02678938906,"provincia":23,"municipio":97,"agregado":0,"zona":0,"poligono":15,"parcela":74,"recinto":1,"uso_sigpac":"OV","idPanel":"23:97:0:0:15:74:1"},"id":1112589662},{"type":"Feature","geometry":{"type":"Polygon","coordinates":[[[-2.9208267700233623,38.14376558866445],[-2.9208823822778394,38.14362104189743],[-2.9209197412606915,38.14362712296858],[-2.920968950578954,38.14365013883784],[-2.9209819827627825,38.14367788545357],[-2.9209789300734657,38.143713546262774],[-2.9209417127447854,38.14375076945876],[-2.9209125554546747,38.143768184539994],[-2.9208643184372374,38.14377528485062],[-2.920841211205197,38.14377289181712],[-2.9208267700233623,38.14376558866445]]]},"properties":{"dn_surface":153.48900414980972,"provincia":23,"municipio":97,"agregado":0,"zona":0,"poligono":15,"parcela":77,"recinto":4,"uso_sigpac":"OV","idPanel":"23:97:0:0:15:77:4"},"id":1155764195},{"type":"Feature","geometry":{"type":"Polygon","coordinates":[[[-2.9206298011544227,38.143655604677235],[-2.920630692150783,38.14365460471615],[-2.920633637551733,38.14365129386417],[-2.9207435201179095,38.143527799086456],[-2.920764405307287,38.143504326403416],[-2.920834584472154,38.1435368439987],[-2.9209018140451195,38.14357053506052],[-2.9208889830269804,38.14360388497883],[-2.9208823822778394,38.14362104189743],[-2.9208267700233623,38.14376558866445],[-2.920825516090573,38.14376884838677],[-2.9207759840690177,38.143738220072606],[-2.9206634503067104,38.143671209267325],[-2.9206298011544227,38.143655604677235]]]},"properties":{"dn_surface":371.62419588970675,"provincia":23,"municipio":97,"agregado":0,"zona":0,"poligono":15,"parcela":78,"recinto":3,"uso_sigpac":"OV","idPanel":"23:97:0:0:15:78:3"},"id":1155764189},{"type":"Feature","geometry":{"type":"Polygon","coordinates":[[[-2.9207435201179095,38.143527799086456],[-2.920633637551733,38.14365129386417],[-2.920630692150783,38.14365460471615],[-2.9204992471374123,38.143593781432145],[-2.920170881031953,38.14359567406598],[-2.920154066933189,38.14359196255904],[-2.920167710995985,38.14338761258571],[-2.9201854906900513,38.14333749886006],[-2.9204609342939216,38.14333544445549],[-2.920548611520893,38.143369057565565],[-2.920704100863135,38.143456315697364],[-2.9207435201179095,38.143527799086456]]]},"properties":{"dn_surface":1300.55457344311,"provincia":23,"municipio":97,"agregado":0,"zona":0,"poligono":15,"parcela":75,"recinto":5,"uso_sigpac":"OV","idPanel":"23:97:0:0:15:75:5"},"id":1112589660},{"type":"Feature","geometry":{"type":"Polygon","coordinates":[[[-2.920605848188302,38.14368252567547],[-2.9205800394687085,38.14371153209129],[-2.920213171088735,38.14372906787199],[-2.9201455551100106,38.14371944293197],[-2.920151698207211,38.14362743896632],[-2.92046462987525,38.14362630405657],[-2.920513749507144,38.14363577560772],[-2.920605848188302,38.14368252567547]]]},"properties":{"dn_surface":381.196775896568,"provincia":23,"municipio":97,"agregado":0,"zona":0,"poligono":15,"parcela":75,"recinto":7,"uso_sigpac":"OV","idPanel":"23:97:0:0:15:75:7"},"id":1112589658},{"type":"Feature","geometry":{"type":"Polygon","coordinates":[[[-2.918081829843332,38.143044871515485],[-2.918108816220392,38.14304553536226],[-2.918170540559026,38.14306819164787],[-2.918225644870141,38.143094321394386],[-2.918382171892057,38.14314139584175],[-2.918701856859884,38.14322337169787],[-2.919001662466774,38.14333316457768],[-2.9191273139083274,38.143381955638944],[-2.919233136280366,38.14341333832448],[-2.9193279708148814,38.14340992521332],[-2.9193299992355706,38.14341008866043],[-2.919322596338248,38.143437494132684],[-2.9192456831519715,38.14353811134254],[-2.91905359758011,38.14355681304602],[-2.918037208779138,38.143173957861165],[-2.918014577639226,38.14310238143295],[-2.9180928813833225,38.14308693526087],[-2.91808324135591,38.143050245153916],[-2.918081829843332,38.143044871515485]]]},"properties":{"dn_surface":2113.3891378864228,"provincia":23,"municipio":97,"agregado":0,"zona":0,"poligono":15,"parcela":82,"recinto":5,"uso_sigpac":"OV","idPanel":"23:97:0:0:15:82:5"},"id":1155764203},{"type":"Feature","geometry":{"type":"Polygon","coordinates":[[[-2.91808324135591,38.143050245153916],[-2.9180928813833225,38.14308693526087],[-2.918014577639226,38.14310238143295],[-2.918037208779138,38.143173957861165],[-2.91905359758011,38.14355681304602],[-2.9192456831519715,38.14353811134254],[-2.9191819127906506,38.14362161438146],[-2.919094020986946,38.143638586060035],[-2.918672385248386,38.14360223877296],[-2.9185887439080322,38.143593887882304],[-2.9184026924686246,38.14352246651933],[-2.918156296351927,38.143427839017846],[-2.9179913044454935,38.14340800575738],[-2.9180027474203847,38.14338828313802],[-2.918072846957167,38.14333992877394],[-2.918015990828185,38.143289757213154],[-2.9179532899977736,38.14329421554771],[-2.917962086805677,38.14326886196545],[-2.9179317216832468,38.14323177623265],[-2.917812901493186,38.14319462847379],[-2.9177908193679643,38.143166269979105],[-2.9178323022474233,38.14314885657424],[-2.917901420263285,38.14313800368535],[-2.9179650464558624,38.1430944420938],[-2.9180728980867796,38.14305309248661],[-2.91808324135591,38.143050245153916]]]},"properties":{"dn_surface":2228.157252576259,"provincia":23,"municipio":97,"agregado":0,"zona":0,"poligono":15,"parcela":599,"recinto":2,"uso_sigpac":"OV","idPanel":"23:97:0:0:15:599:2"},"id":1155764210},{"type":"Feature","geometry":{"type":"Polygon","coordinates":[[[-2.917748256899313,38.14337878979393],[-2.917767712974113,38.143381128345055],[-2.918156296351927,38.143427839017846],[-2.9179807709071497,38.144258139499044],[-2.9171504821606264,38.14410297788922],[-2.9170289789231996,38.14407107636384],[-2.9170602308510376,38.143984487107986],[-2.9169773095162097,38.14394495218292],[-2.916863363403133,38.14389052345325],[-2.9166597770212457,38.14388578013396],[-2.9167961673577825,38.14384006523133],[-2.916810091376161,38.14381763777166],[-2.916843287905651,38.14376416709359],[-2.916911592876857,38.14370449213038],[-2.9169702142347527,38.143691583160575],[-2.9171692199062838,38.14366029938148],[-2.917335864724121,38.14365452592622],[-2.9174508921027718,38.14365598605386],[-2.917705329817851,38.14359992955852],[-2.9177330680516698,38.14345703570291],[-2.9177461899218673,38.14338943816438],[-2.917748256899313,38.14337878979393]]]},"properties":{"dn_surface":6632.193993984886,"provincia":23,"municipio":97,"agregado":0,"zona":0,"poligono":15,"parcela":85,"recinto":1,"uso_sigpac":"OV","idPanel":"23:97:0:0:15:85:1"},"id":1155758399},{"type":"Feature","geometry":{"type":"Polygon","coordinates":[[[-2.9177461899218673,38.14338943816438],[-2.9177330680516698,38.14345703570291],[-2.9175955578928026,38.14352120839558],[-2.9175200084422532,38.14356587975118],[-2.9174225009186565,38.14355091721495],[-2.9173711022471545,38.14357187616508],[-2.9173669213536035,38.14356746896016],[-2.9173414336609205,38.14354060076792],[-2.917414838182321,38.14352717631101],[-2.9175355803428937,38.14347475840003],[-2.9177461899218673,38.14338943816438]]]},"properties":{"dn_surface":223.63304054662296,"provincia":23,"municipio":97,"agregado":0,"zona":0,"poligono":15,"parcela":90,"recinto":4,"uso_sigpac":"OV","idPanel":"23:97:0:0:15:90:4"},"id":1155764304},{"type":"Feature","geometry":{"type":"Polygon","coordinates":[[[-2.9171333101545756,38.144150732947196],[-2.91795686823245,38.14430462721316],[-2.9181675406757015,38.14440391672949],[-2.918209265792177,38.14444324126873],[-2.918282547937783,38.144531887443776],[-2.918325618349797,38.14459374505469],[-2.9183490784599826,38.144637743343424],[-2.918374104309773,38.14471148481735],[-2.9183858448422453,38.14482766554596],[-2.9184012030043425,38.144871477756425],[-2.9184214528454215,38.14492926343854],[-2.9184261198893857,38.14493981206431],[-2.9184579962690473,38.14501094425165],[-2.9185238939575187,38.14506993357509],[-2.9186183437626565,38.14510974594114],[-2.918887637563803,38.14527880809999],[-2.9188895452850785,38.14534744331823],[-2.918934061575476,38.14555415112102],[-2.9188891890541724,38.14567172911296],[-2.918920403263444,38.145963456241105],[-2.918831280158089,38.14689169591392],[-2.9188135691956325,38.14701506663948],[-2.9184112118355157,38.147279122589026],[-2.9183985291770718,38.147292362644066],[-2.9179560065727532,38.1477532248536],[-2.917462101222551,38.14751556938606],[-2.917472042160305,38.14740282859074],[-2.9169963263792584,38.14700145275157],[-2.916944667030553,38.146833370437236],[-2.9169009076260575,38.14663563630046],[-2.9168643583350984,38.1464990917369],[-2.916852286717432,38.14644594962945],[-2.916820346635302,38.14630177669537],[-2.916734171445469,38.14600194929554],[-2.916678508061379,38.145774374743525],[-2.916663837215384,38.145700863771935],[-2.9166665185863683,38.14566280909108],[-2.9166842044031145,38.14565090594968],[-2.9167536082418923,38.14565098976871],[-2.9168080067967184,38.145633220132936],[-2.91692392936268,38.1455662478844],[-2.916964665414522,38.145539341135446],[-2.916970867185048,38.14551251820549],[-2.9169594669578642,38.14548242633313],[-2.9169484020068284,38.145450658079994],[-2.9169506642826293,38.14542274634081],[-2.916991060867373,38.14537599040574],[-2.917082513303757,38.1453823648435],[-2.917120376039021,38.14530452294227],[-2.917292428861107,38.145242819558405],[-2.917177839856019,38.14504725298195],[-2.9170081649800035,38.145024238789034],[-2.916965008234382,38.14493876767909],[-2.916906023940058,38.144822191324664],[-2.9171333101545756,38.144150732947196]]]},"properties":{"dn_surface":54309.4024381962,"provincia":23,"municipio":97,"agregado":0,"zona":0,"poligono":15,"parcela":73,"recinto":5,"uso_sigpac":"OV","idPanel":"23:97:0:0:15:73:5"},"id":1112589667},{"type":"Feature","geometry":{"type":"Polygon","coordinates":[[[-2.919478439396825,38.14651623272991],[-2.9188961259176502,38.14688283205078],[-2.9188766983413217,38.14689506292464],[-2.9189657049382145,38.14596871588566],[-2.918990798681426,38.145877524964675],[-2.9189984756669975,38.14584950174614],[-2.9191104897512785,38.146109054098815],[-2.919226956302789,38.14626316210334],[-2.919461938781258,38.14647305083858],[-2.919478439396825,38.14651623272991]]]},"properties":{"dn_surface":2674.93867596203,"provincia":23,"municipio":97,"agregado":0,"zona":0,"poligono":15,"parcela":71,"recinto":1,"uso_sigpac":"OV","idPanel":"23:97:0:0:15:71:1"},"id":1112589672},{"type":"Feature","geometry":{"type":"Polygon","coordinates":[[[-2.9170081649800035,38.145024238789034],[-2.9169747874013945,38.14503489386502],[-2.917049650374034,38.14518482684329],[-2.9170561823915646,38.14526325631593],[-2.917036280399488,38.14529983997272],[-2.916943749212101,38.145372692964855],[-2.9168499481663073,38.14536615424177],[-2.9167775905446756,38.14516665236155],[-2.9168626408830365,38.14493869391836],[-2.916906023940058,38.144822191324664],[-2.916965008234382,38.14493876767909],[-2.9170081649800035,38.145024238789034]]]},"properties":{"dn_surface":879.879993982825,"provincia":23,"municipio":97,"agregado":0,"zona":0,"poligono":15,"parcela":87,"recinto":1,"uso_sigpac":"OV","idPanel":"23:97:0:0:15:87:1"},"id":1112589634},{"type":"Feature","geometry":{"type":"Polygon","coordinates":[[[-2.9184513930053346,38.14210057546799],[-2.9184355679712035,38.14237644151979],[-2.91840396148884,38.14237263362094],[-2.918355581979041,38.142366741142695],[-2.9180920037980083,38.142334558823535],[-2.9179076128137176,38.14231207604331],[-2.9176873908676146,38.14228803590544],[-2.917553432121333,38.14227342960007],[-2.917406583683585,38.142252955962164],[-2.917229043229165,38.14222822347898],[-2.9171698217269673,38.14222277356521],[-2.9170113274722596,38.142208239344285],[-2.916848620472766,38.14218568028872],[-2.9167860931477594,38.142177072911835],[-2.916919217056436,38.14212192166207],[-2.916923898349637,38.14211976164549],[-2.9175964078178342,38.14180335986933],[-2.917608951336679,38.14170936771612],[-2.917943820961196,38.141768639509735],[-2.9178958286953467,38.141971005486454],[-2.917886035279097,38.142012299773086],[-2.917999543018612,38.14204825143429],[-2.9181694408532644,38.14206946184157],[-2.9183696962666335,38.142089431727044],[-2.9184513930053346,38.14210057546799]]]},"properties":{"dn_surface":4996.39140702472,"provincia":23,"municipio":48,"agregado":0,"zona":0,"poligono":24,"parcela":181,"recinto":3,"uso_sigpac":"OV","idPanel":"23:48:0:0:24:181:3"},"id":1112044808},{"type":"Feature","geometry":{"type":"Polygon","coordinates":[[[-2.917941823553552,38.143294262486364],[-2.9179437505532055,38.143294893643684],[-2.9179532899977736,38.14329421554771],[-2.918015990828185,38.143289757213154],[-2.918072846957167,38.14333992877394],[-2.9180027474203847,38.14338828313802],[-2.9179913044454935,38.14340800575738],[-2.917767712974113,38.143381128345055],[-2.9178773641997497,38.14332930554926],[-2.917941823553552,38.143294262486364]]]},"properties":{"dn_surface":191.22315958901976,"provincia":23,"municipio":97,"agregado":0,"zona":0,"poligono":15,"parcela":599,"recinto":3,"uso_sigpac":"OV","idPanel":"23:97:0:0:15:599:3"},"id":1155764213},{"type":"Feature","geometry":{"type":"Polygon","coordinates":[[[-2.9177717455079706,38.14322149079868],[-2.9178278196053395,38.143222206613245],[-2.9178802953514626,38.14327410400804],[-2.9178903083735883,38.14327738468512],[-2.9178694609027778,38.143290600432636],[-2.917824507077009,38.14332109296001],[-2.9177774845974134,38.14334831319218],[-2.9177509349175352,38.14336085252006],[-2.9177516959943888,38.14335575632265],[-2.9177530974486827,38.14334637110508],[-2.91775601518935,38.143326831211255],[-2.917759159241418,38.14330578006019],[-2.9177717455079706,38.14322149079868]]]},"properties":{"dn_surface":102.47114931217969,"provincia":23,"municipio":97,"agregado":0,"zona":0,"poligono":15,"parcela":599,"recinto":6,"uso_sigpac":"OV","idPanel":"23:97:0:0:15:599:6"},"id":1155764214},{"type":"Feature","geometry":{"type":"Polygon","coordinates":[[[-2.917553432121333,38.14227342960007],[-2.9176873908676146,38.14228803590544],[-2.9178494365349072,38.142701200892105],[-2.9177864414996764,38.14312307132397],[-2.917783570697669,38.14314229438182],[-2.9177706969318202,38.1432285098048],[-2.917759159241418,38.14330578006019],[-2.91775601518935,38.143326831211255],[-2.9177530974486827,38.14334637110508],[-2.9177516959943888,38.14335575632265],[-2.917702636712202,38.143374643266185],[-2.9173967609306732,38.14350488966733],[-2.917309749226853,38.143507201396346],[-2.9173023681224803,38.143499420475166],[-2.917283350421241,38.14325985058085],[-2.917513651606509,38.142742418903424],[-2.917553432121333,38.14227342960007]]]},"properties":{"dn_surface":3964.3059120586563,"provincia":23,"municipio":97,"agregado":0,"zona":0,"poligono":15,"parcela":90,"recinto":2,"uso_sigpac":"OV","idPanel":"23:97:0:0:15:90:2"},"id":1155764303},{"type":"Feature","geometry":{"type":"Polygon","coordinates":[[[-2.916919217056436,38.14212192166207],[-2.9169589774546907,38.141978648944445],[-2.9170004259683444,38.14185583645363],[-2.9169044883753052,38.14182404305481],[-2.9168608228481308,38.14178760021406],[-2.916840222643478,38.14173837664654],[-2.916839842105051,38.141670781622594],[-2.916881472506015,38.14158933717917],[-2.9175964078178342,38.14180335986933],[-2.916923898349637,38.14211976164549],[-2.916919217056436,38.14212192166207]]]},"properties":{"dn_surface":1748.22996426637,"provincia":23,"municipio":48,"agregado":0,"zona":0,"poligono":24,"parcela":180,"recinto":1,"uso_sigpac":"OV","idPanel":"23:48:0:0:24:180:1"},"id":1112044809},{"type":"Feature","geometry":{"type":"Polygon","coordinates":[[[-2.917553432121333,38.14227342960007],[-2.917513651606509,38.142742418903424],[-2.917283350421241,38.14325985058085],[-2.9168135698661843,38.143213998214975],[-2.916794262151078,38.14314290961357],[-2.9167859531699687,38.14311231566518],[-2.9169935704093315,38.14287903806593],[-2.917121284637379,38.14266264581161],[-2.917229043229165,38.14222822347898],[-2.917406583683585,38.142252955962164],[-2.917553432121333,38.14227342960007]]]},"properties":{"dn_surface":4175.3170166015625,"provincia":23,"municipio":97,"agregado":0,"zona":0,"poligono":15,"parcela":91,"recinto":2,"uso_sigpac":"OV","idPanel":"23:97:0:0:15:91:2"},"id":1179499923},{"type":"Feature","geometry":{"type":"Polygon","coordinates":[[[-2.919567384805821,38.14186405742478],[-2.9198002248697112,38.14193235485226],[-2.919780309466588,38.14209150457185],[-2.9197605097337367,38.14224975323674],[-2.9197355752466962,38.1423015584306],[-2.9197156740928096,38.14234291222871],[-2.919689764790372,38.142346769580826],[-2.919649833401282,38.14233790990863],[-2.9195360968357975,38.14230132876642],[-2.9194558912377584,38.14228315763745],[-2.91935961082486,38.1422504640222],[-2.91919271119715,38.14220804572227],[-2.9191739918916815,38.14220328815375],[-2.919057177491169,38.142163459862076],[-2.9189704859760686,38.142128610421196],[-2.918956447963801,38.14202576613951],[-2.9189542527432293,38.141946183316946],[-2.9189526107283004,38.14192413974848],[-2.91894503097281,38.14182243289113],[-2.918956749712333,38.14175070055953],[-2.918966028479697,38.141614886059784],[-2.9189682304057913,38.1415839744372],[-2.918995980374275,38.14156605895633],[-2.919039454794046,38.14156978471249],[-2.9190822150756253,38.14160081787264],[-2.919139929511543,38.14162753602878],[-2.919167873940191,38.14164053384681],[-2.9194083918278446,38.14178364311729],[-2.919567384805821,38.14186405742478]]]},"properties":{"dn_surface":3979.06322346752,"provincia":23,"municipio":48,"agregado":0,"zona":0,"poligono":24,"parcela":272,"recinto":1,"uso_sigpac":"OV","idPanel":"23:48:0:0:24:272:1"},"id":1112044680},{"type":"Feature","geometry":{"type":"Polygon","coordinates":[[[-2.9189704859760686,38.142128610421196],[-2.919057177491169,38.142163459862076],[-2.9191739918916815,38.14220328815375],[-2.91919271119715,38.14220804572227],[-2.91935961082486,38.1422504640222],[-2.9194558912377584,38.14228315763745],[-2.9195360968357975,38.14230132876642],[-2.919649833401282,38.14233790990863],[-2.9196857255509925,38.14238849553547],[-2.9197688237439885,38.142475254944],[-2.919811227794661,38.14251980727656],[-2.919480476199417,38.14276129578869],[-2.919123131338395,38.14258728160112],[-2.9190297996792074,38.142362169652415],[-2.9189704859760686,38.142128610421196]]]},"properties":{"dn_surface":2722.18974343115,"provincia":23,"municipio":48,"agregado":0,"zona":0,"poligono":24,"parcela":191,"recinto":1,"uso_sigpac":"OV","idPanel":"23:48:0:0:24:191:1"},"id":1112044796},{"type":"Feature","geometry":{"type":"Polygon","coordinates":[[[-2.918071177281956,38.14300432489466],[-2.9180224247774436,38.142818758767476],[-2.9179127190694336,38.14285157727312],[-2.9178494365349072,38.142701200892105],[-2.9176873908676146,38.14228803590544],[-2.9179076128137176,38.14231207604331],[-2.9180920037980083,38.142334558823535],[-2.918355581979041,38.142366741142695],[-2.91840396148884,38.14237263362094],[-2.9184355679712035,38.14237644151979],[-2.918651425460066,38.142411203788896],[-2.918705753606901,38.142432513940776],[-2.9187512120232704,38.142455190342986],[-2.918822335828682,38.1425153673822],[-2.918880631130524,38.14255288981215],[-2.919018019751788,38.142596713757314],[-2.919067428559358,38.142623297803],[-2.9190822427359064,38.1426389258624],[-2.9191304344910645,38.14270563659554],[-2.919178922127421,38.14301659264888],[-2.9192770230897973,38.143264419556516],[-2.9193637313687044,38.143285209192214],[-2.9193370534457,38.14338397316317],[-2.9193213834767864,38.14338382815623],[-2.91923979067369,38.143378554262426],[-2.9191472024893583,38.1433454407138],[-2.918838584148948,38.143226944903404],[-2.918417490719556,38.14311184963131],[-2.9182984484090473,38.14307001974106],[-2.9181639917776874,38.14300730633781],[-2.918093432912584,38.142996820576315],[-2.918071177281956,38.14300432489466]]]},"properties":{"dn_surface":9301.299803688235,"provincia":23,"municipio":97,"agregado":0,"zona":0,"poligono":15,"parcela":82,"recinto":2,"uso_sigpac":"OV","idPanel":"23:97:0:0:15:82:2"},"id":1155764202},{"type":"Feature","geometry":{"type":"Polygon","coordinates":[[[-2.9178494365349072,38.142701200892105],[-2.9179127190694336,38.14285157727312],[-2.9180224247774436,38.142818758767476],[-2.918071177281956,38.14300432489466],[-2.9180718419669174,38.14300685455319],[-2.9180093498459074,38.14302688478841],[-2.917901473907469,38.1430900374034],[-2.917846162563334,38.14311398198765],[-2.9178129819594614,38.1431226798891],[-2.9177864414996764,38.14312307132397],[-2.9178494365349072,38.142701200892105]]]},"properties":{"dn_surface":605.4072352946606,"provincia":23,"municipio":97,"agregado":0,"zona":0,"poligono":15,"parcela":599,"recinto":4,"uso_sigpac":"OV","idPanel":"23:97:0:0:15:599:4"},"id":1155764211},{"type":"Feature","geometry":{"type":"Polygon","coordinates":[[[-2.919123131338395,38.14258728160112],[-2.9187752538375706,38.142417869078685],[-2.91868465635536,38.14240680999498],[-2.9184355679712035,38.14237644151979],[-2.9184513930053346,38.14210057546799],[-2.918457883113347,38.141988370276295],[-2.9184587221419043,38.14197386287742],[-2.918665328523685,38.142029977207955],[-2.918899415814842,38.14210566831264],[-2.9189704859760686,38.142128610421196],[-2.9190297996792074,38.142362169652415],[-2.919123131338395,38.14258728160112]]]},"properties":{"dn_surface":2160.7103973167,"provincia":23,"municipio":48,"agregado":0,"zona":0,"poligono":24,"parcela":190,"recinto":1,"uso_sigpac":"OV","idPanel":"23:48:0:0:24:190:1"},"id":1112044797},{"type":"Feature","geometry":{"type":"Polygon","coordinates":[[[-2.9364581134480603,38.14409680042621],[-2.936175313047338,38.14410592664291],[-2.9349962675382955,38.14234987088514],[-2.9340401463010997,38.142652598423666],[-2.933941154342363,38.14245751380665],[-2.9346194213401926,38.14225051766638],[-2.935045592526829,38.14206023252743],[-2.935660750495538,38.14185869635918],[-2.9358565450597727,38.14202707204012],[-2.935954911728496,38.14242692824021],[-2.935977634231158,38.142757160995586],[-2.9359846247388197,38.14285875972638],[-2.935993907697135,38.14299366478957],[-2.9360982179737523,38.14338451128137],[-2.9364581134480603,38.14409680042621]]]},"properties":{"dn_surface":14637.2251528592,"provincia":23,"municipio":97,"agregado":0,"zona":0,"poligono":16,"parcela":132,"recinto":1,"uso_sigpac":"OV","idPanel":"23:97:0:0:16:132:1"},"id":1112590950},{"type":"Feature","geometry":{"type":"Polygon","coordinates":[[[-2.936175313047338,38.14410592664291],[-2.9360962968414306,38.14414533248666],[-2.9358960523245363,38.14424519951612],[-2.9356742864317766,38.14428337657279],[-2.9356191335056208,38.14431371906406],[-2.935442942537692,38.14430929593351],[-2.935347656218567,38.14430292987768],[-2.935385702517521,38.14398327089373],[-2.9350886294112275,38.14361611166174],[-2.9343489289268208,38.14306492354365],[-2.9340401463010997,38.142652598423666],[-2.9349962675382955,38.14234987088514],[-2.936175313047338,38.14410592664291]]]},"properties":{"dn_surface":16006.5020164222,"provincia":23,"municipio":97,"agregado":0,"zona":0,"poligono":16,"parcela":131,"recinto":1,"uso_sigpac":"OV","idPanel":"23:97:0:0:16:131:1"},"id":1112590951},{"type":"Feature","geometry":{"type":"Polygon","coordinates":[[[-2.9360962968414306,38.14414533248666],[-2.936137375713132,38.14418603836364],[-2.9361337823910287,38.14419099625968],[-2.936007966664163,38.14426180071453],[-2.9358960523245363,38.14424519951612],[-2.9360962968414306,38.14414533248666]]]},"properties":{"dn_surface":113.02398361963,"provincia":23,"municipio":97,"agregado":0,"zona":0,"poligono":16,"parcela":156,"recinto":79,"uso_sigpac":"OV","idPanel":"23:97:0:0:16:156:79"},"id":1112590872},{"type":"Feature","geometry":{"type":"Polygon","coordinates":[[[-2.935807341608842,38.14771438227382],[-2.9357279373207943,38.147955696442324],[-2.9355687297660844,38.14821328156225],[-2.935435698896539,38.14817160673718],[-2.9353315277595238,38.14813897263343],[-2.935316956658182,38.14822620645771],[-2.9351462373969697,38.14833507146079],[-2.934960097947573,38.148453842197625],[-2.9346684915188543,38.14833479904891],[-2.934498482204883,38.14826539269555],[-2.9342033604057645,38.14814491121217],[-2.933378306158084,38.14817327389781],[-2.9332717470167124,38.14800620579385],[-2.9324406561220084,38.14814667644109],[-2.9319131485581784,38.14766058386331],[-2.9319025437736532,38.14765084409123],[-2.9319131644837952,38.14764345963411],[-2.932753903787815,38.14705660483952],[-2.9328610898955816,38.14711806431001],[-2.9329293345170813,38.147157195227265],[-2.9337657412150944,38.147387570173294],[-2.933876005996078,38.147417940324885],[-2.9339279067436106,38.14745284927727],[-2.9340869986280502,38.14744852421501],[-2.93424940052625,38.147450510726145],[-2.9344093490412444,38.147523787004445],[-2.9344485302499543,38.147535799110585],[-2.9345719303121824,38.14757362664187],[-2.934818706967306,38.14753059730114],[-2.935171409091884,38.147548833809],[-2.9352998433254562,38.147555473953076],[-2.935606911013687,38.14760999320731],[-2.935807341608842,38.14771438227382]]]},"properties":{"dn_surface":27334.1001458118,"provincia":23,"municipio":97,"agregado":0,"zona":0,"poligono":16,"parcela":166,"recinto":1,"uso_sigpac":"OV","idPanel":"23:97:0:0:16:166:1"},"id":1112590828},{"type":"Feature","geometry":{"type":"Polygon","coordinates":[[[-2.9294192807589043,38.13926059204405],[-2.9293990024193524,38.13930110429905],[-2.9293714494256045,38.139319680273985],[-2.9292351571573407,38.13935546848805],[-2.929090556746158,38.13939724221959],[-2.929049811474222,38.13940702809214],[-2.928904946194884,38.13941117545804],[-2.928758338317772,38.13946053900335],[-2.9286238573788914,38.139476188855696],[-2.92857117962889,38.1395315722842],[-2.9285335608070233,38.13960780066893],[-2.92855659176374,38.13968914955865],[-2.928546197364997,38.13976818755751],[-2.9284646204875178,38.1398365880824],[-2.928373884703898,38.13977378499277],[-2.928297544001641,38.13976232860688],[-2.9281960969833185,38.13979564751213],[-2.928234626918114,38.13985257488727],[-2.9282819503080515,38.139882922407736],[-2.928304602402723,38.139931829977456],[-2.9283262075976255,38.13999621976143],[-2.9283847434601027,38.14002323463697],[-2.928454254587248,38.13988710413946],[-2.928514100541269,38.13988388213568],[-2.9285928032639803,38.13985490254194],[-2.9286045773240668,38.13984635048564],[-2.928638529063077,38.139840398495835],[-2.9288194373663923,38.13986283852833],[-2.928999026358069,38.139875107958915],[-2.929051536469998,38.139843737846235],[-2.92899135523983,38.13994105426244],[-2.9289588351299662,38.140026216080145],[-2.9289522989214833,38.14008296324437],[-2.928921622830427,38.14016670013842],[-2.928889772434668,38.14021229853256],[-2.928840822117228,38.140253203060695],[-2.928736215121222,38.14029352085552],[-2.9286492939419624,38.140335431212094],[-2.9285985842629416,38.14039821250876],[-2.928590287016499,38.14044565575992],[-2.9286049578624938,38.14050709595202],[-2.928642007553101,38.140547163127934],[-2.9286879420616,38.14057532716248],[-2.9287868510394905,38.14059888114997],[-2.9289181996609686,38.14064691113438],[-2.928980563538853,38.140709525631195],[-2.9290794750313145,38.14080633913315],[-2.929148041517916,38.14086258338318],[-2.9291951494929283,38.140880772114144],[-2.929333872513257,38.14089301053173],[-2.9294381459094967,38.14089753759785],[-2.9295324440021777,38.14089058061782],[-2.9296485342062133,38.14084975990875],[-2.9297664675908663,38.14077532692778],[-2.9298124012611746,38.140747499007574],[-2.929859591378843,38.14073962001814],[-2.9299184340189948,38.14074892393123],[-2.929943161473015,38.14076334164372],[-2.929962022432656,38.14080994586632],[-2.929950121805824,38.14088714487551],[-2.92991684648644,38.14094322148745],[-2.929881140414991,38.140974569807156],[-2.929763207030338,38.14106618652886],[-2.9296573444251615,38.14118244604737],[-2.929597832909097,38.14123357649797],[-2.9295491340487674,38.14126844605542],[-2.9295456144874166,38.14130172305116],[-2.929565648913571,38.14132820986677],[-2.929616277288125,38.14134547742654],[-2.9297394099676257,38.14135344107322],[-2.929831864041499,38.141356542377565],[-2.929936137437739,38.14137523486093],[-2.9300803950290617,38.14144975249917],[-2.930238818037588,38.14153868701169],[-2.930418951853004,38.14164790656926],[-2.9305621197968494,38.141715969303476],[-2.9307122438825517,38.14178654744697],[-2.9308146749363644,38.14184379752538],[-2.9309477829194237,38.14188252275855],[-2.9311427510279566,38.14192217083928],[-2.9313283314043783,38.141970452280816],[-2.9314561587881243,38.1419984486773],[-2.931533861549727,38.14204505373806],[-2.931620953719822,38.14213532935517],[-2.931656244048848,38.142190064024334],[-2.931693294577646,38.142280339641445],[-2.9317249832026646,38.142419901690346],[-2.9317554975229796,38.14256373851009],[-2.9317707551022325,38.14264839825174],[-2.9317601100845705,38.142660552012046],[-2.931738317135025,38.1426697721061],[-2.931688276331917,38.1426697721061],[-2.9316205488738745,38.142647391585115],[-2.931470926864202,38.142587291659396],[-2.9313378180429526,38.14253138268555],[-2.9311917181092038,38.14248989058598],[-2.9310939825978264,38.14247287448336],[-2.9309461224643067,38.14244898521969],[-2.9308553439329765,38.14244898521969],[-2.930814691700172,38.14246616812221],[-2.930781080266451,38.1424954218042],[-2.9307846023423725,38.142560634691165],[-2.9308534228006553,38.14267094305805],[-2.9309069026988386,38.14278284398662],[-2.9309628141872777,38.1428810824122],[-2.930999195001972,38.142979739933025],[-2.9310333948453304,38.143015531499884],[-2.9311276099571653,38.14305149154299],[-2.9313950002279876,38.14311536416358],[-2.9315446213994694,38.14315945381506],[-2.931687787666934,38.1432032090286],[-2.931849143503555,38.14322056040737],[-2.9319162842283415,38.14323548103411],[-2.931936904549563,38.14325274775564],[-2.931929780769633,38.14329507804558],[-2.9318490621990896,38.14330991401508],[-2.9316251773610813,38.14334042414444],[-2.9314083333221572,38.14334126149663],[-2.931103812894453,38.143324076917736],[-2.9309235139555336,38.14330161257769],[-2.930868107895887,38.14330161257769],[-2.9308157209979426,38.143313179604775],[-2.930772051279816,38.143340170172735],[-2.930741960245637,38.14338392454812],[-2.930741961922017,38.14343555791291],[-2.930746656626263,38.14345693260546],[-2.930758392129593,38.14347277440342],[-2.930777251412853,38.14348350407829],[-2.9308143840843073,38.1434876950301],[-2.930883285008865,38.14348777884919],[-2.9309704584834253,38.14348358789735],[-2.9310659308808105,38.14349867616215],[-2.9311453930039937,38.14351954794046],[-2.93118780711295,38.143539581528444],[-2.9312160549665123,38.14355818935459],[-2.9312296344886506,38.14357545691436],[-2.9312248568035577,38.14359406474051],[-2.9312042381587164,38.14361401450941],[-2.931132320587028,38.14365676305633],[-2.93106752847165,38.143696577936964],[-2.9309925942528303,38.14374578054972],[-2.9309581446287423,38.14378375141149],[-2.93094775274457,38.14385139505052],[-2.9309618368573087,38.143910488309615],[-2.9310189201358807,38.143966397283464],[-2.931081284851955,38.14403856798867],[-2.931138451111373,38.14408508839222],[-2.9312244519576103,38.144116772826266],[-2.9313863953656787,38.14416362934418],[-2.9315630909242087,38.14421819721346],[-2.931672059024695,38.14426103041757],[-2.9317209263612876,38.14427553194912],[-2.9317751581162304,38.14427276592093],[-2.931867696009141,38.14424770319073],[-2.9319247776113317,38.1442395727442],[-2.93195134908416,38.14425172734272],[-2.931950091798609,38.14426748532159],[-2.9319395314381738,38.14429405679442],[-2.9318993821195884,38.14432331047644],[-2.93180860526464,38.144358179195734],[-2.9317055070112947,38.14440553778965],[-2.931616491194307,38.14445482422144],[-2.931537449842688,38.14451064937626],[-2.931526888644062,38.14453571126822],[-2.9315303260627585,38.144574352682326],[-2.9315491870223984,38.14459991832675],[-2.931592773759679,38.14461953281952],[-2.931727056047443,38.144651720167815],[-2.9318584038307307,38.14469044623914],[-2.931903751605972,38.14470788059879],[-2.9319408851156163,38.14475163581233],[-2.9320231996006183,38.14485959724618],[-2.932063854347995,38.14491274019184],[-2.932109202123237,38.14494207769289],[-2.932168045601579,38.14498859809643],[-2.932211633177049,38.145025898405976],[-2.932230410317654,38.14506588176286],[-2.932248521096916,38.14527996061176],[-2.9322584142578196,38.14536621207694],[-2.9322702344183766,38.14539420847339],[-2.9323072832707924,38.14542765310722],[-2.9323514584177115,38.145458080255736],[-2.9324076314215435,38.14547472084911],[-2.932482218629552,38.145484567909534],[-2.932621864497474,38.1454795396055],[-2.932770393506908,38.14545171084711],[-2.9328563935149545,38.145436120506304],[-2.9329577324067193,38.14543201421171],[-2.933076758791611,38.14546143553176],[-2.9332033297279962,38.14552941444691],[-2.933317580104177,38.1456248868443],[-2.9334352670608617,38.14573913554409],[-2.9336525360623025,38.14593469038587],[-2.933763181381713,38.14603066569748],[-2.9339456638065373,38.146182633802],[-2.9340128045313243,38.146222700977916],[-2.9341188389655257,38.14625438541202],[-2.934207773478047,38.146279783418294],[-2.934317914206857,38.14630736071959],[-2.9343877371408187,38.146313899442646],[-2.9344820352334997,38.14630669100549],[-2.934593097133523,38.146287914703066],[-2.9348253722571056,38.1462086462019],[-2.9347137261383964,38.146605930833886],[-2.934902727169706,38.146768071216684],[-2.9349715132621825,38.14682708065672],[-2.93486001634136,38.146859129703614],[-2.9348143919632963,38.146847638113655],[-2.9348051316361206,38.146830249854474],[-2.934763908595675,38.146726620188446],[-2.9346846912240796,38.146709998035305],[-2.9346091644046703,38.14670664946476],[-2.934555183268647,38.14676231368705],[-2.9344888497211836,38.14698365545547],[-2.9344670861083024,38.14699649317913],[-2.934360127150126,38.147011257064264],[-2.9342546501125186,38.14704161380482],[-2.9340425862732578,38.14709322872943],[-2.9339909386592176,38.14709591764415],[-2.933920185333948,38.14706172618267],[-2.933897360572062,38.14706990356788],[-2.933882824674715,38.14708791460251],[-2.933891093422686,38.147119042478124],[-2.9339118034302767,38.147155091369456],[-2.933957645737835,38.1471891462059],[-2.9340444428649213,38.147282936355225],[-2.9340423448744324,38.14730914405342],[-2.9340192225549653,38.147354455786484],[-2.933961097405767,38.14737408871943],[-2.933905611718035,38.14736381753468],[-2.9337410531560217,38.147247148141105],[-2.9336525209748756,38.14715166903818],[-2.9336546533311694,38.147087785521165],[-2.9335966430140523,38.14701076337016],[-2.933484701852334,38.14693371020607],[-2.933333536734195,38.1468802738938],[-2.933271331274291,38.14681242657451],[-2.933199119497783,38.14674669233315],[-2.933129071090613,38.14669096524659],[-2.933069534428837,38.1466321066809],[-2.932932195260804,38.146618066992204],[-2.9328884408854505,38.14657706942498],[-2.9327517387420974,38.14642948337968],[-2.9327238772942943,38.1463036450217],[-2.9326482683322292,38.14626971591383],[-2.932626683253895,38.14625175349423],[-2.9325963483063187,38.14622384007865],[-2.932548327541997,38.146166537194205],[-2.932508554570887,38.14610754116521],[-2.932455668949673,38.14601498231755],[-2.9323500510960847,38.1458314571839],[-2.932249532792689,38.145742124530955],[-2.932195069697205,38.14567022539944],[-2.932185350879899,38.14561267943978],[-2.93207133268245,38.14554217589526],[-2.931901095380699,38.14543888485812],[-2.9317600396765786,38.14544259301232],[-2.931721483757882,38.14542896319875],[-2.931684931952353,38.1453743936531],[-2.9316813101317765,38.14537198050303],[-2.9316069081638396,38.14532240489558],[-2.931401631151982,38.14524529557275],[-2.9313560327578205,38.145207592931854],[-2.9313789446915055,38.14510604616888],[-2.9314039227644457,38.14501269020215],[-2.931387428854401,38.14490620565974],[-2.9313522097715556,38.144860318928096],[-2.9311697290231127,38.144806155904746],[-2.931059828016747,38.14477169203141],[-2.9309531213538715,38.144649592840665],[-2.9308891783253355,38.144610527302206],[-2.9308648842157354,38.1445296830031],[-2.930920101682549,38.14447102308844],[-2.930880843360325,38.14431046856183],[-2.9307814297918346,38.14415315447914],[-2.9307462274727953,38.14409088699318],[-2.9306363524503323,38.144030213745225],[-2.9304974156914603,38.143994093607745],[-2.9303551068927405,38.14391788533959],[-2.9303544673534914,38.14381382065275],[-2.9302695234653067,38.14371057152513],[-2.9302342951623674,38.14367615123771],[-2.9300716116322048,38.1435294469687],[-2.9299700497818026,38.14345239631922],[-2.929841920649524,38.14348298859122],[-2.9297173026966927,38.14344947606398],[-2.929627631414838,38.1433934899766],[-2.9295111112191448,38.143340811388384],[-2.9294960690548164,38.14333014541597],[-2.9294869084722936,38.143307551156425],[-2.9295091900868226,38.14322452337143],[-2.9294995844252156,38.143151930218295],[-2.9294696702492034,38.143098921383114],[-2.929445641007759,38.1430473936303],[-2.9292860914713788,38.14298967332704],[-2.9291361174217534,38.14305385188706],[-2.9291426041770046,38.14309767834678],[-2.929178141772189,38.14314989676848],[-2.9292064675774556,38.14330477171717],[-2.9291680927078776,38.14344004809871],[-2.929150095922506,38.14345669791217],[-2.92913277723314,38.14346211429833],[-2.929120076972698,38.14346379654637],[-2.9290261870787258,38.14315296705976],[-2.9290270956770836,38.143117710258366],[-2.9290310469064735,38.14296613777975],[-2.9290346134064857,38.142825935353386],[-2.9290458686267353,38.14238510337904],[-2.929178814839054,38.14191012520553],[-2.9291837450747935,38.14175826271301],[-2.929153379952364,38.14174244186981],[-2.92910300387311,38.14171619477665],[-2.928848986091404,38.14158384703228],[-2.9288494437433448,38.14158267608033],[-2.928850129383065,38.141581143868336],[-2.9288882159151566,38.14148788596992],[-2.928939920526142,38.14136119852506],[-2.9289678959678347,38.14122593555456],[-2.928992433152642,38.141106712194926],[-2.9289982803686425,38.141078776986376],[-2.928367705564511,38.14103855306885],[-2.928346822889705,38.14103718430397],[-2.927873611621475,38.14077696475172],[-2.9276501408495093,38.140806478272765],[-2.9275107858336438,38.14082486397845],[-2.927371435846921,38.14084325387512],[-2.927349180216293,38.140846124677125],[-2.9272688765499817,38.14081065078443],[-2.926813864071003,38.14060938032253],[-2.926692997858256,38.14052742206843],[-2.926733825272848,38.14053027443026],[-2.926742185383569,38.14053378393331],[-2.9267795812467976,38.14055083272535],[-2.9268018595085654,38.140563018336934],[-2.9268226474678603,38.140568708811344],[-2.926890996024966,38.14058741889673],[-2.926993298835653,38.14057599352378],[-2.9269739860914044,38.14054913790446],[-2.9269385574609674,38.14051645099468],[-2.9269007542372196,38.14046973361641],[-2.9268724435193803,38.14043474671226],[-2.926825177964579,38.14041838439812],[-2.92679682533722,38.140402033818646],[-2.926785799781131,38.14036381066151],[-2.926785045409801,38.14036119550755],[-2.9267686604645045,38.14032361943339],[-2.9267519553304884,38.14031143717463],[-2.9267352577401855,38.14029114039488],[-2.9266851943059384,38.14029338590686],[-2.9266523640656392,38.1402957152379],[-2.926726838956138,38.14010155179213],[-2.9266839001400107,38.13990441779967],[-2.9266554335187633,38.13984185191791],[-2.926958923810507,38.13932183777598],[-2.9269459461090532,38.1389411342258],[-2.927363689291548,38.13902885252412],[-2.9274758911304706,38.139052413217144],[-2.927650558268312,38.13839550079527],[-2.927875976156501,38.138456926738144],[-2.927980115442282,38.138514134068885],[-2.928098713511897,38.1385868479214],[-2.928233289166289,38.13866705687221],[-2.928471393903875,38.138722365701796],[-2.928594882814281,38.1387599208212],[-2.928746669869671,38.13880608080291],[-2.9289395475314284,38.13888965592622],[-2.9291182689960755,38.13899647742119],[-2.9293817373741713,38.13912596777462],[-2.9294017215089037,38.13924170761507],[-2.9294192807589043,38.13926059204405]],[[-2.928899233089341,38.14000217342763],[-2.9288911244357294,38.13996725944608],[-2.92883418113495,38.139913022662],[-2.9287492841854266,38.13989735353127],[-2.9286992140456563,38.1399533605734],[-2.9287212718633575,38.13999746950327],[-2.928758451473472,38.14004158765326],[-2.9288119372389874,38.14006183162698],[-2.9288631372593716,38.140040734375475],[-2.928899233089341,38.14000217342763]],[[-2.928164096551484,38.14050657543578],[-2.928176992948472,38.14050849321535],[-2.9281713259434,38.14053268422754],[-2.9282108189589273,38.14054098482677],[-2.928222930809732,38.14052125550188],[-2.928277737563267,38.14053274876821],[-2.928307634137281,38.14046209602577],[-2.92829877362691,38.140455087077925],[-2.9281923854763736,38.14043082817233],[-2.9281859213522625,38.14044610502995],[-2.9281246529891876,38.14044734052254],[-2.928114947582927,38.140479805311855],[-2.928168149201908,38.14048429465947],[-2.928164096551484,38.14050657543578]]]},"properties":{"dn_surface":123230.46429915,"provincia":23,"municipio":97,"agregado":0,"zona":0,"poligono":16,"parcela":168,"recinto":14,"uso_sigpac":"OV","idPanel":"23:97:0:0:16:168:14"},"id":1112590820},{"type":"Feature","geometry":{"type":"Polygon","coordinates":[[[-2.931580179949413,38.139337596593066],[-2.93153670133869,38.13930544947792],[-2.9314995426833352,38.13934115219661],[-2.931447617628284,38.13934391571024],[-2.9314029177741947,38.13930856000238],[-2.9313766522408504,38.13932936388727],[-2.931421351256749,38.139364719595136],[-2.931344723893387,38.139425149767874],[-2.931343769194559,38.13943922382231],[-2.9312956042614933,38.139474195638996],[-2.931249660532901,38.13947541855873],[-2.9311672999474285,38.139454099186764],[-2.9311134529218648,38.13943529857684],[-2.930812619693585,38.13925243980452],[-2.930750868532858,38.13921611682497],[-2.9306780172171005,38.1391910482275],[-2.9306194159757735,38.13917474710121],[-2.930481636757799,38.13912336435533],[-2.9303245699412863,38.13906988026619],[-2.930261573229675,38.13913975265339],[-2.930416281378495,38.13918253556608],[-2.9304213675176425,38.139195897996956],[-2.9303468783779065,38.139228384579155],[-2.9300387730100015,38.13928905447432],[-2.9297796933966684,38.13932380333239],[-2.9296646190793583,38.13932049331862],[-2.9296169201801368,38.13930810989413],[-2.9296013574995907,38.139306391603895],[-2.929606566014532,38.1392870126426],[-2.9295805058378277,38.13919948880445],[-2.9296225159390277,38.139170354145506],[-2.929682514443696,38.1391443551567],[-2.92979216147838,38.1391256903336],[-2.929843093277847,38.13907279800685],[-2.929884968430398,38.13903475589885],[-2.9299777167090904,38.139005460307345],[-2.9300059477988443,38.138993737376865],[-2.93014708313105,38.13895273058955],[-2.930175321764518,38.13893220079288],[-2.930215676439743,38.138888197474984],[-2.930219216117663,38.138860680523436],[-2.9306745144195565,38.138778962829946],[-2.930809431217427,38.13875038556756],[-2.9310836912964997,38.138692149777256],[-2.931419586027836,38.13858578677241],[-2.9314414569290848,38.138613027959366],[-2.9314454852719893,38.1386159658166],[-2.931480403444493,38.138614648181346],[-2.931522083298688,38.13861307657439],[-2.931538214272303,38.13860721510915],[-2.9316027473868576,38.1385720312303],[-2.9316229150852804,38.138560302432495],[-2.931776142989912,38.1385193015125],[-2.9317944700222895,38.13850978553725],[-2.9319051907788323,38.13846947947707],[-2.9319535769941556,38.1384577674431],[-2.932019240827515,38.138444528226245],[-2.932056484978288,38.13843753771857],[-2.9320819064539316,38.13843189334463],[-2.9321188983094033,38.13841677239043],[-2.9321834507023365,38.1383610419511],[-2.932207589746719,38.13834482715845],[-2.9326077937957815,38.138310106798855],[-2.932859233303918,38.138382716715796],[-2.932966540111097,38.138456227687385],[-2.932990455358651,38.13851599988064],[-2.932996719155265,38.138527354845564],[-2.933064392969125,38.138650420469816],[-2.933192784454988,38.1387565697361],[-2.933512273286269,38.13892024903643],[-2.9337376601614147,38.139033941177814],[-2.933867433823194,38.13905808525135],[-2.9339611728428996,38.139075524640134],[-2.9341923608335763,38.13907124316373],[-2.9342815333921632,38.139022804980584],[-2.9344834123802723,38.13900102208933],[-2.9347729895501127,38.139055982231696],[-2.934692262597666,38.13916982273281],[-2.9342964406078416,38.13972805919366],[-2.934192272823589,38.139675046167525],[-2.934109864461264,38.1396294167603],[-2.934032959656892,38.13957727880495],[-2.9339478171175903,38.13951645384452],[-2.9338022167453,38.13945125353047],[-2.933403838274857,38.139316447373716],[-2.933134595603323,38.13921861547044],[-2.9330394777604623,38.139192336526065],[-2.9330135525324077,38.139156200462935],[-2.9327473633883816,38.13878516543866],[-2.9327102248495946,38.138733402154344],[-2.932479107266909,38.1389054063614],[-2.932202893366092,38.13909126417886],[-2.9321632234923976,38.139174488100366],[-2.9321217204963697,38.13926155680113],[-2.9320934609081415,38.13930681740459],[-2.932065732732608,38.13929620088538],[-2.9320192232255176,38.139268825588005],[-2.932003672279636,38.13925307682922],[-2.9319640937686917,38.13923125538119],[-2.931900505294681,38.13922174108234],[-2.9318417204896643,38.139208438163024],[-2.931782942390171,38.139187552973624],[-2.931687644336381,38.13917775452825],[-2.9316807762045127,38.139204735037964],[-2.9316317454207983,38.139220728548366],[-2.93165912574733,38.1392399298133],[-2.9316720648920276,38.13923824505065],[-2.9317020519906016,38.13923826265267],[-2.9317170312906518,38.139253893226595],[-2.9317230075879697,38.139276808513074],[-2.931722995015114,38.13929034696389],[-2.931685490187138,38.13931323626642],[-2.9316330303666307,38.13929445912581],[-2.9315749747872335,38.13928842918432],[-2.931570233982517,38.139297614074366],[-2.931580179949413,38.139337596593066]],[[-2.9308941948946825,38.138973761624015],[-2.930894193218302,38.13897557882072],[-2.930799174281905,38.139169953490494],[-2.930801667060057,38.139173588722116],[-2.931051053001794,38.13937362201503],[-2.93105604442543,38.139373625367796],[-2.9311883091889803,38.13938279014127],[-2.9311933006126165,38.13938279265585],[-2.9312882189661695,38.139295628401385],[-2.9308941948946825,38.138973761624015]]]},"properties":{"dn_surface":24920.9608193833,"provincia":23,"municipio":97,"agregado":0,"zona":0,"poligono":16,"parcela":127,"recinto":13,"uso_sigpac":"OV","idPanel":"23:97:0:0:16:127:13"},"id":1112590971},{"type":"Feature","geometry":{"type":"Polygon","coordinates":[[[-2.93380646469408,38.1395415693807],[-2.9338144685738956,38.13958771762776],[-2.93381192131337,38.13961757061588],[-2.9337841654775536,38.13965736035078],[-2.933741298745799,38.13968718986959],[-2.9336444802146837,38.1397165106068],[-2.933218325791855,38.13953510022745],[-2.9330804459910356,38.13954633533115],[-2.932959160683105,38.13955621759558],[-2.9326586040576457,38.13965067494442],[-2.932417877460592,38.139841511612616],[-2.932182486783414,38.13993501426265],[-2.9317901281961873,38.13998643388891],[-2.9316046450498483,38.13988576471124],[-2.931337395595008,38.13977056634178],[-2.9311505109943754,38.13972719837216],[-2.9308086449948636,38.139582250112],[-2.9307338155498397,38.13955048018249],[-2.9306787238115795,38.13952385925643],[-2.9305445035499043,38.13954703102917],[-2.930405381550961,38.139564791444826],[-2.9302709450361704,38.13957471394241],[-2.9301631034635367,38.13957843383125],[-2.930040229784859,38.139549608464534],[-2.929914398970568,38.139510326672934],[-2.9298188737671893,38.13944837937569],[-2.929784890176945,38.13942840865201],[-2.929781986685514,38.13941689778369],[-2.929790738231137,38.139407696129865],[-2.929974381549619,38.13937558254233],[-2.9303307666826703,38.13931569886972],[-2.9306140213825715,38.13927957789403],[-2.9307077017289522,38.13928702437724],[-2.930808862086168,38.13935008395316],[-2.9309247343607083,38.13942234518291],[-2.9311214727272974,38.13953935739633],[-2.931341861473283,38.13962511013821],[-2.931549161876688,38.139674533195034],[-2.931617671366345,38.13968148346956],[-2.9316808038647952,38.139678121488004],[-2.93175399297127,38.13966003501625],[-2.9320435500245425,38.13950223478318],[-2.932327340328088,38.139389564395856],[-2.9327309834722266,38.139240371539614],[-2.9328659782218023,38.13924207306607],[-2.933033462068198,38.139281195601455],[-2.93380646469408,38.1395415693807]]]},"properties":{"dn_surface":10543.3353455147,"provincia":23,"municipio":97,"agregado":0,"zona":0,"poligono":16,"parcela":128,"recinto":1,"uso_sigpac":"OV","idPanel":"23:97:0:0:16:128:1"},"id":1112590967},{"type":"Feature","geometry":{"type":"Polygon","coordinates":[[[-2.9288296029391647,38.147133637048825],[-2.928572138518669,38.147484249564826],[-2.9281363482593803,38.14730561694836],[-2.9279651185402344,38.14722944304597],[-2.9274514360883193,38.14699659376197],[-2.9276991733096045,38.146677432663154],[-2.9274726355990848,38.14655994519575],[-2.9275579994206424,38.1458617896169],[-2.927826064434711,38.14564096836469],[-2.928131894953959,38.146720694182534],[-2.9284891895235594,38.146990485030614],[-2.9288296029391647,38.147133637048825]]]},"properties":{"dn_surface":9649.99951708619,"provincia":23,"municipio":97,"agregado":0,"zona":0,"poligono":16,"parcela":201,"recinto":1,"uso_sigpac":"OV","idPanel":"23:97:0:0:16:201:1"},"id":1112590693},{"type":"Feature","geometry":{"type":"Polygon","coordinates":[[[-2.9275579994206424,38.1458617896169],[-2.9269761779592143,38.14634107357435],[-2.927122105225748,38.1463809119243],[-2.9269206042614937,38.14656752662765],[-2.9271655402505723,38.14678192482708],[-2.927114739208802,38.14676183759491],[-2.927091695679229,38.1467415299187],[-2.927057995397329,38.14671183031945],[-2.9270168327065904,38.146691135399266],[-2.9269734345621425,38.14666346338248],[-2.926915306060183,38.146625140480694],[-2.926874539833488,38.14659721616863],[-2.9268316806454466,38.14656729780165],[-2.926810512985915,38.146552519667324],[-2.926737649935493,38.14651691250231],[-2.9266397275076637,38.146498663421625],[-2.92660635998734,38.14649341886454],[-2.926770053536895,38.14624162312549],[-2.926829716765416,38.146149912526454],[-2.927477655521193,38.145629392955726],[-2.9275819289174336,38.145665959848685],[-2.927826064434711,38.14564096836469],[-2.9275579994206424,38.1458617896169]]]},"properties":{"dn_surface":3253.82769198201,"provincia":23,"municipio":97,"agregado":0,"zona":0,"poligono":16,"parcela":197,"recinto":2,"uso_sigpac":"OV","idPanel":"23:97:0:0:16:197:2"},"id":1112590700},{"type":"Feature","geometry":{"type":"Polygon","coordinates":[[[-2.9265835167852643,38.146528557481105],[-2.92663734369426,38.14656950894786],[-2.926509990726262,38.14690271476448],[-2.926382462576476,38.147067834914054],[-2.9264166213485074,38.14714716795592],[-2.9262186667676966,38.14732161632608],[-2.9262125504925884,38.14732659014771],[-2.926102007432401,38.14741649779927],[-2.926063986279159,38.14744742115647],[-2.9260557896155586,38.147454087284444],[-2.9257518777140605,38.14733384300894],[-2.9257425226713734,38.1473301415603],[-2.9256417529108676,38.147326471962884],[-2.9260429887722723,38.14667878214962],[-2.9260524519415165,38.14666350613018],[-2.926065671879987,38.14664216664164],[-2.926067810941804,38.14663871329731],[-2.9261064255338263,38.14657637875612],[-2.926223751230464,38.14657212829272],[-2.926350075738881,38.14643900186951],[-2.9263776069396794,38.14640998790995],[-2.926387686178844,38.14639936636161],[-2.9263947755929696,38.14639189473269],[-2.9265709405769966,38.14620634704568],[-2.9265561548989214,38.14615568681987],[-2.9266154359126353,38.1461049830082],[-2.926571165212015,38.14598022004847],[-2.9270504265383144,38.14557892216095],[-2.9273521457338116,38.145602725929166],[-2.926669677725862,38.14618685241416],[-2.9266167418132265,38.146283704472864],[-2.926512584925448,38.14647452605362],[-2.9265014939905103,38.146494797687694],[-2.9265835167852643,38.146528557481105]]]},"properties":{"dn_surface":6973.15199249211,"provincia":23,"municipio":97,"agregado":0,"zona":0,"poligono":16,"parcela":193,"recinto":1,"uso_sigpac":"OV","idPanel":"23:97:0:0:16:193:1"},"id":1112590705},{"type":"Feature","geometry":{"type":"Polygon","coordinates":[[[-2.927477655521193,38.145629392955726],[-2.926829716765416,38.146149912526454],[-2.926770053536895,38.14624162312549],[-2.92660635998734,38.14649341886454],[-2.9265986268430133,38.1465053153004],[-2.926512584925448,38.14647452605362],[-2.9266167418132265,38.146283704472864],[-2.926669677725862,38.14618685241416],[-2.9273521457338116,38.145602725929166],[-2.9274274588146785,38.1456116962425],[-2.927477655521193,38.145629392955726]]]},"properties":{"dn_surface":1116.57882419503,"provincia":23,"municipio":97,"agregado":0,"zona":0,"poligono":16,"parcela":360,"recinto":1,"uso_sigpac":"OV","idPanel":"23:97:0:0:16:360:1"},"id":1112591532},{"type":"Feature","geometry":{"type":"Polygon","coordinates":[[[-2.9275579994206424,38.1458617896169],[-2.9274726355990848,38.14655994519575],[-2.9276991733096045,38.146677432663154],[-2.9274514360883193,38.14699659376197],[-2.927267018281938,38.146870751213015],[-2.9272110707513135,38.14682177910262],[-2.9271655402505723,38.14678192482708],[-2.9269206042614937,38.14656752662765],[-2.927122105225748,38.1463809119243],[-2.9269761779592143,38.14634107357435],[-2.9275579994206424,38.1458617896169]]]},"properties":{"dn_surface":3933.7401087516,"provincia":23,"municipio":97,"agregado":0,"zona":0,"poligono":16,"parcela":192,"recinto":1,"uso_sigpac":"OV","idPanel":"23:97:0:0:16:192:1"},"id":1112590706},{"type":"Feature","geometry":{"type":"Polygon","coordinates":[[[-2.92659181654628,38.14651579016541],[-2.926731120432533,38.14653426304292],[-2.9267866731754943,38.14656209515405],[-2.926874736808225,38.146631309561826],[-2.926922838877013,38.14665826408765],[-2.92701082623442,38.1467075697978],[-2.9270394780957387,38.14672925210624],[-2.927097055906627,38.14677325207134],[-2.927126498181462,38.146796554601735],[-2.927170439473267,38.1468126646206],[-2.9271863064169175,38.14681640043503],[-2.9272110707513135,38.14682177910262],[-2.927267018281938,38.146870751213015],[-2.9274514360883193,38.14699659376197],[-2.9279651185402344,38.14722944304597],[-2.927546570694987,38.14751046480674],[-2.927316784996795,38.14732799411655],[-2.927086759576157,38.14727368189534],[-2.9262186667676966,38.14732161632608],[-2.9264166213485074,38.14714716795592],[-2.926382462576476,38.147067834914054],[-2.926509990726262,38.14690271476448],[-2.92663734369426,38.14656950894786],[-2.9265835167852643,38.146528557481105],[-2.92659181654628,38.14651579016541]]]},"properties":{"dn_surface":7101.87499208275,"provincia":23,"municipio":97,"agregado":0,"zona":0,"poligono":16,"parcela":197,"recinto":1,"uso_sigpac":"OV","idPanel":"23:97:0:0:16:197:1"},"id":1112590701},{"type":"Feature","geometry":{"type":"Polygon","coordinates":[[[-2.927546570694987,38.14751046480674],[-2.927525356934986,38.147524092105755],[-2.9270527743095323,38.1478276678929],[-2.9270539460996647,38.14782880280265],[-2.927067026060344,38.14784146618271],[-2.926820577975844,38.148005339105],[-2.9268121373988474,38.14800010628255],[-2.926736081681316,38.148047194140986],[-2.9262979009031,38.147864047869405],[-2.9263070028122966,38.14784138236368],[-2.926332954862443,38.14784649532493],[-2.9264021977686703,38.14781272295866],[-2.9263673558714896,38.14763547084172],[-2.9262506127171584,38.147652686433645],[-2.9262447763976325,38.147652683080906],[-2.926245063896928,38.14767364873654],[-2.926195461467383,38.147702565466034],[-2.926279144717255,38.14755994905144],[-2.9260557896155586,38.147454087284444],[-2.926063986279159,38.14744742115647],[-2.926102007432401,38.14741649779927],[-2.9262125504925884,38.14732659014771],[-2.9262186667676966,38.14732161632608],[-2.927086759576157,38.14727368189534],[-2.927316784996795,38.14732799411655],[-2.927546570694987,38.14751046480674]]]},"properties":{"dn_surface":6567.2275076763,"provincia":23,"municipio":97,"agregado":0,"zona":0,"poligono":16,"parcela":200,"recinto":1,"uso_sigpac":"OV","idPanel":"23:97:0:0:16:200:1"},"id":1112590695},{"type":"Feature","geometry":{"type":"Polygon","coordinates":[[[-2.925497356179944,38.14732127266802],[-2.9256417529108676,38.147326471962884],[-2.9257425226713734,38.1473301415603],[-2.9257518777140605,38.14733384300894],[-2.9260557896155586,38.147454087284444],[-2.926279144717255,38.14755994905144],[-2.926195461467383,38.147702565466034],[-2.9259604454612993,38.147616614073],[-2.9258146514670336,38.147556495707136],[-2.925709803910393,38.14752163956069],[-2.925644149297127,38.14750969283341],[-2.925633407049382,38.14748592343096],[-2.9256273737551193,38.14743466306089],[-2.9256132049851544,38.14740502129675],[-2.9255838347946894,38.14736495747357],[-2.9255351845494024,38.147336094388294],[-2.925497356179944,38.14732127266802]]]},"properties":{"dn_surface":1192.57843494121,"provincia":23,"municipio":97,"agregado":0,"zona":0,"poligono":16,"parcela":305,"recinto":4,"uso_sigpac":"OV","idPanel":"23:97:0:0:16:305:4"},"id":1112591671},{"type":"Feature","geometry":{"type":"Polygon","coordinates":[[[-2.926245063896928,38.14767364873654],[-2.9262576962639506,38.147666284395996],[-2.9263099138474407,38.14783413369338],[-2.9263070028122966,38.14784138236368],[-2.9262979009031,38.147864047869405],[-2.926274331828167,38.14792261474494],[-2.9261627686903036,38.14786918849089],[-2.925888851431093,38.14776752941043],[-2.9258075871986207,38.147772794922304],[-2.9256318513680606,38.14768325942731],[-2.925646366310648,38.147646292717525],[-2.9256523996049104,38.14758183420193],[-2.925644149297127,38.14750969283341],[-2.925709803910393,38.14752163956069],[-2.9258146514670336,38.147556495707136],[-2.9259604454612993,38.147616614073],[-2.926195461467383,38.147702565466034],[-2.926245063896928,38.14767364873654]]]},"properties":{"dn_surface":1209.10165713197,"provincia":23,"municipio":97,"agregado":0,"zona":0,"poligono":16,"parcela":372,"recinto":1,"uso_sigpac":"OV","idPanel":"23:97:0:0:16:372:1"},"id":1112591512},{"type":"Feature","geometry":{"type":"Polygon","coordinates":[[[-2.930530068235401,38.14751302883107],[-2.930364500492185,38.14755139615693],[-2.930309348404219,38.147574945953494],[-2.9302587996577496,38.14758942736847],[-2.9302013660156048,38.147596649216666],[-2.9301668853784735,38.147622025429996],[-2.9302036123657893,38.14764925655868],[-2.9302564384754857,38.1476565437857],[-2.930293201504987,38.14764568167675],[-2.9303368636794005,38.14762756754476],[-2.930380507413626,38.147627593528654],[-2.9304034579040676,38.14764937558172],[-2.9304264109090803,38.14766752910867],[-2.93045857730261,38.14766029217304],[-2.9304976311063844,38.14765668711627],[-2.9305642462858104,38.1476567265112],[-2.9306055933784303,38.147656750818754],[-2.9306515345924513,38.147656778479046],[-2.9307043875242402,38.14763504168826],[-2.9307572337505063,38.14762056027325],[-2.930805475797085,38.14761696108383],[-2.9308491170167397,38.14762061475565],[-2.930913419628943,38.14763697874616],[-2.9309593474319184,38.14765151715807],[-2.931025943332967,38.14767151051291],[-2.931055764469848,38.147715063722586],[-2.931092502353638,38.147731411787504],[-2.9311476351632266,38.147727815950844],[-2.931184402383679,38.14771332531578],[-2.931218849493196,38.14772241549031],[-2.9312395234586015,38.14772242806316],[-2.9312762898408646,38.147707937428095],[-2.9312969487188427,38.14772427543474],[-2.931338265636609,38.147756951448],[-2.93139338503515,38.14776786720114],[-2.931409476613818,38.14775517867537],[-2.9311867996081284,38.147606300978765],[-2.93112248526126,38.14760263557227],[-2.93109721046893,38.14760987669888],[-2.9310260045208634,38.14760620710143],[-2.9309685851279546,38.1475989173598],[-2.9309433296140033,38.147586204526505],[-2.930929570719127,38.14756079981467],[-2.930931996442049,38.14751738155363],[-2.931129455652354,38.14751951893908],[-2.9314548839005754,38.14775079493975],[-2.93147583111604,38.14776568120064],[-2.9316193184104153,38.14785679416994],[-2.931912775563465,38.148066512752564],[-2.9322862991749528,38.14833341771117],[-2.9324273892448773,38.14843426458518],[-2.9324127116933587,38.14913958333892],[-2.9324740714191835,38.14918134868853],[-2.932833544445547,38.14927211129424],[-2.9331098572528274,38.1493418747167],[-2.93332261008457,38.14957650934616],[-2.9324380887449135,38.15008565383545],[-2.931920995696395,38.15054544316129],[-2.9319109441175124,38.150554359830466],[-2.931900321730991,38.15056345587229],[-2.9316452645932296,38.15078195114626],[-2.93100809574548,38.15099489843814],[-2.930989030267389,38.15100128628697],[-2.9306544137763626,38.15122468832729],[-2.9301820423748817,38.151320926830664],[-2.9301719966633315,38.15132299380812],[-2.930102125952519,38.15146706364479],[-2.929580970195291,38.151732707965124],[-2.9287252432093167,38.151927753187124],[-2.928390163199017,38.151669422916],[-2.928331873764507,38.151629796628214],[-2.9282182914260497,38.151575105544936],[-2.928136789147513,38.151555547210904],[-2.928023174957822,38.15153401829133],[-2.9279194396797976,38.15151444654626],[-2.9278082998280706,38.151489016688714],[-2.9277120160624093,38.15142848425677],[-2.9276033823998793,38.151365992135766],[-2.927561440192099,38.151311345476586],[-2.927499731779082,38.15126058802073],[-2.9274429510872335,38.15122348803868],[-2.927383669235329,38.15121759891318],[-2.927245308313239,38.151240919883776],[-2.927163747361377,38.15128183363194],[-2.927116755056635,38.15133837460135],[-2.9271043406191075,38.15140274091604],[-2.9271142413237237,38.15150419631624],[-2.9270895088405613,38.15166355893618],[-2.9270732722549595,38.15169392154408],[-2.927024384801798,38.15173417563642],[-2.9269609069689158,38.15175243226082],[-2.9268706263226645,38.15175751169443],[-2.926800468112556,38.15173701626358],[-2.9267769459762842,38.15173014394074],[-2.9266783102484526,38.15164202917845],[-2.926440057989362,38.15135220893339],[-2.926330875312142,38.15119676317704],[-2.9261215540317624,38.150969238916474],[-2.9260451186139953,38.15082345749502],[-2.9259741054497117,38.15073111992962],[-2.925919737907931,38.15065763158921],[-2.9262798429298305,38.15040884411539],[-2.9264324782338718,38.15025221231966],[-2.926819410376662,38.150108708261484],[-2.927034510141433,38.14968299724134],[-2.927269951110032,38.149460174390526],[-2.9275903728471917,38.14916629395134],[-2.9277622018724494,38.14898344607553],[-2.928169527186872,38.14863193753405],[-2.9279344483165115,38.14848821973732],[-2.9280337789041564,38.14833083105569],[-2.9285202511821837,38.14756037401395],[-2.928572138518669,38.147484249564826],[-2.9288296029391647,38.147133637048825],[-2.9297091177677577,38.1474324066524],[-2.929987798462826,38.14757038033056],[-2.930530068235401,38.14751302883107]],[[-2.930372318293739,38.14966589229053],[-2.930357314686168,38.149588497144805],[-2.9303761915714257,38.14955576832554],[-2.93038188623678,38.149512614094476],[-2.930349884128563,38.149475390060275],[-2.930289601477361,38.14945154354433],[-2.930244402061814,38.1494202647944],[-2.930197304145086,38.149403866438064],[-2.9301595813876133,38.14943658436084],[-2.9301143543117854,38.14943506891268],[-2.930101186341117,38.1494097622691],[-2.9300427879418605,38.14938591659137],[-2.9300051154758098,38.149366547688345],[-2.9299730999565483,38.149344205724105],[-2.92994673467855,38.14932484352664],[-2.929893988196938,38.14930248898952],[-2.929845010219217,38.149281624754906],[-2.929829886750423,38.14933072594664],[-2.929878869757287,38.14934712597932],[-2.9298939043779013,38.14939029194505],[-2.9298524106019683,38.14942598376726],[-2.929844826655526,38.14947360136202],[-2.929874953731891,38.14950040668995],[-2.9298994230232793,38.14953167370524],[-2.929935175195198,38.149588246525894],[-2.9299332549010666,38.14962544960531],[-2.9299219175381612,38.14965669482763],[-2.9299068175386975,38.149681985545584],[-2.929942608267373,38.149698377196415],[-2.9299803318630353,38.149664170647526],[-2.930019918755884,38.14965228929907],[-2.930072695412349,38.14964339107013],[-2.9301292414108957,38.14963300756784],[-2.930161305545199,38.14960475133242],[-2.930208395918214,38.149630078092514],[-2.9302347578434498,38.14965241670399],[-2.930263040901008,38.14963755139783],[-2.93029133569323,38.149609292647796],[-2.9303101824036344,38.149607815756355],[-2.9303176783400877,38.14965246615722],[-2.9303214208600767,38.149680744185645],[-2.930372318293739,38.14966589229053]]]},"properties":{"dn_surface":190069.035480966,"provincia":23,"municipio":97,"agregado":0,"zona":0,"poligono":16,"parcela":208,"recinto":1,"uso_sigpac":"OV","idPanel":"23:97:0:0:16:208:1"},"id":1112590686},{"type":"Feature","geometry":{"type":"Polygon","coordinates":[[[-2.926811087146317,38.15298355202282],[-2.9267134228811216,38.152948250797266],[-2.9263951066781644,38.15282610634421],[-2.9263602153277524,38.15279255693659],[-2.926296506154329,38.15269950607117],[-2.926227765324131,38.15250280626137],[-2.926106711356742,38.15223144799734],[-2.926017257166192,38.15209061357544],[-2.9259580004599988,38.151997654910986],[-2.925891080179279,38.15192181544657],[-2.9258323641058714,38.151858689653665],[-2.92581085278829,38.15179910186225],[-2.925828853764615,38.151717639816866],[-2.9258572776381535,38.15159878107002],[-2.925879355572424,38.15154868494639],[-2.9258891699434315,38.151436214048346],[-2.925820357867054,38.151312606114914],[-2.9257685157928477,38.15122388869369],[-2.925742812685239,38.1511336549861],[-2.9257404649140217,38.15108471556513],[-2.925735722432924,38.150920772234855],[-2.92573845074257,38.15081766979054],[-2.925710901101583,38.150747353162444],[-2.9256911139415864,38.150675960297946],[-2.925620482153922,38.15054748499307],[-2.9256309897083637,38.150544338426386],[-2.9257563687380475,38.15058960489719],[-2.9257908116566127,38.15061043811875],[-2.9258211910282785,38.150639272705604],[-2.9258474599143836,38.150724135289266],[-2.9258737631662943,38.150775379733744],[-2.9259183113079255,38.15082663591289],[-2.9259709446338382,38.150901909598815],[-2.926027653241315,38.15095637520889],[-2.9260762255348993,38.151038050154625],[-2.9261410335758944,38.15110212645544],[-2.9262301575194387,38.151177423610704],[-2.926254470907418,38.15119184719052],[-2.9262949052107285,38.15121422268237],[-2.9264044315459987,38.151369490742354],[-2.92645489395886,38.15146892358925],[-2.926477150427678,38.15151216080113],[-2.9265358807503206,38.15157303102379],[-2.926606781597094,38.15162750501574],[-2.9266477028890074,38.151659673085646],[-2.926750670384655,38.1517557229962],[-2.92685643827432,38.151793102933794],[-2.92696852025202,38.15178677459653],[-2.9270491189613415,38.151766277489315],[-2.9271123989812966,38.15171494587301],[-2.927133552391591,38.15167539334598],[-2.927182230297162,38.15138548760552],[-2.927215379887991,38.15133404702448],[-2.9273155176529597,38.15128967825561],[-2.927400448968288,38.151272517146],[-2.9275009505078766,38.15132485626711],[-2.927573902406478,38.15141745953889],[-2.9277091905226817,38.151493160701904],[-2.927805085368013,38.151549237313816],[-2.927845273243354,38.15157273765715],[-2.9279875853948343,38.15158445388212],[-2.9280698730577455,38.15160934562144],[-2.9283652580486392,38.151698701743726],[-2.9286912034603176,38.15195251752152],[-2.9284531858945297,38.15200365132486],[-2.928444857635043,38.15200517766954],[-2.9284145344221315,38.15201081869071],[-2.9282975934548734,38.15203257559807],[-2.927517112494535,38.15251890873648],[-2.927476013506264,38.15254451796676],[-2.927277373285733,38.15259125797621],[-2.927272585542356,38.15259233505083],[-2.9270718666097144,38.15288755324187],[-2.926811087146317,38.15298355202282]],[[-2.9280039208868986,38.15203524104345],[-2.9279041175598866,38.15203517817915],[-2.927904127618171,38.15202539565939],[-2.9278709310886817,38.15195200957814],[-2.927884332076271,38.151855989004304],[-2.9278843572219824,38.15182974107293],[-2.927824504562438,38.151800357471416],[-2.9276648292975027,38.15179047520701],[-2.927591611692554,38.15181977498949],[-2.9275847695445876,38.15186121931217],[-2.927571551282498,38.151922475102396],[-2.9275582148355666,38.15195181260344],[-2.927504915148312,38.15202514504048],[-2.927504905090028,38.15203551345533],[-2.9275048866498397,38.152054490923405],[-2.927617976970552,38.152074126370934],[-2.927728568645779,38.15208084027577],[-2.9277776530736777,38.15208400947358],[-2.9278840957065877,38.15209874905119],[-2.9279838839461734,38.152113485276004],[-2.9280039208868986,38.15203524104345]],[[-2.9280172766122083,38.15201085473288],[-2.927979563913021,38.15190981256052],[-2.927907701661897,38.15193265827716],[-2.9279485701478163,38.152028228742836],[-2.9280172766122083,38.15201085473288]]]},"properties":{"dn_surface":26190.8640983692,"provincia":23,"municipio":97,"agregado":0,"zona":0,"poligono":16,"parcela":209,"recinto":1,"uso_sigpac":"OV","idPanel":"23:97:0:0:16:209:1"},"id":1112590682},{"type":"Feature","geometry":{"type":"Polygon","coordinates":[[[-2.932945727844282,38.14022780421615],[-2.932985510035486,38.14033513700724],[-2.9330366639554,38.14040747032138],[-2.933060538131626,38.140448510636276],[-2.9331058599229665,38.14047979441537],[-2.933089960289893,38.14050288320723],[-2.9330623125806334,38.14053086619265],[-2.9330502946071504,38.14053772845716],[-2.9330352909995785,38.14054813375239],[-2.932978295730996,38.14056892925541],[-2.9329483036032795,38.140574119330154],[-2.9328778327481646,38.14057407742064],[-2.932780376354181,38.140570896488185],[-2.9327384081624994,38.14055524998858],[-2.932708441180494,38.14053232129112],[-2.932697957933572,38.1405187761348],[-2.9326829845008544,38.14049585581918],[-2.9326874948032193,38.14048231988295],[-2.9326950225909063,38.140448998463086],[-2.9327085400869564,38.14042297013762],[-2.9327085526598125,38.140409431686805],[-2.9327130621239874,38.14039693678302],[-2.9327400602357128,38.140386538193326],[-2.9328150480987163,38.14036575358679],[-2.9328525319719327,38.14036577621792],[-2.9329035283120586,38.14034705942703],[-2.932863130050935,38.14025330699627],[-2.9328631367564575,38.140245268750675],[-2.932945727844282,38.14022780421615]]]},"properties":{"dn_surface":797.0260489305487,"provincia":23,"municipio":97,"agregado":0,"zona":0,"poligono":16,"parcela":130,"recinto":4,"uso_sigpac":"OV","idPanel":"23:97:0:0:16:130:4"},"id":1361648604},{"type":"Feature","geometry":{"type":"Polygon","coordinates":[[[-2.9321685686323677,38.140236373036316],[-2.9323249959096302,38.140262685508304],[-2.93244024959968,38.14026989478367],[-2.9325483786716084,38.14027148734533],[-2.9326734391889535,38.14027626586861],[-2.9327718444144333,38.14026444738445],[-2.9328631367564575,38.140245268750675],[-2.932863130050935,38.14025330699627],[-2.9329035283120586,38.14034705942703],[-2.9328525319719327,38.14036577621792],[-2.9328150480987163,38.14036575358679],[-2.9327400602357128,38.140386538193326],[-2.9327130621239874,38.14039693678302],[-2.9327085526598125,38.140409431686805],[-2.9327085400869564,38.14042297013762],[-2.9326950225909063,38.140448998463086],[-2.9326874948032193,38.14048231988295],[-2.9326829845008544,38.14049585581918],[-2.932697957933572,38.1405187761348],[-2.932708441180494,38.14053232129112],[-2.9327384081624994,38.14055524998858],[-2.932780376354181,38.140570896488185],[-2.9328778327481646,38.14057407742064],[-2.9329483036032795,38.140574119330154],[-2.932978295730996,38.14056892925541],[-2.9330352909995785,38.14054813375239],[-2.9330502946071504,38.14053772845716],[-2.9330623125806334,38.14053086619265],[-2.9330361945687944,38.1405705218171],[-2.9329882785782684,38.14060677355047],[-2.9329239893771106,38.140644073021804],[-2.93284318698753,38.14067575745588],[-2.9326876155026325,38.14067408023695],[-2.9325461256159016,38.140662345571826],[-2.9324697647970774,38.140627810452315],[-2.9323910545306533,38.1405439897392],[-2.9323269287766176,38.140440972790344],[-2.932243859082094,38.140326892566776],[-2.932186440527376,38.140260254756214],[-2.9321685686323677,38.140236373036316]]]},"properties":{"dn_surface":1865.2257637221958,"provincia":23,"municipio":97,"agregado":0,"zona":0,"poligono":16,"parcela":130,"recinto":10,"uso_sigpac":"OV","idPanel":"23:97:0:0:16:130:10"},"id":1361648603},{"type":"Feature","geometry":{"type":"Polygon","coordinates":[[[-2.934834670302848,38.14617555696077],[-2.9346774190844545,38.146229827272435],[-2.9345465767299577,38.14627115089573],[-2.9344570563223695,38.14628271792279],[-2.934344484841495,38.14628405902738],[-2.934207856458894,38.146253295764524],[-2.934016408749903,38.14619529131477],[-2.933743816669662,38.14595824437342],[-2.9335625085495414,38.145809461392275],[-2.9333485093287233,38.14560083078078],[-2.9332905040407473,38.14555028622527],[-2.9332239483728375,38.14550024458396],[-2.933083212019248,38.14542765562177],[-2.9330287279690044,38.14540720293863],[-2.9329648561866493,38.145392450788165],[-2.932871480103372,38.14539965838716],[-2.9328040049406288,38.14541424373772],[-2.9326336821434604,38.145447184619144],[-2.9324687229264508,38.14545799727486],[-2.9323997381828564,38.14544726759999],[-2.9323555647123194,38.14542865893563],[-2.9323066956993458,38.14539513048277],[-2.932284985730647,38.14536998393359],[-2.9322822129969133,38.14512287954602],[-2.9322770145402557,38.14506797723877],[-2.93226695541766,38.14503637662372],[-2.9322316650886338,38.144989772401146],[-2.9320550516727604,38.14485264026612],[-2.931974412730301,38.14473445207162],[-2.9319591568274297,38.14471022837],[-2.9319326683354476,38.144683740716204],[-2.9318649408774045,38.14465851034794],[-2.9317606674811643,38.1446264068187],[-2.9316275586599145,38.14458768074738],[-2.9315892525219467,38.1445639591218],[-2.9315857312842146,38.144554571389676],[-2.9315875744648325,38.14452950865953],[-2.9316111276141483,38.14450159692029],[-2.9317019044690964,38.14445230965032],[-2.93192587061157,38.14436102988117],[-2.932000134278096,38.14432473540006],[-2.932021927227641,38.144314509477596],[-2.9320372661113594,38.14429824774626],[-2.932039109291977,38.14427033600708],[-2.9320338278544735,38.144234544440195],[-2.932010273028777,38.14419866821609],[-2.9319920004787736,38.14418793937938],[-2.9319413729424104,38.144189364303],[-2.931872388198816,38.14420512228193],[-2.931821761500642,38.14422649697448],[-2.93175629799478,38.144242254953355],[-2.931695611335821,38.14423990718214],[-2.9315914217586174,38.144195649892566],[-2.9314583129373672,38.14414669789875],[-2.931310451965657,38.14410243977102],[-2.9311837980484245,38.144066312927976],[-2.9310913414599793,38.14398944835676],[-2.9310207624783073,38.14391216552852],[-2.930998967852382,38.143870758086194],[-2.930991926215107,38.1438363076239],[-2.930997289795267,38.14379766537161],[-2.9310190819066215,38.14377117855602],[-2.9311269578450587,38.1437032834599],[-2.9312059991966777,38.14366522877904],[-2.931256709713888,38.143625246260314],[-2.931278502663433,38.14359456849289],[-2.931280262025014,38.14357243942902],[-2.9312714601879692,38.143543101927975],[-2.9312143769093972,38.14349515660078],[-2.9311725495336973,38.143476547936444],[-2.931091830124964,38.143462968414326],[-2.930976995530098,38.1434550056058],[-2.930886217836959,38.143454920948585],[-2.9308285486633214,38.14344955653024],[-2.9307923380012713,38.14343094786588],[-2.930787308020878,38.143398341422426],[-2.930804992999434,38.14336833420728],[-2.930826283034759,38.143349054990665],[-2.9308593077352225,38.14333530866864],[-2.9310866299919267,38.14335408497104],[-2.9315544340940973,38.14337302974974],[-2.931702880122685,38.1433681690838],[-2.931821318097938,38.143352662561995],[-2.93194210384441,38.14334411302025],[-2.931977475477902,38.143333468002595],[-2.9319993522464842,38.14331485933826],[-2.9319993505701034,38.143255263164974],[-2.9319958301705613,38.1432324635488],[-2.9319740355446355,38.14321016684681],[-2.931916953942445,38.14319943801013],[-2.9317773080745226,38.14318309245979],[-2.9316512408905475,38.143160628119745],[-2.931427438195195,38.14309533057559],[-2.9312642383397662,38.1430618021227],[-2.9310923213045195,38.14302072911835],[-2.93106398879373,38.143007401053296],[-2.9310360762163143,38.14297680626672],[-2.9310251789033517,38.14294738494664],[-2.9309752177283293,38.14281193003055],[-2.930889380329214,38.14264026445241],[-2.930842354496858,38.14254713982626],[-2.9308488085626845,38.14252484312428],[-2.93087772613035,38.142511348259404],[-2.930960204900665,38.14249927831807],[-2.931093312883723,38.14251285700203],[-2.9313507278509867,38.142568850633126],[-2.931542176398168,38.14264202716677],[-2.931623399559313,38.1426846080756],[-2.9316740279338673,38.14271117954843],[-2.931725913593972,38.142721909223326],[-2.931774780092375,38.142712605310265],[-2.9317924659091212,38.14270045071174],[-2.93180780479284,38.14267857394316],[-2.931810234706714,38.14265267302261],[-2.931806320357699,38.14264187293975],[-2.931852193678301,38.14258841231995],[-2.9319677482786917,38.14264940743294],[-2.9320326015819673,38.14273740903957],[-2.93202269920097,38.14283212622746],[-2.931994956776199,38.14309636154974],[-2.9320938238445713,38.14342366985892],[-2.9321542372534717,38.14362378613271],[-2.932115524593176,38.143780313992835],[-2.9321601280553717,38.14392301003551],[-2.932601428578134,38.14430531620562],[-2.932671880154871,38.14426416860232],[-2.9328312151145166,38.14436691900667],[-2.932986150412926,38.14440846558858],[-2.933818676289539,38.14427646485501],[-2.9340972170068156,38.14431240645794],[-2.9347827301603693,38.14471511921079],[-2.9349287018509926,38.14470565101243],[-2.934901180708479,38.14496643466674],[-2.934874614264793,38.145218167541515],[-2.934859997062981,38.14535641363156],[-2.9348590222475837,38.145365652165765],[-2.9348414730558674,38.14553197008934],[-2.934975324513782,38.14567516234072],[-2.934939530432345,38.14580244322434],[-2.934921741518184,38.145865660380025],[-2.934834670302848,38.14617555696077]]]},"properties":{"dn_surface":53691.7216376294,"provincia":23,"municipio":97,"agregado":0,"zona":0,"poligono":16,"parcela":168,"recinto":28,"uso_sigpac":"OV","idPanel":"23:97:0:0:16:168:28"},"id":1112590816},{"type":"Feature","geometry":{"type":"Polygon","coordinates":[[[-2.932753903787815,38.14705660483952],[-2.9319131644837952,38.14764345963411],[-2.9318856911181324,38.14761022957697],[-2.9318510252409293,38.147606559141394],[-2.9318001638494526,38.14762113108091],[-2.931772390411638,38.147663094243455],[-2.93173074827601,38.14770504986228],[-2.931682198613566,38.147719623478196],[-2.931633679125975,38.14770134338448],[-2.931594393143468,38.14769584485563],[-2.9315296680833205,38.147706758094245],[-2.931478805015463,38.1477231556124],[-2.9314548839005754,38.14775079493975],[-2.931129455652354,38.14751951893908],[-2.930931996442049,38.14751738155363],[-2.930530068235401,38.14751302883107],[-2.929987798462826,38.14757038033056],[-2.9297091177677577,38.1474324066524],[-2.9288296029391647,38.147133637048825],[-2.9284891895235594,38.146990485030614],[-2.928131894953959,38.146720694182534],[-2.927826064434711,38.14564096836469],[-2.9285057546797844,38.14569012487698],[-2.928619734320476,38.145698367641046],[-2.9287147985191524,38.145705242478414],[-2.928734148143777,38.14571066557011],[-2.9289055681321363,38.14575870728916],[-2.9299294721479403,38.14604565673221],[-2.9299640072674453,38.14605533531639],[-2.9301097082225804,38.14609616692192],[-2.9311737079127846,38.14620766719551],[-2.931851237303092,38.14636408357629],[-2.931914299393552,38.14640872894799],[-2.9319900290550307,38.146462308590856],[-2.9320219615934473,38.146476499991934],[-2.932026875065379,38.14647868347785],[-2.9320717727323924,38.14649863743776],[-2.9321488292492224,38.146532884219766],[-2.932753903787815,38.14705660483952]]]},"properties":{"dn_surface":57436.9249562196,"provincia":23,"municipio":97,"agregado":0,"zona":0,"poligono":16,"parcela":167,"recinto":1,"uso_sigpac":"OV","idPanel":"23:97:0:0:16:167:1"},"id":1112590827},{"type":"Feature","geometry":{"type":"Polygon","coordinates":[[[-2.9333627392865864,38.14150985996855],[-2.933320217051072,38.14146143268192],[-2.933494988962709,38.1413925895925],[-2.933935847759148,38.141236206739336],[-2.9340250169649735,38.14118605194233],[-2.9339854812017365,38.14111879973822],[-2.933909647604653,38.14098989025072],[-2.9338764376641175,38.140933437291295],[-2.934033642782041,38.1408780262025],[-2.9341467481901793,38.14083816438324],[-2.934257929113235,38.14079898401269],[-2.934327560939792,38.14077444263694],[-2.934328229815705,38.140670617672555],[-2.934390390851521,38.140697507657734],[-2.934529278995352,38.140816734370134],[-2.9347312007311697,38.14101954374951],[-2.9347049075375438,38.14107225251257],[-2.9333627392865864,38.14150985996855]]]},"properties":{"dn_surface":3162.83200577243,"provincia":23,"municipio":97,"agregado":0,"zona":0,"poligono":16,"parcela":136,"recinto":1,"uso_sigpac":"OV","idPanel":"23:97:0:0:16:136:1"},"id":1112590946},{"type":"Feature","geometry":{"type":"Polygon","coordinates":[[[-2.931518614866949,38.141116809036106],[-2.931649473985253,38.14103478875592],[-2.9317539971622226,38.141160931377016],[-2.9319907155329417,38.14136547832507],[-2.9321502617165605,38.14147868180146],[-2.9322937783475975,38.14154567751933],[-2.9324193501610663,38.14160429636266],[-2.9324479643038184,38.14163630852917],[-2.9321116479627283,38.14202320295337],[-2.931968103671408,38.14225357119389],[-2.9319405733088,38.14228401762077],[-2.931852193678301,38.14258841231995],[-2.931806320357699,38.14264187293975],[-2.931802955023375,38.14264579399429],[-2.9317215374020655,38.14225278497133],[-2.9317058154653495,38.14217689856824],[-2.93156699772951,38.141736908137034],[-2.931563146244773,38.141582789236026],[-2.9315530150378053,38.14118496480941],[-2.931518614866949,38.141116809036106]]]},"properties":{"dn_surface":6341.74361644217,"provincia":23,"municipio":97,"agregado":0,"zona":0,"poligono":16,"parcela":129,"recinto":1,"uso_sigpac":"OV","idPanel":"23:97:0:0:16:129:1"},"id":1112590962},{"type":"Feature","geometry":{"type":"Polygon","coordinates":[[[-2.9299886685044263,38.14388331082512],[-2.930046704805446,38.14393988951309],[-2.9300767212406824,38.143923510435144],[-2.9301043295549944,38.14392473000214],[-2.9301268022769267,38.143937453731894],[-2.9301878175065115,38.144003957432005],[-2.9301980543254644,38.14413235646157],[-2.930246143821397,38.14414674986659],[-2.930268810165305,38.144160502894124],[-2.9302765902482912,38.144172196487915],[-2.9303128688037607,38.14423507501468],[-2.9303819750849587,38.144294337588235],[-2.9303868684403223,38.14429927704404],[-2.930458477557955,38.14438490824833],[-2.9305195983995254,38.144445338421065],[-2.9305912569703914,38.144477733640514],[-2.9306053394067493,38.14448726051225],[-2.9306158737832826,38.144507413961435],[-2.930616010408313,38.14451476824371],[-2.930601295976418,38.1446605873837],[-2.9306470368629416,38.14468007363337],[-2.9306696068149574,38.14470017930569],[-2.930745770659045,38.14485430910315],[-2.9307666089097624,38.1449244815625],[-2.930841905226821,38.14501807892805],[-2.930848454008159,38.14503059059564],[-2.9308701455366695,38.145107949699224],[-2.93095375586398,38.14525791955785],[-2.93101837112119,38.14537591664501],[-2.9310581893545797,38.14538451899273],[-2.9310745290375966,38.14539077524563],[-2.93108691246208,38.145401263521705],[-2.931126809485365,38.145450856731145],[-2.9311293190273235,38.14545436371964],[-2.931172275445448,38.14552233676747],[-2.931309037938508,38.14556643396267],[-2.9314260535047088,38.14561259645896],[-2.931522492335587,38.14564850704886],[-2.9316393469692374,38.145699264504714],[-2.9316488453424774,38.145704640657726],[-2.931769507874966,38.14579168421281],[-2.931781701868426,38.14580529642433],[-2.931784772159741,38.145813323773496],[-2.9318149168381042,38.14593991398826],[-2.9318969991443753,38.146045488255965],[-2.9318992010704696,38.14604863649899],[-2.9319675756114765,38.14615800022531],[-2.9320275908799522,38.14626341523683],[-2.9320317466277928,38.14627598641596],[-2.9320408024365188,38.14635665469507],[-2.93203514381335,38.14645221091149],[-2.932033702125919,38.14645979569613],[-2.932026875065379,38.14647868347785],[-2.9320219615934473,38.146476499991934],[-2.9319900290550307,38.146462308590856],[-2.931914299393552,38.14640872894799],[-2.931851237303092,38.14636408357629],[-2.9311737079127846,38.14620766719551],[-2.930620524063439,38.14513482962607],[-2.9305964294431464,38.1449089574387],[-2.9299737294375134,38.1442360573738],[-2.929982492717802,38.144028927961216],[-2.929983074421917,38.14401518750654],[-2.9299886685044263,38.14388331082512]]]},"properties":{"dn_surface":10050.497448854,"provincia":23,"municipio":97,"agregado":0,"zona":0,"poligono":16,"parcela":168,"recinto":3,"uso_sigpac":"OV","idPanel":"23:97:0:0:16:168:3"},"id":1112590825},{"type":"Feature","geometry":{"type":"Polygon","coordinates":[[[-2.92993093311375,38.13954454495652],[-2.929990715365303,38.139563227381615],[-2.930029028208794,38.139575200931006],[-2.930153136541881,38.13960430792969],[-2.9301588622202788,38.13960565071065],[-2.930184827681471,38.13960474714145],[-2.930233670710544,38.13961914054644],[-2.9303766148575607,38.139602508334974],[-2.9304622091814703,38.13959354724176],[-2.930531337255617,38.13959325555149],[-2.9305465462198286,38.13959528229583],[-2.9305567905824947,38.139599043256],[-2.9305734454250896,38.139613172631016],[-2.9305792574370955,38.139629995111676],[-2.93057470187245,38.13964777648212],[-2.9305061278421354,38.13976039322529],[-2.9304903153808604,38.13977508502603],[-2.930435161616514,38.139805527261984],[-2.9304294216888795,38.13987786057609],[-2.930344927908923,38.13991741394133],[-2.9302801911141088,38.139996584374245],[-2.93021281653421,38.140074710422],[-2.930167896236056,38.140130963053906],[-2.930128255699024,38.140185135297344],[-2.930138754871562,38.14024663248637],[-2.93007409099931,38.14024867767088],[-2.9300094313180107,38.14024551182584],[-2.929923816039342,38.14019975585191],[-2.929918276439207,38.140204229273905],[-2.929894618516095,38.14021359186029],[-2.929838908193344,38.14022155634518],[-2.9296860641799003,38.140304721593395],[-2.9296299121308276,38.140411242178004],[-2.9296164030166807,38.14045378285374],[-2.929737719337655,38.14050477835565],[-2.929798621411539,38.140466359061975],[-2.9298538950371085,38.140433999884664],[-2.929865170373926,38.14042916687902],[-2.9298776233682107,38.14042673109782],[-2.9300489218189667,38.14034975840002],[-2.9301676087367596,38.14033913685168],[-2.9301754894025915,38.140333958511576],[-2.930236339508672,38.14030197316717],[-2.9303234300023866,38.14020277920457],[-2.930314354915282,38.140145092428924],[-2.930314277801769,38.14013809186301],[-2.930326537174078,38.140114827889334],[-2.930392803666312,38.14008156430464],[-2.9304629283488053,38.140041950589676],[-2.930480858917138,38.14003585443112],[-2.930490982580393,38.140034851117264],[-2.930582680606555,38.13997799415009],[-2.930635246039047,38.139938722416844],[-2.930709922095234,38.13990601455234],[-2.930743249382421,38.13985360502326],[-2.9307903640629567,38.139929074845696],[-2.930808303013194,38.13995780968787],[-2.931271829829921,38.140700190705076],[-2.9313243541910854,38.14116067908171],[-2.931518614866949,38.141116809036106],[-2.9315530150378053,38.14118496480941],[-2.931563146244773,38.141582789236026],[-2.93156699772951,38.141736908137034],[-2.9317058154653495,38.14217689856824],[-2.9317215374020655,38.14225278497133],[-2.931639309250671,38.1421023038165],[-2.931563365850649,38.14201571623701],[-2.9314880100220746,38.14197338678531],[-2.9313802153881023,38.141950503350074],[-2.931218775732444,38.14191177727872],[-2.930916013828129,38.14184153441141],[-2.930735797031867,38.14176282582136],[-2.9305591844541836,38.14167900427012],[-2.930251223255021,38.141519407795045],[-2.9300003436580497,38.14137481576577],[-2.9299261621341803,38.14133986238926],[-2.929833707222116,38.14132812688595],[-2.929741169329206,38.14131974498224],[-2.9296822428700176,38.14131178133559],[-2.929651648083427,38.14129736446128],[-2.92964519317941,38.141283868758165],[-2.9296584357490203,38.141250843219524],[-2.9296879400499427,38.14121429811951],[-2.9297149431908096,38.141183003443984],[-2.9298597095636847,38.14107469919023],[-2.9299372170269318,38.14101413406888],[-2.9299890163534297,38.14095286067669],[-2.930015669968913,38.14088823536116],[-2.9300052738937894,38.14078999693555],[-2.9299909391621317,38.14074691227435],[-2.9299691445362055,38.140715227840246],[-2.929925557798925,38.14069519509047],[-2.9298648711399653,38.140693769328664],[-2.929819524202914,38.14070441518453],[-2.9297724179042826,38.14073090200014],[-2.9296674764703194,38.14078806742134],[-2.9295766996153714,38.140829474863665],[-2.9294759474568632,38.14085453759387],[-2.9293244839429544,38.14086208046896],[-2.929250553876195,38.140854117660496],[-2.9291943096261805,38.14084062195738],[-2.929140412309194,38.14081941490289],[-2.929105458094505,38.14078286896469],[-2.9290483748159333,38.1407092741741],[-2.928993050898942,38.14064691113438],[-2.9288970755873365,38.14060592194906],[-2.928726247361377,38.14055588030777],[-2.9286438498955283,38.14050005515293],[-2.9286362215249966,38.14046602378585],[-2.9286370588771735,38.14043626802783],[-2.9286598568169686,38.14038077814911],[-2.9287764541261763,38.140334235952594],[-2.9288940488819213,38.14027189554406],[-2.928945848208418,38.1402183343414],[-2.9289942092780294,38.140098553585204],[-2.929011893418395,38.140012721215186],[-2.929099817073334,38.13985974812044],[-2.929150023838133,38.13979294267182],[-2.92919357788599,38.13977379840381],[-2.929357537141891,38.13968664504583],[-2.9293916808264955,38.139684095270724],[-2.9295157765867272,38.1397116206042],[-2.9295958086793594,38.13967821955626],[-2.929695460293916,38.139638937764715],[-2.9298064190965243,38.13962915859767],[-2.9298581362803664,38.13961147278093],[-2.9298924182663812,38.13958339256544],[-2.929907721107913,38.1395539536434],[-2.92993093311375,38.13954454495652]]]},"properties":{"dn_surface":35006.33841528261,"provincia":23,"municipio":97,"agregado":0,"zona":0,"poligono":16,"parcela":168,"recinto":29,"uso_sigpac":"OV","idPanel":"23:97:0:0:16:168:29"},"id":1291208731},{"type":"Feature","geometry":{"type":"Polygon","coordinates":[[[-2.92928558939535,38.14374198019456],[-2.9293222895605733,38.14386668615742],[-2.929338937697645,38.14399922165643],[-2.9293422016109347,38.14409463705687],[-2.929342085940664,38.144198004369315],[-2.929284995118379,38.14424302944127],[-2.929234644184836,38.14425094363472],[-2.929174244186982,38.14426417866059],[-2.929177370637052,38.14449475728688],[-2.9291638489500493,38.144566301863904],[-2.9290866599991414,38.14459277359205],[-2.929073154237757,38.14465371589907],[-2.929042840244939,38.144796812596724],[-2.929113293498057,38.14480217952968],[-2.9292139844686678,38.144799592874165],[-2.9293650565476748,38.1447519685739],[-2.929462409844244,38.14471755750657],[-2.929532890757643,38.144696392361595],[-2.929526270730124,38.14464073819761],[-2.9294860568708807,38.14456915254931],[-2.9294491689510145,38.14451082874899],[-2.9294224222964003,38.14440478593292],[-2.92946630575307,38.14417422909955],[-2.929463129849769,38.14399134350518],[-2.929378587454771,38.14378110943548],[-2.9293983008540154,38.14378908733141],[-2.929408222513391,38.14379310226323],[-2.9298154539504915,38.14373314734448],[-2.9299886685044263,38.14388331082512],[-2.929983074421917,38.14401518750654],[-2.929982492717802,38.144028927961216],[-2.9299737294375134,38.1442360573738],[-2.9305964294431464,38.1449089574387],[-2.930620524063439,38.14513482962607],[-2.9311737079127846,38.14620766719551],[-2.9301097082225804,38.14609616692192],[-2.9299640072674453,38.14605533531639],[-2.9299506230436636,38.14595057996067],[-2.9295079001118483,38.145855214013466],[-2.9292321631413496,38.145792161143106],[-2.9290613022259655,38.14574142045103],[-2.928734148143777,38.14571066557011],[-2.9287147985191524,38.145705242478414],[-2.928619734320476,38.145698367641046],[-2.928414881432943,38.145637884662335],[-2.9282886633747016,38.145607138163285],[-2.928201283705311,38.14558789750342],[-2.9280183914053968,38.14558524379271],[-2.927845210379077,38.14558131770903],[-2.927736797160613,38.14555821802071],[-2.927659113677389,38.145547962761555],[-2.9275895346568244,38.14553385182674],[-2.9274811884935907,38.145437921777415],[-2.927283907817835,38.14526396207222],[-2.9272353908448157,38.145228136139565],[-2.9271512440756706,38.145203810178714],[-2.926979731048181,38.14515512389124],[-2.9268550896260193,38.145166547587735],[-2.9266155063206254,38.145211138477094],[-2.926092608803815,38.14533097790667],[-2.9260294905546003,38.14532326906985],[-2.925958293826627,38.14530787486555],[-2.92591622086115,38.14530016435236],[-2.9258838432436494,38.1453027007164],[-2.92585308920089,38.145310376025634],[-2.925603863353512,38.145284636037616],[-2.9253820547130434,38.145267930065415],[-2.9256137615435573,38.144632484537055],[-2.9255176931928215,38.14461061195942],[-2.925728973324088,38.14411595391431],[-2.925851278709696,38.14414838852875],[-2.9258924598406226,38.14405143923992],[-2.926068721216543,38.14387914082806],[-2.9261219940817056,38.14390062532357],[-2.9261313482862024,38.14390441645858],[-2.9261863327360946,38.14392653294962],[-2.926854753511682,38.14321991835354],[-2.926882438101318,38.14315170977426],[-2.926936811510432,38.14304931140984],[-2.9270044115635394,38.14323239565536],[-2.927148524147929,38.143433921765336],[-2.9273161823379206,38.14358245245114],[-2.927480545601579,38.14368325406289],[-2.9275342224744985,38.14368328088497],[-2.927520925422515,38.1435878688373],[-2.9274606788134983,38.14341820318137],[-2.927390356318077,38.14326442961479],[-2.9272227568014118,38.14303110004775],[-2.9271859820372446,38.142940992906915],[-2.9272295503343377,38.14296484109923],[-2.9273167917023173,38.14297017618091],[-2.927353770984934,38.142906599441574],[-2.9274142774329643,38.14283773707376],[-2.9274411690945126,38.1427582380702],[-2.927334746578172,38.1426764969074],[-2.927128998503327,38.142816326339045],[-2.9270703109283924,38.14279804037798],[-2.9270843481024706,38.14277150494735],[-2.927116325903167,38.14265562009993],[-2.9271448595796437,38.14262985915718],[-2.9272410821574084,38.14251703705739],[-2.927321547594461,38.14241636787975],[-2.9273914518328876,38.14233900123247],[-2.9274335281511266,38.142289379524556],[-2.9274825614494118,38.14222014332384],[-2.927526482624649,38.142164235188176],[-2.92757845042741,38.14213866954378],[-2.9276891770512865,38.14212232483163],[-2.927709310383905,38.14211793606685],[-2.927725065848236,38.14213408464249],[-2.927786747439161,38.142101067485726],[-2.9279257177256475,38.14207077528587],[-2.928101824874539,38.1420583709066],[-2.928233758552894,38.142065244067624],[-2.928300646982381,38.14206088547772],[-2.9284585645621157,38.14203473393826],[-2.928617990884512,38.142022581016136],[-2.9287433028589667,38.14200363707562],[-2.9288957713631256,38.14198050302153],[-2.9289429623189847,38.14196985800385],[-2.928958636478849,38.141955105853384],[-2.928959809107173,38.141935156084486],[-2.9289469839563655,38.14191068092572],[-2.928919993388354,38.14188494764329],[-2.9288417877125315,38.141839599868064],[-2.9287351657068825,38.141783523256095],[-2.9287216708419725,38.14176935783891],[-2.928711443243112,38.141739601242676],[-2.928712197614443,38.141722333682935],[-2.9287227588130684,38.141715711979],[-2.928761567865257,38.141713365046],[-2.9288503339015146,38.14172501673028],[-2.928916804074008,38.14173658459552],[-2.928982603694206,38.14173658459552],[-2.929151921501125,38.14174211749017],[-2.929153379952364,38.14174244186981],[-2.9291837450747935,38.14175826271301],[-2.929178814839054,38.14191012520553],[-2.9290458686267353,38.14238510337904],[-2.9290346134064857,38.142825935353386],[-2.9290310469064735,38.14296613777975],[-2.9290270956770836,38.143117710258366],[-2.9290261870787258,38.14315296705976],[-2.929120076972698,38.14346379654637],[-2.929170163876275,38.14362959814474],[-2.929191481571882,38.143700136893244],[-2.9292514155358917,38.1437267854796],[-2.92928558939535,38.14374198019456]]]},"properties":{"dn_surface":116223.928408648,"provincia":23,"municipio":97,"agregado":0,"zona":0,"poligono":16,"parcela":177,"recinto":1,"uso_sigpac":"OV","idPanel":"23:97:0:0:16:177:1"},"id":1112590764},{"type":"Feature","geometry":{"type":"Polygon","coordinates":[[[-2.9307167969326255,38.139573905088696],[-2.9307202930246468,38.13957538617106],[-2.930808617334581,38.139612801312666],[-2.931133266065762,38.139750532753794],[-2.9312273604781844,38.13979763150874],[-2.931308172926049,38.13983317245666],[-2.931320332553704,38.13983852094941],[-2.931349892175191,38.139851517091046],[-2.9314553901675575,38.13989790338414],[-2.931536821199913,38.13994129733766],[-2.9316183779608234,38.13998740367518],[-2.93167723065926,38.14002060942477],[-2.9316871690824424,38.14000961991084],[-2.9316970974473415,38.139998626205994],[-2.931739198911291,38.13999310839881],[-2.931746610190517,38.139997750297056],[-2.931783116733766,38.14013692007285],[-2.9317468842787666,38.14011597369557],[-2.931704444185909,38.140111179246674],[-2.931597379615747,38.140077581224006],[-2.9315165638151206,38.14005678320643],[-2.9314923091004674,38.140059981740876],[-2.9314013922677273,38.14004077293225],[-2.9313468126637816,38.14006946502667],[-2.9313427080455545,38.1401045558664],[-2.9312841319499396,38.14010771332951],[-2.93126194169816,38.14007099807688],[-2.9312154766151592,38.140021510479386],[-2.931187251392737,38.13995445776459],[-2.9311711623286403,38.139879434697605],[-2.931111613094008,38.139838805095934],[-2.9309328446907004,38.139748405426644],[-2.9308015195385524,38.13971003474805],[-2.9307408882001567,38.13971958508907],[-2.9306633673258635,38.13972564772001],[-2.9306327968467945,38.13971174968552],[-2.9307167969326255,38.139573905088696]]]},"properties":{"dn_surface":1440.616860599353,"provincia":23,"municipio":97,"agregado":0,"zona":0,"poligono":16,"parcela":130,"recinto":11,"uso_sigpac":"OV","idPanel":"23:97:0:0:16:130:11"},"id":1361648607},{"type":"Feature","geometry":{"type":"Polygon","coordinates":[[[-2.92598690880757,38.14546351089112],[-2.9260323253144214,38.145468046339204],[-2.9264938086230345,38.14550087825586],[-2.9263378230720947,38.145708159380916],[-2.926205118258602,38.14603063636085],[-2.9261409388603834,38.14618651378524],[-2.9261262059883,38.14622232295406],[-2.926123222868784,38.14621848404221],[-2.9261144528829726,38.146209895943684],[-2.926092556836012,38.14619084387667],[-2.9260421908150427,38.14615013967605],[-2.925986340514502,38.14611548888627],[-2.9259107642418596,38.14608342223741],[-2.9258187485415483,38.146053074716974],[-2.9257683037306847,38.146036559013965],[-2.925758925218667,38.14603185089868],[-2.92598690880757,38.14546351089112]]]},"properties":{"dn_surface":2819.09648532404,"provincia":23,"municipio":97,"agregado":0,"zona":0,"poligono":16,"parcela":188,"recinto":1,"uso_sigpac":"OV","idPanel":"23:97:0:0:16:188:1"},"id":1112590719},{"type":"Feature","geometry":{"type":"Polygon","coordinates":[[[-2.9285057546797844,38.14569012487698],[-2.927826064434711,38.14564096836469],[-2.9275819289174336,38.145665959848685],[-2.927477655521193,38.145629392955726],[-2.9274274588146785,38.1456116962425],[-2.9273521457338116,38.145602725929166],[-2.9264938086230345,38.14550087825586],[-2.9260323253144214,38.145468046339204],[-2.92598690880757,38.14546351089112],[-2.925492233998611,38.145413532114105],[-2.9254244419999087,38.14541637190305],[-2.9253264055781902,38.14542054441472],[-2.925372770078348,38.1452933934506],[-2.925668566620711,38.14532175445984],[-2.925866009067208,38.145339791478364],[-2.925896763109968,38.14533338770394],[-2.925937231779083,38.14533213460936],[-2.9259873983107445,38.14534239573584],[-2.9260148951457374,38.1453513853275],[-2.926076398202116,38.14535653768371],[-2.926136293609368,38.14535018420071],[-2.9262625653117933,38.14531573122389],[-2.9266284303778964,38.1452379982874],[-2.9268663959758814,38.145192124966826],[-2.926973233396454,38.145178128864075],[-2.927096215201689,38.14521015444157],[-2.927257998515397,38.145283114722105],[-2.9275070416372735,38.14549289533082],[-2.927555534302773,38.14554278442148],[-2.9276024545231434,38.14555815934736],[-2.9276639458448557,38.14557225770935],[-2.9277319214072475,38.14558122466988],[-2.927832240221336,38.1456043176527],[-2.9279455384132596,38.145606930292104],[-2.9280620695054274,38.145608278102145],[-2.92818993376955,38.14561089996164],[-2.9283145341203833,38.1456378251508],[-2.9285057546797844,38.14569012487698]]]},"properties":{"dn_surface":4992.49561236469,"provincia":23,"municipio":97,"agregado":0,"zona":0,"poligono":16,"parcela":177,"recinto":10,"uso_sigpac":"OV","idPanel":"23:97:0:0:16:177:10"},"id":1112590755},{"type":"Feature","geometry":{"type":"Polygon","coordinates":[[[-2.927650558268312,38.13839550079527],[-2.9274758911304706,38.139052413217144],[-2.927363689291548,38.13902885252412],[-2.9269459461090532,38.1389411342258],[-2.9270050209279366,38.13873721172959],[-2.9271014706552902,38.138469842413514],[-2.9271517143004657,38.13833056367298],[-2.927650558268312,38.13839550079527]]]},"properties":{"dn_surface":3361.28443448871,"provincia":23,"municipio":97,"agregado":0,"zona":0,"poligono":16,"parcela":169,"recinto":1,"uso_sigpac":"OV","idPanel":"23:97:0:0:16:169:1"},"id":1112590807},{"type":"Feature","geometry":{"type":"Polygon","coordinates":[[[-2.9271014706552902,38.138469842413514],[-2.9270050209279366,38.13873721172959],[-2.9269459461090532,38.1389411342258],[-2.926958923810507,38.13932183777598],[-2.9266554335187633,38.13984185191791],[-2.9266839001400107,38.13990441779967],[-2.926726838956138,38.14010155179213],[-2.9266523640656392,38.1402957152379],[-2.926607488191574,38.14030816907035],[-2.926599387919866,38.14030882537344],[-2.926477535995247,38.14030825959492],[-2.926463814818937,38.140304978079655],[-2.9263880164258484,38.14027698335957],[-2.926308169573287,38.140250732075486],[-2.926252846494487,38.140232768817725],[-2.9261613135918267,38.14019949601288],[-2.926169674540738,38.14018341365434],[-2.926477312198419,38.13959163532951],[-2.9265679239298654,38.139242001819895],[-2.9265696078543133,38.13921060404692],[-2.9265837674041846,38.13919414617905],[-2.926597132349588,38.13918715567138],[-2.9266419344629013,38.13918869877986],[-2.926660365430884,38.139202780378014],[-2.9266664397964735,38.13921449744117],[-2.9266799648362376,38.13929116168492],[-2.9266824768927675,38.13927789061685],[-2.9266586404351074,38.13902942081717],[-2.9267403866270416,38.138689860679335],[-2.9267563759464843,38.13865645711684],[-2.926844865379921,38.13847158668767],[-2.9268645134003166,38.138441613838324],[-2.926868374943338,38.13843380860962],[-2.9268700882044483,38.13842553818529],[-2.926869727782591,38.13841964403062],[-2.9268881042681993,38.13838125239721],[-2.9269579012182594,38.13838129682128],[-2.9269713952449794,38.13838274856704],[-2.927054108708597,38.13840082581868],[-2.927063882846468,38.13840404111693],[-2.927075133875765,38.138410231990974],[-2.9270848669423084,38.138420237469404],[-2.927088763689325,38.138427431657334],[-2.927091176839392,38.138438091762424],[-2.9271014706552902,38.138469842413514]]]},"properties":{"dn_surface":6247.29628400874,"provincia":23,"municipio":97,"agregado":0,"zona":0,"poligono":16,"parcela":170,"recinto":1,"uso_sigpac":"OV","idPanel":"23:97:0:0:16:170:1"},"id":1112590806},{"type":"Feature","geometry":{"type":"Polygon","coordinates":[[[-2.926730190041226,38.138470750173695],[-2.92670841972282,38.13853700241668],[-2.9266716701043642,38.13864885556842],[-2.926647061673376,38.1387236447803],[-2.9265862928717605,38.138899622847845],[-2.926579561364923,38.13902509491666],[-2.9265749018646714,38.13911193311509],[-2.9265696078543133,38.13921060404692],[-2.9265679239298654,38.139242001819895],[-2.926477312198419,38.13959163532951],[-2.926169674540738,38.14018341365434],[-2.9261613135918267,38.14019949601288],[-2.926125477600871,38.14016045981114],[-2.9260222921757273,38.14010684999343],[-2.926008521546186,38.14009969520049],[-2.925930320061315,38.1400606212801],[-2.926164751010522,38.13960117142133],[-2.926274759305255,38.13913997561201],[-2.926331978370665,38.1389715982547],[-2.9264499771341663,38.13862438208608],[-2.9264967867134084,38.13848666070322],[-2.9266397484624234,38.138516865731276],[-2.926644624215789,38.13850757020012],[-2.9266537529470775,38.138509024460404],[-2.926730190041226,38.138470750173695]]]},"properties":{"dn_surface":4463.35739228861,"provincia":23,"municipio":97,"agregado":0,"zona":0,"poligono":16,"parcela":171,"recinto":3,"uso_sigpac":"OV","idPanel":"23:97:0:0:16:171:3"},"id":1112590801},{"type":"Feature","geometry":{"type":"Polygon","coordinates":[[[-2.9273521457338116,38.145602725929166],[-2.9270504265383144,38.14557892216095],[-2.926571165212015,38.14598022004847],[-2.9266154359126353,38.1461049830082],[-2.9265561548989214,38.14615568681987],[-2.9265709405769966,38.14620634704568],[-2.9263947755929696,38.14639189473269],[-2.926354286807286,38.14636654366504],[-2.926399426711316,38.14630528619841],[-2.9261409388603834,38.14618651378524],[-2.926205118258602,38.14603063636085],[-2.9263378230720947,38.145708159380916],[-2.9264938086230345,38.14550087825586],[-2.9273521457338116,38.145602725929166]]]},"properties":{"dn_surface":3376.2322827695,"provincia":23,"municipio":97,"agregado":0,"zona":0,"poligono":16,"parcela":191,"recinto":1,"uso_sigpac":"OV","idPanel":"23:97:0:0:16:191:1"},"id":1112590707},{"type":"Feature","geometry":{"type":"Polygon","coordinates":[[[-2.9330804459910356,38.13954633533115],[-2.9332423156383522,38.13960014296177],[-2.933308006293804,38.13963262200028],[-2.9334853740810076,38.13971836887484],[-2.9336546307000293,38.13978750868367],[-2.9338098157791683,38.13978689261373],[-2.9338208480407797,38.13979158899437],[-2.9339109115957265,38.13980428171109],[-2.934333273207144,38.13986380412365],[-2.934331218802554,38.14019293130593],[-2.934328229815705,38.140670617672555],[-2.934327560939792,38.14077444263694],[-2.934257929113235,38.14079898401269],[-2.9341467481901793,38.14083816438324],[-2.934033642782041,38.1408780262025],[-2.9338764376641175,38.140933437291295],[-2.933909647604653,38.14098989025072],[-2.9339854812017365,38.14111879973822],[-2.9340250169649735,38.14118605194233],[-2.933935847759148,38.141236206739336],[-2.933494988962709,38.1413925895925],[-2.933320217051072,38.14146143268192],[-2.9333627392865864,38.14150985996855],[-2.933407976420699,38.14158387972171],[-2.933746180366497,38.1421367282949],[-2.9338787393348658,38.14231607002043],[-2.933941154342363,38.14245751380665],[-2.9340401463010997,38.142652598423666],[-2.9343489289268208,38.14306492354365],[-2.9350886294112275,38.14361611166174],[-2.935385702517521,38.14398327089373],[-2.935347656218567,38.14430292987768],[-2.935442942537692,38.14430929593351],[-2.9356191335056208,38.14431371906406],[-2.9356742864317766,38.14428337657279],[-2.9358960523245363,38.14424519951612],[-2.936007966664163,38.14426180071453],[-2.936302163939307,38.14430544780154],[-2.9363155079299514,38.14435045778606],[-2.936406628442951,38.144657810458995],[-2.936382761810437,38.14480632605742],[-2.936439342174789,38.14496714293762],[-2.9362355495980714,38.14493656994398],[-2.935810461353389,38.14491064303954],[-2.9357838706021826,38.14491017784388],[-2.9357066850040363,38.14495366651289],[-2.935690188579421,38.145031888114346],[-2.9355798877562513,38.145097074179176],[-2.9355382204749123,38.14524062349963],[-2.9355381374940657,38.14533426528922],[-2.93563447490391,38.1454458049578],[-2.935574084126149,38.14546677145162],[-2.9353374579563707,38.14554912868434],[-2.934975324513782,38.14567516234072],[-2.9348414730558674,38.14553197008934],[-2.9348590222475837,38.145365652165765],[-2.9350443779889868,38.1452140964509],[-2.9350680811743777,38.14500457149026],[-2.934901180708479,38.14496643466674],[-2.9349287018509926,38.14470565101243],[-2.9347827301603693,38.14471511921079],[-2.9340972170068156,38.14431240645794],[-2.933818676289539,38.14427646485501],[-2.932986150412926,38.14440846558858],[-2.9328312151145166,38.14436691900667],[-2.932671880154871,38.14426416860232],[-2.932601428578134,38.14430531620562],[-2.9321601280553717,38.14392301003551],[-2.932115524593176,38.143780313992835],[-2.9321542372534717,38.14362378613271],[-2.9320938238445713,38.14342366985892],[-2.931994956776199,38.14309636154974],[-2.93202269920097,38.14283212622746],[-2.9320326015819673,38.14273740903957],[-2.9319677482786917,38.14264940743294],[-2.931852193678301,38.14258841231995],[-2.9319405733088,38.14228401762077],[-2.931968103671408,38.14225357119389],[-2.9321116479627283,38.14202320295337],[-2.9324479643038184,38.14163630852917],[-2.9324193501610663,38.14160429636266],[-2.9322937783475975,38.14154567751933],[-2.9321502617165605,38.14147868180146],[-2.9319907155329417,38.14136547832507],[-2.9317539971622226,38.141160931377016],[-2.931649473985253,38.14103478875592],[-2.931518614866949,38.141116809036106],[-2.9313243541910854,38.14116067908171],[-2.931271829829921,38.140700190705076],[-2.930808303013194,38.13995780968787],[-2.9307903640629567,38.139929074845696],[-2.930743249382421,38.13985360502326],[-2.9306633673258635,38.13972564772001],[-2.9307408882001567,38.13971958508907],[-2.9308015195385524,38.13971003474805],[-2.9309328446907004,38.139748405426644],[-2.931111613094008,38.139838805095934],[-2.9311711623286403,38.139879434697605],[-2.931187251392737,38.13995445776459],[-2.9312154766151592,38.140021510479386],[-2.93126194169816,38.14007099807688],[-2.9312841319499396,38.14010771332951],[-2.9313427080455545,38.1401045558664],[-2.9313468126637816,38.14006946502667],[-2.9314013922677273,38.14004077293225],[-2.9314923091004674,38.140059981740876],[-2.9315165638151206,38.14005678320643],[-2.931597379615747,38.140077581224006],[-2.931704444185909,38.140111179246674],[-2.9317468842787666,38.14011597369557],[-2.931783116733766,38.14013692007285],[-2.931746610190517,38.139997750297056],[-2.9318568255182695,38.14006676689189],[-2.931870494726777,38.140192820664794],[-2.9318794465998974,38.14019971142781],[-2.9319230174115605,38.14025721128701],[-2.9319957312640983,38.14032618681051],[-2.9320247376799426,38.14039056821258],[-2.932062550961974,38.14044114042841],[-2.9320857738642854,38.140489421869916],[-2.932143934217479,38.14052164777499],[-2.9321933941546607,38.140530834341405],[-2.9322108779675293,38.14050558134201],[-2.932190568614934,38.14045960073304],[-2.9321266440265856,38.14033776138129],[-2.932072448313829,38.140189774681005],[-2.9321128440603816,38.14020644125827],[-2.932202536296995,38.140332173166115],[-2.932310706440252,38.14048405074607],[-2.932350485278695,38.14055320983323],[-2.932402372615181,38.14061859035826],[-2.932451240789964,38.1406536275538],[-2.9325130170964,38.14068011520757],[-2.932588707362932,38.14069260508228],[-2.9327124276138794,38.14070442356643],[-2.9328396674261783,38.14070450822368],[-2.9329452802506255,38.140667878466445],[-2.93300990472793,38.140636949241866],[-2.933071846996059,38.14058347102005],[-2.9331393473045138,38.14049437389863],[-2.9334750190772123,38.14036469830512],[-2.933509735245838,38.14036052914625],[-2.933527129372336,38.1403186447736],[-2.9335387299270166,38.14028513643726],[-2.9334751733042403,38.140192933820515],[-2.933463621364601,38.14017197989952],[-2.933353691021573,38.14018029474798],[-2.933335496423274,38.140181723862526],[-2.9332275752225563,38.14014521061375],[-2.933145121597953,38.140131623547944],[-2.9330581425835573,38.140149277513444],[-2.933055145214804,38.140147192933995],[-2.933035702551049,38.140093026557906],[-2.9330282108055474,38.140087815528375],[-2.93298773543091,38.1400794604468],[-2.932975735059424,38.14008466057982],[-2.932950234793886,38.140097142910776],[-2.932942728799148,38.140107552396984],[-2.93296899014154,38.14015616827646],[-2.9329428486603706,38.1401753117062],[-2.9329036515260425,38.14018707906078],[-2.9328676847773893,38.14019082325717],[-2.932866973153769,38.14019654306824],[-2.9327549121308274,38.140240809577904],[-2.9326324500036205,38.140247934196026],[-2.9324982532112753,38.14024684454856],[-2.9323439390119272,38.140236450149786],[-2.9322377377778435,38.14021993696139],[-2.932131941389706,38.1401961097238],[-2.932106892070585,38.14017081732948],[-2.9319604551843077,38.14009479094861],[-2.9318278484390885,38.14000526970284],[-2.9317901281961873,38.13998643388891],[-2.932182486783414,38.13993501426265],[-2.932417877460592,38.139841511612616],[-2.9326586040576457,38.13965067494442],[-2.932959160683105,38.13955621759558],[-2.9330804459910356,38.13954633533115]],[[-2.9331504298575473,38.14070436824588],[-2.933100302720833,38.140723791631245],[-2.933118951618311,38.14076404907638],[-2.9331716276919315,38.140743955976916],[-2.9331504298575473,38.14070436824588]]]},"properties":{"dn_surface":117520.55492619626,"provincia":23,"municipio":97,"agregado":0,"zona":0,"poligono":16,"parcela":130,"recinto":1,"uso_sigpac":"OV","idPanel":"23:97:0:0:16:130:1"},"id":1361648605},{"type":"Feature","geometry":{"type":"Polygon","coordinates":[[[-2.936185724209888,38.14044993220719],[-2.9362334725623414,38.14053489537375],[-2.9363159982713163,38.140687385670844],[-2.936299216861976,38.14078720073252],[-2.936153060769472,38.140839441785346],[-2.9360285936909074,38.14092480225415],[-2.936075373095296,38.14103303777625],[-2.9361510013357406,38.14113559288225],[-2.936156696839285,38.14114887149401],[-2.9361376648888085,38.141178327179915],[-2.9361207543981522,38.141204632946426],[-2.935944187082749,38.14097381543587],[-2.9358989725797753,38.14099983454125],[-2.935691399764502,38.141125263862335],[-2.9357363100043714,38.14144794200794],[-2.9354978917835886,38.14147917214285],[-2.935244863066516,38.14151490000725],[-2.935211682462643,38.14148351732169],[-2.935234394907021,38.14147983431323],[-2.934882499959766,38.141171402889285],[-2.9347312007311697,38.14101954374951],[-2.934529278995352,38.140816734370134],[-2.934390390851521,38.140697507657734],[-2.934328229815705,38.140670617672555],[-2.934331218802554,38.14019293130593],[-2.9343794549818014,38.140212658954454],[-2.9344473240940165,38.140162297962604],[-2.934475951647815,38.14011548503058],[-2.934791780939953,38.14022021859333],[-2.9348950912554614,38.140254477110034],[-2.9349117611854827,38.140259689815935],[-2.934971326345731,38.14024758299425],[-2.93499990947544,38.140251067351585],[-2.935052280447768,38.14029272373651],[-2.935057043045434,38.14029446046695],[-2.9351029892885974,38.1402909652131],[-2.9351475717960334,38.14028757389485],[-2.9351547182071043,38.14028757808583],[-2.935235867607496,38.140313720405175],[-2.9352778173589895,38.14032723371028],[-2.9353452405539295,38.140346656257464],[-2.9353976534357757,38.14034148210834],[-2.935493309396852,38.14037362922349],[-2.935609604957527,38.14041271236391],[-2.935803532033624,38.14043235032602],[-2.935833509912104,38.140435385413355],[-2.93586685731586,38.140438873123486],[-2.935993083756005,38.140471897823915],[-2.936016904288047,38.14047364545087],[-2.9360401062355996,38.1404622603111],[-2.9361043694528557,38.140433765191375],[-2.936185724209888,38.14044993220719]]]},"properties":{"dn_surface":15514.5129107939,"provincia":23,"municipio":97,"agregado":0,"zona":0,"poligono":16,"parcela":137,"recinto":1,"uso_sigpac":"OV","idPanel":"23:97:0:0:16:137:1"},"id":1112590945},{"type":"Feature","geometry":{"type":"Polygon","coordinates":[[[-2.9371523186357207,38.14395676647615],[-2.9368592244191007,38.144127124477336],[-2.9364581134480603,38.14409680042621],[-2.9360982179737523,38.14338451128137],[-2.935993907697135,38.14299366478957],[-2.9359846247388197,38.14285875972638],[-2.935977634231158,38.142757160995586],[-2.935954911728496,38.14242692824021],[-2.9358565450597727,38.14202707204012],[-2.935660750495538,38.14185869635918],[-2.935492764573113,38.14173224444582],[-2.9353206899580773,38.141584971045575],[-2.9353003923401464,38.1415675651844],[-2.935244863066516,38.14151490000725],[-2.9354978917835886,38.14147917214285],[-2.9357363100043714,38.14144794200794],[-2.935691399764502,38.141125263862335],[-2.9358989725797753,38.14099983454125],[-2.9362873782612304,38.14158551251654],[-2.9366165255601127,38.14208175138873],[-2.936893479583024,38.143050969350384],[-2.9369200024408104,38.143143786360724],[-2.9369481153457233,38.14324216644047],[-2.9370232172026167,38.143504984382844],[-2.9370481223529947,38.14359213941722],[-2.9370759108782356,38.143689383749035],[-2.9371523186357207,38.14395676647615]]]},"properties":{"dn_surface":22448.1435360085,"provincia":23,"municipio":97,"agregado":0,"zona":0,"poligono":16,"parcela":138,"recinto":1,"uso_sigpac":"PA","idPanel":"23:97:0:0:16:138:1"},"id":1112590942},{"type":"Feature","geometry":{"type":"Polygon","coordinates":[[[-2.9353003923401464,38.1415675651844],[-2.9352475402465483,38.14158492997424],[-2.93463443835881,38.14178628425515],[-2.934127439636882,38.14201257218497],[-2.933746180366497,38.1421367282949],[-2.933407976420699,38.14158387972171],[-2.9333627392865864,38.14150985996855],[-2.9347049075375438,38.14107225251257],[-2.9347312007311697,38.14101954374951],[-2.934882499959766,38.141171402889285],[-2.935234394907021,38.14147983431323],[-2.935211682462643,38.14148351732169],[-2.935244863066516,38.14151490000725],[-2.9353003923401464,38.1415675651844]]]},"properties":{"dn_surface":10458.479508571,"provincia":23,"municipio":97,"agregado":0,"zona":0,"poligono":16,"parcela":135,"recinto":1,"uso_sigpac":"OV","idPanel":"23:97:0:0:16:135:1"},"id":1112590947},{"type":"Feature","geometry":{"type":"Polygon","coordinates":[[[-2.935492764573113,38.14173224444582],[-2.934831184269111,38.1419077967127],[-2.9342513459660915,38.14217099519348],[-2.9338787393348658,38.14231607002043],[-2.933746180366497,38.1421367282949],[-2.934127439636882,38.14201257218497],[-2.93463443835881,38.14178628425515],[-2.9352475402465483,38.14158492997424],[-2.9353003923401464,38.1415675651844],[-2.9353206899580773,38.141584971045575],[-2.935492764573113,38.14173224444582]]]},"properties":{"dn_surface":3204.13805567006,"provincia":23,"municipio":97,"agregado":0,"zona":0,"poligono":16,"parcela":134,"recinto":1,"uso_sigpac":"OV","idPanel":"23:97:0:0:16:134:1"},"id":1112590948},{"type":"Feature","geometry":{"type":"Polygon","coordinates":[[[-2.933941154342363,38.14245751380665],[-2.9338787393348658,38.14231607002043],[-2.9342513459660915,38.14217099519348],[-2.934831184269111,38.1419077967127],[-2.935492764573113,38.14173224444582],[-2.935660750495538,38.14185869635918],[-2.935045592526829,38.14206023252743],[-2.9346194213401926,38.14225051766638],[-2.933941154342363,38.14245751380665]]]},"properties":{"dn_surface":3358.06329420969,"provincia":23,"municipio":97,"agregado":0,"zona":0,"poligono":16,"parcela":133,"recinto":1,"uso_sigpac":"OV","idPanel":"23:97:0:0:16:133:1"},"id":1112590949},{"type":"Feature","geometry":{"type":"Polygon","coordinates":[[[-2.913707183559666,38.137093744216514],[-2.913707112313486,38.13715494049521],[-2.913690946974066,38.13721999999328],[-2.913690848067603,38.137304268300056],[-2.9137247143111953,38.13742308010822],[-2.913741664196799,38.13744821743734],[-2.9137468341549835,38.13745588436461],[-2.9137634454116785,38.13748051961767],[-2.9137875023134048,38.13759544892804],[-2.913812503855675,38.13768370199182],[-2.91373038885998,38.137742583188725],[-2.913501661796221,38.13788290547626],[-2.9133327723045808,38.13825942058918],[-2.9132944938268954,38.13822001726001],[-2.9131181913796476,38.13831604956857],[-2.9128871266029552,38.13840203616556],[-2.9124585271788255,38.13858899452694],[-2.9124732969312843,38.138546916532334],[-2.9124300873796694,38.1384181830648],[-2.9123653371738096,38.138266450491784],[-2.9123445458617536,38.13818946689753],[-2.912421349245092,38.13808813303487],[-2.912665365739337,38.13785750411719],[-2.9129178144286754,38.13763499223501],[-2.9130031438844286,38.1375543239559],[-2.9130691798743116,38.13749189469914],[-2.91322301714334,38.13738196603251],[-2.913302232838555,38.13731413715345],[-2.9134138881773577,38.1372185298074],[-2.9135102540856748,38.13717011425538],[-2.9135876626424584,38.13713403183647],[-2.9136164083810994,38.13712434235586],[-2.913707183559666,38.137093744216514]]]},"properties":{"dn_surface":9547.173217773438,"provincia":23,"municipio":48,"agregado":0,"zona":0,"poligono":24,"parcela":153,"recinto":1,"uso_sigpac":"OV","idPanel":"23:48:0:0:24:153:1"},"id":1324573436},{"type":"Feature","geometry":{"type":"Polygon","coordinates":[[[-2.914789061850402,38.137789245246466],[-2.9147291178281076,38.137819663174895],[-2.914685015603751,38.13786748780268],[-2.9146565263513633,38.13793253808066],[-2.9146409108648244,38.13801607380904],[-2.9146438663240586,38.13812494970858],[-2.9146699902032305,38.138230596898836],[-2.9147193939816582,38.13833527011187],[-2.9147815516647126,38.138463025411255],[-2.9147930549893113,38.13858119013642],[-2.9148658660719313,38.13877312315768],[-2.9148683278370395,38.138914083308066],[-2.914509531230302,38.13883666972214],[-2.914244982424824,38.13876797666882],[-2.914155066391382,38.138763853610385],[-2.914069360588155,38.13876991875591],[-2.9139864006965692,38.13857329103047],[-2.913936464667259,38.138447143380176],[-2.9138557846534714,38.13824332984868],[-2.913736074305241,38.13794747966216],[-2.9137096863961034,38.13788226426064],[-2.9137028140732832,38.13786969224333],[-2.913670060108307,38.137809772528556],[-2.91373038885998,38.137742583188725],[-2.913812503855675,38.13768370199182],[-2.91385838304361,38.13765638117681],[-2.913888839528789,38.13763824441364],[-2.9139016873107364,38.137630593411984],[-2.913972033275487,38.13758414090182],[-2.9139873042657856,38.1375834452038],[-2.9140576217320633,38.13758023912567],[-2.9141645035767256,38.13761447668756],[-2.914271751710579,38.13762906706731],[-2.9144140579947266,38.13762106151111],[-2.9144897314974503,38.13760570586359],[-2.9146372429437784,38.137666006116774],[-2.914649867767088,38.13767116685486],[-2.914716123362846,38.13770843782774],[-2.91475318730269,38.13772775224837],[-2.914789061850402,38.137789245246466]]]},"properties":{"dn_surface":10160.229614257812,"provincia":23,"municipio":48,"agregado":0,"zona":0,"poligono":24,"parcela":154,"recinto":1,"uso_sigpac":"OV","idPanel":"23:48:0:0:24:154:1"},"id":1324573438},{"type":"Feature","geometry":{"type":"Polygon","coordinates":[[[-2.91373038885998,38.137742583188725],[-2.913670060108307,38.137809772528556],[-2.9137028140732832,38.13786969224333],[-2.9137096863961034,38.13788226426064],[-2.913736074305241,38.13794747966216],[-2.9138557846534714,38.13824332984868],[-2.913936464667259,38.138447143380176],[-2.9139864006965692,38.13857329103047],[-2.914069360588155,38.13876991875591],[-2.9140009215064895,38.13874023592041],[-2.9139265631244515,38.13870798570787],[-2.9138613351500826,38.13868540066841],[-2.9138383896887827,38.138677456300115],[-2.9137988480582147,38.138642870889186],[-2.913719377553128,38.13857336143843],[-2.9135754636198556,38.13846466574981],[-2.9134938615966655,38.13840303361212],[-2.9133892068238083,38.138317514725316],[-2.9133327723045808,38.13825942058918],[-2.913501661796221,38.13788290547626],[-2.91373038885998,38.137742583188725]]]},"properties":{"dn_surface":3017.109619140625,"provincia":23,"municipio":48,"agregado":0,"zona":0,"poligono":24,"parcela":153,"recinto":2,"uso_sigpac":"OV","idPanel":"23:48:0:0:24:153:2"},"id":1324573437},{"type":"Feature","geometry":{"type":"Polygon","coordinates":[[[-2.913719377553128,38.13857336143843],[-2.9136584151295377,38.13879061116148],[-2.9135865444965092,38.13896846677551],[-2.9134540978456487,38.13942197470274],[-2.913174550461742,38.139394366388444],[-2.9128801712992893,38.13936521328927],[-2.9128430646117365,38.13928470258995],[-2.9127717773592035,38.139256438810776],[-2.9127445311431304,38.139233255303395],[-2.9126878401376506,38.13921329463801],[-2.912618695299696,38.139206573189455],[-2.9125285353528585,38.1391187216189],[-2.9124466173318995,38.13910532063127],[-2.9123605410485296,38.13913508728581],[-2.9123540216038535,38.139147609849886],[-2.91232373778589,38.13918399737011],[-2.912290157365212,38.13921046909826],[-2.9122901858636845,38.139186482604515],[-2.912290326679666,38.13906797925043],[-2.912277189722043,38.13897106684203],[-2.912273697820973,38.13894530422289],[-2.912262951382276,38.13886589490568],[-2.9123537894251217,38.13867011878165],[-2.912404179753612,38.138613828431176],[-2.9124585271788255,38.13858899452694],[-2.9128871266029552,38.13840203616556],[-2.9131181913796476,38.13831604956857],[-2.9132944938268954,38.13822001726001],[-2.9133327723045808,38.13825942058918],[-2.9133892068238083,38.138317514725316],[-2.9134938615966655,38.13840303361212],[-2.9135754636198556,38.13846466574981],[-2.913719377553128,38.13857336143843]]]},"properties":{"dn_surface":11089.347412109375,"provincia":23,"municipio":48,"agregado":0,"zona":0,"poligono":24,"parcela":156,"recinto":1,"uso_sigpac":"OV","idPanel":"23:48:0:0:24:156:1"},"id":1324573439},{"type":"Feature","geometry":{"type":"Polygon","coordinates":[[[-2.91508043861496,38.13963173687128],[-2.9148614521614578,38.13963247699334],[-2.914747669495503,38.13964194602991],[-2.914563767176197,38.139697057884774],[-2.9143953621585883,38.139771827818265],[-2.914412609601772,38.139658822154786],[-2.914448272925512,38.139607476289285],[-2.914458217216028,38.13959315329228],[-2.9144568249818277,38.13951465257344],[-2.9144695269186514,38.1393853298581],[-2.914459071332012,38.139348911324845],[-2.914442323450286,38.139325646513015],[-2.9143835545708865,38.13932560208889],[-2.9143164616229513,38.13932059557786],[-2.9142219673937246,38.13932710496425],[-2.9141589455364016,38.13935364542402],[-2.914049813988793,38.1393867304742],[-2.913949060992095,38.139378363657954],[-2.9139285228135305,38.1393766361476],[-2.9138650617444553,38.13938821490933],[-2.91381392794111,38.13939754983545],[-2.9137874570511255,38.13939482571678],[-2.9137370088875,38.13940308021549],[-2.9137181873228064,38.139396396485495],[-2.91368043103772,38.139383119550104],[-2.913646885821038,38.1393797600831],[-2.913632157139907,38.13938641782917],[-2.913613188891899,38.13940794423419],[-2.913583838818004,38.1394277498344],[-2.9134540978456487,38.13942197470274],[-2.9135865444965092,38.13896846677551],[-2.9136584151295377,38.13879061116148],[-2.913719377553128,38.13857336143843],[-2.9137988480582147,38.138642870889186],[-2.9138383896887827,38.138677456300115],[-2.9138613351500826,38.13868540066841],[-2.9139265631244515,38.13870798570787],[-2.9140009215064895,38.13874023592041],[-2.914069360588155,38.13876991875591],[-2.914155066391382,38.138763853610385],[-2.914244982424824,38.13876797666882],[-2.914509531230302,38.13883666972214],[-2.9148683278370395,38.138914083308066],[-2.9148999619796845,38.1389919763389],[-2.914949834306528,38.1390869156472],[-2.9150909025835037,38.13916542977708],[-2.915086321034957,38.13937857572009],[-2.9150798896002703,38.13951376157709],[-2.915080136866429,38.13956682238009],[-2.91508043861496,38.13963173687128]]]},"properties":{"dn_surface":9978.022705078125,"provincia":23,"municipio":48,"agregado":0,"zona":0,"poligono":24,"parcela":155,"recinto":1,"uso_sigpac":"OV","idPanel":"23:48:0:0:24:155:1"},"id":1324573440},{"type":"Feature","geometry":{"type":"Polygon","coordinates":[[[-2.9125653780104446,38.140143204824255],[-2.9125091932719465,38.14013019694795],[-2.91245271516682,38.140122583664805],[-2.912384835158129,38.14010693967978],[-2.912301643087812,38.140108949660316],[-2.9122765811958358,38.14007242970601],[-2.9122870652809483,38.13998861988938],[-2.9123607505961204,38.13991999892042],[-2.91245317114238,38.1398339083878],[-2.912468448838201,38.13974920086932],[-2.912430099114334,38.13969346875362],[-2.912424704521132,38.139685628320905],[-2.9123611445455935,38.13962626348817],[-2.9123064987246097,38.13957522356213],[-2.9122481237946816,38.13924360360167],[-2.912290157365212,38.13921046909826],[-2.91232373778589,38.13918399737011],[-2.9123540216038535,38.139147609849886],[-2.9123605410485296,38.13913508728581],[-2.9124466173318995,38.13910532063127],[-2.9125285353528585,38.1391187216189],[-2.912618695299696,38.139206573189455],[-2.9126878401376506,38.13921329463801],[-2.9127445311431304,38.139233255303395],[-2.9127717773592035,38.139256438810776],[-2.9128430646117365,38.13928470258995],[-2.9128801712992893,38.13936521328927],[-2.913174550461742,38.139394366388444],[-2.9134540978456487,38.13942197470274],[-2.913583838818004,38.1394277498344],[-2.913613188891899,38.13940794423419],[-2.913632157139907,38.13938641782917],[-2.913646885821038,38.1393797600831],[-2.91368043103772,38.139383119550104],[-2.9137181873228064,38.139396396485495],[-2.9137370088875,38.13940308021549],[-2.9137874570511255,38.13939482571678],[-2.91381392794111,38.13939754983545],[-2.9138650617444553,38.13938821490933],[-2.9139285228135305,38.1393766361476],[-2.913949060992095,38.139378363657954],[-2.914049813988793,38.1393867304742],[-2.9141589455364016,38.13935364542402],[-2.9142219673937246,38.13932710496425],[-2.9143164616229513,38.13932059557786],[-2.9143835545708865,38.13932560208889],[-2.914442323450286,38.139325646513015],[-2.914459071332012,38.139348911324845],[-2.9144695269186514,38.1393853298581],[-2.9144568249818277,38.13951465257344],[-2.914458217216028,38.13959315329228],[-2.914448272925512,38.139607476289285],[-2.914412609601772,38.139658822154786],[-2.9143953621585883,38.139771827818265],[-2.914393753671274,38.139781019413846],[-2.9143842444015586,38.13981354790559],[-2.9142519486249654,38.139845534926394],[-2.914196110897279,38.13987577599664],[-2.91411446696457,38.13992014728012],[-2.9140734417370524,38.13997031716454],[-2.914007047001692,38.14005138190768],[-2.9139235095969442,38.14015334273671],[-2.913788566815172,38.14020371294862],[-2.9135539556550354,38.14029267176869],[-2.913495047636035,38.14031326694416],[-2.9134229766755086,38.14027121409529],[-2.913326790978121,38.140259695683255],[-2.9130896920689757,38.14023139753826],[-2.912953222104354,38.140221290638834],[-2.9128252027750134,38.14020623254888],[-2.91278594696736,38.140206203212216],[-2.912749359119645,38.14016976456239],[-2.9126392485656885,38.14016030809867],[-2.9125653780104446,38.140143204824255]]]},"properties":{"dn_surface":16535.6332530874,"provincia":23,"municipio":48,"agregado":0,"zona":0,"poligono":24,"parcela":157,"recinto":1,"uso_sigpac":"OV","idPanel":"23:48:0:0:24:157:1"},"id":1112044856},{"type":"Feature","geometry":{"type":"Polygon","coordinates":[[[-2.9151328565259487,38.138266686023286],[-2.915082244077012,38.138309256035626],[-2.9150453578335265,38.13837655266383],[-2.9150413982222316,38.138449993227425],[-2.9150412121439704,38.138610651689675],[-2.9150488304562168,38.13872388282638],[-2.91510294905546,38.13883255756022],[-2.9151899540537562,38.13898256765202],[-2.9151782227413787,38.139007994994984],[-2.9150929544735225,38.13896832512131],[-2.914996534082832,38.13876537911685],[-2.9149045435282317,38.138580822170866],[-2.914896938627031,38.13844661783483],[-2.9149154349738615,38.13833875027828],[-2.914939681306612,38.138191861607396],[-2.9148856901123037,38.13810710295931],[-2.91494239620521,38.13811390403592],[-2.915052683617334,38.13806549770402],[-2.915060280974822,38.13808952526912],[-2.91508349633342,38.13816294739249],[-2.9151328565259487,38.138266686023286]]]},"properties":{"dn_surface":1091.25078828725,"provincia":23,"municipio":48,"agregado":0,"zona":0,"poligono":24,"parcela":163,"recinto":2,"uso_sigpac":"OV","idPanel":"23:48:0:0:24:163:2"},"id":1112044848},{"type":"Feature","geometry":{"type":"Polygon","coordinates":[[[-2.9130031438844286,38.1375543239559],[-2.9129784264886935,38.13754906179676],[-2.9129668150375374,38.13754402930178],[-2.912955707338792,38.13753676973502],[-2.9129549194398465,38.13753614276865],[-2.91294520062254,38.1375265756638],[-2.9129380324185212,38.137515695114644],[-2.9129336889160387,38.13750391853995],[-2.9129323369149764,38.1374916985626],[-2.912934030059518,38.13747950624554],[-2.9129382704645854,38.13746862318183],[-2.912971035326036,38.13741990085214],[-2.9129850968076343,38.13739983792749],[-2.9129900245288027,38.137394836445594],[-2.9129957451780584,38.13738949633478],[-2.913171020003915,38.1372694674742],[-2.9131776165621055,38.13726544416045],[-2.9132048552344654,38.13725587286464],[-2.9132202519533195,38.137254268568284],[-2.9132368506371584,38.137255218237925],[-2.9132517947332133,38.1372585567502],[-2.9132656265506522,38.13726413323067],[-2.913287246832981,38.137280346346955],[-2.9132950160194944,38.1372909678953],[-2.913302232838555,38.13731413715345],[-2.91322301714334,38.13738196603251],[-2.9130691798743116,38.13749189469914],[-2.9130031438844286,38.1375543239559]]]},"properties":{"dn_surface":463.4208984375,"provincia":23,"municipio":48,"agregado":0,"zona":0,"poligono":24,"parcela":142,"recinto":19,"uso_sigpac":"OV","idPanel":"23:48:0:0:24:142:19"},"id":1307657469},{"type":"Feature","geometry":{"type":"Polygon","coordinates":[[[-2.91678577295904,38.13962405904749],[-2.9168606292261554,38.139626727007425],[-2.9169462730032962,38.13967671835732],[-2.9169913777033307,38.13975155618425],[-2.917018302892494,38.1398584656892],[-2.9170131689764953,38.139934283360645],[-2.9170091356044496,38.13999382924254],[-2.916971790870832,38.14012133140841],[-2.9169186697181266,38.14010122908883],[-2.9166448765110897,38.139997622053926],[-2.9164884919815357,38.14003941757841],[-2.9163116882964486,38.140074348323736],[-2.9161175298798097,38.14011746735082],[-2.9160975599943137,38.13991583981985],[-2.9160913548710257,38.13985292692723],[-2.9160896801666722,38.139820751313636],[-2.9160552263516317,38.13971212351842],[-2.916278735680355,38.13964775552739],[-2.9164681658651332,38.13964789299061],[-2.9165610398723802,38.139661388693696],[-2.916684762637899,38.13964092930499],[-2.91678577295904,38.13962405904749]]]},"properties":{"dn_surface":3601.45603399052,"provincia":23,"municipio":48,"agregado":0,"zona":0,"poligono":24,"parcela":253,"recinto":3,"uso_sigpac":"OV","idPanel":"23:48:0:0:24:253:3"},"id":1112044708},{"type":"Feature","geometry":{"type":"Polygon","coordinates":[[[-2.91508043861496,38.13963173687128],[-2.915073826131155,38.13972573405357],[-2.9150366213753296,38.139827820611174],[-2.914969055688027,38.13993583233645],[-2.914957792924064,38.140004590768655],[-2.914977359639994,38.140057599603836],[-2.914868834942212,38.14005860040314],[-2.914788334301164,38.14010207230834],[-2.914766526264192,38.14040902684087],[-2.9147640888066046,38.14044435488847],[-2.9143558976415327,38.140444052301746],[-2.9143389184192663,38.14022629379713],[-2.914355986489712,38.1401703378846],[-2.9143578254793776,38.14007269373596],[-2.9143606074332067,38.13992501716615],[-2.9143813803050747,38.139823369820334],[-2.9143842444015586,38.13981354790559],[-2.914393753671274,38.139781019413846],[-2.9143953621585883,38.139771827818265],[-2.914563767176197,38.139697057884774],[-2.914747669495503,38.13964194602991],[-2.9148614521614578,38.13963247699334],[-2.91508043861496,38.13963173687128]]]},"properties":{"dn_surface":4046.68387566314,"provincia":23,"municipio":48,"agregado":0,"zona":0,"poligono":24,"parcela":158,"recinto":1,"uso_sigpac":"OV","idPanel":"23:48:0:0:24:158:1"},"id":1112044855},{"type":"Feature","geometry":{"type":"Polygon","coordinates":[[[-2.9143842444015586,38.13981354790559],[-2.9143813803050747,38.139823369820334],[-2.9143606074332067,38.13992501716615],[-2.9143578254793776,38.14007269373596],[-2.914355986489712,38.1401703378846],[-2.9143389184192663,38.14022629379713],[-2.9143558976415327,38.140444052301746],[-2.9147640888066046,38.14044435488847],[-2.914766526264192,38.14040902684087],[-2.914788334301164,38.14010207230834],[-2.914868834942212,38.14005860040314],[-2.914977359639994,38.140057599603836],[-2.9150643235669627,38.14005027298185],[-2.915115188311201,38.14007707830979],[-2.915115144725301,38.14011520172224],[-2.9151897269041673,38.14025756584155],[-2.9152057606477,38.140405835850146],[-2.915212875207535,38.14047109316115],[-2.9152233777328362,38.14056744565846],[-2.915229249256357,38.14062170675004],[-2.915233428473528,38.140659382568884],[-2.9152441556338466,38.140758439068264],[-2.9152305048655283,38.14081989602417],[-2.915218574902032,38.14087387296925],[-2.9151990744031413,38.14096191229447],[-2.9152087127541724,38.14101554474328],[-2.915228073275272,38.14105007734821],[-2.9152135055266917,38.141115137684494],[-2.915184384278767,38.14113395254367],[-2.915157681210052,38.14113393326528],[-2.915111577387099,38.14113389889951],[-2.9150777153344576,38.141107376879916],[-2.9150389289134098,38.14109590205379],[-2.9149710162152958,38.14110729809002],[-2.91491965358598,38.141116002696975],[-2.914859410329724,38.14110721594736],[-2.9147900391803705,38.14109716017748],[-2.9146557082775653,38.141110850340766],[-2.914516012118221,38.1411252571568],[-2.914369622170604,38.14110685301094],[-2.9142421719725236,38.141090896380916],[-2.9141297144855387,38.14103826892233],[-2.9141153814302605,38.14099851187683],[-2.9136930357444606,38.140999277982814],[-2.913588975248574,38.14098757349254],[-2.913516346053263,38.140933894105046],[-2.9134291901807003,38.14081125679607],[-2.9134195669170952,38.14074608749502],[-2.913385614339895,38.14070018819049],[-2.913322689712655,38.140642639716276],[-2.9132887463555477,38.14058898882726],[-2.9132401262851135,38.14049711394293],[-2.9132394205288246,38.14041825280222],[-2.9132339504984883,38.14041157913056],[-2.913213764359877,38.14040092908374],[-2.9131280568802684,38.14040690286649],[-2.913096737059011,38.140451221343966],[-2.9130468353955052,38.14047930323582],[-2.912981578922664,38.14050544974614],[-2.9129664596448213,38.14051150818611],[-2.912913071947578,38.14049596562211],[-2.9128878197863886,38.14048188234756],[-2.912831190806996,38.140450300172745],[-2.912819892000848,38.14035511778923],[-2.912811562064979,38.14025759434],[-2.912793583719795,38.140213779614925],[-2.91278594696736,38.140206203212216],[-2.9128252027750134,38.14020623254888],[-2.912953222104354,38.140221290638834],[-2.9130896920689757,38.14023139753826],[-2.913326790978121,38.140259695683255],[-2.9134229766755086,38.14027121409529],[-2.913495047636035,38.14031326694416],[-2.9135539556550354,38.14029267176869],[-2.913788566815172,38.14020371294862],[-2.9139235095969442,38.14015334273671],[-2.914007047001692,38.14005138190768],[-2.9140734417370524,38.13997031716454],[-2.91411446696457,38.13992014728012],[-2.914196110897279,38.13987577599664],[-2.9142519486249654,38.139845534926394],[-2.9143842444015586,38.13981354790559]]]},"properties":{"dn_surface":16884.9683679472,"provincia":23,"municipio":48,"agregado":0,"zona":0,"poligono":24,"parcela":230,"recinto":1,"uso_sigpac":"OV","idPanel":"23:48:0:0:24:230:1"},"id":1112044734},{"type":"Feature","geometry":{"type":"Polygon","coordinates":[[[-2.9163038151743303,38.14057715860844],[-2.916332836677601,38.14064612658822],[-2.916328000319183,38.140684426858854],[-2.9163165757844793,38.14069640543741],[-2.916298810339648,38.14076479841859],[-2.916318170860748,38.140799331023516],[-2.916331950710383,38.140823854797276],[-2.9163422721865637,38.14087974114],[-2.916264546793821,38.14099081058373],[-2.9162187824379675,38.14099447263746],[-2.9161190662827527,38.140975383690034],[-2.916075517264039,38.14093704821542],[-2.916022141301461,38.140910151524736],[-2.9159446648512586,38.140902434305985],[-2.9159251207664676,38.14092927735251],[-2.915934882331483,38.14097524874137],[-2.9159243202946676,38.14103066905025],[-2.915939548537257,38.14108628801026],[-2.915915295498985,38.14113989615157],[-2.915865247990354,38.14119636838936],[-2.915739031608494,38.14119907071512],[-2.9155882612780184,38.14121797693704],[-2.9154824548315967,38.14123556384729],[-2.9153795116434704,38.14124387031384],[-2.915164856957785,38.1412446137887],[-2.915157681210052,38.14113393326528],[-2.915184384278767,38.14113395254367],[-2.9152135055266917,38.141115137684494],[-2.915228073275272,38.14105007734821],[-2.9152087127541724,38.14101554474328],[-2.9151990744031413,38.14096191229447],[-2.915218574902032,38.14087387296925],[-2.9152305048655283,38.14081989602417],[-2.9152441556338466,38.140758439068264],[-2.915233428473528,38.140659382568884],[-2.915229249256357,38.14062170675004],[-2.9152233777328362,38.14056744565846],[-2.915212875207535,38.14047109316115],[-2.9152057606477,38.140405835850146],[-2.9151897269041673,38.14025756584155],[-2.915115144725301,38.14011520172224],[-2.9151788312675855,38.14010578549167],[-2.91523523645015,38.14007806737442],[-2.915288786756324,38.140051609895465],[-2.915407896122063,38.14007522004175],[-2.9154777986841083,38.1401184421662],[-2.9155585692224535,38.14003919042881],[-2.9156435927387236,38.139932362228336],[-2.9156663705619494,38.13987154397347],[-2.9156720032012164,38.13983594770497],[-2.9160913548710257,38.13985292692723],[-2.9160975599943137,38.13991583981985],[-2.9161175298798097,38.14011746735082],[-2.916135915585513,38.14030638623947],[-2.9161734413682483,38.1405239787824],[-2.9163038151743303,38.14057715860844]]]},"properties":{"dn_surface":11661.9460060481,"provincia":23,"municipio":48,"agregado":0,"zona":0,"poligono":24,"parcela":243,"recinto":1,"uso_sigpac":"OV","idPanel":"23:48:0:0:24:243:1"},"id":1112044717},{"type":"Feature","geometry":{"type":"Polygon","coordinates":[[[-2.9132401262851135,38.14049711394293],[-2.9132887463555477,38.14058898882726],[-2.913322689712655,38.140642639716276],[-2.913385614339895,38.14070018819049],[-2.9134195669170952,38.14074608749502],[-2.9134291901807003,38.14081125679607],[-2.913516346053263,38.140933894105046],[-2.913588975248574,38.14098757349254],[-2.9136930357444606,38.140999277982814],[-2.913840658670107,38.14172157260606],[-2.913713066817854,38.14163107989765],[-2.9135630592406128,38.141582299732846],[-2.913414179867606,38.1415450555821],[-2.9133132223524587,38.14151406600783],[-2.9132869014985503,38.14142974573326],[-2.913269367394261,38.14137357440583],[-2.913191460952399,38.14112399735669],[-2.913173466681598,38.140996544644025],[-2.913165135069349,38.14090010329858],[-2.913186636328646,38.14076285633149],[-2.91322623663254,38.140663566815164],[-2.9132404305482167,38.14052964997842],[-2.9132401262851135,38.14049711394293]]]},"properties":{"dn_surface":3924.5347900390625,"provincia":23,"municipio":48,"agregado":0,"zona":0,"poligono":24,"parcela":159,"recinto":2,"uso_sigpac":"OV","idPanel":"23:48:0:0:24:159:2"},"id":1307657426},{"type":"Feature","geometry":{"type":"Polygon","coordinates":[[[-2.915865247990354,38.14119636838936],[-2.915915295498985,38.14113989615157],[-2.915939548537257,38.14108628801026],[-2.9159243202946676,38.14103066905025],[-2.915934882331483,38.14097524874137],[-2.9159251207664676,38.14092927735251],[-2.9159446648512586,38.140902434305985],[-2.916022141301461,38.140910151524736],[-2.916075517264039,38.14093704821542],[-2.9161190662827527,38.140975383690034],[-2.9162187824379675,38.14099447263746],[-2.916264546793821,38.14099081058373],[-2.9163422721865637,38.14087974114],[-2.916331950710383,38.140823854797276],[-2.916318170860748,38.140799331023516],[-2.916298810339648,38.14076479841859],[-2.9163165757844793,38.14069640543741],[-2.916328000319183,38.140684426858854],[-2.916332836677601,38.14064612658822],[-2.9163038151743303,38.14057715860844],[-2.916444433343078,38.14065386811444],[-2.9164878826171385,38.14078034684988],[-2.916575051900747,38.14089523173615],[-2.91686570782159,38.14119808667962],[-2.916846079917763,38.14140103687501],[-2.9168218738181517,38.141412465600666],[-2.9167587890965514,38.14139331295078],[-2.91651644982123,38.141251459289435],[-2.9164631534867373,38.14125520600035],[-2.916418297729241,38.14126202300264],[-2.915865247990354,38.14119636838936]]]},"properties":{"dn_surface":3299.77947995274,"provincia":23,"municipio":48,"agregado":0,"zona":0,"poligono":24,"parcela":242,"recinto":1,"uso_sigpac":"OV","idPanel":"23:48:0:0:24:242:1"},"id":1112044718},{"type":"Feature","geometry":{"type":"Polygon","coordinates":[[[-2.9141297144855387,38.14103826892233],[-2.9142421719725236,38.141090896380916],[-2.914369622170604,38.14110685301094],[-2.914516012118221,38.1411252571568],[-2.9146557082775653,38.141110850340766],[-2.9147900391803705,38.14109716017748],[-2.914859410329724,38.14110721594736],[-2.91491965358598,38.141116002696975],[-2.9149710162152958,38.14110729809002],[-2.9150389289134098,38.14109590205379],[-2.9150777153344576,38.141107376879916],[-2.915111577387099,38.14113389889951],[-2.915157681210052,38.14113393326528],[-2.915164856957785,38.1412446137887],[-2.915154784424143,38.141271013432515],[-2.914868911217535,38.14157696213661],[-2.914724631833263,38.14170600657275],[-2.914652902016217,38.14166278361009],[-2.9145551614756977,38.14161233041733],[-2.9144693056363944,38.14154827674767],[-2.9143852988450405,38.14146358515481],[-2.914372378140532,38.141449407164714],[-2.9143198789250775,38.141391795826195],[-2.914232635042526,38.14124518543454],[-2.914158151770124,38.14111706049323],[-2.9141297144855387,38.14103826892233]]]},"properties":{"dn_surface":3716.3466438837,"provincia":23,"municipio":48,"agregado":0,"zona":0,"poligono":24,"parcela":231,"recinto":1,"uso_sigpac":"OV","idPanel":"23:48:0:0:24:231:1"},"id":1112044733},{"type":"Feature","geometry":{"type":"Polygon","coordinates":[[[-2.916881472506015,38.14158933717917],[-2.916839842105051,38.141670781622594],[-2.916840222643478,38.14173837664654],[-2.9168608228481308,38.14178760021406],[-2.9169044883753052,38.14182404305481],[-2.9170004259683444,38.14185583645363],[-2.9169589774546907,38.141978648944445],[-2.916919217056436,38.14212192166207],[-2.9167860931477594,38.142177072911835],[-2.9167284725891633,38.142169100045066],[-2.916573409885818,38.14214771864698],[-2.915786090968465,38.1419619354285],[-2.9156828359735214,38.1419429336529],[-2.915408564997975,38.14188288820955],[-2.9153808359842497,38.141880975459145],[-2.9151376702532277,38.141864303852714],[-2.915164269386337,38.14165703194783],[-2.915299254915819,38.1416703801294],[-2.91558362859986,38.14167734800591],[-2.915724430332299,38.141694124386106],[-2.915769282737033,38.14169055201876],[-2.9158289149525114,38.14143481678502],[-2.915865247990354,38.14119636838936],[-2.916418297729241,38.14126202300264],[-2.9164631534867373,38.14125520600035],[-2.91651644982123,38.141251459289435],[-2.9167587890965514,38.14139331295078],[-2.9168218738181517,38.141412465600666],[-2.916846079917763,38.14140103687501],[-2.91686570782159,38.14119808667962],[-2.9169552910934566,38.1412981012306],[-2.9169602841934723,38.1414251834631],[-2.9169783220501735,38.14152027951303],[-2.9169115509673382,38.14153077617101],[-2.916881472506015,38.14158933717917]]]},"properties":{"dn_surface":10350.2338768706,"provincia":23,"municipio":48,"agregado":0,"zona":0,"poligono":24,"parcela":241,"recinto":4,"uso_sigpac":"OV","idPanel":"23:48:0:0:24:241:4"},"id":1112044719},{"type":"Feature","geometry":{"type":"Polygon","coordinates":[[[-2.915865247990354,38.14119636838936],[-2.9158289149525114,38.14143481678502],[-2.915769282737033,38.14169055201876],[-2.915724430332299,38.141694124386106],[-2.91558362859986,38.14167734800591],[-2.915299254915819,38.1416703801294],[-2.915164269386337,38.14165703194783],[-2.915154784424143,38.141271013432515],[-2.915164856957785,38.1412446137887],[-2.9153795116434704,38.14124387031384],[-2.9154824548315967,38.14123556384729],[-2.9155882612780184,38.14121797693704],[-2.915739031608494,38.14119907071512],[-2.915865247990354,38.14119636838936]]]},"properties":{"dn_surface":2898.92604669362,"provincia":23,"municipio":48,"agregado":0,"zona":0,"poligono":24,"parcela":244,"recinto":1,"uso_sigpac":"OV","idPanel":"23:48:0:0:24:244:1"},"id":1112044716},{"type":"Feature","geometry":{"type":"Polygon","coordinates":[[[-2.915164269386337,38.14165703194783],[-2.9151376702532277,38.141864303852714],[-2.9150226487419095,38.14185646761098],[-2.9149606871954017,38.14185218613457],[-2.914632548239531,38.14179714720234],[-2.914724631833263,38.14170600657275],[-2.914868911217535,38.14157696213661],[-2.915154784424143,38.141271013432515],[-2.915164269386337,38.14165703194783]]]},"properties":{"dn_surface":1510.60586726533,"provincia":23,"municipio":48,"agregado":0,"zona":0,"poligono":24,"parcela":161,"recinto":1,"uso_sigpac":"OV","idPanel":"23:48:0:0:24:161:1"},"id":1112044851},{"type":"Feature","geometry":{"type":"Polygon","coordinates":[[[-2.9157444253635063,38.142123384304256],[-2.9156753274642124,38.14212639508406],[-2.9155358492343635,38.14209563265942],[-2.9155135525324076,38.14208590881293],[-2.9154029918702236,38.14202681471568],[-2.915348842257937,38.141995381738724],[-2.9153190018426773,38.14197861793136],[-2.91526795437294,38.14195640504846],[-2.9152127159513657,38.141938886031596],[-2.9150868138908925,38.141915166082384],[-2.915078350682756,38.14191357184433],[-2.9149966254455815,38.14190418327402],[-2.914939711481464,38.14190116578871],[-2.9148627438128143,38.141902279743675],[-2.914859757340536,38.141895732638744],[-2.914711463862595,38.14193795731666],[-2.914628318730939,38.141934609584325],[-2.9146033398198092,38.141928239337574],[-2.9145811269368904,38.141913402529866],[-2.9145470947316046,38.141882807743286],[-2.914534437218871,38.14187266563982],[-2.914502864264122,38.14186700198752],[-2.914529519555987,38.14177985617326],[-2.914632548239531,38.14179714720234],[-2.9149606871954017,38.14185218613457],[-2.9150226487419095,38.14185646761098],[-2.9151376702532277,38.141864303852714],[-2.9153808359842497,38.141880975459145],[-2.915408564997975,38.14188288820955],[-2.9156828359735214,38.1419429336529],[-2.915786090968465,38.1419619354285],[-2.9157444253635063,38.142123384304256]]]},"properties":{"dn_surface":1370.66557767659,"provincia":23,"municipio":97,"agregado":0,"zona":0,"poligono":15,"parcela":602,"recinto":3,"uso_sigpac":"OV","idPanel":"23:97:0:0:15:602:3"},"id":1112590029},{"type":"Feature","geometry":{"type":"Polygon","coordinates":[[[-2.9145057007003246,38.14177550009791],[-2.9142907082239216,38.1417361789114],[-2.9139387437068667,38.14167180589121],[-2.9139014056787733,38.14169070456941],[-2.913840658670107,38.14172157260606],[-2.9136930357444606,38.140999277982814],[-2.9141153814302605,38.14099851187683],[-2.9141297144855387,38.14103826892233],[-2.914158151770124,38.14111706049323],[-2.914232635042526,38.14124518543454],[-2.9143198789250775,38.141391795826195],[-2.914372378140532,38.141449407164714],[-2.9144376614354646,38.14161255589053],[-2.9145057007003246,38.14177550009791]]]},"properties":{"dn_surface":3739.109619140625,"provincia":23,"municipio":48,"agregado":0,"zona":0,"poligono":24,"parcela":160,"recinto":1,"uso_sigpac":"OV","idPanel":"23:48:0:0:24:160:1"},"id":1307657424},{"type":"Feature","geometry":{"type":"Polygon","coordinates":[[[-2.914372378140532,38.141449407164714],[-2.9143852988450405,38.14146358515481],[-2.9144693056363944,38.14154827674767],[-2.9145551614756977,38.14161233041733],[-2.914652902016217,38.14166278361009],[-2.914724631833263,38.14170600657275],[-2.914632548239531,38.14179714720234],[-2.914529519555987,38.14177985617326],[-2.9145057007003246,38.14177550009791],[-2.9144376614354646,38.14161255589053],[-2.914372378140532,38.141449407164714]]]},"properties":{"dn_surface":400.83049870153,"provincia":23,"municipio":48,"agregado":0,"zona":0,"poligono":24,"parcela":160,"recinto":2,"uso_sigpac":"OV","idPanel":"23:48:0:0:24:160:2"},"id":1112044852},{"type":"Feature","geometry":{"type":"Polygon","coordinates":[[[-2.913888839528789,38.13763824441364],[-2.913846639996567,38.13761768444212],[-2.9138419427777493,38.13758962518139],[-2.91383452563119,38.137559009440025],[-2.913819676250647,38.13751072883667],[-2.913797391283357,38.13744713784811],[-2.9137959462431637,38.13740828604824],[-2.9138153754958727,38.1373647395441],[-2.913846728844746,38.13732237907931],[-2.913872098352587,38.137297674256416],[-2.913891157125154,38.13725730784654],[-2.9139237627304344,38.13723300032589],[-2.913947567336861,38.13721841497534],[-2.9139561168786052,38.137208440509966],[-2.9139842037996173,38.13703403907846],[-2.9139858868858743,38.136870394143926],[-2.913975637494065,38.13683267054827],[-2.9139406816029956,38.13673711433185],[-2.913923161747942,38.13669470106109],[-2.913872448716161,38.13663678043034],[-2.9137571086925034,38.13654440933732],[-2.913684854168287,38.136504175361495],[-2.9136414820077405,38.136481934818306],[-2.9135525558771227,38.13645318237414],[-2.9136139508069423,38.13641439092396],[-2.9136967707207364,38.136434911500544],[-2.913774342724641,38.13645407588507],[-2.9139198274266622,38.13645806064207],[-2.9140410280773654,38.13644400083686],[-2.9141308317932975,38.136444067892086],[-2.914103287181454,38.13665454419879],[-2.9140819007542373,38.13681796701283],[-2.9141567620504953,38.13700972149951],[-2.914180927078779,38.13703272228139],[-2.914239210645956,38.137055747370766],[-2.914273061802123,38.137090291710365],[-2.914274902468169,38.13710220742465],[-2.914307832453121,38.137315363425955],[-2.914320770759628,38.13737417337666],[-2.914281012875945,38.13744691237491],[-2.9142754808195224,38.13745453990725],[-2.9142679371062177,38.13746116161116],[-2.9142588846502533,38.13746635922962],[-2.9140705415983814,38.13755185548527],[-2.914066685922693,38.13755344804696],[-2.9139873042657856,38.1375834452038],[-2.913972033275487,38.13758414090182],[-2.9139016873107364,38.137630593411984],[-2.913888839528789,38.13763824441364]]]},"properties":{"dn_surface":3333.19532958516,"provincia":23,"municipio":48,"agregado":0,"zona":0,"poligono":24,"parcela":152,"recinto":3,"uso_sigpac":"OV","idPanel":"23:48:0:0:24:152:3"},"id":1112044864},{"type":"Feature","geometry":{"type":"Polygon","coordinates":[[[-2.9135260506213334,38.13647434751908],[-2.9135585330126306,38.13648545270328],[-2.9136047508294736,38.136497659269594],[-2.9136744614459253,38.13652890197733],[-2.9136972610621013,38.13653988310935],[-2.9137571095306933,38.13657584231427],[-2.9138385849871398,38.13663996555371],[-2.9138820057627264,38.136677936415566],[-2.9139010335222504,38.13670400497415],[-2.913914865339688,38.136753962796405],[-2.9139271037572385,38.13678321647842],[-2.9139453788218126,38.136866366639225],[-2.913941105727321,38.13693727922066],[-2.9139411074037014,38.13697533390152],[-2.9139368343092102,38.13704498919739],[-2.9139408584611624,38.13707717654569],[-2.9139427871371977,38.13711036972242],[-2.913942285061168,38.13714197033747],[-2.913876683253895,38.13720113819548],[-2.9138557787861394,38.13723173298203],[-2.913849331425835,38.137274993663254],[-2.913823515162528,38.13729946966018],[-2.9137814388442895,38.137346576797],[-2.9137740627690594,38.13736493400424],[-2.9137629156753664,38.137393098038785],[-2.9137545337716957,38.13741748937849],[-2.9137489187344263,38.137431907090956],[-2.9137474627977586,38.13744902126186],[-2.9137468341549835,38.13745588436461],[-2.913741664196799,38.13744821743734],[-2.9137247143111953,38.13742308010822],[-2.913690848067603,38.137304268300056],[-2.913690946974066,38.13721999999328],[-2.913707112313486,38.13715494049521],[-2.913707183559666,38.137093744216514],[-2.913707791247683,38.137062020387475],[-2.9137313142221455,38.13704806870882],[-2.9138220944298565,38.136994421172545],[-2.9138789748663587,38.13694867944784],[-2.913924382991307,38.136857144030614],[-2.913922730079902,38.13684608662331],[-2.913916797368485,38.13680639747122],[-2.913830091604148,38.136692953434164],[-2.91367892564782,38.13657044855924],[-2.913516534646096,38.13648371513463],[-2.9135260506213334,38.13647434751908]]]},"properties":{"dn_surface":936.234337772109,"provincia":23,"municipio":48,"agregado":0,"zona":0,"poligono":24,"parcela":152,"recinto":4,"uso_sigpac":"OV","idPanel":"23:48:0:0:24:152:4"},"id":1112044863},{"type":"Feature","geometry":{"type":"Polygon","coordinates":[[[-2.915614616497732,38.13802553362552],[-2.9156393389226105,38.13799881546936],[-2.91574102985433,38.137888913624835],[-2.915742752335533,38.13788517529579],[-2.9157331743342088,38.137885300186156],[-2.915723745530768,38.137883967463466],[-2.915714816288788,38.13788122741914],[-2.915706721884413,38.13787718231245],[-2.9155953448248106,38.13777727421163],[-2.9155896912307853,38.13777099197483],[-2.9155857064737805,38.13776395620488],[-2.9155835431044426,38.137756440990074],[-2.91558328578,38.13774873634421],[-2.915584118103034,38.137739645331465],[-2.915593947561469,38.13763232176052],[-2.915555124260046,38.137563160996905],[-2.915533942351278,38.13753801696228],[-2.9153656060652793,38.13758957991911],[-2.91535574475561,38.13759170724626],[-2.9153518915944923,38.137591774301484],[-2.9153402315282957,38.13757983679429],[-2.915255872696988,38.137507673632825],[-2.915188847642472,38.137444715477955],[-2.915127488754838,38.137316330697644],[-2.915093660229811,38.13716272979826],[-2.915017547515335,38.13696556646917],[-2.914964956098941,38.13685440230992],[-2.9148687569905074,38.13675933727308],[-2.9148099956548212,38.13665600935556],[-2.9148278398895466,38.13661834946234],[-2.9148333342274024,38.136603391955276],[-2.9149109950794867,38.1365591044908],[-2.9149779086546843,38.1365476657069],[-2.9150244508511993,38.1365454025929],[-2.9150957733077267,38.13656242372468],[-2.9151420581797995,38.136586875414054],[-2.9151420523124667,38.136592301858514],[-2.9151922305787936,38.13658691229443],[-2.9152307999085365,38.13660864573245],[-2.915246194112819,38.13664664006362],[-2.915253835056206,38.136714473971864],[-2.9152813528459576,38.13675079527502],[-2.915300085562472,38.13676876942924],[-2.9153617897845385,38.136809511348446],[-2.9153926251317634,38.13684480503022],[-2.9154388479777484,38.13692351864941],[-2.9154388421104156,38.13692894509384],[-2.915442651685634,38.13697235748751],[-2.915512021996797,38.13705922753718],[-2.9155544042545203,38.137121660146676],[-2.915581315194447,38.13721392562769],[-2.9156240360810775,38.137275287029894],[-2.9156991882293934,38.137324974116666],[-2.91570710326103,38.13733156732209],[-2.915729640523621,38.137355345944655],[-2.915752552457306,38.13738307831113],[-2.9157255644038655,38.13739815400305],[-2.915588315760392,38.137474751191576],[-2.915704176300268,38.13764129961751],[-2.915798335253348,38.13782702919181],[-2.915807101886397,38.13784433949931],[-2.915798849064043,38.13785754686489],[-2.9157662208276225,38.13790976109564],[-2.9157514276058327,38.13793343410617],[-2.9157578338948085,38.13801986997322],[-2.9157210373376925,38.13806544741263],[-2.915700468146084,38.13809084793348],[-2.9156595971455928,38.138107761776894],[-2.91564237484812,38.13809999845773],[-2.9156133105971405,38.13807032568053],[-2.915614616497732,38.13802553362552]]]},"properties":{"dn_surface":4971.45509015097,"provincia":23,"municipio":48,"agregado":0,"zona":0,"poligono":24,"parcela":167,"recinto":4,"uso_sigpac":"OV","idPanel":"23:48:0:0:24:167:4"},"id":1112044833},{"type":"Feature","geometry":{"type":"Polygon","coordinates":[[[-2.9146372429437784,38.137666006116774],[-2.914636573229675,38.13766279584766],[-2.9146074905385078,38.13758377377442],[-2.9145242406330545,38.13743436382694],[-2.9144739089778904,38.13736096182009],[-2.914364139567413,38.137316886417835],[-2.9143554299313084,38.137312226079416],[-2.914348473789451,38.13730679879677],[-2.9143429928626405,38.137300403404254],[-2.914339196698468,38.137293287168035],[-2.914336952862856,38.137285168456145],[-2.9143263782531843,38.13719235060768],[-2.914274902468169,38.13710220742465],[-2.914273061802123,38.137090291710365],[-2.914239210645956,38.137055747370766],[-2.914180927078779,38.13703272228139],[-2.9141567620504953,38.13700972149951],[-2.9140819007542373,38.13681796701283],[-2.914103287181454,38.13665454419879],[-2.9141116313665583,38.13665352663568],[-2.9141212001477896,38.13665186618056],[-2.9141310069750856,38.136651694351514],[-2.914135349639377,38.13665207153721],[-2.9141862009725688,38.13665868988832],[-2.914352128299452,38.136680963120995],[-2.9145415291475665,38.13674574014894],[-2.914557339932462,38.13676848025358],[-2.9146372161216867,38.13676917008428],[-2.91471165664638,38.1367342561027],[-2.9148650681147017,38.13708847702824],[-2.9148724106623174,38.13711596045215],[-2.914950509887963,38.137408305326574],[-2.91495547951865,38.13742690560903],[-2.9149799395899434,38.137518465333784],[-2.915090936949308,38.137745485841975],[-2.915155250457987,38.13788405798803],[-2.9151788153419678,38.13797796129302],[-2.9151817171570187,38.13798952580552],[-2.915052683617334,38.13806549770402],[-2.91494239620521,38.13811390403592],[-2.9148856901123037,38.13810710295931],[-2.9148688198547847,38.138091048260975],[-2.9148353668390428,38.13790878711842],[-2.914789061850402,38.137789245246466],[-2.91475318730269,38.13772775224837],[-2.914716123362846,38.13770843782774],[-2.914649867767088,38.13767116685486],[-2.9146372429437784,38.137666006116774]]]},"properties":{"dn_surface":6480.34116776829,"provincia":23,"municipio":48,"agregado":0,"zona":0,"poligono":24,"parcela":165,"recinto":1,"uso_sigpac":"OV","idPanel":"23:48:0:0:24:165:1"},"id":1112044842},{"type":"Feature","geometry":{"type":"Polygon","coordinates":[[[-2.9192416137377384,38.14144271002368],[-2.9192974958895146,38.14134113476226],[-2.9192705430400694,38.141256306544335],[-2.9192061507414966,38.140971010850905],[-2.9192111723399856,38.14076120006732],[-2.91924033717381,38.14059709999543],[-2.9192471952473937,38.14037809761632],[-2.91916348517543,38.14043590006224],[-2.919064145367691,38.14038626075234],[-2.9191374610409118,38.14033674214181],[-2.919058521948517,38.14031045984464],[-2.918867676898401,38.140246696188825],[-2.9187865844949537,38.140310718845484],[-2.918466517312319,38.14018350501709],[-2.9184788596654747,38.14016702032711],[-2.9186043954367578,38.14015881779619],[-2.9187222332677085,38.14019819597965],[-2.918711817914207,38.14012248224378],[-2.9187576954257604,38.14011972040652],[-2.919058507699281,38.14021952205712],[-2.9193868352479835,38.14030780613396],[-2.919671779739665,38.140414535427965],[-2.9198899732650796,38.14051571925452],[-2.920109734206482,38.14064556416247],[-2.920395063427541,38.14082096723146],[-2.920294074061159,38.14092328093864],[-2.920184499949037,38.14104974291024],[-2.920096619041808,38.141165765220876],[-2.919940351020715,38.1413606210119],[-2.919915156694659,38.14139203638686],[-2.9197551914158577,38.14157704511743],[-2.919734381663613,38.141525568494245],[-2.9196120838217188,38.141534036731514],[-2.919605359020404,38.14157623123458],[-2.919604235845311,38.14158077003543],[-2.9196014865809077,38.14158743867799],[-2.9195986283517557,38.141591792238785],[-2.919596429778423,38.14159483906076],[-2.9195925506334035,38.141598669590735],[-2.919588372254423,38.141602343379105],[-2.9195848912498286,38.14160447741179],[-2.919579888929718,38.14160738341778],[-2.919571973059891,38.14161056267383],[-2.9195660537595187,38.141612045432595],[-2.9195555998492595,38.14161351394213],[-2.91954498333007,38.14161334378949],[-2.919534612400658,38.14161154084201],[-2.9195287157314254,38.1416098979889],[-2.919521028687568,38.14160643877722],[-2.9195163079994204,38.141603702923874],[-2.9194079744090424,38.14153152635137],[-2.9194062737207878,38.14153027493313],[-2.9194045520777725,38.141529040278726],[-2.9193588354987705,38.1414928715262],[-2.9192561420913723,38.141448848091756],[-2.9192416137377384,38.14144271002368]]]},"properties":{"dn_surface":10268.02099609375,"provincia":23,"municipio":48,"agregado":0,"zona":0,"poligono":24,"parcela":257,"recinto":2,"uso_sigpac":"OV","idPanel":"23:48:0:0:24:257:2"},"id":1324573862},{"type":"Feature","geometry":{"type":"Polygon","coordinates":[[[-2.9182998029246807,38.14069251120492],[-2.9181672556909777,38.14064194653287],[-2.9180161073366455,38.14059208929342],[-2.918073329754819,38.140444052301746],[-2.9181066654239096,38.140327992272574],[-2.918413818607558,38.14016318895898],[-2.918466517312319,38.14018350501709],[-2.918410861471943,38.14025781981323],[-2.918384300057399,38.14054269054415],[-2.9183424517269407,38.14061701539856],[-2.9182998029246807,38.14069251120492]]]},"properties":{"dn_surface":1261.2699303662,"provincia":23,"municipio":48,"agregado":0,"zona":0,"poligono":24,"parcela":185,"recinto":1,"uso_sigpac":"OV","idPanel":"23:48:0:0:24:185:1"},"id":1112044804},{"type":"Feature","geometry":{"type":"Polygon","coordinates":[[[-2.917943820961196,38.141768639509735],[-2.917977707321358,38.141774611616114],[-2.9184017914139795,38.14185791935671],[-2.918438319750179,38.141641190988054],[-2.91845186239194,38.14146824800778],[-2.918468832394113,38.141394806606],[-2.918510749456182,38.1413625714809],[-2.9185641941503695,38.14132800031919],[-2.9184332604331233,38.14126202551719],[-2.918241392790758,38.14119285218078],[-2.9180813411783477,38.141143799604095],[-2.9180910071896617,38.141070984330526],[-2.9182950931330076,38.1409266563312],[-2.918258411407972,38.14076593500471],[-2.9182998029246807,38.14069251120492],[-2.9183424517269407,38.14061701539856],[-2.918384300057399,38.14054269054415],[-2.918410861471943,38.14025781981323],[-2.918466517312319,38.14018350501709],[-2.9187865844949537,38.140310718845484],[-2.918867676898401,38.140246696188825],[-2.919058521948517,38.14031045984464],[-2.9191374610409118,38.14033674214181],[-2.919064145367691,38.14038626075234],[-2.91916348517543,38.14043590006224],[-2.9192471952473937,38.14037809761632],[-2.91924033717381,38.14059709999543],[-2.9192111723399856,38.14076120006732],[-2.9192061507414966,38.140971010850905],[-2.9192705430400694,38.141256306544335],[-2.9192974958895146,38.14134113476226],[-2.9192416137377384,38.14144271002368],[-2.919139929511543,38.14162753602878],[-2.9190822150756253,38.14160081787264],[-2.919039454794046,38.14156978471249],[-2.918995980374275,38.14156605895633],[-2.9189682304057913,38.1415839744372],[-2.918966028479697,38.141614886059784],[-2.918956749712333,38.14175070055953],[-2.91894503097281,38.14182243289113],[-2.9189526107283004,38.14192413974848],[-2.9189542527432293,38.141946183316946],[-2.918956447963801,38.14202576613951],[-2.9189704859760686,38.142128610421196],[-2.918899415814842,38.14210566831264],[-2.918665328523685,38.142029977207955],[-2.9184587221419043,38.14197386287742],[-2.918457883113347,38.141988370276295],[-2.9183922729241716,38.14194373244831],[-2.918256641988107,38.141931903905856],[-2.9180503784261873,38.14193909977013],[-2.9178958286953467,38.141971005486454],[-2.917943820961196,38.141768639509735]]]},"properties":{"dn_surface":14342.5945607716,"provincia":23,"municipio":48,"agregado":0,"zona":0,"poligono":24,"parcela":189,"recinto":6,"uso_sigpac":"OV","idPanel":"23:48:0:0:24:189:6"},"id":1112044799},{"type":"Feature","geometry":{"type":"Polygon","coordinates":[[[-2.9181066654239096,38.140327992272574],[-2.918073329754819,38.140444052301746],[-2.9180161073366455,38.14059208929342],[-2.9179903690250435,38.14064831007411],[-2.9179227999849795,38.14076200137731],[-2.917830575575267,38.14088144350464],[-2.917725246897355,38.140983751344464],[-2.9176761431910774,38.141013728384735],[-2.9176591564250987,38.14110086916989],[-2.917645609592384,38.141276155730424],[-2.917629402343446,38.14148361538997],[-2.917500040233138,38.14144170335706],[-2.917363395086729,38.14138149111383],[-2.9171757661730506,38.14129735859393],[-2.9172203604151523,38.14121807919625],[-2.917289294029134,38.14111015715736],[-2.917351933671649,38.14096218219174],[-2.917372362047276,38.14091392170499],[-2.917418133108654,38.14080264774279],[-2.9174281126031647,38.14075678112772],[-2.917431976660756,38.14066854985691],[-2.917439981378763,38.14055166169567],[-2.9174368105046042,38.14053011852681],[-2.91748189341169,38.14052339204915],[-2.9174962968749574,38.14060352472461],[-2.9176314818937468,38.14064174452895],[-2.9176799343261086,38.14058076366521],[-2.917820064668063,38.140481724767795],[-2.9181066654239096,38.140327992272574]]]},"properties":{"dn_surface":3981.514954708,"provincia":23,"municipio":48,"agregado":0,"zona":0,"poligono":24,"parcela":184,"recinto":1,"uso_sigpac":"OV","idPanel":"23:48:0:0:24:184:1"},"id":1112044805},{"type":"Feature","geometry":{"type":"Polygon","coordinates":[[[-2.9182998029246807,38.14069251120492],[-2.918258411407972,38.14076593500471],[-2.9182950931330076,38.1409266563312],[-2.9180910071896617,38.141070984330526],[-2.9180813411783477,38.141143799604095],[-2.9180452922870397,38.14113277907717],[-2.91782866533942,38.14106016245472],[-2.9176761431910774,38.141013728384735],[-2.917725246897355,38.140983751344464],[-2.917830575575267,38.14088144350464],[-2.9179227999849795,38.14076200137731],[-2.9179903690250435,38.14064831007411],[-2.9180161073366455,38.14059208929342],[-2.9181672556909777,38.14064194653287],[-2.9182998029246807,38.14069251120492]]]},"properties":{"dn_surface":1769.96753318527,"provincia":23,"municipio":48,"agregado":0,"zona":0,"poligono":24,"parcela":183,"recinto":1,"uso_sigpac":"OV","idPanel":"23:48:0:0:24:183:1"},"id":1112044806},{"type":"Feature","geometry":{"type":"Polygon","coordinates":[[[-2.9180813411783477,38.141143799604095],[-2.918241392790758,38.14119285218078],[-2.9184332604331233,38.14126202551719],[-2.9185641941503695,38.14132800031919],[-2.918510749456182,38.1413625714809],[-2.918468832394113,38.141394806606],[-2.91845186239194,38.14146824800778],[-2.918438319750179,38.141641190988054],[-2.9184017914139795,38.14185791935671],[-2.917977707321358,38.141774611616114],[-2.917943820961196,38.141768639509735],[-2.917608951336679,38.14170936771612],[-2.917629402343446,38.14148361538997],[-2.917645609592384,38.141276155730424],[-2.9176591564250987,38.14110086916989],[-2.9176761431910774,38.141013728384735],[-2.91782866533942,38.14106016245472],[-2.9180452922870397,38.14113277907717],[-2.9180813411783477,38.141143799604095]]]},"properties":{"dn_surface":5189.23470967035,"provincia":23,"municipio":48,"agregado":0,"zona":0,"poligono":24,"parcela":182,"recinto":3,"uso_sigpac":"OV","idPanel":"23:48:0:0:24:182:3"},"id":1112044807},{"type":"Feature","geometry":{"type":"Polygon","coordinates":[[[-2.9169186697181266,38.14010122908883],[-2.916939846597751,38.14014588116606],[-2.916958546624842,38.140185372505215],[-2.9169604887119225,38.14019115015142],[-2.9169614325142765,38.14020064349552],[-2.916960097277021,38.140208202296265],[-2.916957916305685,38.140213682384854],[-2.9169546976546763,38.14021909290369],[-2.916883173194269,38.14031382098804],[-2.9168818304133013,38.140362651444235],[-2.9169441649545234,38.14047780706602],[-2.9170501264661626,38.140603580045195],[-2.9171445368763527,38.14065338615498],[-2.917153565024797,38.14065968767014],[-2.9171669056626794,38.14067658642617],[-2.9172199220415895,38.14075448029516],[-2.9173405661338903,38.140826010622874],[-2.917343867765746,38.14082828128062],[-2.9173554046179597,38.140840469406726],[-2.917360225888951,38.14085710245638],[-2.917351933671649,38.14096218219174],[-2.917289294029134,38.14111015715736],[-2.9172203604151523,38.14121807919625],[-2.9171757661730506,38.14129735859393],[-2.9171067252707017,38.14139951220673],[-2.9170331422147537,38.14148102370538],[-2.9169783220501735,38.14152027951303],[-2.9169602841934723,38.1414251834631],[-2.9169552910934566,38.1412981012306],[-2.916922479293345,38.14114918832999],[-2.916867988537579,38.14099701570703],[-2.9167729176333794,38.140602103153725],[-2.916679046179595,38.1401567198057],[-2.9166448765110897,38.139997622053926],[-2.9169186697181266,38.14010122908883]]]},"properties":{"dn_surface":4182.19631399221,"provincia":23,"municipio":48,"agregado":0,"zona":0,"poligono":24,"parcela":178,"recinto":6,"uso_sigpac":"OV","idPanel":"23:48:0:0:24:178:6"},"id":1112044811},{"type":"Feature","geometry":{"type":"Polygon","coordinates":[[[-2.9169552910934566,38.1412981012306],[-2.91686570782159,38.14119808667962],[-2.916575051900747,38.14089523173615],[-2.9164878826171385,38.14078034684988],[-2.916444433343078,38.14065386811444],[-2.9163038151743303,38.14057715860844],[-2.9161734413682483,38.1405239787824],[-2.916135915585513,38.14030638623947],[-2.9161175298798097,38.14011746735082],[-2.9163116882964486,38.140074348323736],[-2.9164884919815357,38.14003941757841],[-2.9166448765110897,38.139997622053926],[-2.916679046179595,38.1401567198057],[-2.9167729176333794,38.140602103153725],[-2.916867988537579,38.14099701570703],[-2.916922479293345,38.14114918832999],[-2.9169552910934566,38.1412981012306]]]},"properties":{"dn_surface":4409.88701358291,"provincia":23,"municipio":48,"agregado":0,"zona":0,"poligono":24,"parcela":162,"recinto":1,"uso_sigpac":"OV","idPanel":"23:48:0:0:24:162:1"},"id":1112044850},{"type":"Feature","geometry":{"type":"Polygon","coordinates":[[[-2.917629402343446,38.14148361538997],[-2.917608951336679,38.14170936771612],[-2.9175964078178342,38.14180335986933],[-2.916881472506015,38.14158933717917],[-2.9169115509673382,38.14153077617101],[-2.9169783220501735,38.14152027951303],[-2.9170331422147537,38.14148102370538],[-2.9171067252707017,38.14139951220673],[-2.9171757661730506,38.14129735859393],[-2.917363395086729,38.14138149111383],[-2.917500040233138,38.14144170335706],[-2.917629402343446,38.14148361538997]]]},"properties":{"dn_surface":1982.64622119526,"provincia":23,"municipio":48,"agregado":0,"zona":0,"poligono":24,"parcela":179,"recinto":1,"uso_sigpac":"OV","idPanel":"23:48:0:0:24:179:1"},"id":1112044810},{"type":"Feature","geometry":{"type":"Polygon","coordinates":[[[-2.9186642682128707,38.13977870600843],[-2.9184555269602255,38.140008832011915],[-2.9183890391857346,38.139971202293566],[-2.918330884699874,38.14003470024301],[-2.9182119924254413,38.140020375569634],[-2.91803764463813,38.1401053311925],[-2.9179299380141455,38.140089031742605],[-2.9177485418840368,38.1400470836675],[-2.9175604813023197,38.140046047664185],[-2.9174954352152604,38.14008641742686],[-2.9174149974384904,38.14013634004513],[-2.917371032677354,38.14016352674969],[-2.9172737397304913,38.14022375156574],[-2.9171775414602483,38.14022287146585],[-2.917167801688182,38.140207440381204],[-2.917109648878702,38.14011530146689],[-2.9171224354727525,38.1400086911959],[-2.9171267873571387,38.139972451197224],[-2.9171745013437866,38.13957512968483],[-2.9168158044817036,38.139302328895155],[-2.9167854762396495,38.139279324760565],[-2.917791282887237,38.13906806893678],[-2.917891415623064,38.139120954558024],[-2.9179499213106883,38.13915182008009],[-2.9180197325099844,38.139175483032346],[-2.918478412910009,38.139330825691275],[-2.9185890959479863,38.13923410858118],[-2.9186339273979627,38.13955850585526],[-2.9186642682128707,38.13977870600843]]]},"properties":{"dn_surface":13337.9434167737,"provincia":23,"municipio":48,"agregado":0,"zona":0,"poligono":24,"parcela":232,"recinto":2,"uso_sigpac":"OV","idPanel":"23:48:0:0:24:232:2"},"id":1112044732},{"type":"Feature","geometry":{"type":"Polygon","coordinates":[[[-2.9167854762396495,38.139279324760565],[-2.9168158044817036,38.139302328895155],[-2.9171745013437866,38.13957512968483],[-2.9171267873571387,38.139972451197224],[-2.917017389264994,38.139936062838785],[-2.9170131689764953,38.139934283360645],[-2.917018302892494,38.1398584656892],[-2.9169913777033307,38.13975155618425],[-2.9169462730032962,38.13967671835732],[-2.9168606292261554,38.139626727007425],[-2.91678577295904,38.13962405904749],[-2.916729284795628,38.13952415765223],[-2.9166194919158213,38.13933544328202],[-2.916599656140784,38.139317314062566],[-2.9167854762396495,38.139279324760565]]]},"properties":{"dn_surface":1571.67583733205,"provincia":23,"municipio":48,"agregado":0,"zona":0,"poligono":24,"parcela":274,"recinto":2,"uso_sigpac":"OV","idPanel":"23:48:0:0:24:274:2"},"id":1112044678},{"type":"Feature","geometry":{"type":"Polygon","coordinates":[[[-2.920183582968776,38.1401026925692],[-2.9201942698959567,38.14013956204889],[-2.9201907126160394,38.14015794524005],[-2.9201762999326766,38.14018911921613],[-2.920160020599366,38.1402585951393],[-2.9201384983853096,38.14032238980815],[-2.920141966817049,38.14038611155442],[-2.9201723210430033,38.140492392416576],[-2.9201956889522487,38.14051647194944],[-2.9202499919533724,38.140530840208754],[-2.9203230100690125,38.140546391992785],[-2.920452143353351,38.14058893099212],[-2.9204629669055615,38.14060453055305],[-2.920453927860643,38.14062723629192],[-2.92043417171369,38.14063993068501],[-2.9204108574486285,38.14067253964308],[-2.920392784387933,38.140712183532855],[-2.920399953430143,38.140730574267735],[-2.920406109100199,38.140736796993],[-2.9204628009438696,38.1407589168368],[-2.920395063427541,38.14082096723146],[-2.920109734206482,38.14064556416247],[-2.9198899732650796,38.14051571925452],[-2.919671779739665,38.140414535427965],[-2.9193868352479835,38.14030780613396],[-2.919058507699281,38.14021952205712],[-2.9187576954257604,38.14011972040652],[-2.918711817914207,38.14012248224378],[-2.9186642682128707,38.13977870600843],[-2.9186339273979627,38.13955850585526],[-2.918670445675876,38.13955754025997],[-2.9188609210840415,38.13964392583554],[-2.9189713467975764,38.13967798067202],[-2.9190671854841517,38.139693640582635],[-2.9191716927355045,38.13971390215838],[-2.9196411950113594,38.139890969035235],[-2.9201282657573078,38.14007606745221],[-2.920183582968776,38.1401026925692]]]},"properties":{"dn_surface":8202.16296443848,"provincia":23,"municipio":48,"agregado":0,"zona":0,"poligono":24,"parcela":188,"recinto":1,"uso_sigpac":"OV","idPanel":"23:48:0:0:24:188:1"},"id":1112044800},{"type":"Feature","geometry":{"type":"Polygon","coordinates":[[[-2.9171224354727525,38.1400086911959],[-2.917109648878702,38.14011530146689],[-2.917167801688182,38.140207440381204],[-2.9171775414602483,38.14022287146585],[-2.917158429881688,38.14027143621573],[-2.917259698365462,38.14043166384812],[-2.9173804279531796,38.14053864040832],[-2.9174368105046042,38.14053011852681],[-2.917439981378763,38.14055166169567],[-2.917431976660756,38.14066854985691],[-2.9174281126031647,38.14075678112772],[-2.917418133108654,38.14080264774279],[-2.9172708479737244,38.14066564049813],[-2.9171642905087345,38.14054001755508],[-2.9170677779171035,38.140412058575436],[-2.916989649354794,38.140172896041605],[-2.916971790870832,38.14012133140841],[-2.9170443965968125,38.140096598925226],[-2.9170910150686513,38.14004345765599],[-2.9171224354727525,38.1400086911959]]]},"properties":{"dn_surface":1120.35480521584,"provincia":23,"municipio":48,"agregado":0,"zona":0,"poligono":24,"parcela":177,"recinto":2,"uso_sigpac":"OV","idPanel":"23:48:0:0:24:177:2"},"id":1112044813},{"type":"Feature","geometry":{"type":"Polygon","coordinates":[[[-2.918413818607558,38.14016318895898],[-2.9181066654239096,38.140327992272574],[-2.917820064668063,38.140481724767795],[-2.9176799343261086,38.14058076366521],[-2.9176314818937468,38.14064174452895],[-2.9174962968749574,38.14060352472461],[-2.91748189341169,38.14052339204915],[-2.9174368105046042,38.14053011852681],[-2.9173804279531796,38.14053864040832],[-2.917259698365462,38.14043166384812],[-2.917158429881688,38.14027143621573],[-2.9171775414602483,38.14022287146585],[-2.9172737397304913,38.14022375156574],[-2.917371032677354,38.14016352674969],[-2.9174149974384904,38.14013634004513],[-2.9174954352152604,38.14008641742686],[-2.9175604813023197,38.140046047664185],[-2.9177485418840368,38.1400470836675],[-2.9179299380141455,38.140089031742605],[-2.91803764463813,38.1401053311925],[-2.9182119924254413,38.140020375569634],[-2.918330884699874,38.14003470024301],[-2.91826313209612,38.140108735921785],[-2.9182992958195086,38.14011912612955],[-2.918413818607558,38.14016318895898]]]},"properties":{"dn_surface":3983.79375517592,"provincia":23,"municipio":48,"agregado":0,"zona":0,"poligono":24,"parcela":273,"recinto":1,"uso_sigpac":"OV","idPanel":"23:48:0:0:24:273:1"},"id":1112044679},{"type":"Feature","geometry":{"type":"Polygon","coordinates":[[[-2.920921155287841,38.1387787926773],[-2.9209196356487053,38.13881267903747],[-2.920867905053818,38.13884752261103],[-2.9208206277643516,38.138879394799744],[-2.9208290247554496,38.13892410303575],[-2.9207950671491067,38.13898536636967],[-2.9207416132348247,38.139031293334455],[-2.920480743246867,38.13913921621153],[-2.92047127253391,38.13914313475152],[-2.9204309916194378,38.13911872497164],[-2.9204597993841643,38.13906816029956],[-2.9205034146199176,38.13899245410741],[-2.920572643276908,38.13889885255091],[-2.920632651839861,38.138773095497385],[-2.920655107797986,38.138825204954315],[-2.920687255751327,38.138854878569674],[-2.920921155287841,38.1387787926773]]]},"properties":{"dn_surface":730.363960533672,"provincia":23,"municipio":48,"agregado":0,"zona":0,"poligono":24,"parcela":196,"recinto":14,"uso_sigpac":"OV","idPanel":"23:48:0:0:24:196:14"},"id":1112044783},{"type":"Feature","geometry":{"type":"Polygon","coordinates":[[[-2.920617588720774,38.13873525874601],[-2.920616504940629,38.13873562419701],[-2.9205758158274477,38.13873873807424],[-2.9205121108449763,38.138704882727126],[-2.9205399647490657,38.138685497060294],[-2.920563054379109,38.13863868077553],[-2.9205602849981362,38.13861169439846],[-2.9205775559106497,38.13860671806225],[-2.920825765871302,38.13853519695462],[-2.920832717822207,38.13858304421353],[-2.920856967507718,38.138614695958154],[-2.920673570617203,38.138680776372155],[-2.9206112251795067,38.13871572807227],[-2.920617588720774,38.13873525874601]]]},"properties":{"dn_surface":300.6024216025759,"provincia":23,"municipio":48,"agregado":0,"zona":0,"poligono":24,"parcela":196,"recinto":15,"uso_sigpac":"OV","idPanel":"23:48:0:0:24:196:15"},"id":1156719048},{"type":"Feature","geometry":{"type":"Polygon","coordinates":[[[-2.919454794046568,38.138728134127916],[-2.919547834853699,38.13874598758272],[-2.919650265069322,38.13878546802539],[-2.9197565509606336,38.13884598704627],[-2.919888151039222,38.13890273421049],[-2.9199706289713454,38.13891592397414],[-2.920100819213737,38.13896902417207],[-2.920204023917259,38.139032004119855],[-2.9205929719078823,38.1393045450705],[-2.9206387027361216,38.13933197485025],[-2.9207432736899417,38.139504999973184],[-2.9205608080289247,38.13948744072317],[-2.920256513074429,38.13945815854271],[-2.920163781559543,38.13944627970881],[-2.920227379253648,38.139542011945196],[-2.9202520555780564,38.13962010362715],[-2.92023427839856,38.13965344683996],[-2.9202307051930245,38.139685980360866],[-2.920236022672715,38.139728523551156],[-2.92026288667398,38.13979091006016],[-2.9202718469290048,38.13984183766868],[-2.920271799990344,38.13988529951561],[-2.9202717748446325,38.13990844111345],[-2.920260885075383,38.13995376709573],[-2.920237559913847,38.139996291007634],[-2.9202124250993093,38.14002322122593],[-2.920193695735555,38.140036817511884],[-2.9201800776566604,38.14007294854585],[-2.920183582968776,38.1401026925692],[-2.9201282657573078,38.14007606745221],[-2.9196411950113594,38.139890969035235],[-2.9191716927355045,38.13971390215838],[-2.9190671854841517,38.139693640582635],[-2.9189713467975764,38.13967798067202],[-2.9188609210840415,38.13964392583554],[-2.918670445675876,38.13955754025997],[-2.9186339273979627,38.13955850585526],[-2.9185890959479863,38.13923410858118],[-2.918777906710083,38.1390691300858],[-2.9189098177572976,38.13896891185456],[-2.9189921473297264,38.138815574985216],[-2.919009811353523,38.13879238812507],[-2.9190348539671214,38.13878160983512],[-2.919056813716549,38.138758056685816],[-2.9191163260708053,38.138745735287415],[-2.919153542561295,38.13875311136263],[-2.9192319988560382,38.13874741166816],[-2.9193470840698232,38.13873852685026],[-2.919454794046568,38.138728134127916]]]},"properties":{"dn_surface":16054.420288085938,"provincia":23,"municipio":48,"agregado":0,"zona":0,"poligono":24,"parcela":187,"recinto":2,"uso_sigpac":"OV","idPanel":"23:48:0:0:24:187:2"},"id":1326681534},{"type":"Feature","geometry":{"type":"Polygon","coordinates":[[[-2.9206800213302686,38.13835285115482],[-2.9206706905951014,38.13837389895315],[-2.920654954409149,38.1383968125632],[-2.9206174520957435,38.138451424856584],[-2.9205851834429906,38.13850481003925],[-2.92056901726538,38.13856457049786],[-2.9205735300823163,38.13860709943887],[-2.9205065284971314,38.13861343867262],[-2.920488058134201,38.13861300951919],[-2.9204711191450725,38.13860718158156],[-2.920458143958189,38.13859679137374],[-2.920450996708929,38.138583334227405],[-2.920450707533252,38.13856874133313],[-2.92047430845942,38.13853354320503],[-2.9205265629232864,38.13846719792292],[-2.920557435989078,38.13844056190942],[-2.920611110347427,38.13839632976553],[-2.920661436135258,38.138364452547705],[-2.9206800213302686,38.13835285115482]]]},"properties":{"dn_surface":195.41051876091765,"provincia":23,"municipio":97,"agregado":0,"zona":0,"poligono":16,"parcela":175,"recinto":4,"uso_sigpac":"OV","idPanel":"23:97:0:0:16:175:4"},"id":1405808701},{"type":"Feature","geometry":{"type":"Polygon","coordinates":[[[-2.920616504940629,38.13873562419701],[-2.920632651839861,38.138773095497385],[-2.920572643276908,38.13889885255091],[-2.9205034146199176,38.13899245410741],[-2.9204597993841643,38.13906816029956],[-2.9204309916194378,38.13911872497164],[-2.9204264544949803,38.13911597570723],[-2.920421351592025,38.13910108693173],[-2.9204106110206607,38.13907886566693],[-2.9204037982093576,38.13906099963924],[-2.9203529141867413,38.13899221522317],[-2.9202819856796856,38.13895448492195],[-2.920218983938932,38.13893168530578],[-2.920098853657326,38.13888821172421],[-2.920092317448844,38.13888526464689],[-2.9200819750179035,38.13887859935707],[-2.92007552849579,38.13887197262403],[-2.9200701691065825,38.13886257734822],[-2.9200680979381857,38.1388564091053],[-2.920067698959571,38.138846109422076],[-2.920068774357812,38.13883978527576],[-2.9200722603915485,38.13883210661379],[-2.920075986985921,38.138826512531296],[-2.920082521518023,38.13881996374994],[-2.9200905488671696,38.13881454820199],[-2.9200981814286515,38.13881093643971],[-2.9201123225383347,38.138807576134525],[-2.9201278055907967,38.138807098366016],[-2.9201566594559942,38.13880984427766],[-2.9201754952699237,38.13881163716687],[-2.92020192592677,38.13881415341433],[-2.920229243389025,38.138816753480825],[-2.9202509240210603,38.138818817105516],[-2.920281726678861,38.13882174909543],[-2.9203068849627303,38.138824143805294],[-2.9203259244569195,38.13882636920073],[-2.9203583238673696,38.13883314177892],[-2.9204094434214793,38.13878674878026],[-2.9204711015430753,38.138730791191364],[-2.920469709308875,38.13870078732896],[-2.920468746228143,38.13868003876465],[-2.9204694285151023,38.13867166524287],[-2.9204678552317835,38.13863832789741],[-2.9205602849981362,38.13861169439846],[-2.920563054379109,38.13863868077553],[-2.9205399647490657,38.138685497060294],[-2.9205121108449763,38.138704882727126],[-2.9205758158274477,38.13873873807424],[-2.920616504940629,38.13873562419701]]]},"properties":{"dn_surface":996.6423400305,"provincia":23,"municipio":48,"agregado":0,"zona":0,"poligono":24,"parcela":196,"recinto":1,"uso_sigpac":"OV","idPanel":"23:48:0:0:24:196:1"},"id":1112044790},{"type":"Feature","geometry":{"type":"Polygon","coordinates":[[[-2.919529242114976,38.138513211221294],[-2.919435577694212,38.13858033685864],[-2.919370382409267,38.13861459872811],[-2.919257090922868,38.13866416763],[-2.9191702979867338,38.13865858109125],[-2.919159247284934,38.13859348471274],[-2.9191581358445067,38.138545041500464],[-2.919307185370158,38.138527931520514],[-2.9194928705203753,38.1385067018349],[-2.919529242114976,38.138513211221294]]]},"properties":{"dn_surface":320.732982113357,"provincia":23,"municipio":48,"agregado":0,"zona":0,"poligono":24,"parcela":196,"recinto":13,"uso_sigpac":"OV","idPanel":"23:48:0:0:24:196:13"},"id":1112044784},{"type":"Feature","geometry":{"type":"Polygon","coordinates":[[[-2.918900952217784,38.13850590806862],[-2.918915570257787,38.138512951382296],[-2.9189799457925525,38.13857444857132],[-2.9190018988364583,38.13866407878186],[-2.9190097903987637,38.13866846251747],[-2.919034264719293,38.138691502694286],[-2.9190382042140186,38.13870030369313],[-2.9190368631094317,38.138713380301056],[-2.919029404053354,38.1387210078334],[-2.9190150701598863,38.13872293567124],[-2.9190050956945175,38.13872050491918],[-2.9189932763721513,38.13870583574956],[-2.9189883310489853,38.138689742494506],[-2.9189751706220304,38.138684125780856],[-2.918957819243241,38.1386745704107],[-2.9189402164073415,38.13865646549874],[-2.9189307448561936,38.13863961703419],[-2.91892596549472,38.13860457983864],[-2.9189097029252173,38.138552777997575],[-2.918900952217784,38.13850590806862]]]},"properties":{"dn_surface":104.407043135892,"provincia":23,"municipio":48,"agregado":0,"zona":0,"poligono":24,"parcela":176,"recinto":6,"uso_sigpac":"OV","idPanel":"23:48:0:0:24:176:6"},"id":1112044814},{"type":"Feature","geometry":{"type":"Polygon","coordinates":[[[-2.920892295555311,38.137987476430084],[-2.9208179606426032,38.138063462577804],[-2.9207574432980983,38.138094528427416],[-2.9206406146483492,38.13816777201623],[-2.9204721610156983,38.13827929324458],[-2.920487649097302,38.13823962756183],[-2.920582735927119,38.13810423299549],[-2.920892295555311,38.137987476430084]]]},"properties":{"dn_surface":243.948433904755,"provincia":23,"municipio":48,"agregado":0,"zona":0,"poligono":23,"parcela":9019,"recinto":3,"uso_sigpac":"OV","idPanel":"23:48:0:0:23:9019:3"},"id":1112043951},{"type":"Feature","geometry":{"type":"Polygon","coordinates":[[[-2.9151782227413787,38.139007994994984],[-2.9151899540537562,38.13898256765202],[-2.91510294905546,38.13883255756022],[-2.9150488304562168,38.13872388282638],[-2.9150412121439704,38.138610651689675],[-2.9150413982222316,38.138449993227425],[-2.9150453578335265,38.13837655266383],[-2.915082244077012,38.138309256035626],[-2.9151328565259487,38.138266686023286],[-2.915182762380407,38.138371572974876],[-2.915330170729319,38.13859267166811],[-2.915449201305163,38.13858329567066],[-2.915525122074045,38.138683496299876],[-2.9155307823735943,38.13869096709064],[-2.915561113968409,38.13872471934033],[-2.915681681785386,38.138858885119646],[-2.9156954666641632,38.13887422484157],[-2.915793040404799,38.13896847851015],[-2.9158992240368855,38.13921766580077],[-2.9159286897810506,38.13929663758259],[-2.9156984380490143,38.13937010329187],[-2.9155623645484363,38.139413534125765],[-2.915502536196412,38.13934274140553],[-2.9154381556325046,38.139260499004905],[-2.9154059322420323,38.13919873862409],[-2.9153968722423533,38.139138076272644],[-2.9153007586293374,38.13906500367463],[-2.9151782227413787,38.139007994994984]]]},"properties":{"dn_surface":4379.46705162915,"provincia":23,"municipio":48,"agregado":0,"zona":0,"poligono":24,"parcela":163,"recinto":1,"uso_sigpac":"OV","idPanel":"23:48:0:0:24:163:1"},"id":1112044849},{"type":"Feature","geometry":{"type":"Polygon","coordinates":[[[-2.9158992240368855,38.13921766580077],[-2.915793040404799,38.13896847851015],[-2.9156954666641632,38.13887422484157],[-2.915681681785386,38.138858885119646],[-2.915561113968409,38.13872471934033],[-2.9155307823735943,38.13869096709064],[-2.915525122074045,38.138683496299876],[-2.915449201305163,38.13858329567066],[-2.9156785075584652,38.13856273905188],[-2.9158166689912473,38.13873957961735],[-2.9162163625823774,38.13870002960488],[-2.91634596441513,38.13882828362753],[-2.916475551998648,38.13896861429697],[-2.9165107735960647,38.13910446064796],[-2.9165155923524853,38.13918233356222],[-2.9163141433560336,38.1392162551264],[-2.916089325612147,38.139228528747935],[-2.9158992240368855,38.13921766580077]]]},"properties":{"dn_surface":3589.82789155763,"provincia":23,"municipio":48,"agregado":0,"zona":0,"poligono":24,"parcela":239,"recinto":2,"uso_sigpac":"OV","idPanel":"23:48:0:0:24:239:2"},"id":1112044721},{"type":"Feature","geometry":{"type":"Polygon","coordinates":[[[-2.91678577295904,38.13962405904749],[-2.916684762637899,38.13964092930499],[-2.9165610398723802,38.139661388693696],[-2.9164681658651332,38.13964789299061],[-2.916278735680355,38.13964775552739],[-2.9160552263516317,38.13971212351842],[-2.9160173619399874,38.13959303846019],[-2.9159566560026495,38.13938993906689],[-2.916134717811479,38.13935140494118],[-2.916277666149447,38.13938305333306],[-2.916599656140784,38.139317314062566],[-2.9166194919158213,38.13933544328202],[-2.916729284795628,38.13952415765223],[-2.91678577295904,38.13962405904749]]]},"properties":{"dn_surface":2111.27049687466,"provincia":23,"municipio":48,"agregado":0,"zona":0,"poligono":24,"parcela":240,"recinto":4,"uso_sigpac":"OV","idPanel":"23:48:0:0:24:240:4"},"id":1112044720},{"type":"Feature","geometry":{"type":"Polygon","coordinates":[[[-2.9156720032012164,38.13983594770497],[-2.9157021017791096,38.13976026330576],[-2.915672348535648,38.139633163471274],[-2.915603450125661,38.13950972988141],[-2.9155623645484363,38.139413534125765],[-2.9156984380490143,38.13937010329187],[-2.9159566560026495,38.13938993906689],[-2.9160173619399874,38.13959303846019],[-2.9160552263516317,38.13971212351842],[-2.9160896801666722,38.139820751313636],[-2.9160913548710257,38.13985292692723],[-2.9156720032012164,38.13983594770497]]]},"properties":{"dn_surface":1705.06788227876,"provincia":23,"municipio":48,"agregado":0,"zona":0,"poligono":24,"parcela":245,"recinto":2,"uso_sigpac":"OV","idPanel":"23:48:0:0:24:245:2"},"id":1112044715},{"type":"Feature","geometry":{"type":"Polygon","coordinates":[[[-2.9150929544735225,38.13896832512131],[-2.9151782227413787,38.139007994994984],[-2.9153007586293374,38.13906500367463],[-2.9153968722423533,38.139138076272644],[-2.9154059322420323,38.13919873862409],[-2.9154381556325046,38.139260499004905],[-2.915502536196412,38.13934274140553],[-2.9154098030051476,38.13932825747597],[-2.9153640780442407,38.13931338294975],[-2.91534807196099,38.13930661791528],[-2.915262595821923,38.13922340069925],[-2.915259198636365,38.13921680497927],[-2.9152302592757495,38.13913966967252],[-2.9150929544735225,38.13896832512131]]]},"properties":{"dn_surface":438.993931529816,"provincia":23,"municipio":48,"agregado":0,"zona":0,"poligono":24,"parcela":164,"recinto":1,"uso_sigpac":"OV","idPanel":"23:48:0:0:24:164:1"},"id":1112044847},{"type":"Feature","geometry":{"type":"Polygon","coordinates":[[[-2.91618328507592,38.13763083564899],[-2.9161345652608315,38.13767550113727],[-2.916013086330925,38.13783286383497],[-2.915961772316651,38.13790150324411],[-2.915866410560394,38.1379941760857],[-2.915854318826158,38.13800592667647],[-2.9157634547994107,38.13809422919343],[-2.9157209577096075,38.13813547570322],[-2.9156595971455928,38.138107761776894],[-2.915700468146084,38.13809084793348],[-2.9157210373376925,38.13806544741263],[-2.9157578338948085,38.13801986997322],[-2.9157514276058327,38.13793343410617],[-2.9157662208276225,38.13790976109564],[-2.915798849064043,38.13785754686489],[-2.915807101886397,38.13784433949931],[-2.915798335253348,38.13782702919181],[-2.915704176300268,38.13764129961751],[-2.915588315760392,38.137474751191576],[-2.9157255644038655,38.13739815400305],[-2.915752552457306,38.13738307831113],[-2.9158165005149836,38.13742571956968],[-2.9158974780863507,38.13748817983944],[-2.9159977533145396,38.13755065435848],[-2.9160302608515476,38.13759007361324],[-2.9160926020982925,38.13760527251918],[-2.9161473719714506,38.13759988714605],[-2.9161568971667826,38.13763203593757],[-2.91618328507592,38.13763083564899]]]},"properties":{"dn_surface":1727.93904187141,"provincia":23,"municipio":48,"agregado":0,"zona":0,"poligono":24,"parcela":175,"recinto":1,"uso_sigpac":"OV","idPanel":"23:48:0:0:24:175:1"},"id":1112044822},{"type":"Feature","geometry":{"type":"Polygon","coordinates":[[[-2.9166372204802764,38.13751509245577],[-2.916543804163861,38.13760697823656],[-2.9165630749985922,38.13760575531683],[-2.9165715792780564,38.13760329187531],[-2.9165805110346086,38.13760210080682],[-2.9165984424411318,38.13760365481173],[-2.9167848869918216,38.13764817194033],[-2.9167979694670714,38.13765129503764],[-2.9168144147620745,38.137658114554455],[-2.916941347796699,38.137774229066025],[-2.916969151409367,38.13781872607805],[-2.91699445721474,38.13782007640273],[-2.9170467628082193,38.13781611595326],[-2.9170771513999783,38.137798814865874],[-2.9170945648048554,38.13776718407601],[-2.9171033222178115,38.13777102885521],[-2.9171109120315855,38.1377761962988],[-2.9171170190866005,38.13778246931554],[-2.9171257396191796,38.13779901267881],[-2.917151770459221,38.13785541534682],[-2.917159753384277,38.137872714757776],[-2.917239261607931,38.13779157206292],[-2.9172429052214572,38.13779851479373],[-2.9172836706099607,38.13787569201],[-2.9172451792319225,38.13790802017422],[-2.917273764876203,38.13795833087465],[-2.9170181872222236,38.138132361825996],[-2.9166857056020623,38.1379947686863],[-2.916523258441583,38.13785143980991],[-2.916364537037285,38.13774344317201],[-2.9163344351066316,38.13772296282863],[-2.916223375721179,38.13764735638111],[-2.9161965988917107,38.13762920536874],[-2.9162160750830814,38.137627826545554],[-2.9162640447177917,38.13760791030424],[-2.916299132204749,38.137573487502266],[-2.9163922425816797,38.13752890750939],[-2.9166372204802764,38.13751509245577]]]},"properties":{"dn_surface":2831.51590168297,"provincia":23,"municipio":48,"agregado":0,"zona":0,"poligono":24,"parcela":175,"recinto":3,"uso_sigpac":"OV","idPanel":"23:48:0:0:24:175:3"},"id":1112044820},{"type":"Feature","geometry":{"type":"Polygon","coordinates":[[[-2.917605570076738,38.13782197155115],[-2.9175571779940834,38.13777020742867],[-2.917531675213973,38.1377458227945],[-2.9174757176250647,38.13770666421692],[-2.917439728245272,38.13768147911094],[-2.9173929588991676,38.137648750291675],[-2.917381323140491,38.137636765845826],[-2.917375153221199,38.137617005507934],[-2.9173793416584637,38.13760098852819],[-2.9173974658487714,38.13758324739089],[-2.9174163125591757,38.13757654354433],[-2.917442477509676,38.13757684696924],[-2.917485262936965,38.1375862481124],[-2.9175492202147373,38.137600301212075],[-2.9176244947388468,38.13761581192486],[-2.917665504878938,38.13762486102806],[-2.9176886732988754,38.13764170446345],[-2.917715750200495,38.1376791615146],[-2.9178846011353787,38.13767928221401],[-2.917898884737425,38.13768083621895],[-2.9180304160844037,38.13770990717546],[-2.918251037847313,38.1377640777425],[-2.918312623046346,38.13777805372865],[-2.9184027042032894,38.13777004481972],[-2.9184594455001913,38.137774444480954],[-2.918524765675501,38.13778085747546],[-2.918580802054304,38.13779295507703],[-2.9186000552870364,38.13782113838991],[-2.9185964728614073,38.13787615804381],[-2.9185888981350594,38.137968237446586],[-2.918726782126831,38.137993365555644],[-2.9188201640774407,38.137962591396274],[-2.918852868589185,38.13796047748019],[-2.918931152216712,38.137975083785506],[-2.91896599076113,38.137981583951785],[-2.91907090202024,38.13797507288902],[-2.9191412521759417,38.137970706755425],[-2.9191930406059643,38.137970679095105],[-2.9192159701416474,38.13798183037977],[-2.9193085105491288,38.13811432564569],[-2.9194010861606055,38.138095097558676],[-2.9194262762957077,38.138099367300384],[-2.9194995743669314,38.13813839763483],[-2.9195174856568857,38.13815518239696],[-2.919522467860429,38.13817677837173],[-2.919511680350404,38.13827206804365],[-2.9195551472264616,38.13833387871588],[-2.9195885985658223,38.138333902185195],[-2.919657251386031,38.13833394996206],[-2.9196819226812973,38.13833896485502],[-2.9196995816759514,38.13835076154626],[-2.919710160476575,38.13837360139556],[-2.9197014977791302,38.13839887786429],[-2.9196659492874706,38.13842513250114],[-2.919578309779067,38.138493620197835],[-2.9194928705203753,38.1385067018349],[-2.919307185370158,38.138527931520514],[-2.9191581358445067,38.138545041500464],[-2.919145353441408,38.138546473967835],[-2.9191414818401027,38.13853944155065],[-2.9190876021251135,38.13844168424629],[-2.9190561305914002,38.13838458252752],[-2.9190373618326997,38.13835052769113],[-2.9189522025295918,38.13819601651707],[-2.9181909655818914,38.1380880475395],[-2.9177467246873214,38.13788611742177],[-2.917605570076738,38.13782197155115]]]},"properties":{"dn_surface":6461.96182434914,"provincia":23,"municipio":97,"agregado":0,"zona":0,"poligono":16,"parcela":176,"recinto":1,"uso_sigpac":"OV","idPanel":"23:97:0:0:16:176:1"},"id":1112590769},{"type":"Feature","geometry":{"type":"Polygon","coordinates":[[[-2.917273764876203,38.13795833087465],[-2.9172965426994293,38.137998273160235],[-2.917265119780756,38.13802704236818],[-2.9172548435668553,38.1380314202365],[-2.9170908206084865,38.138107863197945],[-2.917000592768228,38.13818642594285],[-2.916943581574028,38.138354631471174],[-2.9169158902788697,38.13838697639926],[-2.916579082758223,38.138537703981996],[-2.916567323785563,38.13854292339343],[-2.9162163625823774,38.13870002960488],[-2.916372844342013,38.13857018050595],[-2.9163968618487934,38.13852385288618],[-2.9164532620022148,38.13850211860998],[-2.9164843362336956,38.138475819549],[-2.916484475373296,38.13842165233473],[-2.9161051347206612,38.13840333452245],[-2.916028992669522,38.13833822724749],[-2.915903005951822,38.13823049883055],[-2.915893271208899,38.13820681408535],[-2.9158899645479,38.13819876913422],[-2.9158669763388914,38.138142839205585],[-2.915860655545333,38.13805258202868],[-2.915858038715007,38.13801522053126],[-2.915854318826158,38.13800592667647],[-2.915866410560394,38.1379941760857],[-2.915961772316651,38.13790150324411],[-2.916013086330925,38.13783286383497],[-2.9161345652608315,38.13767550113727],[-2.91618328507592,38.13763083564899],[-2.9161899671295264,38.13762471015377],[-2.9161965988917107,38.13762920536874],[-2.916223375721179,38.13764735638111],[-2.9163344351066316,38.13772296282863],[-2.916364537037285,38.13774344317201],[-2.916523258441583,38.13785143980991],[-2.9166857056020623,38.1379947686863],[-2.9170181872222236,38.138132361825996],[-2.917273764876203,38.13795833087465]]]},"properties":{"dn_surface":6137.06964618964,"provincia":23,"municipio":48,"agregado":0,"zona":0,"poligono":24,"parcela":291,"recinto":3,"uso_sigpac":"OV","idPanel":"23:48:0:0:24:291:3"},"id":1112044662},{"type":"Feature","geometry":{"type":"Polygon","coordinates":[[[-2.91882093856534,38.13860634003842],[-2.9188070723820965,38.13860452451809],[-2.9187669926333126,38.13871168464195],[-2.9187981355964023,38.13875803070192],[-2.9187813793327733,38.13876719212263],[-2.9187807096186704,38.13877968115909],[-2.9187859063989463,38.13879074611012],[-2.9187994850828933,38.138787141891555],[-2.9188111367671867,38.138813126631135],[-2.918788337989201,38.13882209526807],[-2.918823544499191,38.13889267257332],[-2.91884600883922,38.13890826291416],[-2.918924715752883,38.13888462594582],[-2.918911959333685,38.13885939306303],[-2.9189329358858127,38.13884220261676],[-2.918898363885931,38.138793414908235],[-2.919009811353523,38.13879238812507],[-2.9189921473297264,38.138815574985216],[-2.9189098177572976,38.13896891185456],[-2.918777906710083,38.1390691300858],[-2.9185890959479863,38.13923410858118],[-2.918478412910009,38.139330825691275],[-2.9180197325099844,38.139175483032346],[-2.9179499213106883,38.13915182008009],[-2.917891415623064,38.139120954558024],[-2.917791282887237,38.13906806893678],[-2.9167854762396495,38.139279324760565],[-2.916599656140784,38.139317314062566],[-2.916277666149447,38.13938305333306],[-2.916134717811479,38.13935140494118],[-2.9159566560026495,38.13938993906689],[-2.9156984380490143,38.13937010329187],[-2.9159286897810506,38.13929663758259],[-2.9158992240368855,38.13921766580077],[-2.916089325612147,38.139228528747935],[-2.9163141433560336,38.1392162551264],[-2.9165155923524853,38.13918233356222],[-2.9165107735960647,38.13910446064796],[-2.916475551998648,38.13896861429697],[-2.91634596441513,38.13882828362753],[-2.9162163625823774,38.13870002960488],[-2.916567323785563,38.13854292339343],[-2.916579082758223,38.138537703981996],[-2.9169158902788697,38.13838697639926],[-2.9169797461356066,38.13835839997503],[-2.9169898614169574,38.13836306701904],[-2.9169963917581074,38.13836868708543],[-2.9170039530734093,38.1383802281286],[-2.917006357003382,38.13839150095086],[-2.916995383415095,38.13846871672385],[-2.917132527284773,38.13850493241503],[-2.9171996219090888,38.13844878371873],[-2.9172124378398023,38.138442371562405],[-2.917221595907753,38.1384399533832],[-2.9172311747472683,38.13843899365523],[-2.9172408072309675,38.138439527582506],[-2.9172552735585136,38.13844319634174],[-2.917275143699356,38.13845293108466],[-2.9173511927113647,38.1384909421796],[-2.917511015497804,38.13846878461726],[-2.917532747259452,38.13845165116797],[-2.9176120534792274,38.138395554439455],[-2.9175506283745545,38.13828532570065],[-2.9174930690038545,38.13827229184045],[-2.9174806419934716,38.1382678946938],[-2.9174662611613438,38.138259920988816],[-2.9173136099316843,38.13817317666775],[-2.9172398852215635,38.13805014540927],[-2.917265119780756,38.13802704236818],[-2.9172965426994293,38.137998273160235],[-2.917273764876203,38.13795833087465],[-2.9172451792319225,38.13790802017422],[-2.9172836706099607,38.13787569201],[-2.9172975627771054,38.137902109255776],[-2.917438621833987,38.137989001936575],[-2.9175317892078625,38.138045037477156],[-2.917640832745483,38.138087294844524],[-2.917749785758542,38.138108912612296],[-2.917834274509357,38.13812803760189],[-2.9178689437393217,38.13814981294942],[-2.917907104870355,38.138172491866214],[-2.91790946605262,38.13817404503297],[-2.9179188923414876,38.13818252332851],[-2.918018025954397,38.13830449930535],[-2.9180510204800076,38.138305199194264],[-2.9180602690725186,38.13830718151448],[-2.9180676686170797,38.13830981343227],[-2.9181930811743784,38.138367712270025],[-2.9184822132651336,38.13836791762668],[-2.9184897745804346,38.13836851944734],[-2.9185031613187884,38.138371642544655],[-2.91873429147433,38.13845804488412],[-2.9188024707169813,38.138567281205496],[-2.9188196804415987,38.1385672795291],[-2.918870978530257,38.13856023873004],[-2.9188986404887527,38.13861949962717],[-2.918884726528658,38.138633582063505],[-2.91882093856534,38.13860634003842]]]},"properties":{"dn_surface":20982.30529733826,"provincia":23,"municipio":48,"agregado":0,"zona":0,"poligono":24,"parcela":176,"recinto":4,"uso_sigpac":"OV","idPanel":"23:48:0:0:24:176:4"},"id":1318201297},{"type":"Feature","geometry":{"type":"Polygon","coordinates":[[[-2.9190373618326997,38.13835052769113],[-2.9189912538187954,38.1383086081145],[-2.9189511640117263,38.13826727862386],[-2.9189068053011185,38.13826934057215],[-2.918720053134564,38.13822530205027],[-2.9186405147360577,38.13823923780333],[-2.9185230591199134,38.138220696194196],[-2.9183382842444354,38.138191527169454],[-2.9181028122627914,38.138141519893935],[-2.917812125328906,38.13807777384014],[-2.9175664156901187,38.13799909793951],[-2.9173336862673573,38.13784463454229],[-2.91727092676362,38.137741574845705],[-2.9172457500395623,38.137601589510695],[-2.917242914441551,38.13758671666082],[-2.9172795844319217,38.13755051270428],[-2.9172939409565295,38.13757008025843],[-2.9174153980934854,38.13773554993335],[-2.917605570076738,38.13782197155115],[-2.9176175872120313,38.137827432361405],[-2.9177467246873214,38.13788611742177],[-2.9181909655818914,38.1380880475395],[-2.9185408019336045,38.13813766673283],[-2.9189522025295918,38.13819601651707],[-2.9190373618326997,38.13835052769113]]]},"properties":{"dn_surface":2038.58729589609,"provincia":23,"municipio":48,"agregado":0,"zona":0,"poligono":24,"parcela":196,"recinto":6,"uso_sigpac":"OV","idPanel":"23:48:0:0:24:196:6"},"id":1112044788},{"type":"Feature","geometry":{"type":"Polygon","coordinates":[[[-2.9231631007813275,38.13958090565464],[-2.9214448792603545,38.1395822685522],[-2.9212355546272124,38.13951200724466],[-2.9211731614126655,38.13948654888864],[-2.9211732100277072,38.13944101419693],[-2.921461646420458,38.13941723305982],[-2.921553765218184,38.139395607748384],[-2.9217135259785363,38.139351601915905],[-2.921796926758255,38.13931145175914],[-2.9218587013883113,38.1392604051276],[-2.921872949786362,38.139226960493744],[-2.9218642309301632,38.1391907498317],[-2.9218409275615764,38.13914079200944],[-2.921814104631639,38.13911178978455],[-2.921696080722426,38.13895521163303],[-2.921595243068501,38.1388981291926],[-2.921476215845419,38.13884230403781],[-2.921452829495986,38.138811373975074],[-2.921454924133713,38.13878949720649],[-2.9214773038165154,38.13877290019903],[-2.921505383193813,38.138767954875846],[-2.9215424177969944,38.13876557944437],[-2.921507303487945,38.138830827535315],[-2.921575382985942,38.1388497874014],[-2.921579298173147,38.138842962017236],[-2.9215817465272096,38.138844735628055],[-2.9216202186268703,38.138792515530014],[-2.9217137631864105,38.1388160695175],[-2.9217315328221933,38.13880022688136],[-2.92175659387598,38.13874591130738],[-2.9217453596104894,38.138742401804336],[-2.9217491943314187,38.13873344825481],[-2.921710174893449,38.13871802052293],[-2.921725243879869,38.13870819190268],[-2.9217320323836518,38.138695282932815],[-2.9217409138487818,38.13867829784323],[-2.9218191220391763,38.13869025379063],[-2.921968071820174,38.13868421965816],[-2.9221503807395925,38.138666533841416],[-2.9222336985384634,38.13865806811873],[-2.9223435945156866,38.13866379714989],[-2.922419129717,38.13871366444758],[-2.9230092006480213,38.13910322264081],[-2.9230559641267937,38.139125695362736],[-2.9231099125733917,38.139151687646034],[-2.9231631007813275,38.13958090565464]]]},"properties":{"dn_surface":11265.091552734375,"provincia":23,"municipio":48,"agregado":0,"zona":0,"poligono":24,"parcela":198,"recinto":2,"uso_sigpac":"OV","idPanel":"23:48:0:0:24:198:2"},"id":1311989359},{"type":"Feature","geometry":{"type":"Polygon","coordinates":[[[-2.9214074205328475,38.138765413482645],[-2.9214081514348473,38.13877222964672],[-2.9214051347877166,38.138798046748235],[-2.9214222355475865,38.138835766152965],[-2.921480659092555,38.138876167766796],[-2.9216327118542917,38.13894163294907],[-2.9216699291829715,38.13896753386959],[-2.9217310366134965,38.13904682835471],[-2.9218284393632965,38.13918563687045],[-2.921835817114909,38.139217320466344],[-2.921824417725916,38.139244478672424],[-2.921798099386579,38.139273480897316],[-2.9217628953911596,38.13929594439915],[-2.921688043314996,38.13931698381555],[-2.9215549378465075,38.13935755222931],[-2.9214591310111664,38.13938295023564],[-2.921381765202091,38.13938521334964],[-2.9212690260831433,38.13939216949149],[-2.921162764499352,38.139405992088825],[-2.921148621713288,38.13938396779875],[-2.92110017682464,38.139334185158276],[-2.9210808305527762,38.13928433210981],[-2.921095355553648,38.13925369876645],[-2.9210809202391457,38.13920006380306],[-2.9210899425202568,38.139086420276726],[-2.9211053819868193,38.13905452629501],[-2.9211245991773667,38.13901163860854],[-2.9211554420683052,38.138981287735334],[-2.9211975938236767,38.138939677450935],[-2.921216125374503,38.13892141495921],[-2.9212752722777586,38.13886312301014],[-2.9214074205328475,38.138765413482645]]]},"properties":{"dn_surface":3027.52340345354,"provincia":23,"municipio":48,"agregado":0,"zona":0,"poligono":24,"parcela":198,"recinto":8,"uso_sigpac":"OV","idPanel":"23:48:0:0:24:198:8"},"id":1112044775},{"type":"Feature","geometry":{"type":"Polygon","coordinates":[[[-2.920867905053818,38.13884752261103],[-2.9209019540229115,38.13885606125629],[-2.920892685313832,38.13890136628385],[-2.9209653756970386,38.138945917778216],[-2.9210523982973333,38.13900018808994],[-2.921116063046668,38.13895313040632],[-2.9211554420683052,38.138981287735334],[-2.9211245991773667,38.13901163860854],[-2.9211053819868193,38.13905452629501],[-2.9210899425202568,38.139086420276726],[-2.9210809202391457,38.13920006380306],[-2.921095355553648,38.13925369876645],[-2.9210808305527762,38.13928433210981],[-2.92110017682464,38.139334185158276],[-2.921148621713288,38.13938396779875],[-2.921162764499352,38.139405992088825],[-2.921095601981616,38.139415471183696],[-2.92100574545969,38.13940172486167],[-2.9208779180759437,38.139368614665784],[-2.920805161475698,38.139346820878075],[-2.920736763465361,38.13932184196693],[-2.9206933192204425,38.139297798476235],[-2.9205357042274294,38.13918211395634],[-2.92047127253391,38.13914313475152],[-2.920480743246867,38.13913921621153],[-2.9207416132348247,38.139031293334455],[-2.9207950671491067,38.13898536636967],[-2.9208290247554496,38.13892410303575],[-2.9208206277643516,38.138879394799744],[-2.920867905053818,38.13884752261103]]]},"properties":{"dn_surface":1910.62261323638,"provincia":23,"municipio":48,"agregado":0,"zona":0,"poligono":24,"parcela":234,"recinto":1,"uso_sigpac":"OV","idPanel":"23:48:0:0:24:234:1"},"id":1112044731},{"type":"Feature","geometry":{"type":"Polygon","coordinates":[[[-2.923255236342861,38.14118657078217],[-2.923272889470183,38.14122029034243],[-2.9232783335166177,38.14125291941707],[-2.9232943815093857,38.14129402846362],[-2.9233087405485647,38.141312423389394],[-2.9233624417290054,38.14135923464502],[-2.923393339102318,38.14138602320915],[-2.923396508300096,38.14141171122935],[-2.9233930415447382,38.141453437184],[-2.923371133763112,38.14145098966813],[-2.923288849452964,38.14145634235183],[-2.923217276377515,38.141476843650025],[-2.9227766531125696,38.14160227464748],[-2.922760665469507,38.14161253828857],[-2.922723349234363,38.14161251314283],[-2.9226479238359886,38.14160678494986],[-2.922586963926969,38.14162666179624],[-2.9225528252715067,38.14164358234518],[-2.9225061422590097,38.14165202292216],[-2.9224674488770925,38.14165911652725],[-2.922411088118618,38.141646281318145],[-2.9223698047284667,38.141620747524996],[-2.9223399265946397,38.14160107938804],[-2.922303426756914,38.14158393085131],[-2.9222855397744794,38.1415556192953],[-2.9222677173327036,38.14146629167146],[-2.922261141729274,38.141316767730075],[-2.9222611903443143,38.141270622835776],[-2.92224798130232,38.141243756319966],[-2.92222300490576,38.14122949870185],[-2.922167677636008,38.14121098559116],[-2.922175160161415,38.1411488036006],[-2.9219413469585085,38.141029587784686],[-2.9217100240191827,38.140930021665554],[-2.9215252231598035,38.1408661758671],[-2.921427917640085,38.140832492349006],[-2.9213728133289703,38.14081929587985],[-2.921331493896633,38.14082773980962],[-2.921239935010072,38.140863097193886],[-2.921089229220255,38.14093103922863],[-2.9210460884002503,38.14093524526791],[-2.921019278881358,38.140928197763344],[-2.9209744507841435,38.140909690520004],[-2.92094569833998,38.14090543502752],[-2.92091521670909,38.140916769875844],[-2.920771343847146,38.14099751443027],[-2.9207390416667782,38.14100443201539],[-2.920685192126643,38.14099159680629],[-2.920654738156035,38.14097742635994],[-2.9206260083430116,38.14095190011051],[-2.920611785090672,38.14091358726702],[-2.9205955971201116,38.14089807403971],[-2.9205505678572097,38.140854511609945],[-2.920505424600418,38.1408108594938],[-2.9204876415535894,38.14079363300539],[-2.9204628009438696,38.1407589168368],[-2.920406109100199,38.140736796993],[-2.920399953430143,38.140730574267735],[-2.920392784387933,38.140712183532855],[-2.9204108574486285,38.14067253964308],[-2.92043417171369,38.14063993068501],[-2.920453927860643,38.14062723629192],[-2.9204629669055615,38.14060453055305],[-2.920452143353351,38.14058893099212],[-2.9203230100690125,38.140546391992785],[-2.9202499919533724,38.140530840208754],[-2.9201956889522487,38.14051647194944],[-2.9201723210430033,38.140492392416576],[-2.920141966817049,38.14038611155442],[-2.9201384983853096,38.14032238980815],[-2.920160020599366,38.1402585951393],[-2.9201762999326766,38.14018911921613],[-2.9201907126160394,38.14015794524005],[-2.9201942698959567,38.14013956204889],[-2.920183582968776,38.1401026925692],[-2.9201800776566604,38.14007294854585],[-2.920193695735555,38.140036817511884],[-2.9202124250993093,38.14002322122593],[-2.920237559913847,38.139996291007634],[-2.920260885075383,38.13995376709573],[-2.9202717748446325,38.13990844111345],[-2.920271799990344,38.13988529951561],[-2.9202718469290048,38.13984183766868],[-2.92026288667398,38.13979091006016],[-2.920236022672715,38.139728523551156],[-2.9202307051930245,38.139685980360866],[-2.92023427839856,38.13965344683996],[-2.9202520555780564,38.13962010362715],[-2.920257719230367,38.13960948207881],[-2.9202828573976665,38.13957840533277],[-2.9202882561818213,38.13954578380188],[-2.9202864699981492,38.13950892018954],[-2.920256513074429,38.13945815854271],[-2.9205608080289247,38.13948744072317],[-2.9207432736899417,38.139504999973184],[-2.920806844561955,38.13960274051371],[-2.920973328447242,38.13993154666912],[-2.9210030900726074,38.139951935649776],[-2.9210236131637464,38.1399686231818],[-2.921062995538145,38.14006355327001],[-2.921214239446177,38.14034602342372],[-2.921220606340206,38.14036837963721],[-2.921218763997779,38.140383969978046],[-2.921206196171414,38.140398111087706],[-2.9211954480563374,38.140417931775346],[-2.9211900559777053,38.140444876242896],[-2.9212079295490936,38.140484543602014],[-2.9212135043532252,38.140500770129336],[-2.921324320663471,38.14070588369404],[-2.9213422311152355,38.1407114844821],[-2.9213817149106696,38.140711511304175],[-2.9213979372470344,38.14069457818238],[-2.9214050409103955,38.140667635391225],[-2.9214374788776034,38.140640799888416],[-2.92150425582777,38.14062300007777],[-2.9215902139262977,38.14059548061164],[-2.9216216066701177,38.140585407239826],[-2.9216547017785737,38.14058416839444],[-2.9217193731945375,38.140613954327335],[-2.921795534524055,38.140641141870105],[-2.921957900380069,38.14069910524856],[-2.921965076127802,38.140711907768235],[-2.9219756758831843,38.140723902272384],[-2.9220028030762255,38.140754563276005],[-2.922029718207104,38.140770173733415],[-2.922123035617055,38.14079862694359],[-2.922232453825769,38.14081708641007],[-2.9222942938346734,38.14082749254348],[-2.9223436791729136,38.14085258125752],[-2.9224279835218474,38.14087958607479],[-2.92255529960947,38.14091509181873],[-2.9227884724349367,38.140993117283614],[-2.923084595871543,38.141111021331625],[-2.92321212569771,38.14116175783272],[-2.923244407761509,38.14117466764074],[-2.923255236342861,38.14118657078217]]]},"properties":{"dn_surface":19968.276733398438,"provincia":23,"municipio":48,"agregado":0,"zona":0,"poligono":24,"parcela":195,"recinto":7,"uso_sigpac":"OV","idPanel":"23:48:0:0:24:195:7"},"id":1326690959},{"type":"Feature","geometry":{"type":"Polygon","coordinates":[[[-2.9231631007813275,38.13958090565464],[-2.9231476085087724,38.13966453274574],[-2.923124013449938,38.13985828883102],[-2.9230368357844254,38.14007165018896],[-2.9229363023936035,38.14028869790815],[-2.9226322195012697,38.140146544174684],[-2.92213596637985,38.139897370295074],[-2.9214448792603545,38.1395822685522],[-2.9231631007813275,38.13958090565464]]]},"properties":{"dn_surface":6026.05177796044,"provincia":23,"municipio":48,"agregado":0,"zona":0,"poligono":24,"parcela":235,"recinto":1,"uso_sigpac":"OV","idPanel":"23:48:0:0:24:235:1"},"id":1112044727},{"type":"Feature","geometry":{"type":"Polygon","coordinates":[[[-2.9219413469585085,38.141029587784686],[-2.921795560507957,38.14108545736363],[-2.9216851398235644,38.14104392419273],[-2.9214300768184707,38.14094803605295],[-2.921342109577632,38.14103990506993],[-2.9211776951843618,38.141228427494525],[-2.921128112871385,38.14128039613547],[-2.921035003332645,38.141377849176706],[-2.920989943894889,38.14136195624917],[-2.9209601772403824,38.141238372623235],[-2.9208739299661777,38.141108080121626],[-2.920771343847146,38.14099751443027],[-2.92091521670909,38.140916769875844],[-2.92094569833998,38.14090543502752],[-2.9209744507841435,38.140909690520004],[-2.921019278881358,38.140928197763344],[-2.9210460884002503,38.14093524526791],[-2.921089229220255,38.14093103922863],[-2.921239935010072,38.140863097193886],[-2.921331493896633,38.14082773980962],[-2.9213728133289703,38.14081929587985],[-2.921427917640085,38.140832492349006],[-2.9215252231598035,38.1408661758671],[-2.9217100240191827,38.140930021665554],[-2.9219413469585085,38.141029587784686]]]},"properties":{"dn_surface":2234.77687488316,"provincia":23,"municipio":48,"agregado":0,"zona":0,"poligono":24,"parcela":270,"recinto":9,"uso_sigpac":"OV","idPanel":"23:48:0:0:24:270:9"},"id":1112044682},{"type":"Feature","geometry":{"type":"Polygon","coordinates":[[[-2.9212240957267044,38.1395567020696],[-2.9212809007260736,38.13957945307075],[-2.9215426826651507,38.13968282625049],[-2.9220373616650615,38.139906856933635],[-2.922380671866576,38.1400740935139],[-2.9223526084148945,38.140173754348524],[-2.9223243069171487,38.140283780245284],[-2.922244362834505,38.140236376389026],[-2.9221599453298714,38.140242527029955],[-2.9221289817395197,38.14025492135093],[-2.9220951909330592,38.140279729271214],[-2.9220331564639896,38.140405909610905],[-2.922069638699719,38.14049697983248],[-2.9221230666300984,38.14052805490212],[-2.921795534524055,38.140641141870105],[-2.9217193731945375,38.140613954327335],[-2.9216547017785737,38.14058416839444],[-2.9216216066701177,38.140585407239826],[-2.9215902139262977,38.14059548061164],[-2.92150425582777,38.14062300007777],[-2.9214374788776034,38.140640799888416],[-2.9214050409103955,38.140667635391225],[-2.9213979372470344,38.14069457818238],[-2.9213817149106696,38.140711511304175],[-2.9213422311152355,38.1407114844821],[-2.921324320663471,38.14070588369404],[-2.9212135043532252,38.140500770129336],[-2.9212079295490936,38.140484543602014],[-2.9211900559777053,38.140444876242896],[-2.9211954480563374,38.140417931775346],[-2.921206196171414,38.140398111087706],[-2.921218763997779,38.140383969978046],[-2.921220606340206,38.14036837963721],[-2.921214239446177,38.14034602342372],[-2.921062995538145,38.14006355327001],[-2.9210236131637464,38.1399686231818],[-2.9210030900726074,38.139951935649776],[-2.9210798138278613,38.13980922787246],[-2.9212240957267044,38.1395567020696]]]},"properties":{"dn_surface":8879.398193359375,"provincia":23,"municipio":48,"agregado":0,"zona":0,"poligono":24,"parcela":199,"recinto":1,"uso_sigpac":"OV","idPanel":"23:48:0:0:24:199:1"},"id":1326690955},{"type":"Feature","geometry":{"type":"Polygon","coordinates":[[[-2.922380671866576,38.1400740935139],[-2.9225830076684356,38.14017309888365],[-2.9232218378094927,38.140490591983706],[-2.923283059233907,38.14054768280599],[-2.9233030651615888,38.1407329061133],[-2.9233098545035627,38.140899013651136],[-2.923748130835481,38.14094220560071],[-2.9236729887454507,38.14099406862968],[-2.9235180852982747,38.14103920937191],[-2.9233735184147074,38.14113140276859],[-2.923255236342861,38.14118657078217],[-2.923244407761509,38.14117466764074],[-2.92321212569771,38.14116175783272],[-2.923084595871543,38.141111021331625],[-2.9227884724349367,38.140993117283614],[-2.92255529960947,38.14091509181873],[-2.9224279835218474,38.14087958607479],[-2.9223436791729136,38.14085258125752],[-2.9222942938346734,38.14082749254348],[-2.922232453825769,38.14081708641007],[-2.922123035617055,38.14079862694359],[-2.922029718207104,38.140770173733415],[-2.9220028030762255,38.140754563276005],[-2.9219756758831843,38.140723902272384],[-2.9220492321170406,38.1406617647059],[-2.922131495472431,38.14056745823129],[-2.9222064397495346,38.14048702548365],[-2.922265408956433,38.14040541088764],[-2.9223243069171487,38.140283780245284],[-2.9223526084148945,38.140173754348524],[-2.922380671866576,38.1400740935139]],[[-2.922834702824635,38.14086853034385],[-2.9229656759368288,38.14092016454683],[-2.92295357749707,38.140937950108224],[-2.922927081461375,38.14097390512222],[-2.922807649392345,38.140924399084554],[-2.9227996144994863,38.14092060962591],[-2.922834702824635,38.14086853034385]]]},"properties":{"dn_surface":8151.52099609375,"provincia":23,"municipio":48,"agregado":0,"zona":0,"poligono":24,"parcela":248,"recinto":1,"uso_sigpac":"OV","idPanel":"23:48:0:0:24:248:1"},"id":1326690958},{"type":"Feature","geometry":{"type":"Polygon","coordinates":[[[-2.9206387027361216,38.13933197485025],[-2.9207371196962666,38.139391075653066],[-2.9208447927926353,38.1394377452545],[-2.9209856917551567,38.13946821515074],[-2.9212240957267044,38.1395567020696],[-2.9210798138278613,38.13980922787246],[-2.9210030900726074,38.139951935649776],[-2.920943487193792,38.13980001280757],[-2.9208023250394954,38.13954992027132],[-2.9207432736899417,38.139504999973184],[-2.9206387027361216,38.13933197485025]]]},"properties":{"dn_surface":1189.1531982421875,"provincia":23,"municipio":48,"agregado":0,"zona":0,"poligono":24,"parcela":271,"recinto":7,"uso_sigpac":"OV","idPanel":"23:48:0:0:24:271:7"},"id":1326690960},{"type":"Feature","geometry":{"type":"Polygon","coordinates":[[[-2.9247861893720146,38.13998935079138],[-2.924822607067085,38.1400871617399],[-2.924901187414002,38.14013164534089],[-2.9249550092938543,38.14017151638026],[-2.924998890235954,38.14022408935645],[-2.9250544044221587,38.14028342820532],[-2.925111479318826,38.14037945045558],[-2.925145589475816,38.140501954492294],[-2.925131085429703,38.140513481286234],[-2.925118259440706,38.14055817611117],[-2.9251170742395267,38.14060170585148],[-2.9251042474123383,38.140646490362826],[-2.9250683594535802,38.14070153432425],[-2.9250146197163827,38.140692576583774],[-2.925001696497303,38.140720147179536],[-2.924999222159339,38.1407968432745],[-2.924979968926607,38.14087740342708],[-2.924944757387475,38.14082826200223],[-2.924886395868593,38.140763152212685],[-2.9246184322755595,38.14066996639863],[-2.9242610220356893,38.140556622944445],[-2.9240183650862197,38.14049094067087],[-2.923928234476043,38.14047069250617],[-2.9239239915564053,38.14049132875303],[-2.92382420415501,38.14076119168544],[-2.923472281547474,38.140639828425805],[-2.9233235086246436,38.14049705862237],[-2.923445413355256,38.140247850376994],[-2.9235268552840856,38.14028305353423],[-2.92357031377824,38.14030236963123],[-2.9237589191836966,38.140217865793005],[-2.9240711979014393,38.13993832008546],[-2.924449557871345,38.139981920233765],[-2.9247151787223027,38.14002021798987],[-2.9247861893720146,38.13998935079138]]]},"properties":{"dn_surface":9254.80187620429,"provincia":23,"municipio":48,"agregado":0,"zona":0,"poligono":24,"parcela":290,"recinto":1,"uso_sigpac":"OV","idPanel":"23:48:0:0:24:290:1"},"id":1112044664},{"type":"Feature","geometry":{"type":"Polygon","coordinates":[[[-2.924886395868593,38.140763152212685],[-2.9247759609349653,38.140733788727744],[-2.9243693070110264,38.14067899538526],[-2.9242563072148746,38.14070352586455],[-2.9241114419355356,38.14075444173838],[-2.923931683629404,38.140779108004494],[-2.92382420415501,38.14076119168544],[-2.9239239915564053,38.14049132875303],[-2.923928234476043,38.14047069250617],[-2.9240183650862197,38.14049094067087],[-2.9242610220356893,38.140556622944445],[-2.9246184322755595,38.14066996639863],[-2.924886395868593,38.140763152212685]]]},"properties":{"dn_surface":1245.13097297666,"provincia":23,"municipio":48,"agregado":0,"zona":0,"poligono":24,"parcela":246,"recinto":1,"uso_sigpac":"OV","idPanel":"23:48:0:0:24:246:1"},"id":1112044714},{"type":"Feature","geometry":{"type":"Polygon","coordinates":[[[-2.923283059233907,38.14054768280599],[-2.923341543128582,38.14060251889617],[-2.9234377690591082,38.14068811322005],[-2.9236603119543383,38.140782352639434],[-2.923830294446218,38.14083104395604],[-2.9237972395709,38.140904204564066],[-2.923748130835481,38.14094220560071],[-2.9233098545035627,38.140899013651136],[-2.9233030651615888,38.1407329061133],[-2.923283059233907,38.14054768280599]]]},"properties":{"dn_surface":966.181440179614,"provincia":23,"municipio":48,"agregado":0,"zona":0,"poligono":24,"parcela":204,"recinto":1,"uso_sigpac":"OV","idPanel":"23:48:0:0:24:204:1"},"id":1112044768},{"type":"Feature","geometry":{"type":"Polygon","coordinates":[[[-2.9242494005262496,38.14076201311198],[-2.924289559064928,38.14099528735849],[-2.923748130835481,38.14094220560071],[-2.9237972395709,38.140904204564066],[-2.923830294446218,38.14083104395604],[-2.9238898637974176,38.14083081261552],[-2.9239899512709644,38.14082366871898],[-2.924107294569599,38.14079229273901],[-2.9242494005262496,38.14076201311198]]]},"properties":{"dn_surface":755.091719975289,"provincia":23,"municipio":48,"agregado":0,"zona":0,"poligono":24,"parcela":236,"recinto":2,"uso_sigpac":"OV","idPanel":"23:48:0:0:24:236:2"},"id":1112044726},{"type":"Feature","geometry":{"type":"Polygon","coordinates":[[[-2.9221726170918414,38.13790602109023],[-2.922341816713918,38.13791069819246],[-2.922520783768343,38.137915382000244],[-2.92261128402047,38.137915444026305],[-2.9227115139863797,38.137952013433846],[-2.922755373135529,38.13796116898723],[-2.922873065121357,38.13797786322476],[-2.922842892782711,38.13811206001711],[-2.9228122988343115,38.13811432396932],[-2.922785392085337,38.13812731508179],[-2.9227763396293716,38.138154892383085],[-2.9227752508200853,38.138175847142264],[-2.922787490075826,38.138196300663594],[-2.922798974122045,38.13821474085168],[-2.922798974122045,38.13822211776508],[-2.922788496742456,38.13824877221876],[-2.9227441581484173,38.13836469646108],[-2.9227678806121866,38.13837039615561],[-2.92279839074155,38.13838992599116],[-2.922818089891558,38.1384336812047],[-2.9228324246232167,38.13847173588556],[-2.9228611753909988,38.138497805282356],[-2.9229020807572947,38.13851632845129],[-2.9229800358141977,38.13854726019039],[-2.9230138157241834,38.138552959046706],[-2.9230529583761373,38.138543320695675],[-2.9230885814667396,38.138504091710104],[-2.9231770926931255,38.13836796624173],[-2.9232601565203167,38.1383041791166],[-2.9233464892899383,38.13819554713041],[-2.923430056031349,38.13807534811724],[-2.9234783684859194,38.13807821137553],[-2.923538590787416,38.138089453184705],[-2.92356759552688,38.13809715363962],[-2.9236468531316135,38.13812284249798],[-2.9237309336837187,38.13812608461831],[-2.9239630604476066,38.13813692828711],[-2.924054080377762,38.13860474831489],[-2.924158632891394,38.13914211215928],[-2.924146332447757,38.139150568661876],[-2.9241268478744837,38.139163973840425],[-2.9239480610309876,38.13928698582052],[-2.923794441691454,38.13939272940266],[-2.9237452876937557,38.13937526570635],[-2.9237410053791706,38.13937287015827],[-2.923733226972563,38.13936852078848],[-2.9237023731851495,38.139347384141956],[-2.9236839262915506,38.1393365237094],[-2.92364899219343,38.139319381039996],[-2.92362570307408,38.139306525714346],[-2.9235907631086264,38.13929366200679],[-2.9235732985741376,38.139280810872066],[-2.92355001448393,38.139263675746406],[-2.9235267211736273,38.139255100220765],[-2.923526738775625,38.139237981858884],[-2.9234976083076063,38.13922944656639],[-2.9234181403170916,38.13923251769586],[-2.923400139340766,38.139239796541034],[-2.92341517060862,38.139203356214836],[-2.9233986448473415,38.13917369684867],[-2.923363673868845,38.13919079341761],[-2.9233461967615004,38.13919078168294],[-2.9233462017906424,38.13918650272109],[-2.923341750999793,38.139185190953185],[-2.9233170830572885,38.139177923004496],[-2.9233112618251904,38.139173639013535],[-2.923276326050688,38.139156495505944],[-2.9232588631925798,38.13914364520946],[-2.923270391662889,38.13913237154901],[-2.923276357901922,38.13912653690585],[-2.9232763620928734,38.13912225626768],[-2.923247269343422,38.139087997751005],[-2.923241444758561,38.13908799439821],[-2.9232064964112037,38.13908369196707],[-2.923183189689856,38.139087955003276],[-2.9231540525163138,38.13909649532491],[-2.9231191184181937,38.13907935265553],[-2.923101658912847,38.13906222088261],[-2.9231016765148445,38.13904510168254],[-2.923053328018089,38.13905575424394],[-2.9230509819232506,38.139056269731014],[-2.923033014474542,38.13903230503021],[-2.923006021391959,38.139037495104986],[-2.9229968532657233,38.13901079203626],[-2.922934683009814,38.13896122816348],[-2.922927005186051,38.138955106859214],[-2.9229095465188943,38.138937975924506],[-2.9228862884125877,38.138895160322335],[-2.9228571755465675,38.138882301643946],[-2.9228369751587198,38.13887115119746],[-2.9228257618479887,38.138864662765855],[-2.9227756665625075,38.138835167685016],[-2.922764029965641,38.13882232074124],[-2.922699972105024,38.13880087731707],[-2.922682509246916,38.13878802702058],[-2.922566034313502,38.138753708154184],[-2.922419129717,38.13871366444758],[-2.9223435945156866,38.13866379714989],[-2.9223044677893504,38.13863796579915],[-2.922285319330413,38.138635156185046],[-2.9222520926260707,38.138630279593485],[-2.922182282264965,38.13862003439266],[-2.9220576802377507,38.1386017484316],[-2.9217864762007575,38.13856199892979],[-2.92174846678218,38.138567857880446],[-2.921738584517752,38.13856938171057],[-2.9216991652629773,38.13857545859071],[-2.921592109074718,38.138592057274565],[-2.9215602670608627,38.13859699421582],[-2.9215456029203892,38.13860034194815],[-2.9215295633095244,38.138604003163636],[-2.9215434873279027,38.138590587926814],[-2.9215485089263917,38.138540993041005],[-2.9215342077223476,38.13850147068885],[-2.921491431515153,38.1384542336325],[-2.92147053291473,38.13843115657531],[-2.9214327657331682,38.13837789209205],[-2.9214653696620685,38.13828365518725],[-2.921696799889761,38.138133317363014],[-2.921688437264468,38.13807240439266],[-2.9216618062801243,38.138018025116196],[-2.9216435731250687,38.13799249635218],[-2.9215788606377755,38.13795561849062],[-2.92158414458985,38.13794034582395],[-2.921639787857371,38.13793134868854],[-2.921696301166492,38.13794220157743],[-2.921859242859288,38.13793774994835],[-2.922107167835215,38.13791930137842],[-2.9221726170918414,38.13790602109023]],[[-2.9222796137685836,38.13794433225732],[-2.9222290692130666,38.13794877550447],[-2.9220892573834507,38.13798364338555],[-2.9220580767017945,38.13799638387914],[-2.9220424863609655,38.138001833792885],[-2.9219999884329733,38.1379988146312],[-2.921883394476526,38.13797660258646],[-2.92181725874199,38.13796813602556],[-2.9217910242216902,38.137980457423936],[-2.921782224899216,38.13806075773752],[-2.9217821419183694,38.13809034753382],[-2.9218170131522125,38.13814659178388],[-2.921830759474233,38.1381662892575],[-2.9219112274258565,38.13818758013102],[-2.9219511261255215,38.1381905137973],[-2.922068475291489,38.13818221655083],[-2.922134022616388,38.13817064868559],[-2.9222313373562003,38.13814608886963],[-2.9222488555348725,38.138129408881355],[-2.9222702277128536,38.13801306554379],[-2.922283972358493,38.1379657907689],[-2.9222796137685836,38.13794433225732]]]},"properties":{"dn_surface":19237.315593149073,"provincia":23,"municipio":97,"agregado":0,"zona":0,"poligono":16,"parcela":174,"recinto":1,"uso_sigpac":"OV","idPanel":"23:97:0:0:16:174:1"},"id":1405808706},{"type":"Feature","geometry":{"type":"Polygon","coordinates":[[[-2.92158414458985,38.13794034582395],[-2.9215788606377755,38.13795561849062],[-2.9214653696620685,38.13828365518725],[-2.9214327657331682,38.13837789209205],[-2.9214194250952854,38.138416449687156],[-2.921354626274385,38.138394625724544],[-2.9212883849278612,38.13836529325266],[-2.9212753234073707,38.13834593859889],[-2.9212446548600286,38.13830049275535],[-2.921215467395065,38.13826499120236],[-2.921208776959555,38.13820997573944],[-2.9212166861238584,38.13816827828322],[-2.9212369653016017,38.13813014481249],[-2.921310014430285,38.138092917425496],[-2.921360594189798,38.138078779668604],[-2.921401058667961,38.138061951320594],[-2.9214302712786355,38.138042438248846],[-2.9214404259549336,38.138009618905016],[-2.9214320373457396,38.13798794414032],[-2.9214643906557205,38.13797854634993],[-2.9215020161831093,38.13795575763021],[-2.92158414458985,38.13794034582395]]]},"properties":{"dn_surface":871.3840623880967,"provincia":23,"municipio":97,"agregado":0,"zona":0,"poligono":16,"parcela":175,"recinto":6,"uso_sigpac":"OV","idPanel":"23:97:0:0:16:175:6"},"id":1405808700},{"type":"Feature","geometry":{"type":"Polygon","coordinates":[[[-2.9215788606377755,38.13795561849062],[-2.9216435731250687,38.13799249635218],[-2.9216618062801243,38.138018025116196],[-2.921688437264468,38.13807240439266],[-2.921696799889761,38.138133317363014],[-2.9214653696620685,38.13828365518725],[-2.9215788606377755,38.13795561849062]]]},"properties":{"dn_surface":332.4463238971781,"provincia":23,"municipio":97,"agregado":0,"zona":0,"poligono":16,"parcela":175,"recinto":9,"uso_sigpac":"OV","idPanel":"23:97:0:0:16:175:9"},"id":1405808697},{"type":"Feature","geometry":{"type":"Polygon","coordinates":[[[-2.9213828850244212,38.1379973938985],[-2.921389562887076,38.138008029696095],[-2.921390145429381,38.138019123145625],[-2.921369612279958,38.1380397350849],[-2.9213392714650492,38.13804591590065],[-2.9212766460717705,38.1380797209564],[-2.921214503476143,38.13811326365848],[-2.921185264043377,38.13814075294974],[-2.9211582290512763,38.13821792932782],[-2.921172769139574,38.13826674050566],[-2.9212479279934125,38.13837680579732],[-2.9213152916768363,38.13841145407255],[-2.921407761676327,38.138450158350935],[-2.9213993814490364,38.13847438205255],[-2.921339519569398,38.1386474046609],[-2.921323391948545,38.138637547542146],[-2.921255815364767,38.138596245711824],[-2.921165268173979,38.13854102573043],[-2.9210797400671087,38.13848869415307],[-2.921070502371073,38.13848310007057],[-2.9210500899210623,38.13847055822808],[-2.9209695582669704,38.1384937635284],[-2.9209651980006814,38.13849501997575],[-2.9209653715060875,38.13845843967178],[-2.92081539578008,38.13847720926864],[-2.9208102073817077,38.13853968043492],[-2.9205775559106497,38.13860671806225],[-2.9205735300823163,38.13860709943887],[-2.92056901726538,38.13856457049786],[-2.9205851834429906,38.13850481003925],[-2.9206174520957435,38.138451424856584],[-2.920654954409149,38.1383968125632],[-2.9206706905951014,38.13837389895315],[-2.9206800213302686,38.13835285115482],[-2.9207336034876765,38.13831940652099],[-2.920859505548149,38.13823301843081],[-2.920929194371652,38.13819689661693],[-2.921036100523835,38.1381372685924],[-2.9210836125066053,38.138115121926546],[-2.9211259000488163,38.13808675002079],[-2.921191288955735,38.138071095977494],[-2.921276501903027,38.13806011400729],[-2.921320190899532,38.13803776533757],[-2.9212826290746112,38.138001237839546],[-2.9213642243922786,38.13799802673225],[-2.9213828850244212,38.1379973938985]]]},"properties":{"dn_surface":2141.602199434444,"provincia":23,"municipio":97,"agregado":0,"zona":0,"poligono":16,"parcela":175,"recinto":2,"uso_sigpac":"OV","idPanel":"23:97:0:0:16:175:2"},"id":1405808699},{"type":"Feature","geometry":{"type":"Polygon","coordinates":[[[-2.921255815364767,38.138596245711824],[-2.9210968299305033,38.13860371063521],[-2.9210056381713234,38.138607992111616],[-2.9209713570234985,38.138571561005506],[-2.9209695582669704,38.1384937635284],[-2.9210500899210623,38.13847055822808],[-2.921070502371073,38.13848310007057],[-2.9210797400671087,38.13848869415307],[-2.921165268173979,38.13854102573043],[-2.921255815364767,38.138596245711824]]]},"properties":{"dn_surface":225.951117025141,"provincia":23,"municipio":48,"agregado":0,"zona":0,"poligono":24,"parcela":196,"recinto":11,"uso_sigpac":"OV","idPanel":"23:48:0:0:24:196:11"},"id":1112044785},{"type":"Feature","geometry":{"type":"Polygon","coordinates":[[[-2.921592109074718,38.138592057274565],[-2.921586467215357,38.138611856169206],[-2.921612601991004,38.13861485102339],[-2.921550896092558,38.13869746222778],[-2.9215372344277633,38.138715148044554],[-2.9215829987836175,38.13873736260382],[-2.9215659860337366,38.13876175226716],[-2.9215496228813898,38.138752191029624],[-2.9215272599623954,38.13873778002264],[-2.9214845952345185,38.13873107366152],[-2.9214410923162757,38.13874658102148],[-2.921424768558876,38.13875258665547],[-2.9214496602982085,38.138734181671396],[-2.9215177221942072,38.138686460979216],[-2.921529510503531,38.13865366259017],[-2.9215295633095244,38.138604003163636],[-2.9215456029203892,38.13860034194815],[-2.9215602670608627,38.13859699421582],[-2.921592109074718,38.138592057274565]]]},"properties":{"dn_surface":93.6053466796875,"provincia":23,"municipio":48,"agregado":0,"zona":0,"poligono":24,"parcela":198,"recinto":10,"uso_sigpac":"OV","idPanel":"23:48:0:0:24:198:10"},"id":1311989362},{"type":"Feature","geometry":{"type":"Polygon","coordinates":[[[-2.9215295633095244,38.138604003163636],[-2.921529510503531,38.13865366259017],[-2.9215177221942072,38.138686460979216],[-2.9214496602982085,38.138734181671396],[-2.921424768558876,38.13875258665547],[-2.9214074205328475,38.138765413482645],[-2.9212752722777586,38.13886312301014],[-2.9212864151804987,38.13882742112963],[-2.9212979620909962,38.13878910744796],[-2.921337603466219,38.1387952815582],[-2.921380870014778,38.13872265990659],[-2.921323551204714,38.138708435816085],[-2.9212484384513457,38.1386743315264],[-2.9212851377783795,38.13867038113523],[-2.9213419855254577,38.13867066109083],[-2.9213603938623,38.138670673663654],[-2.9214425214308513,38.13867184629197],[-2.9214779433557654,38.13865230975088],[-2.9215175688053705,38.1386185398992],[-2.9215260613501703,38.13860480279729],[-2.9215295633095244,38.138604003163636]]]},"properties":{"dn_surface":187.61970910423608,"provincia":23,"municipio":48,"agregado":0,"zona":0,"poligono":24,"parcela":197,"recinto":3,"uso_sigpac":"OV","idPanel":"23:48:0:0:24:197:3"},"id":1156719051},{"type":"Feature","geometry":{"type":"Polygon","coordinates":[[[-2.922285319330413,38.138635156185046],[-2.922191619705654,38.13864021382571],[-2.9219514739745236,38.13865940838514],[-2.9218583493483568,38.13866401843214],[-2.9217589248833913,38.13864385324828],[-2.921764961530415,38.13863230717598],[-2.921808104864991,38.13863724998458],[-2.9218187021058024,38.13864390102515],[-2.9218156829440995,38.1386033317732],[-2.9218029273630934,38.13860330914204],[-2.9218013658144386,38.13859307064672],[-2.921738584517752,38.13856938171057],[-2.92174846678218,38.138567857880446],[-2.9217864762007575,38.13856199892979],[-2.9220576802377507,38.1386017484316],[-2.922182282264965,38.13862003439266],[-2.9222520926260707,38.138630279593485],[-2.922285319330413,38.138635156185046]]]},"properties":{"dn_surface":250.207275390625,"provincia":23,"municipio":48,"agregado":0,"zona":0,"poligono":24,"parcela":198,"recinto":11,"uso_sigpac":"OV","idPanel":"23:48:0:0:24:198:11"},"id":1311989361},{"type":"Feature","geometry":{"type":"Polygon","coordinates":[[[-2.9216291864256076,38.13772272059157],[-2.9215875744648323,38.13776099990744],[-2.9215557751986845,38.13776767190279],[-2.9215012576208266,38.13778250451949],[-2.9214128955923258,38.137795959151305],[-2.921328562744919,38.137817825023404],[-2.921274382119589,38.13780024900959],[-2.921268359721801,38.13780024481866],[-2.9212382443801013,38.13780460927589],[-2.921226204613668,38.13780021632019],[-2.9212201872450225,38.137795827555436],[-2.9211599565616226,38.1378045556317],[-2.9211298554691583,38.13779576552932],[-2.921021428839649,38.13782199921144],[-2.921009384882264,38.13782199166772],[-2.920986869412623,38.13786980958997],[-2.920973604211873,38.137956809559114],[-2.920892295555311,38.137987476430084],[-2.920582735927119,38.13810423299549],[-2.920487649097302,38.13823962756183],[-2.9204721610156983,38.13827929324458],[-2.9204314651969945,38.13838352054037],[-2.920418224303765,38.13838666543063],[-2.920387863372288,38.138393854589395],[-2.9203810161951784,38.138393940084825],[-2.9202578868684403,38.13839574806144],[-2.9202297127756305,38.13838491277454],[-2.920177298217403,38.13831322570519],[-2.9200374369345568,38.13817081883823],[-2.919939832180877,38.138101083076094],[-2.9198152175808088,38.137999964628364],[-2.919713482225,38.13795131605946],[-2.9199264412515724,38.13792703955187],[-2.920007678661953,38.137919574628455],[-2.9201236607394314,38.13792697417304],[-2.9201896279977033,38.13792336995442],[-2.9202521578372806,38.13790761197552],[-2.920326422341997,38.1378869924925],[-2.9204004353896043,38.13785991810545],[-2.920641416796531,38.137757741023336],[-2.9208404886851005,38.13768263832824],[-2.9209655475260643,38.13763251370608],[-2.9210200307381173,38.137617091003335],[-2.921145873287074,38.137610042660555],[-2.9212957693849955,38.137617769099364],[-2.921415111767656,38.13763479442207],[-2.921522438691404,38.137683536030124],[-2.9216291864256076,38.13772272059157]]]},"properties":{"dn_surface":4880.54909465483,"provincia":23,"municipio":48,"agregado":0,"zona":0,"poligono":23,"parcela":15,"recinto":2,"uso_sigpac":"OV","idPanel":"23:48:0:0:23:15:2"},"id":1112043532},{"type":"Feature","geometry":{"type":"Polygon","coordinates":[[[-2.9237240286714754,38.1417395383784],[-2.923592473016975,38.141828767095745],[-2.9234918993930155,38.14186348913168],[-2.9233711195138756,38.14190513713464],[-2.9233710918535945,38.141931814219475],[-2.9233407175110706,38.141949909073105],[-2.9232877665110086,38.14194987386912],[-2.9231635358021277,38.14190824262997],[-2.9230232177055306,38.141863175648496],[-2.922932506229431,38.141851128338345],[-2.9228796113881232,38.14179737770468],[-2.9228721229953836,38.14175555368175],[-2.9228337053780975,38.141717855231775],[-2.922749972674994,38.1416892293544],[-2.9227131258264554,38.14167694735093],[-2.9226192392852446,38.1416457901386],[-2.922586963926969,38.14162666179624],[-2.9226479238359886,38.14160678494986],[-2.922723349234363,38.14161251314283],[-2.922760665469507,38.14161253828857],[-2.9227766531125696,38.14160227464748],[-2.923217276377515,38.141476843650025],[-2.923288849452964,38.14145634235183],[-2.923371133763112,38.14145098966813],[-2.9233930415447382,38.141453437184],[-2.9234693772178515,38.14146187021731],[-2.923540095339125,38.14149553445699],[-2.923556170153985,38.141510686424255],[-2.9235880272552683,38.14160281695666],[-2.9237240286714754,38.1417395383784]]]},"properties":{"dn_surface":3066.82343746177,"provincia":23,"municipio":48,"agregado":0,"zona":0,"poligono":24,"parcela":267,"recinto":1,"uso_sigpac":"OV","idPanel":"23:48:0:0:24:267:1"},"id":1112044686},{"type":"Feature","geometry":{"type":"Polygon","coordinates":[[[-2.923540095339125,38.14149553445699],[-2.9238824265342904,38.14151531910244],[-2.9238712425602222,38.141626256950275],[-2.9238662645476317,38.14180659696052],[-2.9237240286714754,38.1417395383784],[-2.9235880272552683,38.14160281695666],[-2.923556170153985,38.141510686424255],[-2.923540095339125,38.14149553445699]]]},"properties":{"dn_surface":622.157327530722,"provincia":23,"municipio":48,"agregado":0,"zona":0,"poligono":24,"parcela":238,"recinto":2,"uso_sigpac":"OV","idPanel":"23:48:0:0:24:238:2"},"id":1112044723},{"type":"Feature","geometry":{"type":"Polygon","coordinates":[[[-2.9226192392852446,38.1416457901386],[-2.9227131258264554,38.14167694735093],[-2.922749972674994,38.1416892293544],[-2.9228337053780975,38.141717855231775],[-2.9228721229953836,38.14175555368175],[-2.9228796113881232,38.14179737770468],[-2.922932506229431,38.141851128338345],[-2.9230232177055306,38.141863175648496],[-2.9231635358021277,38.14190824262997],[-2.923143427615221,38.1419304907169],[-2.922849004028678,38.1422579037999],[-2.9225514565066364,38.14262361715353],[-2.9225087205325795,38.14267622198096],[-2.9222145534322888,38.14297172850948],[-2.9218915768908906,38.143312728658344],[-2.921871585212444,38.14333227274312],[-2.9218425687383154,38.143360462761535],[-2.921718782270329,38.14332856375077],[-2.9216514873185147,38.14329399929457],[-2.9215868938542537,38.143188237272255],[-2.92139929763,38.14306445583341],[-2.92147436931204,38.14297573254484],[-2.921652996899366,38.142839402558025],[-2.921696561005507,38.14286655992592],[-2.921953757205084,38.14257012887347],[-2.9218924008320215,38.14253250418426],[-2.9221115607909303,38.142266509500416],[-2.9223965354574637,38.141920615996156],[-2.9224758341335253,38.14182450489773],[-2.9226192392852446,38.1416457901386]]]},"properties":{"dn_surface":10047.7765976362,"provincia":23,"municipio":48,"agregado":0,"zona":0,"poligono":24,"parcela":211,"recinto":2,"uso_sigpac":"OV","idPanel":"23:48:0:0:24:211:2"},"id":1112044765},{"type":"Feature","geometry":{"type":"Polygon","coordinates":[[[-2.9238662645476317,38.14180659696052],[-2.92393425352107,38.14183088604099],[-2.9239493945918618,38.14186676645605],[-2.9239358871540957,38.141906773282244],[-2.9239605752131688,38.141980152657936],[-2.9239757070638657,38.14202495560943],[-2.9239831284013773,38.14213239149794],[-2.923964132493087,38.142183210141695],[-2.923914703568947,38.1421987694695],[-2.923873408444131,38.142183149792004],[-2.923781822735478,38.142133519702156],[-2.923713252896115,38.142119054212856],[-2.9237019557663473,38.14211814561443],[-2.923646955390838,38.142113512936305],[-2.9235761475831947,38.14205578425114],[-2.9235260916926613,38.142014924147134],[-2.923393676054846,38.14194201331986],[-2.9233710918535945,38.141931814219475],[-2.9233711195138756,38.14190513713464],[-2.9234918993930155,38.14186348913168],[-2.923592473016975,38.141828767095745],[-2.9237240286714754,38.1417395383784],[-2.9238662645476317,38.14180659696052]]]},"properties":{"dn_surface":1542.63838096296,"provincia":23,"municipio":48,"agregado":0,"zona":0,"poligono":24,"parcela":207,"recinto":2,"uso_sigpac":"OV","idPanel":"23:48:0:0:24:207:2"},"id":1112044766},{"type":"Feature","geometry":{"type":"Polygon","coordinates":[[[-2.9231043402838313,38.14308471489457],[-2.9234176105807785,38.1427429838437],[-2.9233774218672473,38.14265120786584],[-2.9236972451364833,38.14225946031942],[-2.9237534625644064,38.14219055101296],[-2.923763965089706,38.142186862975336],[-2.9239726015685554,38.14227081863709],[-2.9241308510716766,38.14230300849991],[-2.924214368359856,38.14232000700059],[-2.924342336559584,38.1422792642432],[-2.9244459427562917,38.14229303151998],[-2.9245236782073185,38.14227262409912],[-2.924588414163942,38.142241932920626],[-2.9246963672158937,38.14224542901266],[-2.9247359792544527,38.142232116035046],[-2.924761130832799,38.14218752011655],[-2.924813034094902,38.142095534591135],[-2.9249231689563793,38.14197249411254],[-2.9249411506543246,38.141908335669115],[-2.924968753939495,38.14180939483998],[-2.925059411771411,38.141761686720656],[-2.925089704809469,38.141710604885105],[-2.925124195504885,38.141683318435895],[-2.925160307260472,38.14152093413969],[-2.9251808923776976,38.14136448842223],[-2.9251661050232407,38.1412044141787],[-2.925105193729263,38.14117688549251],[-2.9250643587709586,38.14115838327831],[-2.9250099501578473,38.14113383352063],[-2.9249780486324752,38.14108334177112],[-2.924942045841637,38.141026358237184],[-2.924878660209695,38.14096367919973],[-2.924844301110166,38.140861362978],[-2.9248567063275996,38.140845636850315],[-2.9248754952028686,38.14082181799469],[-2.924920501834631,38.140890252885384],[-2.924967621544308,38.141012675617645],[-2.9249910917127786,38.14105036400932],[-2.925045028424711,38.141090324735075],[-2.9251021888167967,38.14112065465352],[-2.925130911924297,38.141135894630736],[-2.9253297692361335,38.14126248149279],[-2.925391689711314,38.141315916966846],[-2.9254034428166413,38.141342371931216],[-2.925441990353435,38.141479749656014],[-2.9254469029871766,38.14158745376545],[-2.9254212501709906,38.14167693310168],[-2.9253870260201107,38.141779023850205],[-2.9253615752078037,38.14189491037399],[-2.9253795108052794,38.14198883379555],[-2.925403659907946,38.142145669271514],[-2.9254266221330534,38.142347387327106],[-2.9254256322302297,38.142424084260256],[-2.925418909105295,38.142527364400934],[-2.9253801453153874,38.142604217237476],[-2.925242485958635,38.1426356720074],[-2.9250425079862783,38.14267654971343],[-2.9247715243933516,38.14274045250883],[-2.9245105848355935,38.142802198640425],[-2.924009146668562,38.1429104702047],[-2.9237221913581903,38.14296769094648],[-2.923646951199886,38.14300234005984],[-2.923629775841073,38.14305739575593],[-2.923614291950422,38.14313309188981],[-2.9235702836033868,38.14331322570524],[-2.923537931131597,38.14347831567994],[-2.923529733629807,38.14357005896838],[-2.923528822516877,38.14367893067697],[-2.9235775247299682,38.143815144155354],[-2.9236326357466056,38.14404527351158],[-2.9236722100665986,38.144181300911725],[-2.9234659800322937,38.14430337579495],[-2.922019178801427,38.14394721529692],[-2.921965555572691,38.14393402050416],[-2.921840161455581,38.143909961926056],[-2.9217842541580947,38.143899198723545],[-2.9216317051876604,38.143869893911926],[-2.921596106404579,38.143863019912715],[-2.9215095397798443,38.14381501423583],[-2.9211584830229564,38.143620280820585],[-2.9210383854307755,38.14355368575772],[-2.92093117585368,38.14349421866578],[-2.920905629487671,38.14347833831107],[-2.920847923433657,38.14344233803479],[-2.9207583653075013,38.142991734437146],[-2.9207030782708867,38.14291111728764],[-2.9206548613700187,38.14282726556152],[-2.9206394864441148,38.14280258588434],[-2.9206338990671274,38.14277572355948],[-2.9206403648676194,38.14276521432862],[-2.9206730123824185,38.14271466139124],[-2.920724442905154,38.14265837523169],[-2.9207967460444118,38.14248473571524],[-2.9208769189530264,38.14244489987985],[-2.9208810126747795,38.142380851239324],[-2.9210576185469397,38.14232067839106],[-2.9211704892617756,38.14220728632179],[-2.921514040862116,38.14204754651621],[-2.9215670362862665,38.14200567387823],[-2.9216027079919105,38.14194278948412],[-2.921592069679771,38.1418584239473],[-2.921721604457295,38.14184823825795],[-2.921914700886738,38.141731565511606],[-2.9221070354011376,38.141579832100405],[-2.9221434086721185,38.141608517489345],[-2.9222942544397266,38.14162511282041],[-2.9223399265946397,38.14160107938804],[-2.9223698047284667,38.141620747524996],[-2.922411088118618,38.141646281318145],[-2.9224674488770925,38.14165911652725],[-2.9225061422590097,38.14165202292216],[-2.9225528252715067,38.14164358234518],[-2.922586963926969,38.14162666179624],[-2.9226192392852446,38.1416457901386],[-2.9224758341335253,38.14182450489773],[-2.9223965354574637,38.141920615996156],[-2.9221115607909303,38.142266509500416],[-2.9218924008320215,38.14253250418426],[-2.921953757205084,38.14257012887347],[-2.921696561005507,38.14286655992592],[-2.921652996899366,38.142839402558025],[-2.92147436931204,38.14297573254484],[-2.92139929763,38.14306445583341],[-2.9215868938542537,38.143188237272255],[-2.9216514873185147,38.14329399929457],[-2.921718782270329,38.14332856375077],[-2.9218425687383154,38.143360462761535],[-2.921871585212444,38.14333227274312],[-2.9219147402816854,38.14342368997552],[-2.9221132673465173,38.14346366075958],[-2.9221189670410133,38.14346988348484],[-2.9221308383311833,38.14346718702643],[-2.9221866307965887,38.143478401175344],[-2.922242628618635,38.14351250630321],[-2.922290023254753,38.14358752350287],[-2.9222899595522853,38.143648899992485],[-2.922393358715972,38.14386031591059],[-2.9231043402838313,38.14308471489457]]]},"properties":{"dn_surface":46149.9213503273,"provincia":23,"municipio":48,"agregado":0,"zona":0,"poligono":24,"parcela":224,"recinto":2,"uso_sigpac":"OV","idPanel":"23:48:0:0:24:224:2"},"id":1112044759},{"type":"Feature","geometry":{"type":"Polygon","coordinates":[[[-2.9233930415447382,38.141453437184],[-2.923396508300096,38.14141171122935],[-2.923393339102318,38.14138602320915],[-2.9233624417290054,38.14135923464502],[-2.9233087405485647,38.141312423389394],[-2.9232943815093857,38.14129402846362],[-2.9232783335166177,38.14125291941707],[-2.923272889470183,38.14122029034243],[-2.923255236342861,38.14118657078217],[-2.9233735184147074,38.14113140276859],[-2.9235180852982747,38.14103920937191],[-2.9236729887454507,38.14099406862968],[-2.923748130835481,38.14094220560071],[-2.924289559064928,38.14099528735849],[-2.924308964010117,38.14110173921148],[-2.924334585813259,38.14126668753201],[-2.9243457991239903,38.14146028687571],[-2.9243501032315256,38.14149219426838],[-2.924200817336191,38.14151183390689],[-2.9240025936962715,38.141513956204875],[-2.9238824265342904,38.14151531910244],[-2.923540095339125,38.14149553445699],[-2.9234693772178515,38.14146187021731],[-2.9233930415447382,38.141453437184]]]},"properties":{"dn_surface":4832.37534392671,"provincia":23,"municipio":48,"agregado":0,"zona":0,"poligono":24,"parcela":200,"recinto":2,"uso_sigpac":"OV","idPanel":"23:48:0:0:24:200:2"},"id":1112044771},{"type":"Feature","geometry":{"type":"Polygon","coordinates":[[[-2.921795560507957,38.14108545736363],[-2.921601255408004,38.14115986016972],[-2.921197157126496,38.1413838187685],[-2.92112803240511,38.14135601264127],[-2.921057588372087,38.141387057536065],[-2.921035211203856,38.14139695656431],[-2.921035003332645,38.141377849176706],[-2.921128112871385,38.14128039613547],[-2.9211776951843618,38.141228427494525],[-2.921342109577632,38.14103990506993],[-2.9214300768184707,38.14094803605295],[-2.9216851398235644,38.14104392419273],[-2.921795560507957,38.14108545736363]]]},"properties":{"dn_surface":1199.53874298074,"provincia":23,"municipio":48,"agregado":0,"zona":0,"poligono":24,"parcela":256,"recinto":1,"uso_sigpac":"OV","idPanel":"23:48:0:0:24:256:1"},"id":1112044706},{"type":"Feature","geometry":{"type":"Polygon","coordinates":[[[-2.9219413469585085,38.141029587784686],[-2.922175160161415,38.1411488036006],[-2.922167677636008,38.14121098559116],[-2.92222300490576,38.14122949870185],[-2.92224798130232,38.141243756319966],[-2.9222611903443143,38.141270622835776],[-2.922261141729274,38.141316767730075],[-2.9222677173327036,38.14146629167146],[-2.9222855397744794,38.1415556192953],[-2.922303426756914,38.14158393085131],[-2.9223399265946397,38.14160107938804],[-2.9222942544397266,38.14162511282041],[-2.9221434086721185,38.141608517489345],[-2.9221070354011376,38.141579832100405],[-2.921914700886738,38.141731565511606],[-2.921721604457295,38.14184823825795],[-2.921592069679771,38.1418584239473],[-2.9216027079919105,38.14194278948412],[-2.9215670362862665,38.14200567387823],[-2.921514040862116,38.14204754651621],[-2.9211704892617756,38.14220728632179],[-2.921155261857376,38.14193220984532],[-2.9211484322822656,38.14180927246417],[-2.9210049776773133,38.14149697614445],[-2.921035211203856,38.14139695656431],[-2.921057588372087,38.141387057536065],[-2.92112803240511,38.14135601264127],[-2.921197157126496,38.1413838187685],[-2.921601255408004,38.14115986016972],[-2.921795560507957,38.14108545736363],[-2.9219413469585085,38.141029587784686]]]},"properties":{"dn_surface":7915.16144590315,"provincia":23,"municipio":48,"agregado":0,"zona":0,"poligono":24,"parcela":193,"recinto":1,"uso_sigpac":"OV","idPanel":"23:48:0:0:24:193:1"},"id":1112044793},{"type":"Feature","geometry":{"type":"Polygon","coordinates":[[[-2.925160307260472,38.14152093413969],[-2.925124195504885,38.141683318435895],[-2.925089704809469,38.141710604885105],[-2.925059411771411,38.141761686720656],[-2.924968753939495,38.14180939483998],[-2.9249411506543246,38.141908335669115],[-2.9249231689563793,38.14197249411254],[-2.924813034094902,38.142095534591135],[-2.924761130832799,38.14218752011655],[-2.9247359792544527,38.142232116035046],[-2.9246963672158937,38.14224542901266],[-2.924588414163942,38.142241932920626],[-2.9245236782073185,38.14227262409912],[-2.9244459427562917,38.14229303151998],[-2.924342336559584,38.1422792642432],[-2.924214368359856,38.14232000700059],[-2.9241308510716766,38.14230300849991],[-2.9239726015685554,38.14227081863709],[-2.923763965089706,38.142186862975336],[-2.9237534625644064,38.14219055101296],[-2.923668474252133,38.142161744086394],[-2.9236896125750014,38.14213616251638],[-2.9237019557663473,38.14211814561443],[-2.923713252896115,38.142119054212856],[-2.923781822735478,38.142133519702156],[-2.923873408444131,38.142183149792004],[-2.923914703568947,38.1421987694695],[-2.923964132493087,38.142183210141695],[-2.9239831284013773,38.14213239149794],[-2.9239757070638657,38.14202495560943],[-2.9239605752131688,38.141980152657936],[-2.9239358871540957,38.141906773282244],[-2.9239493945918618,38.14186676645605],[-2.92393425352107,38.14183088604099],[-2.9238662645476317,38.14180659696052],[-2.9238712425602222,38.141626256950275],[-2.9238824265342904,38.14151531910244],[-2.9240025936962715,38.141513956204875],[-2.924200817336191,38.14151183390689],[-2.9243501032315256,38.14149219426838],[-2.924577738133236,38.14140852610595],[-2.9246264847704166,38.141390533511554],[-2.9246893339605236,38.141419595247925],[-2.9248065741617424,38.14137776284309],[-2.924891320237,38.14142008810387],[-2.9250465715331777,38.14148156517635],[-2.925160307260472,38.14152093413969]]]},"properties":{"dn_surface":8409.18805036097,"provincia":23,"municipio":48,"agregado":0,"zona":0,"poligono":24,"parcela":205,"recinto":3,"uso_sigpac":"OV","idPanel":"23:48:0:0:24:205:3"},"id":1112044767},{"type":"Feature","geometry":{"type":"Polygon","coordinates":[[[-2.920847923433657,38.14344233803479],[-2.9208296760293644,38.14343096965885],[-2.920818612754709,38.14342537473814],[-2.9208075486418634,38.14341977897928],[-2.920499592471843,38.14326292673948],[-2.9204611555761786,38.14324343294612],[-2.9203518882417314,38.14318783997004],[-2.9202560797300086,38.14313901454295],[-2.9195971581658515,38.14281815694679],[-2.919480476199417,38.14276129578869],[-2.919811227794661,38.14251980727656],[-2.920361934791472,38.14241461019455],[-2.920379587918793,38.142475409171],[-2.9203838727479496,38.14248947065258],[-2.9204018217564713,38.142548361907814],[-2.920410632813611,38.14257727360814],[-2.920446303681064,38.14263242066693],[-2.9204988917446966,38.14269644835272],[-2.9205349532088603,38.14274751761542],[-2.920548506747097,38.1427586135795],[-2.9206005139448052,38.14280118862098],[-2.92063737588077,38.142841731889064],[-2.920639953316149,38.142844566648876],[-2.9207030782708867,38.14291111728764],[-2.9207583653075013,38.142991734437146],[-2.920847923433657,38.14344233803479]]]},"properties":{"dn_surface":6068.04336130822,"provincia":23,"municipio":48,"agregado":0,"zona":0,"poligono":24,"parcela":192,"recinto":2,"uso_sigpac":"OV","idPanel":"23:48:0:0:24:192:2"},"id":1112044795},{"type":"Feature","geometry":{"type":"Polygon","coordinates":[[[-2.9203701834228744,38.142413035234824],[-2.920361934791472,38.14241461019455],[-2.919811227794661,38.14251980727656],[-2.9197688237439885,38.142475254944],[-2.9196857255509925,38.14238849553547],[-2.919649833401282,38.14233790990863],[-2.919689764790372,38.142346769580826],[-2.9197156740928096,38.14234291222871],[-2.9197355752466962,38.1423015584306],[-2.9197605097337367,38.14224975323674],[-2.920326899272317,38.14212613189227],[-2.9203378820806964,38.142198932916614],[-2.9203701834228744,38.142413035234824]]]},"properties":{"dn_surface":1718.21008102993,"provincia":23,"municipio":48,"agregado":0,"zona":0,"poligono":24,"parcela":264,"recinto":1,"uso_sigpac":"OV","idPanel":"23:48:0:0:24:264:1"},"id":1112044689},{"type":"Feature","geometry":{"type":"Polygon","coordinates":[[[-2.919123131338395,38.14258728160112],[-2.9195971581658515,38.14281815694679],[-2.920112454134223,38.14306907761508],[-2.9200433704841657,38.14306051717688],[-2.920084579275375,38.14313158230897],[-2.920132235426887,38.14318504041421],[-2.9201760677539452,38.14323130600786],[-2.920196952105132,38.143241510137415],[-2.9202157812135385,38.14325071095308],[-2.920254043765607,38.14328861392147],[-2.9202031957851764,38.14328759635836],[-2.9199417709151962,38.14315979579675],[-2.919286259947643,38.14278985293447],[-2.9191987386240803,38.142740459214366],[-2.9191230533866914,38.142658300632746],[-2.919123078532402,38.14263486315369],[-2.919123131338395,38.14258728160112]]]},"properties":{"dn_surface":1431.96775244536,"provincia":23,"municipio":97,"agregado":0,"zona":0,"poligono":15,"parcela":594,"recinto":2,"uso_sigpac":"OV","idPanel":"23:97:0:0:15:594:2"},"id":1112590044},{"type":"Feature","geometry":{"type":"Polygon","coordinates":[[[-2.9191304344910645,38.14270563659554],[-2.9194032738374633,38.14294106331488],[-2.9196670054073337,38.14307489800899],[-2.9199282500663846,38.143210046985615],[-2.9201118213004955,38.14333711999802],[-2.9201854906900513,38.14333749886006],[-2.920167710995985,38.14338761258571],[-2.919379428997899,38.143227089072155],[-2.9193637313687044,38.143285209192214],[-2.9192770230897973,38.143264419556516],[-2.919178922127421,38.14301659264888],[-2.9191304344910645,38.14270563659554]]]},"properties":{"dn_surface":2113.93708976874,"provincia":23,"municipio":97,"agregado":0,"zona":0,"poligono":15,"parcela":598,"recinto":2,"uso_sigpac":"OV","idPanel":"23:97:0:0:15:598:2"},"id":1112590037},{"type":"Feature","geometry":{"type":"Polygon","coordinates":[[[-2.919379428997899,38.143227089072155],[-2.920167710995985,38.14338761258571],[-2.920154066933189,38.14359196255904],[-2.9200584336032533,38.143576177758064],[-2.9199717060459673,38.1435407675678],[-2.919800263426468,38.14346947277156],[-2.9196123352788286,38.14340476196065],[-2.9194645589643455,38.14338196234448],[-2.9193368899985788,38.14338457917478],[-2.9193370534457,38.14338397316317],[-2.9193637313687044,38.143285209192214],[-2.919379428997899,38.143227089072155]]]},"properties":{"dn_surface":1278.4368017427316,"provincia":23,"municipio":97,"agregado":0,"zona":0,"poligono":15,"parcela":81,"recinto":2,"uso_sigpac":"OV","idPanel":"23:97:0:0:15:81:2"},"id":1155764207},{"type":"Feature","geometry":{"type":"Polygon","coordinates":[[[-2.9207765959479866,38.14133336976667],[-2.9207766009771285,38.141342214351425],[-2.9207268401296047,38.141408016486196],[-2.9206297206881477,38.14150349391272],[-2.9205478755897505,38.14160380183037],[-2.920451602720565,38.14174664623272],[-2.9202766656854253,38.14193040438326],[-2.920203613203979,38.14199619897434],[-2.920230104210532,38.14202269501004],[-2.920302343647321,38.142039549341916],[-2.920367327708294,38.14197692394865],[-2.9204375730901995,38.14199496683446],[-2.920326899272317,38.14212613189227],[-2.9197605097337367,38.14224975323674],[-2.919780309466588,38.14209150457185],[-2.9198002248697112,38.14193235485226],[-2.919567384805821,38.14186405742478],[-2.919651618746764,38.14174469827827],[-2.9197551914158577,38.14157704511743],[-2.919915156694659,38.14139203638686],[-2.919940351020715,38.1413606210119],[-2.9203223981900455,38.14134863656602],[-2.9207765959479866,38.14133336976667]]]},"properties":{"dn_surface":5802.1392822265625,"provincia":23,"municipio":48,"agregado":0,"zona":0,"poligono":24,"parcela":194,"recinto":1,"uso_sigpac":"OV","idPanel":"23:48:0:0:24:194:1"},"id":1324573859},{"type":"Feature","geometry":{"type":"Polygon","coordinates":[[[-2.921035211203856,38.14139695656431],[-2.9210049776773133,38.14149697614445],[-2.9211484322822656,38.14180927246417],[-2.921155261857376,38.14193220984532],[-2.9211704892617756,38.14220728632179],[-2.9210576185469397,38.14232067839106],[-2.9208810126747795,38.142380851239324],[-2.92076089664241,38.14243971148147],[-2.9207437481056897,38.14246845051457],[-2.9205711890166217,38.142479326872774],[-2.9204426617439183,38.14208223083358],[-2.920326899272317,38.14212613189227],[-2.9204375730901995,38.14199496683446],[-2.9207447606396526,38.14163090555405],[-2.920989943894889,38.14136195624917],[-2.921035003332645,38.141377849176706],[-2.921035211203856,38.14139695656431]]]},"properties":{"dn_surface":5000.8133544921875,"provincia":23,"municipio":48,"agregado":0,"zona":0,"poligono":24,"parcela":265,"recinto":3,"uso_sigpac":"OV","idPanel":"23:48:0:0:24:265:3"},"id":1324573861},{"type":"Feature","geometry":{"type":"Polygon","coordinates":[[[-2.9204628009438696,38.1407589168368],[-2.9204876415535894,38.14079363300539],[-2.920505424600418,38.1408108594938],[-2.9205505678572097,38.140854511609945],[-2.9205955971201116,38.14089807403971],[-2.920611785090672,38.14091358726702],[-2.9206260083430116,38.14095190011051],[-2.920654738156035,38.14097742635994],[-2.920685192126643,38.14099159680629],[-2.9207390416667782,38.14100443201539],[-2.920771343847146,38.14099751443027],[-2.9208739299661777,38.141108080121626],[-2.9209601772403824,38.141238372623235],[-2.920989943894889,38.14136195624917],[-2.9207447606396526,38.14163090555405],[-2.9204375730901995,38.14199496683446],[-2.920367327708294,38.14197692394865],[-2.920302343647321,38.142039549341916],[-2.920230104210532,38.14202269501004],[-2.920203613203979,38.14199619897434],[-2.9202766656854253,38.14193040438326],[-2.920451602720565,38.14174664623272],[-2.9205478755897505,38.14160380183037],[-2.9206297206881477,38.14150349391272],[-2.9207268401296047,38.141408016486196],[-2.9207766009771285,38.141342214351425],[-2.9207765959479866,38.14133336976667],[-2.9203223981900455,38.14134863656602],[-2.919940351020715,38.1413606210119],[-2.920096619041808,38.141165765220876],[-2.920184499949037,38.14104974291024],[-2.920294074061159,38.14092328093864],[-2.920395063427541,38.14082096723146],[-2.9204628009438696,38.1407589168368]]]},"properties":{"dn_surface":4691.06982421875,"provincia":23,"municipio":48,"agregado":0,"zona":0,"poligono":24,"parcela":194,"recinto":2,"uso_sigpac":"OV","idPanel":"23:48:0:0:24:194:2"},"id":1324573860},{"type":"Feature","geometry":{"type":"Polygon","coordinates":[[[-2.9280928897652263,38.141996061511094],[-2.9280280540639487,38.14201287393351],[-2.927880005337596,38.142051175042326],[-2.927874068435226,38.142054325799904],[-2.92785524267958,38.14206440252448],[-2.9277147418574834,38.142097681196645],[-2.927690348003229,38.14209850178503],[-2.9273247997730847,38.141723846616514],[-2.927306554045174,38.14182648889434],[-2.9272372424073363,38.142217414176],[-2.9271311166103846,38.14260201866415],[-2.9270767976836436,38.14265115003073],[-2.9269984956159294,38.14271277713925],[-2.926933093297964,38.14280433602582],[-2.9268485333009684,38.14290922297741],[-2.926819184065263,38.14298124029375],[-2.926804504837364,38.14302125047274],[-2.9268021989756647,38.14307549815331],[-2.9268111282176448,38.14315643297695],[-2.9268132446483217,38.14326380013384],[-2.9261863327360946,38.14392653294962],[-2.9261313482862024,38.14390441645858],[-2.9261219940817056,38.14390062532357],[-2.92617824084629,38.14380125198821],[-2.9262443329949277,38.143670521112995],[-2.926317410622085,38.14351554977242],[-2.926403113910741,38.14328731472639],[-2.9264055966306084,38.143200163882995],[-2.9264236520893068,38.1430614710375],[-2.9263693155605686,38.14296202645599],[-2.9263193493564033,38.142829328348],[-2.926335525592299,38.142628807228306],[-2.9265370533786443,38.14183059602712],[-2.9266137913831343,38.141549720949655],[-2.926717310408044,38.141354457798144],[-2.9267290065164264,38.14135041269145],[-2.926739494792491,38.14134753602207],[-2.926750476762681,38.141346243532524],[-2.9267615718885702,38.14134658132323],[-2.9267725622406635,38.14134853765958],[-2.926791760991023,38.14135683406781],[-2.926799593041813,38.14136292100625],[-2.9268058786313755,38.14137003975705],[-2.926810404859358,38.141377948083175],[-2.9268133971989685,38.14138847659237],[-2.926813302483457,38.141399109037195],[-2.92680171031068,38.14147495185432],[-2.926906569601987,38.14146527662294],[-2.9269202723381085,38.14146401263187],[-2.9269308804753944,38.14146378464409],[-2.926951309689212,38.14146478292881],[-2.9270511566021242,38.14146966538772],[-2.9270305823813727,38.14135875855288],[-2.927032113755173,38.14134981757627],[-2.9270357758088874,38.141341272225475],[-2.9270414335938653,38.14133343430734],[-2.9270488784007056,38.14132659215937],[-2.9270578394939206,38.141320995562296],[-2.927067985788314,38.14131685154911],[-2.9270789468037455,38.14131431099409],[-2.927090321047027,38.141313466936424],[-2.927101689422976,38.14131435122724],[-2.927112636189171,38.14131693033903],[-2.927137491886317,38.14132869350263],[-2.9272244725770933,38.14137351908528],[-2.9273048064182583,38.141418907931836],[-2.927371416568542,38.14142972394032],[-2.927374619293935,38.1414255589724],[-2.9276288080664754,38.1416333228951],[-2.927669035336765,38.141666202588596],[-2.9279838638296045,38.14192290006491],[-2.9280928897652263,38.141996061511094]]]},"properties":{"dn_surface":15882.5371647103,"provincia":23,"municipio":48,"agregado":0,"zona":0,"poligono":24,"parcela":226,"recinto":2,"uso_sigpac":"OV","idPanel":"23:48:0:0:24:226:2"},"id":1112044751},{"type":"Feature","geometry":{"type":"Polygon","coordinates":[[[-2.9276917544866654,38.142099942634246],[-2.927598901434177,38.14210908058564],[-2.9275355660936575,38.14211922520366],[-2.92751132311367,38.142073687997396],[-2.9274405664356387,38.14212067108201],[-2.9273583525334805,38.142159119712375],[-2.927330726617171,38.14217203874048],[-2.9272628424175293,38.142192562669834],[-2.92724053817186,38.14219882646643],[-2.927306554045174,38.14182648889434],[-2.9273247997730847,38.141723846616514],[-2.9276917544866654,38.142099942634246]]]},"properties":{"dn_surface":919.396163646681,"provincia":23,"municipio":97,"agregado":0,"zona":0,"poligono":16,"parcela":177,"recinto":5,"uso_sigpac":"OV","idPanel":"23:97:0:0:16:177:5"},"id":1112590760},{"type":"Feature","geometry":{"type":"Polygon","coordinates":[[[-2.926717310408044,38.141354457798144],[-2.9266137913831343,38.141549720949655],[-2.9265370533786443,38.14183059602712],[-2.926335525592299,38.142628807228306],[-2.9263193493564033,38.142829328348],[-2.9263693155605686,38.14296202645599],[-2.9264236520893068,38.1430614710375],[-2.9264055966306084,38.143200163882995],[-2.926403113910741,38.14328731472639],[-2.926317410622085,38.14351554977242],[-2.9262443329949277,38.143670521112995],[-2.92617824084629,38.14380125198821],[-2.9261219940817056,38.14390062532357],[-2.926068721216543,38.14387914082806],[-2.926055145885357,38.14387363391734],[-2.9259968539362764,38.14385016374888],[-2.9258734354338607,38.143789880259476],[-2.9254263019443334,38.14357139420562],[-2.9250493199593914,38.143387201034244],[-2.9250391677976646,38.1433822381091],[-2.9249151231670445,38.14337819132601],[-2.9249008068755757,38.14322463987989],[-2.9247347278362352,38.143238961200524],[-2.9247210921553433,38.14320016891213],[-2.92467325495471,38.143197572198375],[-2.924607371515475,38.14319933155994],[-2.9245310945156864,38.14320385778797],[-2.9244701572378067,38.14320109175972],[-2.9244233007199045,38.14318969153254],[-2.9243865871436348,38.14317058079217],[-2.9243345330072654,38.14311551000864],[-2.9243046900774345,38.14301852886862],[-2.9242912195200454,38.14290197346892],[-2.9248457721342604,38.14278376180505],[-2.9253906981321087,38.14266379748517],[-2.9254699901026475,38.1425718303999],[-2.9254881386004774,38.14245485758141],[-2.9254974316170776,38.142292095261354],[-2.925470323702414,38.14212714610264],[-2.925441358357898,38.14187973074644],[-2.92546236843764,38.141754738960685],[-2.925508934103486,38.14152197181937],[-2.925489330507179,38.141384516142864],[-2.9254509799451216,38.14127796203064],[-2.9253779190817726,38.14119121268041],[-2.9251421419988355,38.14109002801567],[-2.9250518253103985,38.141027240851656],[-2.92501673614706,38.14096890615485],[-2.924979968926607,38.14087740342708],[-2.924999222159339,38.1407968432745],[-2.925001696497303,38.140720147179536],[-2.9250146197163827,38.140692576583774],[-2.9250683594535802,38.14070153432425],[-2.9251042474123383,38.140646490362826],[-2.9251170742395267,38.14060170585148],[-2.925118259440706,38.14055817611117],[-2.925131085429703,38.140513481286234],[-2.925145589475816,38.140501954492294],[-2.925111479318826,38.14037945045558],[-2.9250544044221587,38.14028342820532],[-2.924998890235954,38.14022408935645],[-2.9249550092938543,38.14017151638026],[-2.924901187414002,38.14013164534089],[-2.924822607067085,38.1400871617399],[-2.9247861893720146,38.13998935079138],[-2.9247783372046547,38.13996816552989],[-2.92475567672808,38.139808717414525],[-2.9249157928811482,38.13979575396229],[-2.9251171899097965,38.139779412602934],[-2.925149404080176,38.13977679912537],[-2.9252343756286425,38.13982029533804],[-2.925402038009586,38.13990620482153],[-2.925845621762909,38.14011441382331],[-2.9258918169486114,38.1401360735006],[-2.9259012826324273,38.14014202800496],[-2.926077968132673,38.14025237744315],[-2.9261201332990896,38.14027871086992],[-2.9265902248227733,38.140457733244915],[-2.926692727122767,38.140527240181115],[-2.9268138556890997,38.14060937864616],[-2.9271284503268267,38.14074855345106],[-2.9272688664916973,38.14081064910803],[-2.927349169319818,38.14084611964799],[-2.927371424950446,38.14084324968417],[-2.9273827237565953,38.14084172501592],[-2.9275107791281205,38.14082486230208],[-2.927650133305796,38.14080647408181],[-2.927553909051651,38.14094791200074],[-2.9274948367473383,38.141139933870136],[-2.9274449836988734,38.141123229574305],[-2.9273876397430976,38.141065873045676],[-2.9273287669280927,38.141053668155735],[-2.9272124043121877,38.14101691350814],[-2.9271640415661953,38.140994170888916],[-2.9270657075868964,38.14099410802464],[-2.926957612042583,38.140890565530384],[-2.92680371945299,38.14074812262123],[-2.9267613774284045,38.14077196913718],[-2.92683374343194,38.14096788020984],[-2.9267004627816653,38.141182779647124],[-2.926752754125908,38.141287602896284],[-2.926717310408044,38.141354457798144]]]},"properties":{"dn_surface":50450.7563118259,"provincia":23,"municipio":48,"agregado":0,"zona":0,"poligono":24,"parcela":225,"recinto":3,"uso_sigpac":"OV","idPanel":"23:48:0:0:24:225:3"},"id":1112044755},{"type":"Feature","geometry":{"type":"Polygon","coordinates":[[[-2.9270703109283924,38.14279804037798],[-2.927128998503327,38.142816326339045],[-2.927334746578172,38.1426764969074],[-2.9274411690945126,38.1427582380702],[-2.9274142774329643,38.14283773707376],[-2.927353770984934,38.142906599441574],[-2.9273167917023173,38.14297017618091],[-2.9272295503343377,38.14296484109923],[-2.9271859820372446,38.142940992906915],[-2.9272227568014118,38.14303110004775],[-2.927390356318077,38.14326442961479],[-2.9274606788134983,38.14341820318137],[-2.927520925422515,38.1435878688373],[-2.9275342224744985,38.14368328088497],[-2.927480545601579,38.14368325406289],[-2.9273161823379206,38.14358245245114],[-2.927148524147929,38.143433921765336],[-2.9270044115635394,38.14323239565536],[-2.926936811510432,38.14304931140984],[-2.927040216541452,38.14285457296549],[-2.9270634260327175,38.14281105663619],[-2.9270703109283924,38.14279804037798]]]},"properties":{"dn_surface":2720.87298621827,"provincia":23,"municipio":97,"agregado":0,"zona":0,"poligono":16,"parcela":177,"recinto":9,"uso_sigpac":"OV","idPanel":"23:97:0:0:16:177:9"},"id":1112590756},{"type":"Feature","geometry":{"type":"Polygon","coordinates":[[[-2.926854753511682,38.14321991835354],[-2.926858432329203,38.14314756995199],[-2.9268472232094243,38.143095092529535],[-2.9268438955936666,38.14304439877611],[-2.9268676130282945,38.14297326742698],[-2.926891322919209,38.142911029277656],[-2.9269499610409118,38.14282746924175],[-2.9270006916746913,38.142769695294334],[-2.9270545026580685,38.1427114167563],[-2.927115896749698,38.14265717410487],[-2.9270843481024706,38.14277150494735],[-2.9270634260327175,38.14281105663619],[-2.927040216541452,38.14285457296549],[-2.926882438101318,38.14315170977426],[-2.926854753511682,38.14321991835354]]]},"properties":{"dn_surface":405.308210117005,"provincia":23,"municipio":48,"agregado":0,"zona":0,"poligono":24,"parcela":226,"recinto":3,"uso_sigpac":"OV","idPanel":"23:48:0:0:24:226:3"},"id":1112044750},{"type":"Feature","geometry":{"type":"Polygon","coordinates":[[[-2.9248567063275996,38.140845636850315],[-2.924844301110166,38.140861362978],[-2.924878660209695,38.14096367919973],[-2.924942045841637,38.141026358237184],[-2.9249780486324752,38.14108334177112],[-2.9250099501578473,38.14113383352063],[-2.9250643587709586,38.14115838327831],[-2.925105193729263,38.14117688549251],[-2.9251661050232407,38.1412044141787],[-2.9251808923776976,38.14136448842223],[-2.925160307260472,38.14152093413969],[-2.9250465715331777,38.14148156517635],[-2.924891320237,38.14142008810387],[-2.9248065741617424,38.14137776284309],[-2.9246893339605236,38.141419595247925],[-2.9246264847704166,38.141390533511554],[-2.924577738133236,38.14140852610595],[-2.9243501032315256,38.14149219426838],[-2.9243457991239903,38.14146028687571],[-2.924334585813259,38.14126668753201],[-2.924308964010117,38.14110173921148],[-2.924289559064928,38.14099528735849],[-2.9242494005262496,38.14076201311198],[-2.9243345531238343,38.1407576243472],[-2.924423067702983,38.1407532657573],[-2.9246287638100243,38.14076558799388],[-2.9247902034656823,38.14080288914161],[-2.9248567063275996,38.140845636850315]]]},"properties":{"dn_surface":4614.29411929828,"provincia":23,"municipio":48,"agregado":0,"zona":0,"poligono":24,"parcela":237,"recinto":1,"uso_sigpac":"OV","idPanel":"23:48:0:0:24:237:1"},"id":1112044725},{"type":"Feature","geometry":{"type":"Polygon","coordinates":[[[-2.923950225238515,38.13807090989923],[-2.9240218242978644,38.13808974738953],[-2.9240843164188752,38.13810618933178],[-2.924148385175966,38.13812304617824],[-2.9243412594849616,38.13820572443788],[-2.9243902559028716,38.13821752532007],[-2.9244032302515643,38.138267977674644],[-2.9244094873426545,38.13827710808229],[-2.9244595851427064,38.13831364396222],[-2.9244658472629395,38.13831821126152],[-2.9246036985652863,38.13833655338132],[-2.924635023415686,38.13834569971462],[-2.9247415456766808,38.13835945777129],[-2.924791676166157,38.13836405356906],[-2.9248981841779162,38.13839150095086],[-2.924934766158298,38.1383990312531],[-2.925062105715251,38.13838984720127],[-2.9252554821002765,38.13840848520226],[-2.925390277360545,38.13840394221046],[-2.925395043310972,38.13840447110857],[-2.925394791853862,38.13841296616798],[-2.9253252740211946,38.138524823510636],[-2.9252333077741146,38.138683721773106],[-2.9251503520734823,38.13891294253102],[-2.9250169767076954,38.13910123193867],[-2.924983339290073,38.139164615056046],[-2.924966788383083,38.13918481544388],[-2.9248417396004043,38.13933744152783],[-2.9245342042019487,38.139222873477536],[-2.924158632891394,38.13914211215928],[-2.924054080377762,38.13860474831489],[-2.9239630604476066,38.13813692828711],[-2.9239506527156025,38.13807311014895],[-2.923950225238515,38.13807090989923]]]},"properties":{"dn_surface":10064.0302734375,"provincia":23,"municipio":97,"agregado":0,"zona":0,"poligono":16,"parcela":382,"recinto":1,"uso_sigpac":"OV","idPanel":"23:97:0:0:16:382:1"},"id":1311989355},{"type":"Feature","geometry":{"type":"Polygon","coordinates":[[[-2.9253454635125675,38.13889433470487],[-2.92537385050573,38.13889513601484],[-2.925407895283871,38.13890308457408],[-2.925571212485952,38.13894121385388],[-2.9257039986039097,38.13897993657247],[-2.925721311425943,38.13899112138472],[-2.9257318868738045,38.13900668657985],[-2.9257341935736947,38.13902201540526],[-2.9257318458024764,38.139032873323316],[-2.9257122723810234,38.1390722456394],[-2.925718445653078,38.139146259525205],[-2.925837553342435,38.139128700275194],[-2.9258528846824396,38.13912809091079],[-2.9259898122990013,38.1391371919818],[-2.926007100813514,38.139140551448776],[-2.92602876049079,38.13915335313027],[-2.9260394675345403,38.13916878337673],[-2.9260422913978865,38.13918244671791],[-2.9260535684110853,38.13919362314826],[-2.926079318457354,38.13919250667874],[-2.9259189709637443,38.13958271698402],[-2.925828640026071,38.139909637211076],[-2.9257526857295746,38.139826617807984],[-2.9256102361148733,38.139724701403054],[-2.925509317994673,38.139812684569534],[-2.925471571767871,38.13978576440951],[-2.92538298342797,38.13973864218525],[-2.925346365405402,38.13970845475919],[-2.9252905410887626,38.13966243307888],[-2.9252664087499025,38.139659488516116],[-2.925218137366661,38.139659457503086],[-2.9251899708175646,38.13966822581253],[-2.9251537702137984,38.13966527286783],[-2.925106496277093,38.13965952874926],[-2.9250853956727916,38.139656442532356],[-2.9250451667261226,38.139659344347365],[-2.925025050995502,38.139662260411654],[-2.9250049319121194,38.13966810511309],[-2.924980787000404,38.13967687593711],[-2.9249325047206884,38.13968855947263],[-2.924918258837209,38.1396915124173],[-2.9249043406861626,38.139694398306716],[-2.9248721541760654,38.139700234626275],[-2.9248279052683945,38.13970020612777],[-2.9247796405906756,38.13969431700227],[-2.9247595365947205,38.139685517679794],[-2.9247273702011922,38.13967085270113],[-2.92471129203357,38.13965912641788],[-2.9247032588170923,38.13964740600201],[-2.924691224079801,38.13961518177334],[-2.9246851832418246,38.13960636820161],[-2.9246791742550835,38.13959760073038],[-2.9246590794792224,38.139580014658264],[-2.9246430063407427,38.139562431100785],[-2.924594765970544,38.13953311203991],[-2.924534459850011,38.13950085596002],[-2.9245022850745785,38.13949497689276],[-2.9244821785640527,38.139489106207435],[-2.9244339256209986,38.13947150169517],[-2.9244178382332824,38.13946856216154],[-2.924365550241801,38.139462670521425],[-2.924236840243598,38.139450870477475],[-2.924208685429167,38.13944792256194],[-2.924188572213118,38.13944790998909],[-2.9241301863867157,38.13945273293646],[-2.923968602562314,38.13943624321735],[-2.923794441691454,38.13939272940266],[-2.9239480610309876,38.13928698582052],[-2.9241268478744837,38.139163973840425],[-2.924146332447757,38.139150568661876],[-2.924158632891394,38.13914211215928],[-2.9245342042019487,38.139222873477536],[-2.9248417396004043,38.13933744152783],[-2.924966788383083,38.13918481544388],[-2.9249719046970846,38.13918855712569],[-2.924970212390733,38.139191002127006],[-2.9249882561147666,38.13920307877382],[-2.9250302921998674,38.139179348766305],[-2.9251216289659814,38.139134344649136],[-2.9251419584351455,38.139128374219126],[-2.925163647449085,38.13912842702513],[-2.9252512718700636,38.13914300567018],[-2.9252665512422653,38.13914868105715],[-2.925313616469569,38.13917350574127],[-2.925315481443136,38.1391737312145],[-2.9254504292540506,38.13919004323722],[-2.9255008640066307,38.13917301037077],[-2.9255813772205337,38.139071448520355],[-2.9255213217189207,38.13902394072852],[-2.9253780280465196,38.13899055392983],[-2.925341399965667,38.13898201947555],[-2.9253170077877937,38.13897052285648],[-2.92530505686954,38.13895662817475],[-2.92530142750525,38.13892965185596],[-2.9253094154594486,38.13891408414628],[-2.9253347690416733,38.138897058823545],[-2.9253454635125675,38.13889433470487]]]},"properties":{"dn_surface":9385.098876953125,"provincia":23,"municipio":97,"agregado":0,"zona":0,"poligono":16,"parcela":173,"recinto":2,"uso_sigpac":"OV","idPanel":"23:97:0:0:16:173:2"},"id":1311989354},{"type":"Feature","geometry":{"type":"Polygon","coordinates":[[[-2.925509317994673,38.139812684569534],[-2.9256102361148733,38.139724701403054],[-2.9257526857295746,38.139826617807984],[-2.925828640026071,38.139909637211076],[-2.9259189709637443,38.13958271698402],[-2.926079318457354,38.13919250667874],[-2.9261032479541447,38.13913427507933],[-2.9261057658780074,38.13912724601491],[-2.926115198034209,38.139100219404696],[-2.926120104800618,38.13909837873868],[-2.926202589438265,38.139077603352234],[-2.9262070880059654,38.13907760586682],[-2.9262250931732408,38.13906407915067],[-2.9262250956878115,38.13906199624759],[-2.9262281081439916,38.139048459473145],[-2.926240177247088,38.13897348334481],[-2.9262476773744925,38.13897036360029],[-2.9263196511049356,38.13896520286218],[-2.926331978370665,38.1389715982547],[-2.926274759305255,38.13913997561201],[-2.926164751010522,38.13960117142133],[-2.925930320061315,38.1400606212801],[-2.9257441462461142,38.1399801608722],[-2.925509317994673,38.139812684569534]]]},"properties":{"dn_surface":2368.5238037109375,"provincia":23,"municipio":97,"agregado":0,"zona":0,"poligono":16,"parcela":172,"recinto":1,"uso_sigpac":"OV","idPanel":"23:97:0:0:16:172:1"},"id":1300614746},{"type":"Feature","geometry":{"type":"Polygon","coordinates":[[[-2.9240351213498483,38.1395091138115],[-2.9235727453684954,38.13993690773469],[-2.923416933322962,38.14009101071008],[-2.923427771962599,38.14020322596002],[-2.923445413355256,38.140247850376994],[-2.9233235086246436,38.14049705862237],[-2.9232520143390905,38.14044230467485],[-2.923188031077417,38.14040819367963],[-2.9229363023936035,38.14028869790815],[-2.9230368357844254,38.14007165018896],[-2.923124013449938,38.13985828883102],[-2.9231476085087724,38.13966453274574],[-2.9231631007813275,38.13958090565464],[-2.9231099125733917,38.139151687646034],[-2.9232294443870743,38.13920935849603],[-2.9236760917261893,38.13942442724775],[-2.9237186349164626,38.13944491429672],[-2.923736889864468,38.13944862161273],[-2.9239478422633014,38.139491391114376],[-2.9240351213498483,38.1395091138115]]]},"properties":{"dn_surface":6006.65433481236,"provincia":23,"municipio":48,"agregado":0,"zona":0,"poligono":24,"parcela":201,"recinto":1,"uso_sigpac":"OV","idPanel":"23:48:0:0:24:201:1"},"id":1112044770},{"type":"Feature","geometry":{"type":"Polygon","coordinates":[[[-2.92514941246208,38.139776803316295],[-2.924915798748481,38.13979575647687],[-2.924591118166066,38.139822041288596],[-2.9243866441405793,38.139580455546394],[-2.9241350730365556,38.139529372034474],[-2.924035128893562,38.139509114649684],[-2.923947848968824,38.13949139362893],[-2.923736900760943,38.13944862161273],[-2.9237186458129365,38.1394449151349],[-2.923750118184842,38.13944176186274],[-2.92379436373975,38.13944472067476],[-2.9238225185541817,38.13944766775205],[-2.923858715805186,38.139453549333865],[-2.9239109970911437,38.13946529908645],[-2.923943174381147,38.13946824951654],[-2.9239753432892464,38.13947998585806],[-2.9239914306769625,38.13948292539169],[-2.9240155630158218,38.13948586995443],[-2.924059811085302,38.13948589929109],[-2.9240799243013513,38.13948591270213],[-2.9241040591547818,38.13948592862775],[-2.9241764536567896,38.13949769095319],[-2.924208848876288,38.13950173522173],[-2.924244828197797,38.13950652296509],[-2.9242770088405607,38.13950654391985],[-2.92431771555574,38.13950854635661],[-2.924337344297757,38.13950951279014],[-2.924445936050769,38.139533341704066],[-2.924474076615964,38.13954474779857],[-2.924510249559447,38.13957405931575],[-2.9245127163536977,38.139592155007534],[-2.9245142426983555,38.139603349878115],[-2.9245302940438864,38.13964143473382],[-2.9245584186834646,38.139673670697164],[-2.9245744918219434,38.13969125341646],[-2.924598605720616,38.13971177147846],[-2.9246186166774395,38.13972960816946],[-2.924654877630912,38.139755739592374],[-2.9247024977402383,38.1397688731972],[-2.9247715176878275,38.139770459891594],[-2.9248318564977853,38.13977050012474],[-2.924880127881028,38.13977053113777],[-2.92490828604822,38.139770549577946],[-2.9249766848967482,38.13975594997814],[-2.925028977917372,38.139755984343964],[-2.9250732209577093,38.139761870954885],[-2.92514941246208,38.139776803316295]]]},"properties":{"dn_surface":634.77880859375,"provincia":23,"municipio":97,"agregado":0,"zona":0,"poligono":16,"parcela":173,"recinto":5,"uso_sigpac":"OV","idPanel":"23:97:0:0:16:173:5"},"id":1300614757},{"type":"Feature","geometry":{"type":"Polygon","coordinates":[[[-2.9240351213498483,38.1395091138115],[-2.924135064654652,38.13952936784352],[-2.9243866349204852,38.13958045470821],[-2.924591109784163,38.13982203793583],[-2.924640867278925,38.139818015460264],[-2.92475567672808,38.139808717414525],[-2.9247783372046547,38.13996816552989],[-2.9247861893720146,38.13998935079138],[-2.9247151787223027,38.14002021798987],[-2.924449557871345,38.139981920233765],[-2.9240711979014393,38.13993832008546],[-2.9237589191836966,38.140217865793005],[-2.92357031377824,38.14030236963123],[-2.9235268552840856,38.14028305353423],[-2.923445413355256,38.140247850376994],[-2.923427771962599,38.14020322596002],[-2.923416933322962,38.14009101071008],[-2.9235727453684954,38.13993690773469],[-2.9240351213498483,38.1395091138115]]]},"properties":{"dn_surface":4657.09301048386,"provincia":23,"municipio":48,"agregado":0,"zona":0,"poligono":24,"parcela":202,"recinto":3,"uso_sigpac":"OV","idPanel":"23:48:0:0:24:202:3"},"id":1112044769}]}